0,1,2,3,4,5,6,7,8
15662.546915616358,16174.72642524454,17740.70597043192,24512.95643564006,32475.268669356163,28226.247168444235,18531.791151306665,16338.791884771908,33396.73963215994
16115.912486073012,15975.619080056664,18445.12195121951,24112.899112027753,31353.21548745464,27515.791322897705,18293.619149923652,15786.393926975481,32886.53424397613
16517.90679568457,15717.61316872428,18562.95232593993,23580.082981073603,30718.132689977567,26684.218479440235,18018.57020145048,15547.815869090322,31590.029474984047
16580.653190001947,15443.444590005924,18512.752926086232,23134.31411572772,30422.18326181834,25432.53883323922,17804.005151807316,15042.436865838465,30792.77112384754
16504.809704166,15223.376222001294,18529.395009479536,22838.042845916316,30048.340970982994,25431.9082701921,18253.28405764777,15217.981771833809,30807.49105877297
16389.075944631502,15143.650665663254,18271.46778198852,22522.322466446552,29666.904296867593,25071.49872066935,19924.651367649913,16962.100465473348,30251.823898769733
16096.976536059981,15017.07695719672,17880.466383491876,22446.255113761974,29750.32538740265,24948.15152905346,20679.65917952317,18401.410481921415,30168.54045560587
15869.005320954795,14995.352918053188,17749.6616753057,22299.127416429692,29487.31794239876,25090.711702654364,20662.992106151964,18489.76189093708,29884.458205387295
15723.018717642373,15017.86874593893,17614.610751624357,22381.437110119277,29536.009726506374,24698.682779811486,20382.598825266374,17979.21877810869,30017.467105329484
15671.878966193592,14979.093503278102,17542.877132028356,22307.775273973926,29708.232319595467,24429.034187631303,19634.132585418436,17431.222121862855,32639.47294902272
15598.433898519146,14985.100042571297,17533.43661796429,22185.192047708257,31501.693097140138,24081.635458501245,19040.690627743803,16869.402060335116,34224.46611357363
15608.200608236797,15025.677594234847,17505.97581133235,22686.20094324917,32952.47958381984,25021.35077540542,18505.649635342717,16100.286151017412,34294.211737643345
15576.42850550652,15577.234091060724,17489.924698550174,23922.00587048897,33043.37205243006,27046.451872547732,18219.71047480157,15694.326281221298,33704.54150645255
15651.082448848958,16139.188417108451,17460.69180286819,24463.27612305637,32538.34862492173,27945.731624850174,18007.662938956804,15652.852781375968,32955.692983751
15621.564166167707,16166.357803508974,17443.748878615163,24464.093555790972,31964.43357708688,27697.45291523585,17679.06410446453,15407.981699188633,31726.64523709152
15553.812892439566,16147.94695212261,18148.85829546361,24101.516282297263,31185.679401865054,27489.271906567992,17617.183517494443,15161.78612589974,30869.789328052204
16209.49848981898,15966.568478891008,18573.03154232624,23666.907823872036,30363.11090734121,26680.123809413533,17479.45747825568,15193.701215968318,30192.557693390583
16594.568996195012,15668.917807936476,18670.1942753768,23154.242217942636,29748.272141132904,25628.9899454595,17459.985288890894,16074.332889667814,29704.273318943677
16705.396484868226,15495.495203503298,18570.885565118173,22759.86511843682,29530.77438239263,25238.578492980872,18910.60036215756,18296.633746610853,29443.33730081487
16609.793186360075,15292.846356275462,18364.65714083364,22532.96807770839,29551.995790324087,24735.416255739387,20397.808788361403,19321.799306352594,29073.336235825034
16455.053745833888,15155.140196071236,18161.07672900985,22280.482780353403,29232.13901550464,24398.746976277896,20584.500616292455,18989.80105150873,28926.181920698447
16264.502306967423,15061.755518872942,17807.95598094142,22192.934106779627,29152.001383783274,24332.484859607925,20306.441789172124,18469.56447813505,29724.910632998362
15953.25194437217,15014.224107754415,17689.252966269996,22133.513945676663,29208.757512248623,23783.654764297527,19656.101502620913,17796.808835153948,32318.07546652003
15909.310869073232,15101.895427551271,17505.252060673127,22049.141929913792,29140.742787432177,23745.684925989408,18708.81352008346,17059.51462019951,33307.33017031131
15734.126027690738,15082.631001651043,17547.448750762967,21946.566780578156,30545.06552393818,23568.43605015562,18396.837870814907,16373.468368878439,32756.296864182397
15680.312608378143,15215.934208656174,17560.45443285221,21996.921342336173,32283.386647631065,23873.785616114183,18040.020377959227,16353.903016657456,32317.994342122918
15620.102446041305,15161.509840536148,17511.691053762253,22722.81330188278,32634.119155842956,26505.391322164753,17870.81415860142,16271.871539205331,31106.029247465034
15654.70912659636,15697.27896539491,17583.54072863591,23931.22068690814,32487.370968191917,28403.61176314598,17552.531202868242,16171.937121925675,30391.03919686802
15741.352946980805,16178.53056308341,17510.40480247047,24284.644609457133,32107.344155326733,28430.219766103648,17506.079508060342,15901.220995038188,29339.56829798768
15702.139407388502,16335.541476178856,17788.6819913269,24021.8914375979,31323.523276495842,27874.825731198995,17159.526686693443,15763.688315677051,28814.626870176508
15571.044879538638,16206.002456301994,18468.711368176737,23684.681256385575,30654.74463360744,27232.097435555042,16984.035424650385,17342.313234354584,28892.671535756977
16018.55206655934,16032.830313940287,18688.967092302442,23257.773334716265,29875.200429069162,26475.86047850462,17600.72209587672,18818.6186598716,28228.886196180436
16522.50176554777,15776.905744684998,18633.968752938614,22814.291473912843,29410.70874984726,26005.2532300786,19191.9890333043,19305.075458898515,27728.166229744395
16658.892557021143,15506.634850760553,18549.908463494765,22516.83391749477,29359.179502360705,25529.93879373426,20055.042649072184,18687.025916273677,27683.363886002255
16607.07617306247,15409.862940116736,18265.605319626062,22188.092906160815,29126.291503343295,25171.081295392873,19761.63892745213,17868.54496664403,28807.690174690924
16536.192325123324,15225.287390529147,17952.13199411665,22097.923144112414,28846.652643752,24708.651316894116,19433.374717989114,17315.867856438257,30768.798953859354
16277.825010995273,15148.142970677396,17813.070815549137,22060.463855803893,28673.874531587455,24750.218998456105,18693.32484744883,16632.410438548413,31575.871362584527
16036.652872425031,15092.66977762818,17656.729297733422,21954.981361194157,28969.07280507327,24686.38936959618,18039.276758515185,16149.071312974233,31295.78802884555
15907.98410781311,15063.057037473913,17626.28893684931,22089.548611021,31074.49446650379,24491.84554823021,17352.68348255925,15818.988623772273,30740.930407691238
15766.908445129122,15073.28267227022,17531.107075098436,22070.695891356216,32657.13989149737,24702.505800572824,16861.211147322498,15538.698302523724,30209.78385852975
15702.00959310008,15081.049924139836,17569.6675377867,22681.440513050806,32699.986831706206,26828.837214654428,16770.62131422104,15228.949154964208,29262.59667351826
15678.7264479514,15066.815844982104,17544.81536580421,23819.178257755317,32310.642477205147,28910.951229131475,16569.890700003863,15171.695364643474,28988.921205649123
15723.036998511265,15462.418624741602,17552.07812669521,24514.903407313475,31758.899690694314,29488.45949973826,16381.975865012893,15239.361999185949,28723.437612524758
15657.98490684964,16120.106558042413,17515.12825205955,24448.492939855758,30897.91691141075,29198.90375340569,16146.65772075026,17020.41970637491,26957.557195970643
15687.680221013541,16394.01867642499,18116.774266621338,24266.679787417786,29923.706985537792,28710.221825234352,16078.203864513524,17956.62328995662,26076.957843843906
15659.838227079861,16355.84686376141,18656.54022208934,23744.820144333546,29503.520987037275,27789.534350093294,17226.644142860216,17974.72492910148,25782.80379657993
15944.548924808278,16206.62796961402,18599.47909174452,23373.10554472464,29123.476832792723,27155.603927475495,18384.77976668976,17660.078067923292,26683.29661547742
16441.747296101283,15925.371027315558,18402.740222419463,22800.027585529177,29098.37121272768,26246.25403562622,18849.594187039416,16880.998622777835,29314.25183707399
16732.586258286174,15675.78633329666,18324.08238067055,22538.78714046356,28663.321373565865,26041.38393968989,18617.097005216354,16034.386877728966,31063.298579696107
16720.32064626975,15461.700247851817,18053.08574589065,22404.303208652258,28491.512767645138,25777.45146150633,18016.274061660213,15344.844783525794,31884.414421043017
16553.14824967852,15349.94557950058,17856.000336079745,22195.028640148645,28510.109744214536,25624.67835673088,17443.59484431603,15043.359358282518,31297.359561198457
16337.5355954331,15260.781755561928,17686.890429621184,22199.354047184705,28688.914234227996,25576.055777543585,17198.655682612254,14654.580179601175,29963.132766423812
16186.072394333532,15157.943956672387,17457.218047261635,22180.308923826786,31223.003549425222,25277.23168079043,16684.042137329805,14347.438052373536,28696.16652154294
16004.861258554574,15096.571985945393,17411.04364339642,22255.905857103753,32796.11017568623,25280.182839510715,16506.952796680947,14321.299598517493,28011.21895494777
15891.932984442792,15145.06739617261,17513.657927630247,22131.396006325558,32597.471162162925,26383.381313289654,16401.709852079075,14201.820078304027,27360.506877505322
15810.867780932791,15127.502767981436,17451.53571093567,23125.02969489675,31986.439257959166,28685.47814765208,16204.674064812354,14558.288633562403,27204.061275915617
15890.295684645973,15127.231019350751,17439.011237868457,24408.94774985112,31582.744172513285,29962.294133916672,15878.900340061195,16270.09793238428,26501.940131625684
15751.319951484786,15320.737854930425,17472.610876853527,24632.2510469973,30844.977161427283,29504.793500599873,16209.491025074269,16990.050722061103,26086.033823830512
15751.152653788844,16087.053881061373,17611.345225246725,24531.519573838537,29870.39951996586,29173.441733780124,16332.66061615519,16682.00686384095,26008.94660464658
15714.013501447482,16377.458543513614,18216.06867785367,24237.689429442602,29539.99719661438,28870.413839049543,17674.39413020388,16080.768391891263,27247.53050723917
15753.893171793101,16363.368343467833,18557.611993013048,23842.64364735198,29096.36357234499,28414.076073959404,19012.187174019695,15577.79858796798,30025.273949810176
15885.656160298717,16227.628857864265,18440.431012916713,23176.378524232576,28972.712680577853,27793.173906394317,18980.586899985447,14738.018340016393,31193.644139727458
16449.759120139777,16026.160902684831,18335.94129919839,22871.985564714712,29112.539440393502,27051.20563447839,18536.996921934857,14246.959684063495,31249.610230972547
16696.479635495183,15763.380401313783,18210.051048533125,22499.552038301892,28884.923641752936,26681.476353139784,17893.69412731799,13910.79481016132,30152.19559510711
16790.948800961494,15453.963532629732,17834.13384566123,22435.380116959066,28983.524809436498,26537.193675330465,17718.84038086651,13755.263642308248,29362.724623044098
16656.55832487993,15327.594095261027,17668.705570141363,22369.84234065434,29127.237605840044,26441.148702800943,17584.342899671246,13447.302911586743,28250.066135086854
16405.081355859154,15230.911295027801,17512.4533346238,22393.264008459635,31372.426346832268,26800.875544491002,17691.129724423685,13525.559376070167,28013.72525956107
16253.807168478443,15165.650241606645,17450.765038087735,22275.195338365786,32758.230254323287,26752.873223466555,17510.625362185216,13276.49349871191,27334.165556963017
16040.370462709041,15071.932644637935,17426.96079072157,22210.233412960966,32949.24139014475,27629.620927558844,17578.56122017452,13695.025504620582,27242.05192405078
15864.731718898387,15090.941276945357,17377.137919137458,22530.428610148567,32477.87647722095,29401.735033805715,17492.136336041352,15409.844753832132,26748.35192508871
15873.453073218894,15100.126081372975,17353.24450466727,24135.526468613883,32059.2308176472,30849.98334077841,17301.02006829105,16059.251095083648,26281.554407960488
15777.62088345109,15076.240192094907,17315.850011502193,24691.47842944578,31236.420389842544,30540.98819894188,17422.224831227722,15835.110231098311,26634.79762921764
15771.63628976498,15122.424258883026,17308.587946078842,24860.514988688403,30430.8018855422,30048.284445176112,18190.81714605187,15423.309075778281,29292.305579566008
15814.422132678323,15705.696126197734,17791.65682774793,24407.317292962038,30235.097829533916,29455.85132546398,19789.92415151673,14837.292587462736,31283.320529406345
15778.282713524717,16241.274723396984,18434.484055391513,24085.484561278958,29714.32114041588,28736.9245694738,20284.69044313069,14213.031764041549,31590.07049068628
15788.367350829498,16297.657775869047,18625.828420053833,23582.74794988842,29554.236170012227,28066.549267054703,20070.28658663453,13842.365964699897,31439.22352511779
15910.91377873208,16195.951899450802,18537.27766575594,23041.573925262175,29371.528391136264,27482.119876491717,19877.831027620196,13809.767692289957,30974.796999710663
16446.525302226466,16083.013880970866,18430.47613140417,22656.94393932105,29347.75090326699,26960.68851634443,19372.132343792313,13793.792869213976,29941.552188504953
16762.51452035552,15838.709664501399,18169.658654897525,22557.06793807653,29517.64388795282,26888.48100467745,18884.500599205785,13431.921747330482,28726.678045475193
16889.517694080583,15587.29878426849,17897.105062499468,22528.937906628067,29774.737469187967,26638.295963688957,18781.81510376278,13239.223195450686,27515.36308055609
16754.50629316776,15345.986176514361,17791.325021779412,22422.203191507317,31964.130777891398,26556.733368539415,18422.719501621057,14196.685415316073,26793.204860543105
16638.44614619507,15236.469011595687,17519.718868646625,22390.361974475483,33296.16939726006,26539.804163796212,18195.281200300247,15276.008407715817,26963.268793842475
16360.612975462902,15213.470561160484,17502.597412112096,22404.12019171734,33379.19675966837,26608.39448802962,18230.05417997558,16086.9261330451,26782.294769048403
16131.687242798347,15170.376808794885,17524.3062432605,22337.940154589058,32994.253173986435,28864.011526633574,17933.06886286683,16451.254843845214,26704.654506170005
15927.062764723658,15223.504118000996,17423.14996173975,23162.73331123754,32291.91634141106,30851.348156371747,17629.41419115457,16088.715758476166,27375.588113846658
15922.478806821948,15226.232960566507,17450.121517037336,24354.52383134297,31478.492269441864,30880.32449943512,18047.94087007342,15718.713982946207,30501.725795864793
15857.701223785658,15250.97667828279,17347.971683341686,24732.63202035671,30778.823898724382,30851.54027670768,19895.644656060987,15412.244773803946,31911.041667370948
15877.50028189618,15308.69571684735,17638.775908346768,24638.267400691075,30204.954853533724,29980.713609766986,21181.782040496124,15029.473283052681,32035.856478729555
15905.226510656907,15803.287068987545,18385.372468055328,24363.206933114092,29750.134918838034,28967.70419629936,21025.423220130637,14694.239741000452,31507.35442755281
15882.379349046027,16272.938924600858,18624.263131108288,23833.300979755582,29791.631134005882,28281.55956530341,20595.59913122691,14507.737746403793,30230.1200462297
15884.245808769994,16399.035775434786,18633.42195840803,23277.20629455845,29640.873081351347,27638.870703429035,19981.857249948098,14262.815310375807,29140.5608198517
15867.29463300846,16270.851689299496,18493.21400682364,22926.232145279755,29443.953972985986,27286.422812638208,19413.231670100664,13877.00870262225,28144.563118385537
16428.560656129113,16101.846151687518,18208.077993821713,22589.652049179254,29231.702315144863,26753.73902572223,18945.342727678657,13607.952999508645,27878.762657788866
16785.582761407037,15846.573399645607,17981.334073600658,22486.37512165495,29537.421238666062,26740.740740740745,18279.162428101867,14075.446795428226,27317.017699654287
16959.586508640074,15574.586855549082,17693.220087857342,22428.422746492164,31520.902790406355,26732.963761553903,18201.531537064555,15897.84960008747,26963.42099066294
16844.255162589943,15410.299308414902,17589.41481577097,22475.308788331662,33082.507430786936,26549.7171239554,18060.087949652287,17181.95137553163,27033.513199875837
16700.00731532044,15273.559824141412,17557.038520287766,22431.908356416978,33321.62570527327,26374.466936275952,18047.3749182545,17052.835259904376,26744.899693304993
16512.41799475751,15192.423657610192,17533.318087052958,22325.9876228271,32635.21561245138,28135.37784608952,17868.12310808991,16394.59737632443,28468.351375150847
16208.440999138682,15138.55964354122,17428.539668254456,22478.218664120075,32071.035275455353,30087.762753778992,17598.85392921212,15610.23430955792,31232.074216771252
16077.574778357768,15097.965284742806,17405.021656272726,23649.346407929464,31336.961626433542,30586.278370546737,18664.07520079836,15020.596284887724,31614.777954496123
15942.837191742468,15156.32256288398,17449.521640743616,24565.8696268274,30623.27021842947,30433.03518572334,20338.60881797426,14775.83218366409,31448.989550333892
15890.435373895034,15099.801865121855,17474.68271367642,24600.125162851546,29927.685294291157,29868.352163853742,20964.779056806357,14432.611144464554,30925.99384056312
15909.094792601129,15102.146446941366,18010.22645937909,24265.779256367357,29692.135721910614,29046.644712566223,20809.079710443417,14097.829950017742,29643.440878312336
15878.969331912474,15460.983377639115,18520.735930956944,23880.09906932064,29378.912815053227,28192.008913966274,20335.80988203667,13884.249305428631,29006.476427560698
15906.026323596689,16131.047127136071,18597.283148177867,23337.460664115362,29492.446472637545,27521.802364151306,19630.476446455832,13676.560725077914,28692.762214222093
15952.349914331026,16345.355420055705,18484.053470576117,22903.40985787296,29390.509505878923,26722.296981618514,19073.221959427457,13699.140227817601,27723.347213391655
15908.765840539876,16287.220413769204,18325.39660299223,22543.94562093932,29128.562727588687,26455.05975171538,18813.917274709478,15350.766086961692,27564.50866394992
16205.043973650472,16182.443562685032,18144.18212087986,22407.275810024454,29450.85291925967,26310.9608239058,18383.229303891378,17053.324722053527,27482.78421352542
16732.193068628796,15938.530180059086,17857.389147666883,22231.620091900946,30894.620983833236,25961.458177528322,18316.65703445719,17518.04148037803,27224.58801790545
16970.6316546566,15672.958163916444,17658.964410107044,22177.396239066213,32865.488141324924,25678.848868491994,18248.83463308953,16939.261126771875,27658.668999482827
16965.56770933879,15402.691440036462,17488.26641362008,22037.173961869797,33021.755095995366,25456.778047663436,18051.084331978636,16303.8654423124,29829.590467879338
16788.107568695894,15327.78025153626,17509.487170151522,22081.23043396726,32496.35282578551,26484.744952470268,18015.606477849404,15554.142617333713,31826.609167538925
16600.386869204074,15141.10088205578,17428.370454878757,22101.78850518685,32238.42055952675,28244.15375391223,18094.93752362844,14939.828288148641,32145.200883807534
16355.622887237882,15101.186619270175,17482.767578987063,22405.54821525833,31348.27913447025,29773.82443287848,19529.81559144959,14549.386976459518,31773.628620008898
16211.145178009834,15040.610183467335,17463.9169232707,23620.868116925827,30413.021430448054,29512.75419691296,20839.600070895864,14231.141337033469,31320.812139031885
16036.89690399108,15013.916858635512,17487.877497557412,24190.537775450244,29895.991020059773,29026.95910972866,21231.88036877175,13975.50338461902,30500.203434691237
16045.460685908762,15064.183742576353,17520.13075761308,24063.046717346464,29745.068147431455,28218.16619343294,20764.82806356196,13845.287906358551,30116.06779170287
16046.964697251105,15064.264355091273,18191.30496303374,23846.234512775216,29625.82327570804,27405.228663919836,20551.79552646416,13770.617744914944,29510.040480661293
16018.790531027873,15283.36930940444,18600.062072680594,23442.09025342855,29742.79846949191,27101.817664953305,19951.009175522115,14284.611983390052,29691.60429171259
16080.96571205185,16017.11715811279,18510.218281456855,22999.09949568902,29875.556718521897,26549.644855480386,19603.856642361032,16392.90319628582,29270.457075673537
16059.644215876446,16382.522733148626,18448.292162747497,22512.018904394663,30022.309160970406,26285.357176969614,18966.298860967465,17194.123503531308,29447.824248623234
16107.206014578578,16238.234870449869,18248.578221192434,22163.84806532233,30187.11922506946,26034.431074306878,18806.045349603468,16827.169296073418,29756.44411755438
16326.25324652221,16182.93084134411,18042.29717288357,21944.347837839254,32110.829954654895,25639.860311839067,18836.742965764715,16108.762370328142,30367.261659770156
16941.73298292273,15972.309970885699,17786.97412168591,22077.60543745384,33352.041658084236,25303.77560635638,18291.10472973615,15480.691067107942,33026.340618709946
17177.60076870436,15664.266747637837,17643.836703674264,21959.277981848158,33582.68144222683,25059.160497931658,18409.837946993444,14639.900183974667,34606.95927008064
17137.45390697253,15469.569707715953,17526.69960139414,21878.10364029811,33048.04311870491,25177.606168193626,18418.88406892706,14181.886781485193,34606.06778440012
16957.009036527936,15259.656911647726,17502.35117297102,21954.040710401667,32604.740177986103,27325.120722855296,19124.157679446012,13813.067961739744,34260.343890240525
16832.630145292016,15097.390540561391,17519.808051410822,21860.76915747235,31625.80299786832,29211.889397065963,20840.530075634728,13695.294358769308,33714.942431661926
16540.81668897815,15081.373006187696,17536.578740432025,22548.94386471684,30857.639889319933,29483.143986935702,21495.85968795872,13459.092587053952,32768.637836271344
16350.028547410215,15015.536608199272,17492.067500400837,23691.951924034336,30189.05767421787,29316.20062958012,21042.139821274715,13367.7893523153,32032.825661118804
16244.497002858934,14994.188444404517,17514.74643087003,24156.461454947996,30207.58322822309,28685.46304585263,20523.062164196195,13181.208574903712,31705.08693745905
16177.452558129266,14943.73015919929,17923.85111122628,24119.61934793584,30144.70055077004,27801.344409087436,19965.948256650136,13978.327222776774,32195.384696056775
16213.662574676697,15010.179073085419,18481.369382631445,23893.407303496442,29736.12543769823,27078.93239657858,19497.68978351839,15686.111941920362,31971.16121457493
16224.751861935834,14993.998196349163,18608.940187580145,23457.414070012557,29601.830658796036,26381.288091777722,19266.30118149185,16174.29575381713,32501.296416505
16212.56791637564,15688.04504208052,18554.210133485933,23168.290584440096,29518.154703267806,26048.045950290056,18837.968491330634,16048.176953685655,32080.52296933176
16190.915365963883,16205.520946509201,18426.266396463456,22784.779320586087,29929.528777602223,25898.744578910697,18462.26603273591,15817.515830958302,32256.929496584293
16117.084703914607,16190.268519159252,18163.995271747113,22479.383398478185,32243.636027887806,25369.337419279836,18277.453507315113,15093.408257564792,34078.116169916146
16322.87600785192,16122.243029772268,17850.936021144225,22187.88457969664,33752.59202495334,25285.94016979019,18034.142465754005,14432.564479729945,35598.503819643534
17001.781378496897,15982.703617272155,17691.410241862577,22217.602101843986,33833.903481094836,25155.030468150784,17862.183258144883,14077.010604081974,35997.80056023027
17248.090277163064,15721.809963799184,17617.400953080323,22087.80217607989,33355.3703482164,24897.937450340993,18396.79837078898,13827.642953530358,35582.45754804206
17228.407478488734,15437.708114681645,17456.33747692097,21986.96522922565,32651.286077179746,26631.042577759472,19621.528957502156,13865.107569884814,34815.4518944788
17082.977152061787,15288.105175458535,17507.7382640425,22017.757283063693,31751.14377792579,28809.160769885715,20927.822919597955,13636.621988120947,34253.42638406854
16851.65249896585,15150.907988549507,17378.504511527935,22350.266796966454,30863.800087155898,29355.57064333861,21059.92622158666,13701.755391783558,33310.72285400682
16688.070025841,15083.854989977845,17505.661322028292,23903.249567470564,30636.208220155226,29057.198160646283,20743.82004771338,13748.941831467215,32390.68204342766
16448.93453146821,15003.643703968315,17438.131052210505,24564.6897346973,30114.359653862768,28674.290265688112,20023.789973315943,15106.577833345958,31722.42242436201
16333.285120721157,14979.54925024508,17506.81645310397,24405.52068121548,29954.61463954615,27801.62953521918,19328.01205389065,16600.518358058493,31714.617047237887
16148.348842906176,15024.469337802922,18062.242389877727,24087.901560596285,29883.154963237524,27015.252378866375,18959.90663804968,16827.67675339288,31190.817001932577
16197.26091846386,14985.227651894307,18485.278099936775,23741.96060071596,29680.13270082446,26488.769894392397,18514.701985123615,16463.904577669968,31561.023907531046
16170.187689678538,14989.607123907877,18566.870517218114,23258.61683328959,29460.803157556576,25777.773736261035,18233.91787468656,15990.485296930736,33849.29620247627
16185.262785468767,15410.410396206382,18473.49069934654,22854.981715527283,29883.282934568615,25548.197051656636,17948.073405680432,15462.485106241129,36173.4713112325
16167.363350907704,16029.93976678618,18270.228940375633,22558.343289526092,32373.602185039148,25193.440773795868,18082.02357012759,14888.634461088839,36126.55666123277
16174.746541489163,16201.957326140326,18014.708521602188,22288.92445339552,33636.2674306046,25220.663839969457,17851.424686004742,14388.717678925153,35409.99707235441
16207.573502161444,16131.456715357806,17863.5336819734,22377.56934525135,33755.16466192534,25016.481999976742,17789.619682320663,14320.68172208206,34464.69159979474
16735.58856170252,16032.321826625333,17651.317609615962,22238.981536468487,33122.80683417937,24853.594055023284,18663.73576581727,14071.038714213077,33320.45814527194
17169.06219160652,15791.436494594389,17560.185210092946,22113.433928655188,32753.193634651194,25852.256908766103,20137.959214724626,14079.387134777891,32497.498010744
17205.086552684465,15633.802011888443,17562.2392962262,22080.085194206273,31616.748413933015,28637.68386810086,21026.247988320905,13867.849226768241,31686.024046975363
17107.21987138402,15482.016113446716,17455.887839115763,22069.986509567967,30837.286186807618,29531.779116094425,20885.38955271709,14203.177530418194,30695.659827076204
16906.47576620531,15340.569839554777,17458.96449179837,23322.498765231438,30191.332505945058,29616.719389313846,20312.72252129377,15510.822255068404,30550.337142391872
16701.06822572174,15353.30879533778,17463.687123223048,24406.88653766208,29797.11526837541,29053.528975604557,19680.781126430375,16584.663341015286,30208.85599793301
16418.252927932,15282.978445695673,17461.787184009412,24667.06531624123,29869.200114618958,28266.0797389952,18953.20383534624,16727.88244915535,29705.53636328319
16262.862583408205,15204.014392331965,17681.036227484314,24456.11710052228,29808.93220689011,27197.65474481421,18480.00172577155,16409.32175248641,31315.026156929547
16141.511785175388,15199.940139493458,18283.844129230187,24171.55639025797,29236.792766378763,26787.973002733408,18376.718814177006,16007.03629440207,34055.18254268356
16094.23056179839,15139.042304960181,18558.265743414075,23692.791573516286,29445.353020107104,26236.737080701718,17790.651472658414,15090.014156204781,35263.96666331147
16151.112333455585,15118.12924567311,18526.075235346107,23095.20802885748,30030.794825463774,25941.63140591341,17811.908868002654,14781.318012564461,34614.48792593116
16173.404842373478,15442.80717675304,18353.77197902413,22752.51513491348,32115.817848202805,25815.487551300354,17526.21947229639,14423.247317444713,33675.87711662425
16182.67234786409,16183.051795894098,18197.559627462273,22505.383875232095,33459.76193230032,25675.106724480815,17319.977397072274,14316.86823863842,32349.343154249487
16101.138610964841,16325.538089058082,17955.678457289283,22456.555743713856,33282.74695944232,25393.367143188472,17713.933258806377,14194.601023012521,31539.29939819446
16151.318044512953,16271.12201581182,17896.56860341436,22346.93241549634,32812.35228729605,25221.19120254294,19057.48955225136,14104.218618404695,30652.60366780511
16592.596351505337,16099.476579914279,17810.357633238367,22041.491864181287,32264.2283815981,25605.36588730254,20191.974068771306,14072.779435227148,30359.495798201668
17069.02712219496,15919.10755223048,17829.810584579922,22122.47782068306,31212.409311274285,28004.528321692862,20451.28885329514,14480.794080146881,29737.20954676928
17202.331996961806,15665.403724289112,17756.763856054633,22162.468042118388,30276.156363329043,29716.977790753233,20062.00833680978,16805.67772996559,28585.373289384763
17083.16251469128,15509.462076766715,17770.278791917357,22460.98739729177,29863.692945941315,30065.981229858506,19513.103433182114,17542.821378157896,28033.229878516264
16897.6753469116,15350.12940230125,17752.706989834358,23953.511301234244,29624.801737423782,29635.189526527578,18859.573221764083,16964.060037122268,28155.542550737027
16677.894300298423,15205.694593246131,17611.86164030938,24680.35147579476,29416.955985637,28919.411749928586,18342.055056686222,16652.324069823684,30652.051740479197
16422.36139982268,15201.18226588037,17711.72813354609,24577.67334303084,29093.407117334686,27711.07867992603,17937.08633215343,15740.961152273187,32665.577029925345
16354.505844996682,15177.169837352789,18311.83900128796,24430.560672261905,29137.943403600584,27118.547182126116,17724.05746262372,15266.556185528012,32736.827440253634
16180.949806253946,15175.632514528319,18811.84177374652,23910.726726160716,29032.34965799468,26503.237921580258,17648.403581956038,15088.954994447375,32599.934414824897
16090.79219391014,15134.827810266444,18797.503509991267,23442.38706571146,29278.764284219105,26115.34491498588,17282.854062877082,15062.407757570472,31860.415384609274
16075.311784968937,15125.680447933448,18765.456662595305,23096.11641420195,31418.425155770004,26148.05515493376,17129.774735180592,14848.677506584263,30549.49701925236
16081.220958491303,15290.500593603272,18593.371688840947,22695.137822103115,32619.25668974571,25945.1179906588,17075.012371058314,14623.656775136928,29435.78044178924
16070.08148107316,16047.861892524372,18346.007151247228,22415.645981602273,32721.51103559841,25669.61871166165,17694.196355139487,14260.867815877096,28466.461860941774
16069.086151691408,16371.579331376724,18027.735173755653,22478.339394839073,32152.81835603851,25681.94961188847,18923.557406609743,14063.600436052593,27687.292535998684
16044.66904990149,16310.405643738975,17906.470395999357,22267.557246635894,31451.820422159144,25831.423989908566,20020.10984438622,15316.169352658506,27445.670378912222
16259.017111001443,16193.070263245705,17782.91135304381,22298.410409903117,30394.80948354998,27055.606739655967,20140.172336917625,17063.560707309396,27134.935421157406
16790.697674418603,15992.03615564205,17730.886366278064,22202.35069275208,29810.27658672571,29390.175953516526,19562.91350258089,17422.510100825068,27194.22883702182
17007.46128243603,15749.016017833223,17743.636647055322,22128.518160139065,29044.515934960727,29896.216333196717,19140.4812631285,16816.449477394555,27525.965305766782
17032.36444494822,15431.62414916011,17702.183665146622,23203.239993030045,28650.653589828755,30001.533535574592,18637.195180848797,16369.103686472055,30227.706043503684
16887.617213559468,15340.065163318443,17720.09766660475,24532.25002255761,28566.792129980124,29410.772935935885,18088.242628315147,15741.467488309878,31745.357184723445
16662.372873533684,15237.135067242589,17815.122901658735,24616.513170877206,28427.210344960193,28689.047177677043,17806.360248512137,15169.771562129557,31628.32752615294
16422.465655376916,15156.899768542622,17967.328609347605,24502.607096112297,28343.18842829523,28074.762581860115,17610.361978117766,14708.067541652363,30968.960493541075
16269.150426410657,15094.484657778965,18613.791175106904,24265.104059005214,27879.4549017436,27345.484555990362,17590.25665047206,14415.821041465926,29890.10311167686
16102.832011716417,15140.281024218953,18946.5289765099,23638.87024849194,28240.29998049039,27211.218404052473,17388.901382674365,14352.991769947865,28949.824893546986
16023.190961592938,15107.688428143105,18909.151453903014,23105.258184769136,30260.648661464627,27134.459300701375,17584.85750689835,14176.964939737281,27792.942220882935
16046.40961029491,15100.384766240146,18830.503186700524,22574.47313617468,31656.655941645717,27174.653289302827,17857.51329442414,14206.317745283644,27140.62333684029
16006.314123935514,15150.617283950627,18657.31474353491,22460.156898719448,31918.712013565644,27180.401854181262,19028.227713606477,14516.56456607268,27342.86156513959
16036.54410951613,15791.251890889574,18319.96594295446,22373.393835752726,31472.948852444708,26970.838123213412,20330.35052035145,16595.815240521675,26809.017943084767
15994.14356893025,16286.104888261092,18071.778850681276,22233.805369942736,31025.60918547312,26961.017218672598,20704.569748292644,17687.417008791734,25986.819329703652
15995.226858855816,16306.367942422958,17975.5199666723,22147.003185981688,30023.397207161903,27537.92071240131,20261.750790484926,17560.987428787572,25842.546690360963
16179.553478745682,16190.697161724296,17864.262277277565,22196.142771468512,29298.959501636153,29683.336650389574,19716.737797002294,17109.79553368983,27500.092624536584
16685.169119014223,16048.750769885906,17818.340246380103,22124.834156739416,28563.127800958122,31294.07498772285,18998.746935646173,16483.398100393006,29896.16597364008
17065.723387342012,15836.934038477322,17720.275531596293,22183.643217706587,28563.17788447514,31396.238393471944,18771.017569166142,15624.998692295063,30927.523446041792
17084.97456877898,15561.428511587885,17716.51688957146,23415.865641912933,27978.34751215674,31280.658611878993,18377.164948172292,15094.288169033214,30548.7029859173
16986.018370731694,15379.450853591694,17746.883379415896,24280.767352163424,28168.87479618215,30454.06050009527,17982.986774794204,14736.228016533598,29902.32817252626
16836.449173032077,15183.360422617323,17764.178046708126,24316.63660539212,27840.453040880784,29887.494448181038,17940.375290898264,14463.512264071644,28867.238000628822
16565.024300089135,15105.406452750296,18271.753207941438,24206.89832440907,27892.62246205972,29588.992157101235,17788.65304464115,14418.787164597794,27884.511940668814
16457.00250822503,15101.89374951865,18769.853263359993,23705.378912497967,27931.00960828239,29009.211160218438,17662.170365829887,14262.09760781786,27210.915842596234
16316.788207074223,15102.926580312671,18935.793742126436,23176.47453851082,30070.699367165987,28499.464695533898,17716.44981687172,14228.987560567926,26553.936756099087
16248.683168376498,15080.806016584107,18863.396892065753,22807.242766581803,31473.273092764626,28481.242968709812,18368.577876835858,15692.362041049073,26488.13931332
16207.417858894929,15017.798582424939,18759.765757036792,22579.454493252946,31543.103800595592,28238.983024376354,20221.879166355335,17455.9993261383,25960.23945028705
16243.074807077515,15067.040480055079,18558.218349068018,22324.69808089039,31440.214778400892,27841.83642718104,21195.921999497066,18010.897470198423,26047.70402069238
16210.497622087247,15418.034555753253,18204.157661337755,22156.474508176936,30861.996846202834,27651.62492664329,21059.085314595803,17611.768161530526,26348.09819650789
16178.274161518906,16048.694858232564,18011.3954935855,22061.975445892425,30352.429754499542,28641.169988199126,20412.28965566068,17147.1229215899,27915.888325649372
16137.738477330626,16182.287613103137,17931.95665884404,22043.851306464552,29769.282429448096,31185.964870996206,20204.01135903444,16119.225764210285,29626.988202911063
16261.075332992366,16094.431134961222,17903.700452312674,21892.19902657195,29532.893020831383,32624.333773975937,19353.053272116627,15339.302967380796,30174.700802683685
16851.437518326682,15974.086463661999,17800.37292703864,21844.004009781176,28879.686169843288,32598.31521829236,19270.931980229543,14811.32263755715,29848.848138442714
17232.386404676305,15786.237854000377,17813.345107308367,22422.987583836784,28686.102760281432,32228.289990088437,19005.2951186024,14563.281854578381,29440.48275256543
17251.62596455313,15467.804941001583,17809.20695495772,23701.28916245138,28677.32635582547,31603.1774378216,18589.44858579528,14543.768217092838,28203.42637194717
17153.45099014003,15333.837834505754,17801.715848486427,24244.95235727897,28294.56917434833,30662.58352976478,18376.52447529239,14245.170297462086,27374.11478877082
16959.901331626235,15116.268574928283,17971.563119329418,24200.011281404368,28183.631298497356,29898.965897261565,18309.00631050062,14097.323534572099,26568.68384496488
16757.844540402562,15003.530289094077,18657.783022313153,23804.52148745107,28504.02142644735,29267.134732740702,18086.784871654047,14419.439043257156,26863.349231274562
16548.321794514257,14929.603373333724,18995.183134042563,23412.005634943893,31041.206701231262,29160.69812848804,18225.89977603604,16145.795401112173,26399.250339092316
16346.68377571867,14931.712433549,18878.753892465305,22852.801519468183,32240.795862642706,28998.701841896986,19700.5662968493,17472.9767561795,25935.961023706164
16360.594227987516,14893.842810793894,18682.131929790154,22786.58509125768,32367.71490217692,28754.853726014462,21045.576066785845,17337.68753012974,25861.0269653675
16297.991261253335,14899.445445496869,18591.081201476387,22484.88497841453,32102.050249533393,28440.968688499088,21665.732859230222,16912.212255184073,27031.9745429619
16293.00581182355,14911.565800454686,18363.844017604377,22502.87622086946,31308.600201085574,28470.304026865026,21425.948761726457,16091.124319392884,29035.18211732928
16286.413598381328,15090.931910503772,18126.751541825557,22465.80745094972,30810.58221428036,28551.502597639097,20802.56749965764,15433.556118896533,28832.204281402555
16326.160009108797,15612.332006119805,17961.750429036,22450.799096122144,29798.566902663537,30729.296523128494,20144.520362737607,14834.268188410413,28695.64648745501
16228.413153940453,16048.17969910732,17825.967032040895,22424.070140050604,29274.35043803579,32898.97768505392,19512.41377574935,14430.945900252944,27791.048811643574
16306.180613202758,16017.435966042973,17740.10361625225,22246.413401401944,29063.49177787776,32996.83810794924,19051.021313423793,14218.018402550286,27705.52288455003
16882.7314420572,15906.650049472582,17744.508801355136,22356.628674937227,28995.74046505481,32249.32499144221,18707.45495661493,13986.59965789178,27322.986599828655
17345.55580741095,15701.142717504348,17813.839168449093,23537.686796683432,28811.68842505774,31470.64626432636,18846.253404290692,13901.573327611022,26881.385007433775
17435.896949222028,15457.262421200647,17683.90129437328,24516.920713400967,28758.670147467397,30430.37493648657,18635.609752468896,13749.09446820485,26276.35630996876
17325.512499573586,15270.0792331245,17721.678423922272,24621.88319432825,28538.63090658794,29739.47267059065,18617.58398913226,14285.481333896336,26199.638474302912
17176.495173128744,15107.266452804502,18027.799691481727,24343.598881018428,29009.174349844117,29092.19151512677,18282.37531016045,15923.584501092791,24908.209854530047
16931.834731174553,14962.803307327886,18620.667409263908,23998.907750746403,31785.369783465656,28761.36482347722,18587.465981125642,16765.863754972503,24099.75156322619
16731.333665317114,14985.348791055498,18780.17628547054,23543.517162843673,32875.224317980064,28591.963253832757,20379.93035215063,16301.021336445287,23805.37083400479
16540.530565557186,14987.394991002035,18698.452781786116,22962.435874716557,33111.1959981421,28220.56860379665,21308.107606641683,15914.06862769373,24812.236138088498
16408.03597347897,15035.899799645938,18614.356259928452,22703.48995214224,32275.710911575356,28414.8717379292,21225.19580439375,15262.83059470699,27494.35769904636
16355.230328979836,15069.071722419014,18377.891813037873,22392.694401563953,31811.802201704082,27885.183867610038,20624.215861116398,14521.350517269206,28302.838582236087
16367.909976509713,15082.97243142863,18086.414810861042,22345.489078822386,30981.961236487048,27908.539875476985,20041.754783509667,13797.023942756094,28254.600716014247
16343.805603393706,15190.205751175856,17909.747039970065,22361.86603617353,30180.26635559446,29379.846175832135,19364.97827966755,13400.673570358584,27614.775548805505
16292.857827167114,15811.991920930277,17801.94724169313,22382.80253250335,29855.171576237473,31719.82480767738,18818.428792368875,13296.910158825314,26572.04231796894
16293.251839551973,16105.942692998522,17703.000235055133,22194.72355978581,29314.886922873295,32227.399595097144,18450.489358353618,13135.36921864936,26098.61006464534
16242.061447083825,16130.93754992311,17672.51100893221,22082.9428171873,29304.191412956607,31468.532869099017,18076.69961190228,12774.60689466644,25425.2914890504
16726.19320080078,16066.878085207496,17737.453612100595,22827.46297598372,29298.995807253363,31130.92013389732,18035.59160705963,12782.259734660205,24867.284894234832
17343.3458322641,15813.79915142703,17628.433108109635,24398.236331569635,29031.345174440336,30217.815373569534,17772.02089921607,13320.47343325802,24788.42391747641
17453.75274955041,15578.422749926714,17667.626752606713,24812.471066135615,28899.742118464193,28818.421203867496,17690.843641778214,14751.08410704513,24868.226036308493
17347.52748140058,15358.007207280843,17627.89871874891,24714.212262077697,29371.768101422247,28623.920933768743,17571.641315619367,15270.389863130447,24968.48713975513
17201.594641018353,15159.56455893729,18053.457823238314,24405.28836574342,31787.711614164655,28279.578273527186,18463.58084436432,15037.36396540864,25382.181932074483
17003.017903465334,15030.264461857007,18561.79632387225,23922.497796417483,33288.26419963165,27646.962248968935,19880.146722819067,14520.992230781523,28024.019561559544
16741.9849367938,14959.441141875328,18702.84667069777,23338.244214402785,33330.11612866338,27404.956549960807,20337.134786373317,13851.414532000581,30197.194537244333
16527.822663481064,15015.442695308417,18645.124069845588,22855.979405954284,32908.09129830304,27317.762231563494,19999.006079590443,13183.653901380456,30829.241768262
16339.613384931296,14901.806346403042,18496.40954014378,22761.70057680228,32166.80381168185,26983.72986673205,19399.181540277605,12781.191679739863,30637.943419319403
16320.671166074582,14966.648432431175,18181.20828832707,22594.01441543383,31417.65991969171,26745.5706254099,18722.684014485705,12609.804667814282,30195.57118148318
16323.595928508428,14956.79179611209,18020.002374169035,22525.773736141306,30639.77594383696,27951.292973893385,18282.806088758647,12365.9208016409,29392.637805438102
16288.861733006433,14990.536399803204,17785.377544423944,22483.46147894961,30109.882044255075,29909.977793489692,17771.600120731327,12138.95183161567,28683.156244627044
16349.059334037975,15670.443278097777,17702.336292486558,22319.411893783275,29592.76351200109,30782.999308229104,17536.485158586667,11932.268660097408,28363.491336196523
16348.904045809752,16223.045015870857,17679.1246672048,22276.68545081737,29548.700834722833,30758.24922899055,17383.788540634592,11961.935765031812,28052.200181870656
16332.896521599181,16227.709422502834,17756.028257087273,22377.457973950994,29326.909743914563,29997.759782096764,17181.975420035604,13003.706082211973,28125.47718272217
16678.05897573873,16106.539054024168,17774.436248878486,23730.616940950367,29266.339305685477,29312.514560877495,16960.41273652174,14371.615691140896,27995.9687897692
17171.717171717173,15926.433744359822,17870.85513508861,24649.586632096773,29463.116525690828,28346.03400933789,16976.9786654775,15378.158307101605,28050.46442603883
17344.840286213162,15692.450872157884,17820.52874691966,24694.950273398557,30144.53253012176,27818.08306709359,17043.934567436452,15131.922045970288,28912.24332401102
17316.092062236774,15449.27502326781,17995.965468151313,24607.703167193424,32464.449477371803,27078.6371331734,18173.80238837593,14320.95841724284,31496.94945103405
17139.304757556994,15234.460059397115,18649.34148268518,24176.56206656628,33346.14461795161,26500.30511234139,19334.81663725259,13558.14264695835,33070.8991114487
16985.753294313297,15142.656342742232,18890.719721278678,23813.398522033738,33415.20511193228,26590.406710616913,19909.31486170229,12983.50078917345,32821.35770063517
16688.254003238708,15073.876696018691,18974.851595580305,23401.33293035779,32947.53750011659,26154.797718330396,19415.45521161073,12577.455126718884,32178.141982655958
16524.362300873403,14978.537695250141,18789.88542129066,22872.075466242004,32118.02874016808,25962.477169662692,19090.94543498898,12507.830210108921,31340.629742165533
16279.131894878654,14974.657205842565,18603.889901596034,22712.268542763428,31372.381767781684,25773.256270169684,18486.375785266042,12582.090232008857,30117.93064228604
16217.338283678953,14969.317035367105,18289.46655551345,22389.031286607118,30782.051282051285,26118.09264516776,17980.40839364758,12649.355086307776,29838.207689263196
16198.792466432373,14944.666986435734,18070.712710578704,22469.51273623158,30342.60818227356,27857.388996759168,17470.195729362935,12583.507630612112,29052.20922106666
16165.934150862722,14992.287917737793,17948.84423430523,22404.200566246975,29793.24386145579,29070.29111855845,17179.195878786173,13024.804758791792,29076.385581108272
16158.272163623711,15520.428163335837,17913.685071996275,22223.13533607516,29645.7792322251,29365.735134386734,17160.555878148174,14501.881144931447,28542.25237010965
16154.678140237025,16130.781644419818,17828.870797745512,22341.868128028807,29589.360072839336,28853.55041626802,17351.037048898106,15536.965560581437,28207.835492600447
16214.303390249945,16241.737044091566,17785.907914854928,22786.89122674211,29371.27222833587,28210.992837114056,17232.039958900194,15402.15597004562,28157.500201045157
16259.809249535483,16076.045149533853,17828.512601863553,24279.03569626166,29311.485188534334,27350.55263839866,17358.916365079418,15133.717463090667,30102.53896876986
16814.20773970115,15944.560913114377,17858.203159165652,24801.886444523712,29863.00088705402,26849.39879597533,18336.30186616874,14731.351825095193,32199.42568766713
17205.251976337036,15721.17320163383,17808.39155857984,24720.248555922713,32181.642909187016,26448.088541796773,19593.836033269567,14220.454083950019,32921.66062646292
17171.31178000744,15451.83992365957,18318.427487107347,24334.04549551664,33021.20727441217,26281.79878241657,20314.24832358372,13890.085365799463,32109.34248749594
17108.60040063285,15240.443850761716,18964.777641285833,24128.038677645578,33212.949123414575,25894.469439238826,19929.773909791104,13492.56545998584,31421.59798795348
16948.555083527033,15162.465119698578,19038.851024695796,23566.694884556942,32624.335091193032,25836.223579905563,19541.001986658375,13287.684746827545,30488.934175076407
16688.6847037188,15100.36133525285,18922.739564304244,23026.30666733232,31812.883945259025,25238.64939620861,19015.709102220913,13227.494915731071,29249.928459116727
16471.666189664098,15050.799558600687,18771.561453859147,22764.063700871964,31077.344965291668,25128.789584673155,18294.811732877635,13287.334841303877,28588.54650991541
16285.332078641812,14967.246157722346,18613.953348377792,22584.58177278403,30321.83711193544,24867.625083772633,18272.0506763279,13323.426962244559,28293.37544020618
16212.187683266768,14963.64535077729,18330.86012453027,22418.56517295186,29691.666960116338,26694.444093526177,17815.143597587597,14565.955293739018,28030.145599968935
16173.635682652379,14962.560654097859,18103.504810563543,22405.743307884437,29446.57935492058,29037.8717567106,17732.0013169518,16358.77020782893,27568.272601912897
16155.60265525623,15021.772870795628,17957.934092121268,22355.131489705578,29332.49222974889,29766.818781568032,17718.447318574516,16766.46108956124,27159.788251631348
16235.135905186755,15301.481153325978,17994.940245435075,22198.525319506218,29263.314324190054,29221.815276349487,17450.05236282182,16644.62978045948,27667.845372307747
16204.65720139142,16014.052884958473,17886.728872214226,22285.362193688532,29093.943069766676,28772.845128599667,17522.198877833885,16173.709380165179,30311.16081385837
16152.00966175871,16225.61805296843,17825.2106049872,23221.515623811345,29002.35471749254,27876.57900478756,17720.46685957365,15599.389036974124,31841.421181049205
16254.431913888386,16121.88800218267,17820.121450845232,24370.988091387735,29463.901248168517,27076.516384849718,19224.245474372845,15007.02034547001,31695.80924955861
16741.874476874902,15980.381911189123,17905.859751904063,24600.77079479631,31496.059970411494,26618.50500774754,20664.14424498991,14694.552437133243,30869.082296755096
17162.191008467933,15754.566451870101,17961.097226200698,24413.289289712186,32843.351298131296,25963.909884996352,20734.66767807501,14318.022702858427,30135.848537872458
17398.02028554132,15454.057822469686,18716.443857319464,24018.79018680233,32807.83570654331,26074.099062165697,20337.474291564715,14124.257305286796,29520.52525653832
17276.290161797413,15299.05768155352,19038.451787286474,23564.85991129646,32307.075264774063,25623.49339659632,19852.29022755321,14025.797716949717,28287.08668817743
17083.30138116332,15120.254188977062,19093.47466934842,23006.91124383067,31704.454537767087,25428.02657953939,19258.00305630391,14033.218584433973,27576.597657254835
16852.59349757187,15016.725538204984,18991.070971163754,22682.786324221277,30785.293288841156,25254.870209108994,18824.338033145425,14493.613710920592,27407.897334975823
16645.991466561394,14947.42852818454,18821.267114563503,22482.674732237927,30079.586731869134,25146.464037602334,18706.02500771937,16381.532108873034,27482.865121099334
16446.916821630643,14873.126222237577,18482.58659341355,22405.438336314834,29625.549588612586,26958.936609812416,18452.41410401143,17573.616448103392,26585.7824312251
16351.722015061288,14893.78326031187,18321.08937922517,22216.527459351943,29206.24730275637,29466.40282476888,18034.35566039125,17639.771960532045,26826.059412266062
16309.678072577131,14855.518076786338,18162.359001687542,22162.421722676896,29206.093322884444,29878.445986029088,17988.56569179917,17171.515243471662,27291.95257695687
16216.524716875982,14862.26139137302,17996.800151743064,22053.31068016559,29192.65847401232,29502.043202229266,17840.252157835894,16463.1229721962,29822.579661552358
16313.206506754903,14919.86710495248,18010.304440361324,22039.075321271084,29276.305357345118,29507.892565789254,18070.362748696796,15850.285568863666,31184.991598076966
16311.331276788816,15594.487841817103,17935.615337523832,22047.62224388957,29482.01848010675,28312.07227607929,18997.737915097598,15504.139148619772,31090.766171914765
16257.070166623085,15950.236802641763,17947.797095891474,23218.010013782943,30095.244157489476,27488.46942671208,20752.541359331655,14870.157198046934,30213.840953993615
16265.06761665579,16061.512746405437,17939.678043564058,24115.5026422323,32444.689280761217,26980.846760372984,21345.21515709285,14627.103437126592,29728.075139564196
16798.8610867627,15926.86834417115,17887.931325116304,24325.835903619656,33271.91047810456,26782.427449094117,21055.552426902635,14350.671533339875,28684.08154492188
17302.624494655727,15709.388354850042,18289.630354911264,23972.309293037397,33191.06625376684,26588.96434362407,20396.76249742535,14281.72328821648,27894.95153893857
17496.70971519169,15525.158560322408,18958.089172843775,23658.163573029677,32814.247315988505,26014.47431705132,19849.704427514815,14362.672890684642,27636.759030326364
17351.28605484971,15220.516166248864,19102.8700013723,23197.150941715132,32104.40363107492,25835.35733653387,19202.717108958444,15326.363525216308,27607.055005140715
17193.722039381882,15071.347533524986,19094.212188690988,22692.645580536115,30881.414266567874,25949.9761371915,18868.03574985577,17312.701270529156,27263.04353119946
16943.01272121297,14945.800312311774,18962.96811235981,22350.300944729046,30380.46787748317,26030.936295754727,18601.280240910713,17875.376677049368,26618.902198882854
16721.572133195674,14935.365459380495,18681.19847410308,22191.215864475147,29727.29226160533,27470.156873665655,18263.52357149576,17634.10358667772,26944.017402648868
16568.197139706608,14805.182485733621,18338.018213732725,22063.643768708684,29359.9220954014,29819.63375859501,17992.467521601135,17070.173454057483,28253.81409593484
16384.459643810245,14859.168671593077,18197.622653632567,22020.722013198596,29500.063477258307,31013.056545384516,18067.420486958792,16060.042658970298,30441.430187598562
16339.250233374754,14764.281114262618,18115.31923793491,22012.168810738665,29699.91414808541,30895.07281511538,17702.080131389157,15519.295501807916,31545.071133314203
16380.058866813833,14758.83612893544,17947.62799420057,22014.371978938325,29104.486169319403,30078.23796421068,18370.90748482023,15115.323332893993,32451.349876624918
16369.25349744828,14811.549513328115,17861.373055314587,22155.562214888443,28970.134012575152,29473.02833294935,20142.205740652884,14960.112876343923,31968.4955698246
16366.426302269156,15197.268911656312,17913.003340494462,23092.545438581292,29860.15503895148,28578.99412844549,21097.2988207795,14775.819115102087,31001.307189542495
16379.693755178727,15824.502870874823,17910.118735205528,24287.39682555169,32366.209231437388,28018.72500177249,20989.239110788614,14602.82287259927,28928.592485823436
16358.860659809297,15952.71847742851,17859.876457547252,24440.08035020226,33334.70290943455,27705.465632855536,20405.70579388828,14348.95863234148,27614.61938652512
16681.83023907339,15853.269180560206,17865.6176132209,24441.233763937373,33193.88543837299,27304.499127683783,20032.612339823005,14435.93667499608,27355.197766902274
17334.33308919846,15760.049787429822,18429.837952193426,23987.812784251037,32623.571879256586,26951.656988285067,19201.068423434728,16051.288984452081,27813.38114717242
17513.08380778565,15562.797268434711,19020.384725811087,23638.26406505998,32294.514328328638,26528.088443192795,19095.745956870793,17517.853695311263,28059.434129005098
17505.872977503903,15314.130454103914,19033.32078315276,23066.247162048345,31096.37382345408,26613.79480906642,18303.820284227437,17722.926131457534,28616.71825276992
17319.73687811142,15166.030130109051,18926.39440514322,22598.33077494169,30391.378487142752,26599.949828859466,18341.67876549538,17131.12413446192,29063.089157804294
17146.171972973825,15154.314037562926,18790.270778277416,22313.87300402443,29940.256907801624,27490.60136688729,17893.296162590977,16417.750733306882,30835.869390506923
16805.998491442653,15026.239932027707,18515.914059926006,22381.08779372958,29573.994595453834,29855.820018703227,17882.788165648566,15719.504137395648,32485.496705406556
16656.865505423037,14929.986175350225,18201.570142526332,22156.68116538489,29468.664099958667,31374.452514557648,17704.736076650817,15214.262644556635,32542.159048776084
16512.600755025007,14880.418223713019,18075.60299471804,22210.955312119633,29239.487169716696,31233.400303764567,17617.70266450449,14891.929334484892,31873.353731451833
16417.333157918438,14957.279752841772,17926.403685420744,22080.089531089474,29058.937228065184,30606.490647270286,18583.633897571613,14621.787610736777,31152.17039158883
16397.90178337079,14915.904056656695,17867.063336865405,22106.377946918787,28742.435575740026,30258.28536465393,19852.345468877204,14254.212040181534,30158.98997617933
16374.928657067456,14827.383405766319,17855.76838832825,22290.28172323011,30189.254342369764,29328.120628903318,20240.982771649175,14183.056394927886,29462.58687317771
16425.195831871897,15292.738062186947,17860.49143618231,23760.126157508173,32453.142131923603,28533.732050564817,20188.648766043512,14051.694917167188,28503.135693503376
16420.07799025442,15871.880605487117,17857.110404622024,24689.49542708409,33320.34636617132,28172.411643745174,19473.052163707973,14380.239840054715,28156.97051031632
16370.475692078815,16072.560048654233,17826.154735862816,24614.63314023223,33118.10091278594,28005.680326137564,19168.732262009216,15817.963784542004,27441.797092862835
16632.54488932549,16042.941903051771,17966.00396186991,24301.644119746485,32484.310621804572,27603.031074704573,18487.94656047914,16891.563754322877,27615.55962527409
17232.578834531214,15847.829761496949,18542.466525562395,24023.48163134662,32235.725885166954,27608.24817715134,17993.351165808366,16836.31188883575,27477.150813293207
17558.959080594625,15697.408634664702,18904.95965099927,23435.86074815021,30970.028233070407,27506.124343314335,17545.867868841928,16382.027490475924,28395.78114979129
17545.353710072537,15313.008317574522,18919.452796264377,22938.98072851023,30255.652930383152,27236.83726456009,17272.20082904061,15808.722956084539,31229.725166128803
17354.706279741356,15198.138079294484,18752.7761836082,22730.12286770755,29666.631660947427,27590.72992433232,17136.17069017172,15204.618215976865,32385.500127853888
17136.877103230458,14957.320629299382,18524.755323264806,22317.867788099,29435.286024410823,29639.207916206327,16829.442824037418,14741.463790380849,31640.053117666677
16869.665742100402,14929.910401464273,18341.607343240874,22413.952883590857,29222.299559423307,31106.571326553792,16585.609062850213,14470.661650888978,31124.38220279548
16605.323197389313,14844.728666674439,18150.487184538273,22243.690459752324,29287.75283075044,31405.228211732552,16832.071547637264,14255.871014408876,30177.524877724805
16504.895656091398,14886.943851216118,17922.05629293481,22200.928331033327,29076.66440224804,30785.81365857297,17800.957812432247,13979.841245189116,29126.250677277465
16405.31831594771,14868.712727118058,17756.95583034811,22183.73495294769,28983.51502899908,30356.91438161532,18743.01778320788,13675.909167921607,28665.55368792016
16344.411631515262,14849.916985675434,17815.05878593678,22180.436729256817,30272.152454168092,29360.679109534132,19051.426572013675,13835.325823461517,27855.433233945703
16343.472117505524,14767.901868285287,17779.328882408787,22955.321936329077,32429.413506633893,28993.861423154878,18801.339249091074,14278.42760229002,27615.57200210668
16419.523717696393,15074.666669707569,17882.045136188324,24356.872081503992,33166.971383434604,28288.07196908738,18197.1046417936,15815.299569045601,26980.485245504235
16459.677527888194,15881.94702473957,17878.197069738577,24770.404222341633,33095.14417848713,28056.120525901642,17627.292031784506,16704.548484358056,26773.996831928816
16513.851369377855,16235.29749212258,17933.059097279387,24588.464696543924,32427.4837961815,27523.958915578725,17235.41063470064,16660.605792662758,26911.794698562808
16646.91700405436,16152.280610610294,18380.186072451645,24242.45181903202,31787.833678651547,27536.16785694515,16967.969650196403,16422.165510373154,29726.028867955545
17379.702064891684,15964.946736997888,19022.9689577926,23986.2520278259,30730.300266883143,27385.344823193795,16774.18582472961,16292.311710796119,31820.034593537646
17825.873749057773,15757.692947832584,19056.43970802945,23304.47239275333,30228.40642045986,27340.300197344688,16953.548457980258,15218.289392360759,31510.928271153134
17839.583386954244,15493.339223157265,18979.580603501527,22839.20708302639,29445.052386390074,27127.731834842045,16733.85505685823,14709.503210680654,30547.73610250261
17549.461777894678,15236.42615616426,18845.660818572636,22598.91331571794,29357.5318279263,28731.307606954775,16222.959147395079,14294.597492849596,29552.797749746525
17203.32909866771,15064.770095080163,18659.777573020932,22409.954965382854,29297.64071596012,30376.66751766573,15971.221035078144,14025.793435624182,28866.768990668454
16857.38552607333,14943.153211760777,18271.363269111334,22397.58352151342,28969.089000141717,31335.507104596833,16354.124744117273,13917.633823469194,28059.137871114195
16618.780738935944,14899.445445496873,18141.26861214554,22269.418358396004,28893.588124779177,31040.84429829793,17823.385880904338,14065.256327499037,27017.988770475786
16479.133202727255,14865.04191170593,18071.414216890098,22231.023134523806,28695.02289367645,30267.292240160197,18885.59379491475,14446.728943218508,26824.93842990091
16392.897849996945,14875.055389753123,17929.420863790463,22220.628967580025,30051.22087774134,29741.96143688626,19372.362253042054,15766.342954156364,26860.37148904201
16228.504666161298,14940.00868540232,17943.10900275811,22259.72717588008,32286.6990953881,28924.807916000525,19055.284775785818,16618.99788171048,26228.716186050973
16265.298602778383,14889.81642723247,17948.01217031768,23525.572847424657,32967.09987207329,28436.980098175154,18685.843629104616,16741.575666961042,26279.704917392388
16256.284430491278,14946.816894863172,17975.786584211706,24602.7343911207,32683.383139563844,28382.704662304568,18310.237888888383,16406.929126083865,26714.44449895418
16267.054334466167,15748.551705087633,17923.23168473829,24684.71190059006,32254.791366652236,28049.237514025255,18086.039503654203,15812.529110038708,29151.89571853683
16264.085039608273,16095.050265460026,17993.496522499096,24505.169430331924,31277.85687164543,28024.858791139304,17857.76023914093,14952.471820203133,30478.3757770932
16203.357423762467,16056.0176135662,18681.06870667578,24201.515293399014,30486.62569286578,27899.08240092862,17716.957611901613,14528.007596417783,30290.019748722374
16758.33148833433,15957.96590241034,19111.2301588982,23751.27948845079,29821.22974351595,27415.569407393836,17391.899490561005,14108.659031410753,30143.83866748366
17188.699587359555,15690.778641474939,19166.32542629107,23057.909624060165,29182.138569047434,26967.03282525087,17325.629206243866,13697.987238898286,28516.415923019602
17332.117629797307,15452.557319223994,18993.86439569788,22785.181883283032,29122.793688519763,28005.718978080622,17316.700674850024,13517.097360531647,27729.078861666178
17249.253595955062,15183.824175052243,18857.417371599448,22549.91760516219,28766.299383438767,30351.42572744701,17663.937131254705,13303.506900670653,27140.765853463476
17105.767012912245,14987.998404063335,18596.62791820155,22516.155813208963,28857.68323732529,31816.37807740859,19032.398310775294,13040.328153294,26604.832123914763
16828.529772101094,14854.025038938833,18302.131720729518,22406.0396905335,28767.087787495955,32006.772412161466,20522.418799505387,13692.187420424041,26468.724642806876
16555.916063955192,14769.364318784754,18195.607929817812,22304.946211333227,28689.4327267036,31552.300372246922,21167.74168248931,15477.292624578353,25912.72805040437
16343.750655012685,14772.784876210819,18073.733025799098,22273.219051930533,29327.623292908458,30722.82650431583,20783.05119389888,16240.779971011547,25193.469231332274
16311.810204086181,14767.687839387037,17954.034995992482,22186.741363211968,31562.30349319157,29990.33449995146,20217.188851316358,16150.812562396415,25140.272599029067
16234.664485965644,14726.350071953342,18074.59460813969,22595.736407221288,32311.194548487787,29438.715619367817,19530.63654497645,15599.155629462162,26842.474251174295
16237.529960761125,14722.534087665648,17998.138408624483,23991.000090770285,32195.328781501645,28575.108833649818,19050.365592713482,14993.657360548345,28981.951264480085
16262.088556264163,14738.047089566177,18064.689280210558,24686.145152055953,31552.42188314009,28467.625592989316,18821.909769533093,14211.81739539405,29732.2492857882
16259.996758428508,15208.356350436505,17959.88920470571,24559.4138256421,30944.59096091081,28268.357986632287,18495.1314537702,13686.712792957347,29285.185593232774
16265.11810752702,15811.446056429118,18380.12553647467,24278.240740740748,30182.234294587037,28317.208662528334,18415.62707617505,13335.095006625781,28415.77063241823
16249.445916437737,15938.00356109007,19032.129641325053,23733.058057833943,29649.167689390793,27823.8064339661,18151.593670482347,12870.886228872747,27405.166122159295
16588.933846981785,15873.495925864852,19279.78776626973,23173.77131393521,29244.726548901723,27646.463747762165,18221.52985044566,12572.601396013555,26698.130028789645
17227.996306872585,15718.886262148675,19180.765144956596,22865.57009328993,29075.26852851497,28510.683146564243,17956.69065306925,12593.740387806924,25791.387361902438
17489.965293846366,15496.151215405622,18923.343016628914,22502.401029725563,28759.96923450828,31195.312459694625,18706.11272637831,12390.293193088475,25389.165768128674
17410.735668941437,15260.509691937963,18843.867177079224,22278.2250291099,28748.528135913995,32617.3432901802,20361.227080955774,13699.04988491931,24967.328411299364
17240.017773773354,15044.896526724347,18532.48574547915,22043.405669622072,28611.02287034077,32373.031826874838,21263.785682621077,15459.542427033544,24655.176614200267
16970.107711473287,14868.006565283898,18336.328831014318,22055.09518285663,28577.092562664155,31769.22914184843,20856.861121371716,15791.725314757226,24554.99998431393
16700.76657643407,14835.728181742783,18205.609603459066,22108.81517046053,29141.543341711378,31240.52898957432,20624.209422830223,15459.618659619766,24706.450595230326
16481.85556020699,14797.647696749653,18116.582140686394,22119.675958496842,31351.780199476667,30126.71630774949,20104.22004585748,14977.029810159765,26138.048416266378
16396.748296566144,14853.04307151766,18036.8464612553,21975.346273968848,32726.35446019509,29542.83133167895,19432.958580274833,14262.146566240766,27761.225029183675
16300.98855933722,14875.430051717241,18077.089685779272,22688.290064386572,32575.532017973288,29230.291115964174,18948.980264427522,13709.167234937786,28264.04662231662
16236.017357266837,14877.972458945038,18081.813236740414,23914.169433050447,32535.721460920195,28707.26858064936,18410.825117434433,13255.812732226006,27942.064620180507
16342.859854352808,14923.220071023276,18048.96858105572,24304.558949641123,31784.458100352484,28528.205777086143,18295.218729322904,13004.720562091114,27114.162603783087
16280.796152286568,15312.109302765064,18107.347708464004,24148.684292353115,30827.376208366113,28237.85216931979,18117.555918487782,13037.717964062718,26485.20069075746
16294.350397343289,15812.779643953556,18744.37267737652,23783.009464727387,30235.348823481778,28035.55102161041,17858.047014162323,12767.917159837878,25637.633235143665
16243.331490919798,16024.761082372166,19270.69864275457,23374.351667895025,29782.854125597056,27796.064478658434,17791.427839747073,12577.491959645515,24949.497137820334
16568.655553041157,15968.774710712558,19242.91133918178,22833.65356151126,29675.63394466169,28225.98272918241,17596.144298896957,12702.960031653965,25181.14229552137
17292.801326642282,15776.953643622077,19181.79419377472,22489.52101460116,29494.658511408867,30708.343459973716,19269.000421233974,14591.356114008573,24832.73984636541
17560.471888150947,15634.552746258063,19024.127101398204,22257.955532104592,29168.453318430486,32457.400869446617,20293.220303319787,15560.94481367855,24266.722731190537
17485.440960177562,15313.242927163892,18806.785250412388,21899.178385021107,28981.486755967893,32590.444663951814,20957.115435983862,15751.88210523109,24522.91902128427
17321.647536285738,15088.592911903865,18499.33246515365,21985.87100390484,29049.26908965671,31772.38055023124,20120.481940057805,15517.452855081467,25077.723800581953
17149.792607341413,14969.265260489577,18310.010559482987,22023.066385510574,30425.218493041306,31152.671242851728,19620.43270423719,15070.270147515195,26622.9862755855
16796.27471243489,14811.656100545002,18150.051431418717,21946.994649029322,32735.519981963283,30309.64727110564,19169.55028247796,14340.199302766625,28546.215408723074
16572.099336623367,14791.196994095553,18190.98009574201,21764.526903239042,33458.03974604161,29442.117744868003,18433.038497632722,14000.769229493053,29229.877135385545
16485.25598785863,14743.73942319417,18147.18902982265,21959.09740688393,33267.383298558976,28996.71503834429,17990.10312824891,13559.492889734127,28668.39260157627
16368.879785067467,14726.859436853441,18108.83528513799,23190.950539683272,32598.395159826396,28090.373349160793,17937.908297112353,13412.444492646226,28554.791786380934
16395.95748474931,14776.780109632065,18070.52001496445,24273.059266596312,31778.12080581615,27785.598415381734,17694.70870094616,13449.200450344979,28302.527791868248
16333.285120721159,14768.16073374873,18085.975281871055,24574.14585715009,30984.72856675437,27500.614029660388,17757.137851751133,13178.874158825325,28355.73083348675
16366.725643985574,14993.3933933934,18248.25116574925,24299.319878761016,30365.08040740319,27265.705260826566,17548.98699100842,13280.420393360224,27468.104153962566
16370.23067663997,15794.667916862008,18937.58190220015,24003.95061728396,29962.004936552643,27154.991645127928,17431.50007883361,13972.929037309776,26438.804000487788
16403.90118756266,16064.00809948214,19240.664787136815,23516.410017065245,29796.288307658975,26977.444479371323,17860.713482556544,15813.34649367697,26145.46425491264
16547.66519069097,16028.849655237223,19252.401256875528,22964.379524033335,29712.92315866427,28956.39289610802,19338.233020829968,16274.737244308108,26620.562326957832
17276.239410492253,15902.151056684637,19085.207185243944,22615.858172235174,29389.163876444436,30807.17753032343,20936.4728402119,16428.519711946705,27225.276202694946
17600.827875678853,15744.235716315336,18835.212492903247,22304.003215563047,29315.41571069594,31146.156696102742,20872.769830163066,15821.523632179602,29310.509192039586
17558.617107935803,15444.000420063538,18547.414426873285,22208.646036232454,29349.83931888862,30650.146110371585,20158.049131844724,15099.703417232668,31855.153148929538
17456.50173574531,15216.386838197868,18357.39183403371,22183.011244323738,31124.874936148895,29532.558591483434,19487.606859874053,14690.57372386786,32840.10393322667
17241.49866436765,15049.897587804564,18191.645400832254,22049.836451001567,33240.06333559534,28902.77373008671,18713.6212764012,14241.482087125194,32725.192073835868
16933.4057093546,14874.697351072757,18107.601902325336,22003.910552574645,33681.56748214885,27908.73416707166,18544.542381021223,13849.276209886633,31695.662022879136
16746.3162086818,14889.235856050984,18091.184840477996,22118.511915987696,33384.03949549474,27375.128231460483,18269.921658348212,13801.480398553053,31214.227591200903
16554.952890465735,14848.734256141666,18044.05286343612,22722.84044334258,32867.218131471105,26932.735641707895,18134.68360877126,13557.408168183434,30315.037923465345
16492.964750341533,14778.179470117286,18031.497804484585,24333.51071412987,32159.0860433161,26697.400544412834,18312.61651770836,13399.85226857203,29598.8393686377
16325.648069504216,14814.294900485433,18045.87398058286,24760.902920382745,31034.443902159983,26354.760849932805,18072.65529327859,13495.896760765772,29391.322696571304
16355.57849708119,14852.893053696273,18027.583825501235,24424.615384615383,30512.755192882407,26154.59273535591,17910.651768879638,14637.573687797805,29420.627974274073
16380.653962257707,14939.418046924082,18362.457320923495,24186.951803593107,30051.887282301293,25978.57733926682,18012.19510682752,15774.672703958599,29361.295099010844
16394.711981592045,15583.8362978533,18912.423534645757,23785.315113342083,30033.74367562947,26068.6713505839,19024.589373918396,16356.146603698155,29048.88245011706
16422.55313732977,16054.632459416953,19212.069244134265,23154.057465862177,29727.72696388926,26957.160318166258,20527.42138421662,15988.847020733914,29524.237680377664
16476.702150299865,16021.379264452098,19041.55718453805,22787.309209089413,29694.254201179196,28586.722478967797,20896.08418491381,15381.92077233261,31983.200386001714
17028.047267476155,15966.640811883939,18919.95273552581,22522.9133952773,29776.638313516756,29734.250499959977,20351.317875674846,14993.371072295904,34068.79007441737
17484.927626478766,15803.13541209581,18676.73366663265,22253.242143515527,29560.438789711752,29690.597167472428,20025.13532310694,14239.263758385521,34283.28377306883
17533.664199252766,15479.377403251856,18491.48052418939,22307.11014118507,31425.782724140194,29061.7960688994,19382.579206561393,14047.454362297221,33986.9061114333
17466.564514831254,15229.28931329865,18244.177458953094,22284.99295530384,33368.05658834682,28766.518600494754,18770.67276106456,13761.590642783653,33215.94830668178
17258.570584690642,15022.150130665948,18117.230209772883,22114.108873447865,33433.32005199122,27840.127467578095,18599.67924789728,13551.104085905237,32131.10803841708
17034.40444918717,14945.06395574828,18013.32456181993,22039.882674597262,33141.4332942194,27179.398128525143,18246.184639522384,13412.75837563839,31221.775499955504
16732.166773600777,14827.604882584206,18026.9610122105,22175.011953904126,32768.879022033594,26729.814236228696,17942.206166619602,13257.686904463291,30919.11921744178
16531.095823654636,14831.23428045819,17991.10311391013,23589.102460437687,32081.98680788824,26048.928522438528,17769.657204791558,13497.399406320936,30547.039118309636
16429.357356347824,14788.451789978813,18038.742406001424,24544.59858687008,31085.86118957657,26286.448487555244,17692.168557178025,14593.794040271725,30474.778688648654
16464.337033537948,14775.926449155879,17914.562865312386,24689.860914935634,30593.39744680011,25740.713043235817,17625.232600783478,15769.329254081571,30107.014927485256
16414.013437528258,14778.010218625946,18023.29999481373,24328.94792501213,30079.684797534763,25375.087756304143,18034.754115018826,16108.098715554268,29828.410232871363
16389.914174945327,14785.855791700007,18780.867525784168,24027.053882680208,29951.23373207511,24973.3433073579,19848.795198805285,15779.07481538949,31723.59129889681
16370.113175887676,15252.17227008563,19291.17388206875,23454.431698983295,29772.155745489064,25974.70336319071,20767.671418158723,15612.312193511105,34323.286012310746
16393.078346581788,15842.601776337566,19320.633797279243,22900.83974844565,29707.54093237267,28416.100817205726,20697.757991269886,14960.361767924282,35283.87243355208
16393.34216995312,16067.821556526083,19235.00295633197,22619.210723204786,29724.549006088244,29770.99182362158,20223.787270169923,14895.515459792747,35064.91425390805
16785.74908981414,15914.852792765436,19077.209815269685,22310.793529105864,29609.279538736708,29609.229807717882,19523.15437393709,14202.627239679212,34337.262966952185
17288.195900302824,15749.491660078898,18757.55438244558,22241.790396276236,31833.921593227227,28879.32885850316,18931.057441247918,13816.758650941756,33151.71423016822
17490.602578704285,15588.898791477264,18464.47164095868,22083.130913459947,33454.95478575045,28373.544663964447,18412.089739949843,13602.471935210964,31262.89189726868
17413.20209804849,15292.579253332273,18320.092019653624,22055.079218654704,33896.81099622603,27523.716814729814,18397.565911002035,13458.740497707535,30575.662069085258
17239.141874114568,15077.884863379093,18161.477737122194,22061.543206668168,33272.97715909358,26784.216040436768,17963.63340563822,13597.191730587161,30485.229608558446
16943.968800495444,14961.409617936863,18160.62535096958,22071.631788343715,32635.3856294433,26168.786794311563,17794.651588055996,14641.667855873067,30239.823006645027
16638.110504473443,14836.733669912039,18069.551552722012,22510.68878538655,31880.064496268256,25858.353893878164,17213.82230711327,16236.033497532877,29602.433193912435
16543.322158595736,14902.63099431909,18168.580634726586,24082.19343237416,31042.01388888891,25652.00338873136,17259.902772165966,16973.770909119317,29473.626455041645
16417.000611309937,14859.254328383966,18123.323085681935,24485.08141901598,30463.258760725133,25487.02236292058,17241.95835182829,16820.10827748839,29942.273937209025
16293.564255235471,14893.506460246826,18058.478311890307,24426.281234949376,29895.86688137413,25298.619490361383,18366.461143192224,16071.345909213387,32494.933731472527
16330.65576886049,14969.128651578478,18475.360514576212,24066.996090556124,29826.793938231036,25367.731475308152,19940.440945494032,15496.077323493479,34059.16553621514
16269.669093432516,14931.84767890269,19251.793189878146,23590.310832641793,29606.265565726644,26093.95603071278,20217.929698825996,15003.280142662483,34202.10772953984
16242.703852594263,15273.02821126422,19449.749336027504,23048.37598143464,29523.153512193454,28305.664485952064,19667.41948442741,14497.872078155871,33469.88452778917
16254.860906933234,15910.408105185292,19296.02246356632,22724.282857162558,29259.785033137305,29916.924759931462,19420.05127843136,14188.201636173984,32708.996943516388
16237.347141770508,16098.589206429715,19093.469197489074,22332.708220498997,29399.72883101309,29800.078820171635,18579.05850481236,13922.02057412939,31653.368960043234
16524.552997555053,16005.366277914934,18919.3679209647,22231.6416923059,31086.364139653662,29713.59818252472,18065.26009560815,13725.576554685806,31059.297026875916
17059.443884223663,15796.216556672789,18638.660015113834,22095.45029868129,32903.08193487991,29307.252660584993,17689.808015721115,13859.643654773596,30260.82690010189
17337.487703411094,15615.783063729576,18432.062652462235,22152.847492010824,33067.402891874226,28409.751480279494,17192.253816600733,13979.505971317074,29779.757405763066
17408.400808798528,15333.564123821623,18342.53882221362,22143.80433320642,32719.471885568768,27535.302579880692,17089.98640920885,15527.17768288311,29543.00477668006
17276.82966484342,15153.438577029163,18261.36732891733,22061.966786749123,32240.668969815953,27020.16798576765,16656.193259110885,17127.737358897084,28932.029842854954
17041.589858861724,14986.239536489646,18249.52213901817,22000.43944574905,31398.979710476717,26564.108608504044,16618.07947188526,17256.63654938351,29003.37601489885
16674.891425306152,14873.652753282375,18219.447139256416,23182.359788082074,30773.37447747216,26400.617879247377,16396.74364479872,16962.364502847246,29409.942356084928
16521.585111164,14869.464199723549,18180.54616436708,24170.119203246548,29919.007527853053,26322.185303123777,16851.306890353826,16421.404681931934,32487.935242156986
16412.38422461511,14771.148821445628,18188.677096478517,24433.516232281647,29644.189286559522,26403.38192321513,18145.27606256154,15683.78438541933,33355.20778452873
16344.687162284863,14794.25832429856,18187.853738090154,24095.043023290786,29523.444412822188,26213.83236188826,19175.624630540657,15172.620862167176,32914.85981485567
16314.606741573034,14783.256807421665,18835.834612103412,23846.75073497102,29341.5069860188,26329.7652108961,19197.892519215497,14841.859732533063,32753.17765989379
16376.198595029753,14790.646537973049,19402.388449594888,23216.70761692986,29258.178591852506,28062.116622009897,18705.045358580835,14429.84172663308,31526.03652540348
16348.784231280042,14927.360287788684,19394.55497275,22788.286211460618,29129.694756282854,30172.903495019815,18207.07374561203,14319.691542721455,30172.392636378085
16411.709240481825,15670.80204940265,19207.949318385297,22357.939711953903,29002.88906137016,31129.77665138746,17503.200750010812,14157.374283816473,29550.116259641527
16416.49639165031,16026.463609045151,19025.29314149207,22107.845443536826,30531.93440362825,30685.060372357744,17427.14103526764,14169.130364651111,28618.006294340666
16699.653425812503,16039.230743929762,18833.537172387572,21969.096119649228,32341.707001005852,29991.577411206224,16682.800816295316,14913.418726156753,28497.0520378779
17310.30749653888,15873.255498610652,18468.01090592398,21866.100158643378,32788.45948119311,29287.646497306174,16621.28967538989,16962.46198355628,28096.15645494705
17600.0,15677.920501101888,18375.0,21773.325643419004,32395.064878249377,28323.70228349413,16304.31178839806,17755.507406509227,27307.853892204937
17511.412341073497,15416.654531052354,18252.642882198532,21648.68462280836,32030.226674152014,27777.131314516326,16203.733010400798,17692.585441605563,27278.112847152057
17323.075861460275,15116.364306414058,18197.42596841375,21643.0531361493,31057.007756577033,27934.61734396874,15966.886071991717,17292.163086734745,28683.725861404666
17090.777051561356,15011.717064663751,18167.207765893683,21867.050927172793,30310.678923782703,27420.002413395734,15926.41395878666,16425.52887728888,30951.044279134774
16868.314272019816,14821.329685006032,18159.28474614082,23284.743253110217,29849.859056364545,27338.244649335076,16933.91241873835,15732.908536025137,31292.83950617283
16628.95675665296,14752.404408604494,18106.652893774335,24047.026326265877,29388.99430740038,27106.486906775448,18572.708782515612,15297.079476614537,31018.16188213041
16524.316087426683,14816.50114781632,18139.492046157116,24030.00883472283,29369.60971115579,26887.17391394276,18961.780708816827,15014.666254938678,29797.22678352298
16396.662998911346,14747.297521971292,18341.738744328235,23775.716736536397,29320.309142952778,27130.11266883042,18813.36131348629,14616.288353027887,28973.854484632076
16369.48731475293,14764.262631051048,19052.330119645267,23367.687249656847,29582.830418924746,28389.845866491414,18507.301961603927,14606.986252763683,27855.273635281985
16396.596402023755,14773.05007033071,19289.352129707437,22876.329962619297,29536.918969487306,30633.24205960974,17724.401144576812,14455.746332138351,26906.495314643624
16380.416203252591,14827.87109809764,19288.216234224208,22439.260844412318,29511.070293793353,31542.791273529685,17318.092298829266,14369.544122598007,26950.93784921785
16449.652250166524,15531.741655512185,19154.800167488534,22012.84818177106,31426.197140315475,31244.23963240144,16856.913037976978,15818.002797438745,26396.56445175939
16352.685289518327,15968.329531730606,18912.651462736834,22039.88893235838,33128.072482335425,30624.315604280808,16536.270868603555,17415.498298989314,25825.39405601984
16546.484949312788,16021.739972125297,18670.647454129252,21931.657211155492,33423.13438704095,29768.806197684058,16594.50942143121,17378.503028238854,25636.95067890063
17238.8468164287,15899.6993874226,18400.03666420483,21689.989261802533,32767.437052352136,29029.074445063863,16550.026483636582,17097.640762576375,25463.988883299542
17643.25387803183,15727.414291929093,18221.06842044536,21746.307180396187,32419.74515159581,28626.724675644917,16299.6162110769,16538.057547417015,27055.919191732515
17593.825979805628,15444.833722611502,18181.141525151135,21595.02970020029,31593.833317618864,28393.909379661425,16065.797859880895,15773.041079438888,28704.266834936912
17515.61579353893,15124.311084535393,18205.617050732253,21785.445169025774,30581.82093483483,28115.086479614693,16444.488300753368,14976.196240023717,29198.757400669165
17303.64822480519,15031.79933289933,18169.51744412148,22474.12477775421,29977.08111407503,27911.05483824435,18158.42851847285,14590.350462666804,28770.674843343746
16964.357474737986,14780.133823390817,18150.511846658534,23547.924380625118,29779.040888217816,28079.296146268098,19256.819437677812,14117.930890203283,28157.12315663303
16786.714509478927,14781.567925212996,18067.796547553724,24075.326892536308,29518.094691221308,27667.681447187264,19337.319033787084,13838.521857076186,27271.359889390733
16576.20740524052,14705.836490631202,18140.727155127777,23897.402449629782,29250.72276943345,27544.6913580247,19228.13128435093,13732.215837253174,26362.269516774028
16512.073781978972,14664.206481370873,18681.527435240867,23704.241251411073,29252.20436063293,29267.879335304977,18618.192137798404,13435.520524628851,25848.00952337856
16461.80982945487,14611.262225122464,19180.26822663253,23345.11579928668,28952.341301060907,30904.804999407126,18265.664730103832,13697.700564944571,25724.46639329801
16438.06002601348,14672.993208517277,19262.822470607913,22942.38325948151,29198.857120425753,31867.489423076513,17926.790029279447,14934.838452777482,25544.34966716495
16454.602614938904,14618.229577094831,19123.93177433827,22765.86810541802,31420.420461719463,31215.165775509,17611.002339695937,16070.736989758425,25847.831126029683
16537.064112372755,14989.870563443714,18904.88790741629,22507.27387168227,33073.53928219808,30949.68005496088,17394.97884936747,16291.830074398178,25372.531742537984
16451.46393113921,15686.441501108886,18668.147347779985,22373.119702084405,33179.97464672813,30158.56849323222,17300.920666520487,15651.803803768824,24711.85579444377
16601.488894354596,15895.66752371632,18431.340771625815,22141.023822414383,32896.20484682215,29295.87548844358,17401.77787973411,14980.869640804893,25977.071306922902
17193.234927085345,15883.01601684811,18283.72728516881,22172.367195392348,32336.393452327382,28156.20846335982,17243.807583418144,14463.041257204128,27456.619361679797
17631.154574544,15643.837662058226,18094.060896604566,22007.14778109025,31307.75398622392,28067.074234242882,17257.86496155188,13648.25517231999,28151.80177773921
17724.798401484342,15471.524121301602,18013.675205933232,21889.78872524953,30356.432494000594,27541.858522670827,18477.465115104438,13202.54514520783,28179.723880771493
17542.10380055414,15135.097821235076,18005.87330564466,22155.7915560036,29866.187340140583,27433.504829112415,20071.72349102862,13089.229494567924,27833.68402880949
17361.258027174463,14974.042061603137,18035.147161427634,23698.64470601762,29497.922402477638,27121.13760255593,20683.1312807888,12797.257181283327,27150.25940976265
17068.51893928019,14756.715607334143,18054.934618613664,24576.264980071464,29349.20634920635,27051.24737224487,20427.403190930345,12429.158575341955,26437.51019302849
16804.768198815284,14671.397464219548,18023.550497570333,24625.633923389105,29254.7564768253,27297.284160560033,19777.449866351017,12299.455540762505,25701.12547354377
16577.984282769088,14645.221086072728,18190.980095742,24292.59763350231,28838.497279396357,28344.869652224246,19364.829492004115,12803.01222127317,25137.967418526976
16442.158094382245,14620.672765928477,18817.600997739388,23891.620130057665,28728.47879783241,31021.105369309727,18966.026280250877,13990.628689038358,24582.588901770814
16389.188831327876,14594.582351729554,19141.440397045262,23392.588900719693,28741.485592770565,32188.25788542238,18388.112123140527,15036.759762458456,24330.21403601329
16344.442541068955,14618.473843619806,19197.94132606691,22931.70422422123,31265.594741946756,32088.116816737194,18186.77940155204,15150.973372835246,24326.831508334628
16319.626312267916,14584.520906677219,18987.37710911369,22625.478034869724,32756.939395839734,31293.019861131754,18151.794179261986,15001.926604100252,26000.596328376436
16242.956302562012,14744.963148612276,18849.89010915938,22285.83733248159,32888.3047397974,30754.493769900313,18270.05618168798,14583.195647437477,28353.774196682418
16297.647513329317,15407.524912700523,18510.69652433588,22355.251054376142,32359.713113861537,30003.839916739078,17844.47991242795,13493.292342164677,28993.936775578746
16355.055172334116,15823.508673892939,18377.900437750057,22116.633997042532,31617.816984578687,29322.092851714588,17804.68347205092,13035.925741405259,28689.165665606215
16758.675759788748,15782.126191441504,18263.291094675304,22169.65877959688,30734.93201721875,29106.734743496243,18202.02284330174,12552.16368921647,27888.63116921945
17320.701505684796,15720.301239462135,18133.68119135542,21947.23261649419,29936.252308683608,28787.529498455624,19782.00327478483,12300.20246242848,27153.47471067296
17523.07373978327,15481.235790942244,18115.953390163428,22089.990648597373,29165.48045554656,28450.724178536,20761.605525479084,12382.57915434905,26564.379788782688
17437.789404501105,15295.658056398877,18082.096029775308,23089.664992093694,29059.938056740324,28415.92969927041,20828.400046280258,12533.405060268811,26022.28865379923
17252.504800742576,15128.597433621042,18115.015706041348,24524.47367740127,28763.218559923385,28421.211503418686,20369.62644069208,12346.007086960795,25699.232643235853
17060.379881272765,15011.841773746532,18058.0429877066,24860.252847057058,28729.95157716651,28102.18993462275,19761.28310500891,13461.465638724669,25458.284035194476
16774.7055811572,14905.880942812222,18023.82291515302,24698.75941846634,28606.222018671477,28986.93520932276,19169.495099285235,14739.100788241129,25078.741986925626
16539.798352186303,14803.970268475307,18399.993150802205,24325.240764244692,28499.716449847176,31329.564652371675,18888.56628343014,15020.801793416427,24949.657855555448
16384.638140771676,14752.398850208705,19068.539586289422,23846.79866496901,29005.304448545878,32840.938656787985,18470.762830190106,14881.005258105648,25625.92563066545
16429.594416972504,14810.075590625818,19172.67686314953,23440.82460218885,31391.357417874235,33030.343604110254,18162.309694543605,14249.541472569115,28234.996646899854
16360.69171931479,14706.184280990134,19163.04065012695,22798.10551955117,32479.421802440833,32154.00711445909,18013.13282188236,13820.422610448313,30140.25232366025
16323.691135468704,14669.303474954668,19119.06158351097,22585.807609539384,32580.221539136863,31746.80005307166,17885.487827872537,13471.889790860208,30527.183892020694
16342.725140046394,14786.813186813188,18947.204733119954,22423.344679639245,32171.765594284025,30881.45269083684,17556.490390634237,12890.833923439059,29876.256122289225
16375.77673945493,15509.462076766715,18747.393130389464,22272.47589039518,31448.894884353882,29919.63096293112,17665.158176386336,12823.183500410883,29180.6056281177
16378.641394557562,15928.88095950631,18621.552843552658,22283.497763987412,30711.436745808947,29346.924144841407,18476.273424778825,12822.989950932566,28910.357625240027
16648.50723029056,15888.80930205997,18435.242662902532,22168.389936979762,29764.208158381443,29014.85791490088,19900.864272572413,12642.677086279593,28400.400405486685
17374.687043516675,15723.906165767301,18514.803622699397,22212.757132307837,29353.856521008296,28821.257866614837,20600.643993051315,12585.308543916026,28007.75091650764
17505.762448011763,15602.626285897692,18396.608591678254,22299.50244476002,28779.644037386945,28758.898894943748,20513.47572829293,12868.772962409897,27202.005357531532
17465.473558038764,15318.257431651167,18312.311904166556,23927.330136113465,28802.985131309935,28121.082314848285,20065.001603229146,14696.764678794749,26882.64288695759
17359.964584514684,15068.126755207413,18300.362549739333,24725.274066851267,28971.151327069092,28123.34183913048,19321.006168637054,15859.55888515315,27109.18316246226
17118.303703763886,14973.065708504379,18298.72787633541,24798.173450433213,28780.88446071877,27943.749668006087,18665.84511896355,15904.869277544025,27161.924266729828
16772.91993203175,14805.472956541027,18404.76325222316,24423.940088824394,28686.8656222541,30239.689665742182,18329.171102569162,15658.324544712268,28552.25692682433
16564.614202260273,14722.098915181617,19133.08471690078,24024.742269273578,29239.517578892053,32002.95182490426,18105.56399677843,15254.90985959681,31195.523094341523
16425.034465439134,14726.850153176401,19537.933227660134,23439.360540523572,31475.814551200536,32217.041517322854,17950.185102178453,14508.09574269375,32605.712012426142
16387.26371794151,14717.441692418859,19553.03439582209,22983.088297762348,32689.433308587006,31712.186905349612,17895.252300899476,14156.438862914842,32695.021931339557
16373.231473825854,14689.366333941234,19371.418387674057,22693.69870782356,32717.930253047576,30804.54595219213,17690.09492372167,13795.959623845516,32275.87438176552
16379.121478186646,14700.468163298927,19200.114506147216,22491.064648635976,32339.717349574,30196.907827119336,17828.714106473115,13576.26170662804,31676.502110084533
16429.44762205601,14723.508230452671,18994.60233657497,22356.676211447775,31734.447869804968,29077.368010662976,18061.107415515748,13372.626434727606,30279.85466356145
16373.211426210024,15294.979858676037,18697.101252656805,22239.000614866338,30728.51627620631,28731.79758510294,19247.663106154883,13291.076704260791,29640.30659396585
16335.54147617886,15879.599147840008,18486.68717047915,22128.547663205864,30010.401953324843,27982.982062098858,20072.259254258188,13311.718680065209,29447.17671450201
16568.660005401594,15906.786109616385,18422.667772445646,22155.679022968026,29629.79440523681,27690.926617390498,20425.86107390692,14432.048885718894,29384.569394109294
17234.767364246505,15828.28949297672,18430.94202553263,22027.019130164863,29239.34599918055,27614.263959853677,20023.68711582054,16079.078246679921,29472.0859504276
17557.333595782336,15633.775668932534,18439.468839379224,22849.223640199725,29137.112729850996,27551.131072108095,19593.00769403643,16572.414801669656,29281.237208688184
17505.05269625405,15426.182014587,18440.45226100363,24186.831552103708,28915.054462249936,27239.215858772477,19234.1691609425,16624.47491157792,29895.265814408995
17391.58018059839,15138.624654835625,18359.85113680337,24748.414818604055,29166.063081995875,27042.155300376566,18868.413313883197,15976.05212329828,31928.2633212541
17175.538573018122,14986.119865377108,18441.680779554034,24629.06566320437,28819.979949075387,28272.920212176272,18577.81923997037,15531.737841469954,34573.09661040418
16864.433973417104,14760.66099307112,18828.69912803413,24112.19202251939,29321.728234854112,30308.29351360608,18533.057963405874,14852.949610185435,34194.774861298676
16632.398605750874,14731.574131980626,19519.490509972144,23723.31075807169,31441.819807916192,31145.005108827143,18464.611947588764,14403.766938056779,33995.37324082558
16486.545171852184,14669.014829741469,19722.507453291404,23126.634744471885,32708.91411865218,30745.32014108004,18222.544782207,14070.587858566807,33207.03659025546
16415.361342897573,14637.613921686163,19662.92129190327,22669.471314149872,32761.11497886158,30282.73475472314,17798.058622873294,13773.645362798656,32177.97941280636
16343.105596462168,14630.625055468008,19437.492093085828,22431.403811258875,32433.910950690926,29942.38193345881,17626.72416171421,13565.275313844775,31617.773552166822
16342.596837440557,14663.973745355644,19119.28235189626,22261.728395061724,31803.974168285917,28709.5775907396,18718.416334631656,13561.700872510166,31189.730176828733
16393.776613736438,14687.048193691753,18882.51255460397,22132.8919399579,31074.347996820194,28040.646446477618,20181.863279172896,13694.007223654762,31255.202021095385
16336.056134505743,14984.95355061106,18726.259682237585,21974.853719973966,30555.341242608563,27202.318846937713,20972.167481430486,15324.404735559845,30944.27830171289
16370.685778813498,15665.923229521777,18530.46522819631,21998.408018461632,29948.89964964918,27082.57547264963,20819.81701488191,16613.73406116088,30562.90792622193
16397.686981533014,15903.960575401286,18523.27673545844,21804.350660473996,29627.56036485277,27051.868641632827,20103.05971124929,16554.3547786701,29930.651466859497
17104.587000869637,15830.408272378383,18501.574307349707,21922.947498472124,29706.6623957735,27223.074157486146,19696.369524814458,16238.97905319805,31227.437066127026
17492.569428991195,15699.416311010515,18491.020761125717,23016.803200627262,29493.796162864266,27158.921038058877,19209.63318088445,15793.8850100144,33982.69381295347
17541.16774675864,15500.920271954317,18428.695041213927,24094.8412159011,29625.83795472358,27369.91312299955,18637.562928432613,15039.447467027505,35042.85048644002
17435.53392387006,15178.45484677632,18511.283697075192,24336.608443420206,29444.854227387692,28787.64810803448,18329.06840265394,14457.277449052024,35194.62503412629
17184.715698384032,14974.80317975454,18459.182544373067,24083.333333333336,29531.03358976567,30723.610062021,18251.35589932141,13957.407787658236,34226.854200746544
16965.480102593105,14847.48759109902,19079.26923086256,23628.998427876362,31617.74106173098,31275.052941398368,18182.52640156394,13939.756493847392,33574.58561893103
16734.95400642779,14706.836940328727,19627.910936411878,23023.12783853882,33233.67198838896,31019.87386415933,17873.7873348031,13702.113618533418,32439.05091814757
16456.286189196384,14749.717474294983,19705.233752808723,22601.788264757095,33149.71742831589,30523.019172466084,17624.335990167558,13537.874601524643,31402.497095713137
16338.401997813442,14611.041440236322,19604.92245555066,22372.791261206556,32779.20668479983,29867.119426773374,18124.744325232787,13557.700100008791,30905.4189414453
16296.10307839175,14600.363230341285,19388.28047826126,22037.418771322984,31995.493078855598,29072.473154850377,19329.451354060395,14095.15988032594,30727.979923842737
16281.874111325069,14627.06643930009,19125.12566491904,21889.4529628198,31309.845866569307,28455.32076895592,20899.731927869652,15657.919243592974,29983.842329016406
16332.404357110507,14547.60258712607,18837.38042678441,21764.75976897281,30907.50892923332,28013.716553938295,21159.559974582655,16432.576280898138,29821.334054796665
16314.12650570991,14669.037060974373,18580.837466917415,21709.700888209176,30749.09138050912,27728.492450851998,20371.44554999649,16179.819346293809,30052.166988282035
16321.761045466194,15334.622939908822,18454.041284890867,21628.450027057406,30544.819224848994,27440.93886827433,19865.637149265254,15920.27586676148,30943.641975711434
16284.844558797151,15772.978674641246,18462.698248592988,21625.196775490087,30531.501451278917,27149.682472311513,19241.240779356514,15324.687118163381,33144.930463182965
16797.05978997711,15801.763849971096,18530.79460444098,21698.71939146962,30501.53669514852,27003.980247747044,18858.1247253303,14488.460631223048,34123.45276428069
17288.183631274136,15646.799679006506,18496.10621257116,22985.194038474514,30378.667108377147,27078.80600443872,18456.52684689767,14130.104524034978,33850.22450297158
17552.51141552511,15511.931763923025,18456.928463754848,23903.935719385143,30159.3590291964,28341.634735065734,18279.667962572283,13756.460725094003,32839.80114903019
17357.198336320238,15236.046975960284,18407.703112293904,23998.705690368606,30776.95664840835,30888.268512783237,17838.89877595906,13509.956433205738,32072.193937760065
17249.736264362902,14966.084118279468,18641.64377158728,23662.242916391806,33026.951750200176,31957.40255813144,17688.14561328084,13452.372676885992,30915.49280574568
16985.80986048483,14755.270986332063,19430.11029646646,23348.46072785549,34199.86362135771,31773.429695947467,17343.81897157906,13669.804542156788,30340.239744400413
16659.488425759377,14624.22876134921,19663.64454732511,22903.698585566133,33882.40827906682,31061.67809197607,17254.670326246553,13444.43102850176,29857.5619552265
16546.20100916019,14558.68030294161,19580.81498317422,22313.90800961508,33518.85169059606,30693.812165698117,17980.883084481495,14300.492803826044,29753.485956154345
16379.65502621515,14538.629185296013,19393.38488935145,21985.053249620414,33150.84481523616,29774.255368363738,19622.553992528192,16582.230715840353,29205.27797046982
16372.718523380714,14433.922204637252,19256.46133913585,21944.976879066697,32225.97605559507,28958.839605176254,20350.075689212183,17164.45791807765,29002.30941896917
16328.250384499743,14432.78751657076,18859.080663977194,21847.23180510658,31523.047903312385,28571.293702035757,20202.870823255023,16518.471921914257,29633.720933599623
16339.222532560418,14486.369350417957,18702.00311290095,21953.159485893124,30877.65342852891,28271.142798798097,19486.1932761898,16067.156235122162,31952.15048802988
16399.118156732577,14484.646076917947,18457.4327698313,22011.692178923808,30863.401634173442,28154.378214785174,18807.980312743013,15446.365997939924,33935.403455059844
16352.018831492698,14930.296859404893,18383.193241307148,21939.044738738725,30740.085269385338,27885.13872360065,18460.85066302334,15009.652905943578,33215.55432930081
16315.665912818815,15475.957816531303,18348.373043769167,22014.45268358133,30514.019800549922,28231.100283275147,17740.749320086827,14732.463624826292,31825.272211951786
16692.397446283823,15695.546079335036,18349.506406217188,22971.416259674545,30471.62600242816,27748.45528947104,17484.433784435954,14901.141744806711,30550.665471377855
17333.323587770494,15592.751118380098,18270.78506731934,24001.319746045483,30551.409529437173,28381.370878546026,17233.359442588404,14930.728164366563,30438.06835994332
17511.44957395073,15449.511499883396,18373.360419151242,24269.655483263065,31464.143354104595,30870.156219318924,17038.51454111619,14708.054628591835,30315.710886887384
17488.555971702044,15217.688514728914,18313.49533946781,24086.821362356313,33913.69445837424,32472.59885325523,16972.412253559727,14568.658009088964,30226.018794129894
17379.72006288325,14971.026821873289,18798.50327841968,23778.112575852694,34609.48464324686,32207.10345740783,16730.6172601022,14871.211624334828,29658.066322619205
17125.040067168648,14729.749730451484,19315.894124222585,23361.081125480876,34532.3417983707,31805.484284502083,16929.540477720322,16331.134286838815,29600.33521943516
16824.00260809021,14598.133591025375,19488.805680314923,22707.842531517774,34010.54185114907,31032.999148416406,18239.249084384704,17359.179430583714,28699.808119480993
16561.45205678668,14604.754830380294,19385.33447798889,22565.92869052865,33253.1455622622,30453.179682406037,19237.249640502712,17532.4712840441,28049.413500292736
16475.08609873851,14547.894869801152,19250.258682797023,22258.643863546993,32490.616312904,29742.891443828034,19491.921609153134,17112.321608548915,28789.626752856355
16343.750655012687,14501.928197260624,18970.73941764677,22034.59512130582,31564.14262851773,29181.80795481545,18904.936461549245,16664.30793859098,31384.828376218313
16321.309742973865,14575.054008301353,18676.864722530863,21928.47383443917,31069.142473860647,28589.224100072308,18341.170080067066,16084.942583563225,32535.75326825219
16365.829109180184,14611.647016791714,18474.058048625717,21901.336667359996,30962.276057865565,28411.00124896355,17635.52762147074,15604.477540570693,32037.017063051393
16385.69913272525,14617.041358052536,18245.98547053341,21854.328276447544,30760.59039661545,28452.26347157199,17281.603656217714,15196.281255398277,31325.586251189758
16379.73082971806,15100.682643427743,18234.72409525027,21754.12892851721,30578.832385727284,28034.16537751235,16846.27861270331,15134.420182722599,30427.26592813647
16366.527026755848,15655.105757448855,18200.625458426635,22222.543104892735,30593.68111453394,28266.821049771996,16384.95485010672,14847.136779959947,29667.447587134375
16603.42490185272,15755.704526560356,18203.607452401993,23844.72012572419,30572.39538155623,28698.033004950994,16226.946288135327,14740.788690138019,28919.508088152987
17249.351989178645,15644.63437796771,18191.19459313825,24617.267999272444,31514.744622515947,31351.113827164052,15938.9443583652,14852.833373761317,28395.04943513808
17492.244166633172,15571.574251445141,18190.49491159564,24548.051800144814,33909.75269664506,32718.59493883457,15980.108122749754,15832.267976769224,27677.358982862475
17524.341892745826,15259.92399649759,18268.267606991576,24089.779584942007,34451.87031547846,32834.14371333005,15571.979233971944,17714.26982283879,27219.13768615466
17349.732481729938,15044.41094410772,18830.987987431043,23832.208617162847,34308.272156753024,32013.07239426322,16053.754643386714,18292.572118302982,27033.031382600537
17127.37229210336,14813.919791001266,19342.843210109488,23203.217527835564,33736.8084535525,31343.254982680424,17261.799979421117,18095.766176509125,27232.435933821245
16825.958193347687,14719.071090146681,19312.716626101126,22742.35755835849,33201.26229280794,30609.908061795577,18182.010609585108,17698.20377393537,29570.335556776583
16649.497473316973,14593.261122294243,19185.96953582128,22432.557610001866,32248.461856637678,29762.749228375156,18046.05521029362,16990.219385438882,31287.538843994935
16465.32186441415,14571.9381058865,19000.17425740901,22340.29245250309,31736.058849560388,29187.62525653426,17596.2961342762,16345.990760678289,32030.771730264227
16328.636931523282,14536.335075361652,18688.532039423517,22218.87970652103,31039.379486984784,28820.21106446165,17195.359249009714,15779.835689623607,31092.637603700758
16317.802200541431,14531.896088371397,18548.441946511215,22035.511170536513,30771.365575547206,28628.278713217034,16571.199888863244,15394.40807192279,30520.680012066558
16369.795740996247,14533.245492335116,18430.825297051,22129.16160112268,30632.26502824686,28456.61239674799,16398.1916720889,15154.598652374918,29187.520569451182
16454.293200787455,14515.469519363605,18444.525776802322,21899.747333845087,30701.588383238653,28096.676796213484,16039.057662393636,14981.886763770686,28810.789235383672
16438.531946671053,14821.689183536779,18442.350914396797,21880.619402245644,30466.547692604214,27698.66035644855,15808.749040275106,14903.702361068208,28206.355902792333
16395.093325469188,15535.8632286604,18424.312583085823,22919.194820579483,30401.056600869677,28037.137791569814,15817.947650270728,14805.84599876457,28043.947607172853
16500.343113676452,15788.636079233616,18312.9537910504,24417.7975335339,31611.539935781166,29783.46185873069,15766.952533734559,16711.530820427874,27785.04057143748
17083.758343205995,15759.254245247032,18298.47306350006,24614.8017204128,33689.08981122922,31255.727152628268,15588.571854612635,17928.04590861999,27209.102614760333
17520.808460227418,15588.568494680654,18278.746886307028,24395.956113574877,34381.63099289725,31677.683324720863,15678.938636458926,18123.079734539057,26736.76842800584
17582.617283950625,15429.097269969443,18593.035795754633,24067.830607113596,33952.95106493158,31143.280764263836,16613.064881813854,17594.965116634063,27332.687032735244
17433.427367254553,15112.151817342481,19356.476003769618,23670.75703642295,33377.931506400855,30539.11724209906,17845.067746519548,17070.16942846633,30197.628844036
17224.779271359166,14883.94782966992,19474.647984349096,23093.114631591863,32676.216950325408,29542.399003914517,18557.7439038199,16157.477361466288,31833.495142161875
17005.302062773324,14789.747398313166,19463.44094977952,22630.497890593866,31909.080692849355,28393.839568332223,18667.514040207883,15429.344078259652,31378.198918132948
16648.061007720178,14684.494361991354,19301.751363766867,22433.995893137,31085.786312417622,27891.872749045324,18338.266724234614,14820.142426811763,30539.928653260897
16528.453163683538,14598.047592908933,19081.383866177235,22291.658613156396,30720.46711531758,27579.146803569245,17870.950741164568,14310.43348523988,30102.548379501528
16449.900714393312,14571.840239759196,18738.259489669006,22229.142309113,30432.64494825669,27147.254812956766,17171.145483500848,13982.665973200723,29371.897318393378
16381.6973520237,14564.419210893877,18564.172146159966,22159.635717341982,30328.485795538072,26552.172564203007,16698.518196145433,13445.751746021706,28532.30280381124
16372.562175702269,14542.171234331845,18444.890144783283,22080.596319590026,29875.83676555595,26540.128013096404,16531.168467943553,13238.864679754699,27690.30362664239
16343.802751867854,14553.41597269482,18412.03068637912,22149.670533580404,29817.87206170189,26089.43859900647,16663.225886786575,13882.296289237169,27305.817461868202
16388.40098239151,14654.703105356704,18375.860230856673,22292.914033059576,29682.8733565951,25927.24144139279,16986.791383048625,15396.885945341251,26897.778584201053
16375.07592126659,15399.166923536928,18310.4832303022,23653.586376886913,30586.557699499797,26912.117883811283,17120.92045483952,16077.978215373,26784.884049607863
16390.385740234393,15771.015102671237,18270.98230698498,24666.481867300274,33006.47498553397,28794.86649251068,17063.053834092672,15790.345622335684,27061.942019279093
16845.391388999513,15724.215065993692,18315.708032589857,24593.575966942328,33442.69284626558,29877.108924367538,17583.534059587557,15117.571994279304,29166.59384015877
17374.46502782299,15629.761139664206,18342.101508122276,24384.088220273457,33237.22071242731,29639.268999897595,19098.304119237328,14480.447533913883,31143.046452670023
17440.286406909734,15438.609628074817,19185.49091936258,23999.290612485845,32615.686753287227,29289.502462822587,20144.689902894926,13685.86788293962,31802.630216122314
17401.452768259827,15191.011235955057,19625.938692029536,23341.055105739586,31627.79276425149,28209.47517342875,20012.397387536585,12816.539977405731,31094.091950121066
17204.79932868621,14867.451890642324,19678.0671705503,23021.610465830287,30830.46333144418,27356.77459930221,19465.60584639544,12283.140448017817,30531.271334947745
16949.087287976916,14723.240422553135,19519.393315120848,22550.847756636864,30002.71094641713,26309.064507027248,19066.62440553223,11954.148917736004,29466.504612819685
16661.19669345872,14590.230964047938,19356.47600376963,22257.103316531397,29630.334504341154,26134.6957707689,18440.37046485675,11829.481926116085,28399.264833269306
16436.36200653788,14526.213938806408,18959.299018357462,22146.187710078848,29360.866869885154,26481.497893510154,18201.060863908926,11477.93687663115,27576.346386648518
16329.330155237758,14530.887873731248,18796.71448696959,22094.670958402727,29158.480349994854,26194.55495706614,17972.99910804924,11491.741240844003,27179.883493878508
16236.951698799792,14501.653129830405,18588.05082966711,22037.519520441125,29006.787054671113,26584.176572682336,17871.404491325404,12448.327325995908,27297.538045696238
16277.294837538808,14535.757814757806,18487.56932279848,21953.868108266783,28733.4398353176,26466.792572368315,17855.446757630358,13875.895471404538,27201.90120585698
16274.778391724121,14486.135297384388,18513.743163834806,21846.229423443026,28681.812818997976,26382.240749492717,17521.298819087377,14560.120581952084,26704.44530122038
16297.210008401744,14550.313458512137,18431.843337590482,22565.995623742583,29430.365574580013,27804.428075062155,17502.953431730857,14569.250808188099,27386.535593846493
16220.326186738028,15141.15330909739,18457.01291926385,23869.076695208052,31342.948493932083,29513.080364534733,17746.95516178994,14075.264530294335,29726.2709107997
16213.341546674877,15690.105712000295,18469.42286290785,24508.893770089664,32470.806169232303,30447.432570574816,19187.4298086237,13469.632476575724,30524.316618097197
16539.652871377737,15671.713696649773,18469.66666902758,24357.549049384623,32021.613282484584,30037.094414442512,20582.391010720734,12966.461940815963,30688.78973867414
17194.029850746272,15651.532022797366,18692.995332731087,23924.20648544682,31563.264744766646,29676.401439254063,20874.813631652632,12575.917127616238,30297.16938630415
17395.106520425652,15450.643776824034,19429.235285473365,23454.068978201474,30712.21004661252,29077.307547332694,20443.78082886185,12407.322783978689,29469.00328074954
17296.2847005645,15241.82485950705,19800.137574225093,22958.919513019275,29954.412200890198,28370.580246886602,20273.2453354839,12349.641245162984,28557.64890498785
17153.64244215403,14883.516104558932,19779.725881288497,22559.995188515873,29306.728862961747,27715.500479916824,19363.62881544066,12463.709572237447,27640.38183617159
16942.416542943425,14755.122638547222,19483.50240526018,22157.86233706966,28944.088325635166,27438.216933577023,18966.863484606423,12519.977250719337,26707.76330515416
16615.064180712267,14591.70825480788,19375.110634289947,21873.39720673056,28535.555904819805,27352.282882925603,18497.64929194976,12689.326687187477,26937.739615162176
16488.50352681619,14488.279426546975,19059.970340004245,21913.398219096565,28559.544629020224,27066.065582527022,18434.44292636006,14184.898481900884,26461.974293783675
16344.525461136911,14465.11332169628,18790.769992418718,21778.50418248438,28364.896794069602,26723.317903819978,18294.88866580952,15443.048076968716,26207.129502949923
16327.074841714522,14353.01368934253,18679.42340239144,21743.736114366213,28305.457156104887,26636.603048513127,18167.420676643982,15435.016775819739,26362.00821525277
16309.942118029983,14382.874665684132,18625.22285123029,21710.035409552263,28020.90311162205,26767.932582991176,17909.863147275515,15157.563461515147,27361.12879284589
16369.794675543904,14350.146105235608,18564.600989153234,21685.804256581923,29130.375066066234,28056.294827472622,17960.743360567107,14784.519627321664,29289.140478132384
16346.210437051668,14331.435176268496,18571.38471795752,22659.168446653086,31479.407523821334,30460.425497014796,18437.614035010803,14181.092179058553,30685.557138508942
16354.918091389849,14650.042234882067,18541.63240511198,23800.173611761937,32447.68314027595,31665.89929521642,20534.298018736154,13732.94795043501,30586.648818997957
16437.241447153596,15269.55416102704,18600.698154661884,24187.995110203043,32537.532253687466,31606.501875463335,21332.437140150912,13319.90474260651,30036.07701840985
16693.085310616527,15518.503637803406,18564.3555988539,23830.293620059383,31736.06324053592,30809.24745250892,21196.765587321395,13115.571037756938,29561.472922239598
17264.61106766681,15475.9578165313,19203.36138729447,23463.8050201959,31127.056025762104,30107.449246865704,20913.007474425347,12974.252832597711,28955.41281012376
17507.91224494577,15362.464033096034,19709.586745880337,23059.922932713016,30106.85497748598,29181.868160574173,20090.156917406708,12815.566259617266,28274.434490890242
17417.196220147613,15149.151190899309,19832.207735462405,22575.44633728602,29467.72222904708,28626.75165570335,19211.347904249997,12721.29193068149,28438.373233231898
17244.233732749934,14890.203929419615,19634.324621389296,22177.652272988667,29075.519599807227,28024.555569509095,18898.79241467514,13290.29249883418,28185.630380656643
17077.876030586525,14674.975473911696,19565.908818614647,22019.633428508034,29002.924686504542,27919.302338731555,18734.256944569865,15086.007476066094,27964.55499737893
16781.383153064577,14529.303012750668,19246.80736414201,21818.586821170415,28667.153984337565,27674.39107037632,18349.259030580928,15757.658445065248,27996.083736454268
16551.59889470403,14462.415372361613,19022.74143526003,21615.685291349844,28641.613886686013,27384.318471121253,18271.054989582975,15666.702842499166,28311.070904732318
16454.519564785136,14369.857913374202,18803.885128043054,21672.944687405376,28243.832496395076,27210.132747071526,18015.808184706264,15244.024025919065,29805.706426305213
16360.380779885805,14323.776981657269,18698.507032726262,21828.48246916724,28473.41785298134,27180.71287937752,17888.438903728886,14700.504729415083,32579.8171777296
16352.804558758802,14316.599485949291,18633.23552150497,21904.688503532438,29974.801285303565,28047.968262368162,18094.785204493284,14145.276438461271,33587.809193665584
16359.532867095506,14273.131687008065,18598.098073787878,22559.17473174401,32207.310035061982,30603.554269028074,19299.434934285564,13619.74505970443,33535.68899721152
16345.119421511448,14266.404271020527,18540.519279616434,23896.437881529797,32920.70502919364,31900.43610648706,21078.308825179225,13444.355131963614,31927.40025452115
16314.836263180005,14361.451666532077,18585.334551462693,24431.38184811898,32462.792739522305,31459.49282615951,21010.508412956595,13222.39360607643,30659.730353196537
16239.011187819313,15028.700143414459,18538.730288368326,24385.115507599214,32166.141480005506,31492.781693573743,20525.346487185605,13134.23499164508,30040.736512035663
16465.882293597657,15441.029977895669,18702.313283296062,23947.554599272484,31398.970512772725,30243.13137490643,20096.883465312334,13142.452641817496,29868.310374668363
17119.491166390868,15523.559569353967,19287.625537114574,23470.16007422647,30544.890315023727,29125.333855873258,19591.22040595274,13143.216914570254,30026.011791240646
17410.86189239457,15389.468658345268,19731.066233986814,22903.78600084545,29791.99018545507,28440.055847633055,18938.322717052703,14361.44559286512,30554.516036941503
17450.6288770782,15218.44308292396,19705.508148946556,22558.275307218046,29521.12357005321,27723.313949348645,18685.201231905543,15964.376972600352,30287.3831834207
17333.32797812575,14946.858305201884,19595.865971577332,22129.218428668537,29395.631356052727,27422.18409549882,18272.91468315157,16303.681048633356,30158.808535830387
17144.313701723026,14773.683160151964,19361.031048492616,22073.92762016642,29312.594887963784,27017.35665496517,18083.180804753585,15939.127710172394,30807.11540412421
16879.378463442332,14667.579686233777,19090.724250441817,21990.874737635382,29219.0691770479,26904.964152718305,17947.82232746054,15656.790883682164,33133.31888240641
16581.54689632031,14531.242251345893,18891.39014672817,21835.933291355344,29075.28786327313,26653.778941865956,17594.14407056357,14946.805973636461,34132.915269497855
16442.953020134224,14509.452501985957,18720.03507382475,21856.584962643232,29060.959903226958,26742.279868370737,17718.01059956578,14339.25853930889,33856.90844023565
16311.287494145748,14514.890932599266,18556.709691920398,21867.674362616435,30612.521879929587,27208.958326645403,18156.486218867634,13973.323353223099,33527.76238311175
16274.882446126841,14461.489588988272,18525.589605174748,21867.758790332962,32974.791446426825,29100.684922856257,19637.101326797605,13781.062040567485,32546.047535714046
16243.700929393819,14429.4206022601,18600.318366516454,23122.29104872221,33435.104387331434,30854.462211666294,20659.42749259072,13534.989136099566,31688.96438936361
16240.018683276865,14415.741652324083,18535.79018013733,24439.90861459951,32982.74014670975,30804.03168185442,20414.312366506165,13463.013881830604,30870.28717458048
16236.614201815799,14445.260363118494,18465.410934744265,24655.603857253594,32595.725982211614,30163.064290169856,19977.229606760928,13462.55827084589,30035.8653793263
16198.221155250969,15119.417637112514,18456.591365219403,24325.956604282565,31701.82579184623,29695.447619438444,19350.86312459869,13646.837775917349,29976.799250335018
16317.507541263134,15566.501012404482,18710.118226415398,23997.554004900237,31159.158930980786,28931.735917958802,18609.789780908955,15364.203533366577,29643.02469005541
16844.255162589936,15649.150326797388,19426.926559913452,23507.767888474176,30428.3499792651,28045.041414083295,18167.879071010666,16223.50148229181,29346.189770972625
17346.37548979847,15529.538127888116,19772.156751841616,22898.592458431554,30044.797627060307,27688.778231294742,17742.157557865074,16275.065115976431,29440.429821121328
17380.332982343705,15359.231109502554,19555.06722214593,22513.74498111482,29914.990925823342,27460.64413593094,17747.20411851775,16109.528810661335,31875.844455985265
17251.83302523372,15112.862027559755,19486.688535806134,22240.685412590923,29788.079041408524,27500.284521403606,17507.817844633886,15534.146504029693,33766.46649445784
17054.595260550752,14847.282128127767,19273.837642362607,22141.278509636482,29542.90559674343,27097.79277556787,17323.700759248735,14828.691152214578,33758.51280985502
16807.303664531937,14625.072505011212,18923.48358131623,22213.76401847135,29782.813006491626,27004.756788588405,17082.57815920462,14409.067039929072,33437.97778347382
16509.935186105948,14500.14253448238,18716.421111162403,22025.773038677893,29807.74693615832,27024.001687105985,17077.792369954408,13898.215794456504,32417.28083117059
16298.614437765396,14505.255255255259,18536.499507328575,21969.013763931514,31676.733643001804,27459.664864706632,17738.091327478454,13732.103469082056,31586.018641694573
16291.992891858137,14437.193900438193,18528.901154137457,21913.58819989556,33527.82505816586,29486.020334059554,19092.243061225916,13680.023344323512,30769.838425146456
16238.141550835267,14353.107586763615,18581.46801536758,22394.530194856274,33757.980325472825,30661.597439382895,19735.954118328948,13463.4026081485,30292.508786963237
16225.065170430096,14441.267894935048,18658.738248952308,23911.261963656667,33215.207854454755,31059.63642769779,19471.335667398973,13482.641748982298,29523.510915838826
16251.787067837999,14358.6777333598,18678.80917380756,24655.27631176344,32851.47588431663,30550.699756806494,19022.296514985872,13934.65238107248,29306.76416023227
16179.11505139356,14442.104046759876,18681.36558870336,24644.192444333792,32028.661329553433,30152.28175565314,18326.01375719125,15252.336492806371,28975.498282625667
16182.953437708731,15068.600479597979,18693.797109720217,24202.73066889075,31108.76250467172,30151.768271079913,17778.269598318024,16191.14101416244,28959.065347461234
16189.452147988071,15616.052203169635,19214.29834801374,23844.507258452737,30802.409893777243,29648.193757800538,17547.933188031704,16133.377743167974,30326.546491455818
16675.7272293753,15725.839329042854,19701.991564347114,23254.81417898678,30477.00632355088,29459.616048877266,17437.236409241774,15694.108578230724,33065.42045402172
17201.77560598287,15653.100598243202,19734.424066581076,22720.150953367847,30458.434389235656,28823.22489303433,17434.986438413933,15312.907987516337,33822.32750488672
17321.860287554664,15517.432078030168,19601.248339667665,22342.954568436024,29999.755356685055,28657.322538980676,17301.85478031176,14387.59422400329,32550.705522609533
17175.24989416756,15254.647683998503,19431.9560872326,22168.68300097429,30168.450248647874,28126.257615165327,16967.72812265575,14093.778137341422,32324.412331721527
17052.990504035555,14968.472165551218,19193.721069378487,22049.283925370873,30045.434189720407,28042.762521485463,16660.537487931528,13754.583577544328,31693.534440234624
16817.859526192857,14792.192670548555,18921.97665190273,22082.126900165422,30095.503362301963,27757.026615041585,16816.976873557713,13632.153898411892,30436.349383170185
16544.36841272071,14653.045609189532,18671.428845906903,21976.249034989305,32101.85259305619,27649.63013702885,17947.009304134197,13559.82112054606,29661.673632764036
16223.713422403243,14594.198270457531,18616.671149195612,21891.15100011254,33858.62797885541,29890.94603230976,19168.47402034985,13463.735170622811,29150.917454208608
16134.724760853322,14521.79313436824,18553.099157904882,21960.766222925176,34009.115068711435,32275.797360020486,19529.985263515162,13548.83977086315,28999.114026169933
16094.320259879458,14456.12461860368,18533.44274963942,22966.81305045053,33537.03518839027,32426.362462208963,19134.24688114594,14597.100561922096,28824.013657871274
16053.243012485127,14484.043637726509,18490.03394655958,24331.192944478888,33022.00546045638,32109.43892980395,18807.15083935759,16547.416537715406,28459.012807117266
16049.54230542138,14455.349286249055,18477.894911857307,24586.762312508607,31990.025366069647,31418.576145845887,17936.9618111488,16402.428358491205,28250.603041657436
16069.531772079674,14402.404086239932,18500.277015308933,24348.894513917716,31351.36480194297,30612.847510571868,17476.240681089283,16146.423474165667,30256.954124584776
16102.409309502358,14826.443945976374,18774.676292958906,24024.40917322541,30763.162741362597,29850.465278936725,16862.5604114648,15922.944856846309,32129.40293783058
16004.184157515789,15534.217540196616,19600.622496572883,23622.916222007047,30250.565700619292,29467.967112036265,16582.49247971623,15055.559605837549,32835.81005253879
16272.003512860789,15774.306319520849,19859.061269002705,23016.444011017422,30246.200345021232,28757.12866727627,16300.030088244352,14749.3144964514,32367.82083074213
16887.846159409433,15640.254605756778,19755.81625699299,22563.572437277886,30057.277232406064,28624.737387832858,16179.31928583547,14423.419095177796,31582.766479800506
17056.830619487253,15519.686353019679,19596.49538905959,22310.708898944195,29899.60510638463,28507.97919255003,15903.222916635626,14383.922882647734,30537.18061468222
17080.313985545916,15265.562714197851,19387.57170597968,22069.717167087478,30032.21984082531,28356.38318752,15880.807691646807,14169.41613078157,29478.726428828595
16911.914487653,14963.873140133644,19182.457334427774,22070.370005086854,29877.51852402999,28029.75277750138,16818.30221937158,13915.9285958171,29041.167451295332
16758.781802059868,14780.399903075882,18822.00250524312,22031.253418236807,31684.196000305397,28367.76048273927,18278.391377261356,13573.253069913184,28525.326767012655
16388.400982391508,14633.30721307203,18701.629930142495,21953.530953015368,33273.72069512033,30528.124060322523,18782.923938122825,13660.274877552834,28566.46222017172
16277.175921687514,14550.127936215342,18662.14120079271,21927.212504883453,33894.05859548053,32519.784453019638,18472.900002240596,15194.615686664267,27829.60445120623
16132.148973210786,14483.12068795762,18523.79321909498,22023.881704174855,33133.139551014436,33422.21907832602,17869.41884237231,16232.224755112911,27922.108608976014
16051.010632121777,14464.250509905538,18576.438298529454,23421.70354802783,32467.43708802975,32253.75910452307,17417.357675776355,16204.142748822342,28257.411603751454
15950.837354373154,14412.368038586239,18483.799818241812,24289.237263353312,31622.260162596547,31748.896228759564,16811.972892097423,15933.448073286945,31188.89397060455
16036.630102391939,14403.872592999078,18519.726441069368,24284.17657609756,31212.340779993647,30899.698392519058,16466.597919312295,15274.999214073432,32736.514456882993
16000.225639041988,14384.286921851812,18466.18014344119,24025.357079591507,30501.32521151568,30020.94787658308,16205.851996875745,14467.05768487401,32599.134488322583
15992.474886029817,14596.118423708289,19130.723642458317,23674.668037132178,30108.769322654887,29681.169513917936,15967.343679257545,14016.696428367053,32298.93050945682
16031.899568515382,15323.20171595351,19702.715418086365,23052.886676800605,30039.40478454541,28589.42618095669,15738.581766192281,13735.446284718619,31171.46016811327
16155.530405580319,15577.385793628591,19860.506132695646,22620.929402546164,29844.733473589346,28591.615471205016,15673.660475530989,13372.82383596708,29997.544391292045
16728.565823933768,15624.09193120275,19747.47418325336,22121.045272370153,29598.40392481952,28163.51210117014,15570.150236075478,13020.06625609056,29295.660187040517
17089.255988686367,15483.875632474848,19500.784538267588,22053.64913505853,29668.200009983477,27882.575210717165,16085.054012374785,12876.08823351979,28464.61176285262
17087.72209179416,15306.280193236718,19213.919435534495,21822.56931695706,29896.271762274508,27393.94318475941,17967.50477188689,12750.538972458706,28700.45985777174
17042.079894434704,14994.582204723472,18995.859518420417,21749.93858866943,31625.341115316078,27394.400596263902,18821.529124986475,13650.829553503514,28274.363995247368
16897.74132203592,14764.88018975157,18735.5351243262,21745.047127395188,33354.60786569542,29244.391532060356,18705.15438996774,15343.902025776788,27797.912145872728
16640.695646223157,14589.5351365644,18590.127913748052,21633.359272716232,33614.89267069657,31463.584139484294,18314.420386329984,15784.825659656604,27857.75022239186
16475.851937095504,14474.141973870084,18492.912618740495,21742.300197809876,33222.57200352587,32181.086427459482,17933.636844037093,15587.202464659185,29087.408370822486
16282.68717987764,14402.713569619353,18495.810597653588,22171.32665015201,32420.399236658734,31576.814051262332,17435.024721281377,14893.18792951294,31140.675723288303
16217.661927354035,14291.490182995065,18495.954157899647,23427.401106955094,31481.98328331321,30850.945044743534,17188.760323666065,14344.770565182269,32123.582453720803
16197.498149961631,14287.183748863124,18485.86832968874,24046.036484523003,30886.22638702959,30175.78440069493,16746.324140064018,13595.142843096673,32030.478867889164
16113.973697944788,14301.709381540819,18466.400566162592,23996.859777545345,30586.491328321652,29179.459908469085,16575.074553222836,13154.355549401598,30997.40449233578
16113.88373888145,14216.777962462795,18681.80656195699,23652.201154945786,30356.995388066476,28497.989615833736,16484.330977417478,12710.12996451353,30419.867236656144
16079.816607225144,14296.869400312024,19413.726079686025,23187.358063829226,30592.925640304224,27846.0938781064,16219.038904422214,12318.561811518339,29293.734654883778
16075.528472309805,14754.678646432021,19715.996396969207,22654.51720593112,30469.185399161874,27608.254338614093,16246.042395318647,12189.865099820918,28791.639937607284
16155.639471221888,15304.294364404059,19739.556218728976,22196.106109645043,30342.94766743145,27332.32492678217,16455.78996983145,11915.026474204344,28484.81524446641
16757.31381005943,15466.648653638733,19570.25898078531,22133.842753349265,30078.340321284537,27098.615374455796,17675.332643733153,11927.521196518192,28168.345300093886
17240.034787514545,15348.997273116429,19421.224040874644,21815.728866135367,30245.29538224406,26940.31365966978,19150.628763899153,13041.215457051383,27722.612035604376
17321.646848651253,15201.658525273615,18979.490592909217,21705.34467707842,32228.779759368867,26810.126520096732,19633.81302173977,14413.341599446843,27522.442148852424
17159.514325913497,14970.949542814986,18829.32588780826,21621.738943503053,33674.1979525386,27858.41222691594,19069.109098247216,14573.025016615196,28160.11506832762
16934.584056314485,14779.261633428298,18669.757685096753,21567.809204957895,33842.88582180015,30235.458817475374,18853.405426342462,14379.39145908098,29847.267255366845
16677.495120838706,14518.90881073795,18514.635433811764,21487.430782506497,33537.56338544954,31117.026491166565,18273.08925383207,13900.239017926076,31678.573402513244
16478.80190110598,14322.153702412152,18481.320340041777,21403.916250844006,32830.39528149413,31242.22741534823,17721.57956237368,13011.21650098896,32069.860207476388
16329.208404832214,14303.282128501356,18519.762859393777,22502.98928599051,32144.622949287885,30160.29027011485,17301.878900051757,12555.560820617575,31843.36175489841
16307.779033451692,14242.622725438825,18461.310800555584,23705.798840835254,31384.118298865433,29141.27189485277,17204.08149413219,12121.068272004999,31070.161953046838
16200.807805390978,14234.2313740065,18487.012928923243,24254.927700303095,30506.23268928326,28310.301617540154,17334.87046312812,11875.089905664358,30449.492619921377
16120.586078294586,14169.173984981566,18483.932417620643,24110.104327259916,30290.61171623056,28401.97484154162,17145.581854403907,11503.774327772826,29856.78167239966
16174.212508130287,14099.271471098047,18750.04412694292,23717.527360543216,30350.391197386623,27853.113714484614,17070.650984697844,11392.761013587226,30055.981065900698
16164.365564741323,14113.162712889103,19452.38700011248,23171.925812936395,30177.493607382312,27953.73589232228,17085.3013025912,11249.461592026588,29536.650910819757
16158.420982815684,14408.587078304683,19665.193502765935,22723.849916982374,29966.364999930753,28032.42150255935,17251.46568542076,11651.681532665463,27908.627096239332
16155.463885699774,15052.470465964694,19600.11989476739,22235.585428465907,29850.99492125463,27686.30721522814,18729.67364026099,12993.399613398402,27314.956102431992
16679.52216914607,15309.789478931869,19382.783798182496,21967.490471401186,30338.336475747208,26971.060136984277,19859.27328715051,13953.128929096118,27422.634894513998
17212.85278047315,15327.213916759854,19174.845803191783,21858.120915759133,32704.865447745797,26634.802779817135,20341.799991865897,13801.44425557295,28888.905643061757
17361.45102518083,15274.645127530923,18871.398440201207,21777.2035769843,34007.55862637448,27793.414409987476,20022.192174386335,13657.905490967722,32039.354351078753
17278.89310550634,15103.351110287178,18685.306930953688,21712.54846241882,34085.48267017891,30295.5637083583,18878.55277091325,13020.445084187199,33293.477601165134
17100.78038172266,14861.012277256516,18574.066173844418,21665.63746569908,33802.95366284458,31268.713116819054,18163.763961244185,12481.519757712282,33348.52213403162
16816.581909244553,14636.991325953208,18454.783746543373,21469.465648854963,33145.788469385014,31164.961127757488,17962.43158568777,12107.645169061689,32196.889842709887
16504.62542810561,14526.111756865786,18419.756025803137,22141.783058959685,32172.38436593276,30881.44432497123,17972.270074372234,11869.179123946164,31108.870421622614
16320.066274676203,14435.643564356436,18401.019714524708,23745.396591392044,31256.320720514443,30229.033486021402,17959.640781531016,11492.974509532367,30439.6436753288
16248.892727234559,14342.316510281249,18348.315250668864,24356.459987066817,30794.312443173738,29335.48129143159,17821.3896772624,11428.4239504789,29228.403926045386
16123.72341268031,14309.964736471322,18304.078569512785,24330.323558983975,30451.41895867576,28733.733866379494,17738.186114501248,11212.526118510188,28817.760946926006
16129.250339693726,14227.747906907474,18415.45863041831,23952.84176849492,30215.988151994723,28341.986733956757,17653.214311930104,10992.453896708754,28672.14079178655
16139.777853921263,14175.684487744704,18928.655081086326,23554.50444703563,30214.443213234383,27911.241537985443,17823.386905608168,11686.398275363856,28317.364556090426
16135.134355930317,14117.670532485354,19403.2529115494,22820.312297682878,30149.937024639738,27570.411294912003,18567.360420574067,13063.677851576478,27980.817621229602
16084.63671277125,14393.662873260124,19587.176024046043,22535.570818985296,30110.295211823934,27578.67168760141,19874.72350445234,13592.144650315113,27870.35930213536
16127.231230797861,15056.088237137306,19430.886058329932,22200.411486442852,30472.108112050755,27573.80693489369,20338.84261142189,13620.459843370758,30447.27409585703
16507.266884132063,15393.76533815745,19249.185720207344,21949.50789744659,32832.326416250755,27541.03945362536,19733.093430149493,13106.746526275048,32296.530672525034
17206.559737966447,15448.425228642613,18977.926486097655,21926.949302396093,34243.20996740575,28250.470202231525,19319.19788045602,12728.468993333696,33376.09140844157
17337.915614641668,15354.777447722172,18809.73928001619,21842.54539811167,34007.99659167466,31177.838947546486,18689.159090312547,12171.26854193863,32288.677975963205
17345.48192252164,15108.342810474327,18682.951561367907,21844.2415462107,33583.81199447816,32254.045011700982,18192.276660812073,11762.055623272565,31280.07297275435
17157.339973026246,14889.006774280258,18468.68824762395,21806.714844926235,32769.141907843674,32315.510002038867,17767.704481201683,11506.957025980304,30332.177409475713
17147.476271914114,14676.975533041796,18440.257645706155,21867.975059479948,31850.755062953103,31451.34200154178,17734.24326407748,11251.997142834836,29663.048584774253
17116.923698122664,14471.406338148281,18424.332691726635,23000.77948702826,31234.19178506856,30911.21060495753,17438.665463859874,11149.512285258123,28943.48473682285
17085.58835480332,14348.353848893543,18384.671173009086,24314.580252031323,30729.872502058824,30021.0833742811,17252.019552932885,11139.441257147102,28729.480185005425
16948.7933148508,14286.100164343672,18407.3751862014,24515.346019901765,30463.537429783697,29821.467438890613,17117.049040019898,10922.188499570282,28269.52785655954
16823.020635827244,14237.524283840034,18466.249215214426,24171.29571954761,30227.444352490995,29153.736062990312,16772.26378864258,11668.11493194414,28050.165041728615
16292.656343006036,14204.402850841056,18852.992335085222,23814.54017751535,30257.94588915157,28805.448596597344,17207.54037835871,12737.128900192249,27586.598361219934
15739.935756531213,14216.24371809472,19516.626208368652,23374.182586318864,30137.219924675792,28351.763490306552,18842.1014011391,13224.622854787674,29021.67730101778
15816.213915972721,14154.462384729883,19851.856222246282,22813.656361728765,29981.089066214,28441.50356874048,19703.160077697,12936.689619612289,31401.01363273757
16252.485814667112,14277.707981471856,19810.23959327471,22373.7826403294,30736.52874104745,27939.225338128843,19543.40123699871,12672.484434991708,32304.640193976797
16664.64813713563,15008.08537003753,19604.208110746033,22140.8479781995,33145.32213333598,27796.159732104243,19168.62767895652,12197.033201716979,32415.96493589609
16824.837658170993,15456.844356772828,19461.91998608498,21930.85565904755,34129.170756621745,28622.853241567645,18645.21904479651,11935.657706791997,31707.642073988827
17174.09655555077,15505.059397125104,19070.70707070708,22023.315277733254,33939.964014038094,31253.981260109817,18071.11742958379,11722.914856815227,30497.21738391523
17719.608444326645,15418.470881561216,18853.211444616307,21902.703948997645,33463.96447729781,32848.70190089448,17811.800375921157,11975.759133626543,29093.467556022348
18109.541122526396,15227.409227409235,18682.329322398284,21759.589384823237,32804.05541441463,32622.667726842094,17257.691891609757,11816.179784237353,28334.47627020925
17715.070222316604,15020.802240794035,18582.232861833214,21758.18112370521,31884.972745117542,32035.538809817648,17110.540041607546,11381.658982076038,28090.806824252802
17229.001331844636,14742.840856247065,18605.277579555397,22152.774157202257,31207.83935215135,31459.062017054952,17047.638221952133,11561.668701057548,27796.365059833457
16425.05346890714,14627.109464378795,18543.342314479683,23738.533913226227,30736.371187508805,30332.953822041964,17069.750344014763,11505.39746525632,27166.821669335077
16088.78401877564,14454.73312976796,18568.392299488223,24484.78429285054,30327.129044826645,29558.54446147867,17005.424840734275,12764.383334131206,27117.218824494797
16433.304214913416,14324.083890038764,18637.864203818222,24409.68478627122,30134.78859965802,29135.859554373455,16861.433613800466,14012.607978407465,27260.285932938918
16419.584043701994,14327.770930398547,18577.119239496184,24068.752734064212,30133.32536584122,28383.254185212798,18253.659001676726,14337.1939758001,30332.608408809378
16107.333430017592,14328.817585155433,19253.859993026068,23658.81599800325,29807.877121597397,28385.578231358366,19688.311810845866,14248.748252330148,31860.15557388169
16015.477319686177,14225.806451612903,19893.29296628518,23087.085664979808,29717.86395241702,28189.694509303998,19925.094854907555,13797.220631238291,31894.750829017696
16104.525999042078,14217.326281000169,19973.324022079873,22519.79234223723,30392.444905817403,27619.024484857928,19841.885172655217,13109.880835364766,31541.51274684828
16161.840289114232,14262.135937386114,19856.654950127773,22146.463594116813,32506.08210562291,27723.939601560396,19300.664249374666,12902.24782328159,30714.75888840234
16196.479740921797,14744.14251650024,19632.314024466075,21933.53519634325,33659.31142906317,28262.009304462037,18812.522875050738,12627.617838659302,30150.259760714565
16116.269040512278,15315.498908954054,19448.558955972967,22006.80262999297,33312.266111097095,30314.21580191408,18410.448517190638,12309.10904408959,29133.20116600113
16437.701388097314,15480.590066665045,19111.408143593166,21946.570647466797,32969.284906210654,31883.114802759876,17881.94549179969,12109.328986521665,28475.36814369252
16928.265853459954,15410.357307170967,18891.708092128178,21805.350119899027,32107.452321995836,32148.22719335032,17615.006456263487,12126.897892989924,28053.754482592667
16992.821755911034,15258.282146886957,18831.613545682652,21864.99381589773,31549.97368884202,31588.740975296074,17482.04065770341,12038.226223616388,28007.937289111527
17030.393523639636,14990.4058506209,18703.2487491418,21991.53075006719,30906.374903169322,30799.445051691422,17340.99805206831,13137.115485449765,27712.658184101187
16841.183574879222,14743.520610987267,18648.094859993857,22994.154494386843,30482.070949939764,30277.70068486541,17337.311476194503,14818.309955621356,27479.464911014627
16641.71751783773,14528.094606060116,18626.380735235165,24181.741277769237,30188.037616437126,29233.419964323744,17271.12214418935,15416.31958903918,28861.53555538989
16341.053846967827,14360.178310221263,18703.356250731653,24427.473227801453,29736.511939041484,28792.307080044167,17918.444039912283,15144.495692660767,30982.391146373593
16096.054414477281,14306.138300304181,18720.917497760696,24237.022951573825,29682.209073817132,28171.306557501266,19277.715836467123,14876.87801486576,32150.243912382248
16009.419158935285,14251.184648285365,18948.61806714896,23607.568284913446,29516.40777395732,28160.880023344915,20274.921156498567,14455.109864112745,32019.825228667345
16017.273990487787,14203.933980749774,19705.832217405296,23123.920279779213,29567.95520143594,27905.396239391015,20276.59729317388,13949.325367479221,31383.383920240067
15892.50077447126,14154.698916603682,20065.93778705713,22690.921782153106,29744.295191169058,27725.98056715083,19877.72049107257,13506.04902137916,30490.884505548296
15888.956198516255,14137.675414351244,19975.694288747687,22295.17030602808,31873.85847195833,27586.968197211783,19357.126742332686,13313.45164506546,29500.7164819842
15914.510916543937,14113.975576687852,19815.449822026705,21975.320886493668,33251.088952873724,28005.559380845123,18869.071547403983,13175.699706642608,28774.820303571192
15929.150057399522,14356.909439066101,19698.15973256545,21802.99962179811,33075.55555555557,29869.9702591095,18355.896107069893,12992.759630624842,28316.14171197762
16074.586724979457,14989.753483988505,19371.591352753334,21775.188013842766,32678.388390985514,31306.185099595,18238.325571708912,12903.520447564246,28000.2370617567
16608.006814386667,15351.083527036964,19044.272979706377,21598.284425979222,32073.07500178407,31722.32361131414,18005.326550815702,13141.077134679419,28023.271417045933
17087.66598509573,15387.35521850515,18851.025611626028,21667.97321644686,30993.994339188008,31209.185281699654,17904.860450717708,14940.502193858889,27564.237606309507
17134.374203930485,15238.255362452677,18781.549363061516,21504.233716305476,30557.079894192953,30911.190760653117,17725.877474723613,16418.149818950515,27546.379054091965
17093.753550180292,15052.942513065214,18801.87599890907,21701.62849407307,30193.872679634107,29965.0689163798,17433.525795616293,16322.311016306641,29133.100754937586
16920.351682377164,14768.730359799849,18756.325666335324,23092.412787624788,29899.17432855107,29736.964662900813,17441.422866203095,15994.750803379935,31345.12518638272
16673.589890476207,14642.891859411035,18743.92284081309,23979.5249960663,29637.82604526601,29473.138102813893,18628.2930666404,15411.202246633344,32347.9938728065
16423.495197107557,14426.49837752429,18756.38502955785,24041.96974081778,29568.83080694284,28735.56395794607,20040.31921234959,14782.246487352844,31639.670525254885
16199.885900740599,14398.343326707913,18684.848599115874,23785.124966488875,29406.65506741435,28823.00047340899,20472.503990563575,14300.060613045578,30970.948776992765
16112.664952898944,14309.19080732887,19214.747917417288,23194.549614641062,29329.124017480935,28229.062723136543,20123.99802935538,14038.648376475763,30054.51444990802
16093.953870245332,14325.630775585814,19883.965021408447,22683.706019509107,30158.248842273213,28195.21248670909,19803.59430035438,13917.254879091382,29337.10897903097
16018.77991139812,14296.492683710076,20012.313942048306,22274.92312751113,32622.448435023944,28137.77915228461,19233.440014912518,13538.688818337108,28395.30846492892
16032.096444088507,14345.989859656629,19971.915821606468,22022.65841877383,33862.97495012311,27670.30658613581,18902.928920286293,13414.48611311173,28235.53414281823
15993.861578700504,14349.322831918198,19793.622551076594,21742.76423993411,33684.084280598625,29673.096183866455,18475.36447988716,13315.489675605386,27964.45206081449
15925.371027315554,14540.466392318249,19504.232219068028,21603.681647560305,33238.06200611941,31896.91311270825,18067.873163019893,14166.369273896158,27880.789048651
16010.22849398013,15134.322377128457,19210.248403120997,21557.72652485642,32480.852427786034,32319.72154647377,17835.574595500046,15745.768034376459,27703.164455158872
16431.10760170358,15466.64865363874,18996.917880354616,21437.20083383527,31709.147932324155,32041.405000906543,17719.944261634566,16401.031470972714,28175.12112372501
17066.899055918657,15529.306356872603,18829.9766832408,21475.422095521208,30841.509309907073,31050.153395966838,17309.96189715019,16182.983247565224,29797.16844599718
17274.54234791035,15363.660762211475,18773.53206476011,21331.62866665642,30685.542114003198,30260.32817729361,17362.479078820095,15695.34349692275,31775.97190520834
17175.73193941874,15190.123631416925,18765.32748204307,21883.441418490696,30334.572360573722,29484.42458030566,17776.125094695228,15058.693898117435,31997.44414030341
16972.30660957793,14929.160457323364,18762.13013007229,23287.832826857106,30154.2563553266,28994.208837217193,19501.047031161303,14476.771640828534,31382.96620705937
16768.897630771433,14702.530836404494,18709.044417545454,23883.037778650287,30046.64653248486,28615.65003273575,20027.904263690467,14023.26778966116,31011.834251712586
16465.925174735068,14529.993111222728,18787.09797064589,23707.12745820271,29768.4041830566,28400.38029203578,19877.150026579548,13617.730179513048,30395.131779694355
16272.231013764094,14378.446273746156,18698.628663434065,23375.878894890448,30109.106158950235,28013.654247506573,19549.418688327612,13394.022100941318,29402.56335018456
16138.612991094033,14296.80711657355,19416.421132199488,22896.08978191187,30835.43894792762,27728.591136079805,18871.753939959428,13303.310525647921,29195.211633612358
16099.41426809521,14297.389908919364,19873.075554056813,22436.069749635237,33110.26613924498,27620.269396910422,18475.901754623228,13080.651508591058,29175.704148647794
16106.000779417493,14214.626662614177,19893.206519868065,22119.472499963595,33955.29205491896,27439.280993758075,18034.95759172478,13029.695697045441,29307.768446897942
16103.84779666424,14249.67163123356,19787.1198898633,21986.041410285146,33744.884883166786,29841.091020253436,17629.451829286336,14628.191889212041,29666.55472442283
16079.41510367407,14211.97063071091,19619.57617407402,21959.569806571977,33478.55545397275,31880.536975055693,17198.743705180612,15521.552278160209,29774.193811286394
16106.55441346181,14247.862988886554,19209.259817887258,21842.398118193603,32817.925891067964,32507.477741569637,16896.19850464892,15941.179562980778,29309.901814159544
16036.435678991687,14847.073156084052,19023.613586238236,21890.324740247455,31818.360873204805,32113.9684380846,16792.962539343287,15563.428914637641,31062.269878195457
16304.35611640688,15428.814318159995,18827.356846574883,21792.024675518667,31321.014814108137,30964.71715256205,16890.44931070831,14975.905541904474,32407.901169042525
17043.427487469744,15563.862317063196,18717.532358488235,21613.801166000303,30766.8960513411,30120.00771149239,16718.608092392253,14288.244079346565,33114.18976569703
17348.68662764172,15428.29966583544,18606.523176414485,21785.444637751516,30463.714380153095,29173.02525988758,18216.983875639504,13807.474202722258,33209.279858504575
17346.166733475296,15322.01025075529,18552.395023892823,23027.26127488033,30586.444977753643,28779.18053910232,19670.106788569698,13197.500148734607,32764.704332574103
17177.71613049756,15055.693198856377,18595.851891759063,23991.88908089258,30234.67536509069,28254.505786175643,19771.632370379215,12929.584405718226,32365.1863081549
16944.160746308677,14791.06708962836,18571.533272852397,24170.557596524228,30220.33636927434,27673.226872621526,19371.135505973543,12655.73708512618,30958.86267403714
16675.758109988048,14568.23781527236,18592.647650735205,23959.3247709305,30120.630146920732,27928.713984028553,18945.41336245867,12497.864396636764,30470.384470639445
16423.755806156365,14418.077938991028,18735.891177449314,23554.157489080317,31139.464436884246,27565.52514280525,18149.631148246117,12368.707723629377,30091.744934269474
16230.228534336964,14380.249634962238,19433.323820860554,22938.56810445762,33353.983024106805,27232.7613068069,17724.453507265047,12530.441218225536,29629.22282241129
16119.863618955887,14302.626002432808,19731.360445412738,22567.311785702586,33972.820694696944,27227.440737877063,17311.492596457745,13676.025199018495,29570.24722510053
16057.608610720923,14236.568382168607,19753.2451987958,22258.710757170164,34108.950948727266,28978.436555079425,16951.995776457683,14589.54439310222,29905.376505599175
16082.553644059271,14225.923034666215,19636.59912377862,21906.2255341415,33833.000810262616,31004.793443526898,16969.97277237301,14599.159303832032,31793.128409741883
16171.744299396449,14189.519813277557,19310.70722642044,21790.927351725088,32806.122363012415,31508.885890227135,16721.541465193244,14070.199051384716,34423.40147237663
16097.165959904994,14194.711261105338,19071.445896584188,21622.25829450243,31783.675031216393,31326.968751258002,16613.657413977973,13536.50089586154,34418.04617910538
16075.692896997953,14687.423893291369,18834.67457972379,21639.398330904653,31269.426147345628,30542.231530862424,16364.935700937465,13021.534390633306,34319.69383490732
16190.478483698345,15253.468903090295,18688.64781796444,21579.856868869552,30677.93158625395,29784.751122210873,17420.601865135206,12372.33234820613,33225.937870998765
16855.099067564,15541.461753669124,18559.821445886635,21577.49755563258,30446.16712750135,29112.527449612862,18815.096054147245,12048.917585451305,32094.094786732665
17271.061943206263,15400.711445909194,18558.614707688066,22387.512081258967,30301.8035973515,28350.39618988054,19658.23103038755,11646.668837849797,31317.243978388506
17324.276738325025,15311.607358992987,18498.9784696176,23935.410524656327,30317.053252005793,27993.165258429406,19192.547246519276,11455.180515125125,30739.59394494557
17206.525298312758,15126.488578961196,18476.54274605589,24401.273351421158,30261.769056714897,27420.415935533143,18794.143506969027,11252.001168126597,30452.185908957752
16963.29767612411,14791.834284802195,18537.283950617282,24159.887744800137,30208.525599092507,27429.4566933343,17983.105568929015,11037.391255091094,29997.876881672048
16721.902759743603,14592.379789146682,18488.0251276011,23906.86640637175,31329.776146862307,26885.57740508396,17690.5559608617,11283.562600670986,29928.805132465444
16419.061938187115,14440.115928937072,18977.47309428874,23493.23375278873,33431.37811601625,26689.22399903689,17047.696657219072,12311.423720735249,29939.188384331715
16275.461794685012,14325.630723365739,19703.768221546685,22866.083793270293,34073.37216550842,26859.598775338232,16653.946925008786,13108.450717503767,31524.60359937107
16160.206469010964,14220.158306653982,19871.93692291733,22461.18949075546,33884.85498028704,28034.90803470435,16541.135940064338,13014.394663975372,34371.99573766024
16040.874954097737,14241.194215523174,19813.734230218506,22133.59863686399,33353.782278831786,30148.207233863846,16279.855748622607,12688.237618780804,35346.75723566156
16055.512283504358,14152.108485373043,19685.618835072437,21994.20751808992,32695.571823315222,31213.61097682379,16070.460980694483,12181.294057231553,35012.973110410196
16125.002209209457,14151.312414585758,19384.834277158843,21801.048236396316,31919.254310891294,30991.23194127327,15958.026317066038,11649.384318098759,34340.20820344196
16064.786779582873,14159.500888349954,19138.562091503274,21749.5436785254,31180.73877154301,30106.68843413898,16291.92769215249,11292.91698795409,33316.5406242403
16068.465448857613,14373.121506564421,18919.142876005622,21695.22911651343,30668.684509932235,29341.53942722257,17547.406257843657,11299.666304705072,32643.306656314922
16052.077039370137,15014.519665185071,18730.569568378498,21617.283950617293,30411.179011413493,28402.0616764012,18464.536615331337,10865.205782482091,31916.13722262494
16529.218619418978,15386.47600230662,18700.119234296333,21824.0708087266,30209.506733310656,28066.653922150566,18934.567351935693,10734.201654693308,31089.893698668675
17104.771413212296,15422.872189029033,18654.982955808402,23088.081359721928,30169.46952078199,27396.40220757136,18561.97002261593,10995.260131270035,30309.05317375242
17194.029850746272,15266.07730520962,18592.63694327834,24306.767389263954,30151.945311054296,26926.590122061156,18015.1489037487,10603.015010739193,29972.013273268596
17175.260569722057,15089.522490893207,18668.140216404106,24375.260647995943,30156.14544420583,26730.360189368716,17445.39065483689,11235.569028198515,30210.616282196424
16933.396345540095,14831.905105433221,18647.04230325675,24091.289146114017,31432.280792077356,26402.65523110383,17112.50738970175,12561.006286899685,30413.564049913886
16689.92223160992,14618.41097640801,18742.56280369262,23766.11587371108,33273.38557258462,26222.343809718757,16819.20577536073,13033.907221045869,33038.37346096648
16326.125941853279,14429.98664458148,19575.14274470436,23268.74594446792,33804.65054343252,26201.629622265726,16780.730478535297,12942.25301396072,35291.07632607769
16199.612854023115,14366.359320642667,19969.88973706531,22723.651920438686,33691.32137616044,27134.368236916802,16621.37828944142,12374.866717342164,35750.31792572208
16058.785112793305,14323.860425626677,19969.958965054084,22260.971519379666,33053.92358859757,29055.513637449003,16426.061641643075,12022.083289084901,35279.09528539222
15965.82369915703,14361.979072304512,19782.11593016891,22025.686255658366,32123.008697144527,30473.372058393288,16548.321349170626,11484.099865001612,33989.66971765156
15978.562763812948,14326.61895339971,19582.51073461506,21906.99262389882,31390.007866798114,30755.762520982833,16507.676657377764,11405.437131737865,32849.91214889459
15952.864940177518,14332.38822138815,19348.8724336018,21947.046572709576,30699.782261237277,29834.185877835134,17108.247715361445,11054.0812382876,31617.470897441766
15980.819067644821,14235.988369321702,19158.61533132656,21902.204174090803,30309.17251294369,29006.475464208765,18798.55867915474,10862.834278970502,31040.402106048274
15944.560913114377,14413.030377809238,18887.3304558252,21672.72074227326,29944.28264726542,28639.834264659257,19786.684352950215,10938.526501189888,30846.056514195858
15932.028018203308,15035.855938367964,18814.706835114997,21704.31986422355,29895.27361659999,27851.62504101017,19752.495648779826,10685.024549304526,31048.25719607676
16198.738265567932,15411.38025794534,18716.378646793593,22191.7229680558,29458.431319539282,27666.284213918105,19201.48549602992,11074.644781590305,30719.15943664531
16842.58030125423,15433.132150988806,18727.14294896707,23768.96937895146,29570.943365316678,27649.657369862744,18476.614143024708,12593.361701147756,30575.12016866388
17123.845347830043,15278.076902159115,18723.64101098964,24325.57132589016,29362.88420574047,27652.574153345544,17969.516627574056,13810.508329011158,31800.270788590802
17074.690423666892,15179.588880935577,18690.587340349284,24286.037776925903,30156.090474909855,27452.22039825273,17601.06278442799,13771.862185092376,34453.536075006035
16939.53856674946,14935.711802240523,18766.31532860406,23942.039294464368,32493.637229688764,26826.802748471964,17564.217081176328,13504.722743593778,34993.885090112904
16698.850458026274,14658.718918578146,19287.53443637383,23599.831335820912,33129.65169156689,26366.235905386882,17633.005159641885,12997.74957848827,34638.017667392094
16349.313797066054,14460.716204475706,19900.38493813524,22949.826689474598,32622.639138319904,27048.832178886732,17844.449957435587,12395.028260906165,33881.32041616909
16148.687364359117,14376.263473947263,20035.586742938394,22410.47229228933,32296.45572436904,29648.357658805216,17639.38973151614,12055.854816689576,32685.283972863126
16021.33940924218,14262.676910065542,19975.506871574544,22092.448188973452,31689.275109461407,31763.900334542428,17729.558891184766,11761.686910830815,31489.9858380812
15995.25879020011,14247.292542148323,19815.57369789475,21931.97471273871,30833.842777888072,31735.732613687407,17605.771679120884,11646.372653499413,30647.951605150003
16016.531951940047,14264.730374656436,19541.604004525012,21650.657442046693,30227.47385224134,31123.925725933754,18827.675517463,11363.041744599934,30159.682771166197
15972.365188563363,14224.521699131943,19243.32633861753,21656.79168362522,29705.032019288254,30507.313701304112,20238.353117710776,11433.766854710957,29845.84002833662
16050.904324597002,14217.072817961427,19001.912258506345,21641.0122317614,29487.772360222425,29576.360721194258,20238.129748600066,11460.70912798653,29913.020143146416
16140.53965354012,14214.31554099777,18903.142151038468,21594.237593001395,29144.241060201817,28803.837606294597,20002.922280086175,12720.87472453868,29007.865912457142
16106.764472288922,14751.870079562073,18815.33876936174,21536.273698948877,29168.705574902044,28460.04394861326,19289.532733309454,14258.484925084169,29040.561596207022
16402.130940236,15385.296981591307,18819.477552340653,22499.805842519498,29170.53372170597,28100.33195453298,18771.79866730654,14828.606194417132,31085.81516332522
17184.027830346582,15498.307193247667,18774.37580391167,23811.23788718955,28848.636075165516,27983.56439257888,18505.067057099695,14606.25413213659,33065.195208493344
17292.394161083725,15379.551060324015,18736.057020383316,24115.495311917584,29788.697201412324,27680.644830664096,18137.649056133014,14291.003609319538,32969.77378338442
17287.315621242782,15265.138001968315,18778.504464004473,23941.718074980876,31934.69870151157,27685.066373067646,17627.77196094775,13619.713503633138,32403.308185188616
17045.203900650216,15066.042534875061,18835.06813123035,23495.55047113507,32823.46266786579,27553.949803885604,17680.113007570868,13309.590583259644,31142.06832159124
16774.53754973135,14791.218096624998,19602.775624766742,23108.625217191337,32583.045875680073,28402.311754193106,17329.400306497133,12909.284573563034,30332.871065075156
16480.964858021223,14564.660022720793,19982.283914368865,22513.419718268513,32201.145329712635,30663.874263050304,17296.540354477267,12648.361398838515,29360.90264343788
16295.702754036092,14463.017909214223,20017.427894448134,22040.930382250725,31149.484424164886,32399.62136583148,16973.749094035724,12620.34974361963,28679.827984305055
16205.86982042773,14360.37930509582,19843.982263991616,21976.216919967283,30253.24274695608,32508.377216943823,17966.01484554664,12483.723467028303,27799.390338901212
16108.52947558815,14320.171692059215,19639.09756343945,21707.725967214938,30182.125107722408,31761.70632040507,19612.4005879987,12295.33567274933,27572.615623140005
16094.651190366185,14268.529182028788,19413.36739037889,21609.23651071699,30026.78699448455,30850.68977219918,20098.125387865522,12834.943939612976,27076.07525279498
16087.8002765969,14282.447529512207,19176.409818540706,21471.70088833267,29997.561736834083,30403.465146816292,19823.584919538403,14699.313518024503,26968.29837973728
15980.314741105847,14257.695345190095,18990.69004383053,21490.683809502487,29845.891775112395,29466.11681679493,19300.11085050051,15881.02606170945,27541.15908949122
16048.304965703355,14249.935355066067,18904.8242566389,21478.73447555466,29577.866033150614,29237.028009118178,18667.76692696268,15645.722530941257,29338.4839569343
15975.308641975313,14697.816918534954,18799.695857428094,21627.488036511244,29342.459918375996,28628.30125765442,18004.100561363004,15284.931971923615,30663.550964237893
16241.81770505265,15319.641962755844,18820.075012733978,22797.45056387106,29074.955629565837,28554.952267213095,17949.866724022904,14618.228231271976,30707.39619784085
16989.31451986233,15561.083458981324,18749.262882144765,23772.215558709497,30252.843813913398,28307.97700896707,17403.27261070861,14086.976803455687,30101.54634969095
17374.842246495282,15494.966991567344,18730.071164943947,23930.803582589204,32450.78741776816,28011.428614872013,17380.616713629748,13618.492633724421,29156.358400757243
17383.31991411701,15391.52695611388,18732.758202239056,23735.90186029498,33188.13268490285,28035.242646736573,17137.24653148162,13278.586711944758,28200.555647409677
17243.94018802517,15156.221624238102,19139.126446902585,23320.0382319823,33019.86104392947,28510.479972093635,17072.213201183964,13022.66325840677,27598.773476889015
17012.67990845898,14915.645227807156,19778.034939442252,22772.559461588156,32595.873139213734,31492.09512111956,17115.873028336246,13081.542178861244,26954.326140009158
16702.60014462792,14752.188781717156,20022.034372160284,22220.023770834054,31784.41720876107,33134.028160208705,17599.23944142031,12929.223239346751,26791.918240969266
16438.214664321407,14526.084079946057,19895.656335151085,22058.368225474656,31014.24764740812,33108.76053163133,19007.565606780223,12852.64150152336,26377.90353274558
16328.688363441297,14406.775089883704,19769.923121626143,21934.019174191457,30395.37379128344,32239.05074202257,20272.985877375133,13767.653543424973,26435.920524674242
16155.614280413123,14376.106194690268,19590.80910696938,21968.821921631068,29894.33087019006,31209.448375609096,20448.893049521037,15132.5513850022,26685.3407795058
16143.015177662737,14306.65169026435,19212.022752714933,21998.584241430435,29860.514722556,30578.28677630575,20151.632612791516,15896.65075572458,28232.814584755823
16118.459166541299,14277.320558339507,19033.17586885957,21870.172513754533,29583.340083294526,29977.110896727456,19491.413063606662,15875.606481403203,30550.491813436187
16207.57350216144,14253.048931038069,18782.32101329216,21890.38404926059,29416.053595021767,29398.390343904008,19014.54671877515,15460.160829066957,30250.31893155282
16171.45313288065,14247.590144075853,18698.367002139632,21825.977348415723,29236.231319038354,29137.277840689647,18474.162882898687,14923.357611702666,29423.288357931
16158.993665020524,14341.751362839554,18651.547313913346,22804.694450887775,29286.751572763955,28460.826509641112,18346.92909963031,14186.613652284794,29215.08732570256
16183.03900274406,14998.313079527725,18645.801335879678,23975.792952817344,30663.420185632982,28476.334628248977,18049.732107125623,13976.406510887871,28678.01069733451
17003.594388278783,15431.794007624918,18668.443575415797,24368.778018884776,33020.811439987534,28160.87703282875,17939.611079337345,13972.902811733464,28824.113776464546
17471.578736184798,15483.006816340148,18679.955394751112,24060.69633007345,33641.94592212852,27863.121097580974,17810.301174379965,13887.03284683924,28075.363989839316
17498.452933890152,15394.0036196478,18600.081874304506,23824.519028784187,33268.33369738111,28270.519743895296,17646.43450696107,13626.904202868878,27790.41110483292
17377.54388709881,15213.211374910283,19137.244793103724,23316.539183307083,32966.477222158675,30533.20077926888,17672.535217682216,13623.762444280746,27620.35895328127
17107.65123367232,14995.352969995452,19653.891438647748,22829.51830221427,32228.392289892803,31935.620429351424,18909.811926759146,14437.743655266833,27325.176211087877
16836.19590286258,14767.459389213782,19819.677021427146,22459.76100207673,31483.192022959563,31932.423416850143,20524.95273229819,15658.412390318608,27123.134087533632
16528.967275480358,14551.576395510443,19704.327687849312,22104.136187952066,30627.02695468871,31618.99088056334,20895.063147402376,16559.317806979903,27187.642903964348
16359.887466492255,14414.611039025674,19530.438599716334,21944.520136060928,30080.864604340106,30904.279778213044,20348.234983305767,16823.394328629336,29460.723648324725
16196.168990733348,14373.040675537011,19223.887515517832,21871.669171409987,29776.284083526087,29614.56637496417,20236.582903168433,16574.429912238273,31609.249730053773
16080.922807952882,14326.727518863863,18884.24280658106,21937.706849477643,29891.259569867165,29003.859814039177,19359.6914922628,16019.72548445657,31893.631802155804
16077.986894100406,14276.499443806193,18776.94871447678,21818.51876698237,29812.743324818686,28299.565686754864,18864.311282023853,15825.251651696944,31057.17645892549
16127.96683522392,14246.156802253372,18641.622978260868,21724.345381848474,29534.855007387734,27951.42440782035,18481.70281703719,15628.853818856136,30699.089531464444
16057.796932274756,14263.091970058334,18656.72848511775,21916.139511227775,29350.431593575588,27846.58545019005,18130.65510421238,15104.691368449276,29872.11233778832
16018.296553081196,14260.317187145178,18571.03408951845,23434.20006496834,30928.194003757493,27524.179932030172,17873.96652608893,14953.659431423144,29450.930261407877
16101.878800178722,14752.037156392975,18524.00589316985,24462.336948243275,33216.28136113056,27184.84784086973,17876.783453772194,14592.776534962257,28757.441393730856
16436.760903461894,15325.667831176866,18639.05076779919,24491.526225921134,33557.150613522695,26986.955770477787,17727.71014339992,14529.783420226078,28888.66577397417
17174.519963549505,15492.667621581066,18459.740877242948,24140.06248016171,33604.78179876282,27114.184954574594,17552.71992228307,14380.470206354143,28554.308300003497
17333.94025030535,15380.68661300578,18658.335383412086,23799.960753197323,32913.44914647455,28847.637033930027,17787.193470666214,14693.901926892038,28449.725369341748
17260.83778651179,15276.836158192093,19355.687784259073,23296.7352911274,32135.203677663565,30572.444199152837,19096.47704204137,16206.814964960266,28519.189744218384
17076.26911681826,15065.842402333004,19677.006112354982,22675.2362120322,31356.203581888796,30929.55863807052,20355.45453201058,17335.668008180633,30714.84497461333
16823.8581656901,14848.874019291357,19693.398236331588,22334.865485686103,30549.010522387078,30595.70534410479,20268.875594566733,17156.706390227613,33412.45363002698
16469.173700968215,14679.399390098986,19489.683975847976,22139.82215916824,30420.057083987776,29644.77416240472,19658.139897007335,16815.55073762108,34441.50594119054
16300.505228110884,14560.924946110126,19375.460016540834,22124.454107477337,30057.748994942358,29165.64589999392,19187.581982567368,16164.878217092566,34170.30017320245
16182.534722051336,14522.664367206868,19121.66752882636,21805.045349441818,30029.073420121298,28725.17323639711,18706.528514830505,15649.095314053477,33395.167357755236
16085.514961764136,14486.440856811225,18960.732699180113,21804.06259875271,29857.840053657885,28297.270314364334,18265.617345248545,15148.129209825442,32524.1407977356
16054.711593184167,14407.618170365688,18862.08239758355,21819.071112311925,29997.153543176777,28008.418067879582,17843.87163186041,14827.15927142333,31795.37806012721
16065.121454594399,14429.21399154716,18828.97928400216,21786.12820789691,29879.344913199442,27262.575214366327,17524.09332383355,14544.087264614245,30915.52139141238
16068.519445172533,14357.343971453536,18764.265273756042,22438.470472571076,31556.98263671316,26825.39302745673,17565.394453408837,14287.294442629112,31048.843730442662
16099.896506446203,14385.044079608639,18737.371639319048,24081.96596675243,33455.52277383847,26225.464306770424,17297.785648119876,14147.325853763217,30975.344681852606
16008.795815454085,14763.437344801165,18747.347091919557,24359.00034832438,33714.540582727685,26314.87942333665,17110.93833500504,14244.499142378074,30866.60838379128
16255.276782158497,15422.693185746513,18648.882615003644,24189.952601410936,33508.41061561313,26765.142623649757,17112.950069445847,15447.086701870463,30407.774515382473
16991.828189564345,15628.282583796854,18563.952510147858,23991.464963675902,32931.13281109673,28823.202992159604,17835.26254918899,17172.35182972943,30675.705423494823
17295.77329505445,15473.321374555942,19130.275829427246,23471.400657251957,32286.433109672354,30870.508968384747,19305.982470409268,17669.231924525357,33827.39915224373
17310.115084355944,15375.627359372345,19778.298636865627,22953.293389399747,31305.424152156105,31099.773970765506,20066.005176734547,17275.700988505236,35790.82577940986
17114.553015972742,15162.582077809402,19921.897411742142,22494.061100095023,30873.435931447522,30915.719078287308,19865.284142341756,16546.81907821242,35937.07245513451
16902.661849048363,14956.382110610957,19830.290259647136,22195.809668548805,30513.27461560572,29897.437546322195,19442.630966385244,15738.589057509793,35049.38601624826
16692.89756898625,14692.905486081281,19671.103482988372,21942.928263346967,30055.44716516384,28833.636700297517,18877.205084687674,15474.803064207612,33939.50964571042
16536.817102137768,14562.795163084049,19400.22428724168,21821.025157342985,30056.864590301633,28016.342754485868,18522.56636641138,14653.606588009303,33099.948794837524
16319.753537513545,14541.357472696196,19113.891318716036,21779.723915533497,30096.44849029491,27579.43113381159,17812.744005102817,14421.341221198263,32478.550101691755
16240.03954059925,14444.501504592215,18930.559783527817,21710.685791320328,29830.85956118155,27231.054436655195,17871.4955896412,14151.698671081267,31827.96534619528
