0,1,2,3,4,5,6,7,8
0.057566400327463796,0.05659446546953268,0.054089735203531934,0.04630529050285863,0.04055457545306641,0.043671015992293456,0.053805165538887235,0.05748479806176416,0.04031550494204095
0.05673355555601664,0.05696625545888403,0.053075847148808475,0.046699250689973756,0.04131344525586259,0.044275374980216775,0.054068111288707525,0.0584864875649345,0.04062999271321787
0.05605937245543141,0.05743349658318415,0.05286181501532104,0.04715616921954423,0.04173073267391395,0.044922372165015954,0.05457044792083611,0.05898633447500377,0.041399878556083715
0.05593888232194807,0.05789183197397708,0.05297001986475728,0.04764497370749149,0.04193250521314591,0.04598127824781426,0.05487284591786465,0.05988870070452244,0.04191742626405102
0.05608235109847829,0.05831400869347458,0.05298720527398631,0.0479449449512911,0.042173397744600806,0.046045895546325356,0.05432331009533102,0.059562397314097924,0.04196621795760845
0.056318209082684895,0.058532805148884794,0.053308555842990164,0.04833683409521406,0.04243453973362022,0.04636673567251624,0.05203235665381951,0.056462447576882006,0.04229698569466816
0.05679342293288528,0.05869454357904331,0.05385471232488892,0.04838163645308855,0.04241638576307923,0.046464742807528096,0.050991189875007344,0.054274701117602804,0.04234659847207594
0.057147261507085226,0.05878347668548699,0.05405607801184083,0.048511530969322036,0.04256299684383772,0.04632075530663114,0.05108140299343096,0.054128333624618066,0.04264011072465305
0.0574374579660339,0.058755624438475186,0.05432798799408193,0.048451158876175474,0.0425640786298979,0.04666001426758864,0.051369618883802606,0.054813773277755225,0.042460000296512465
0.0575141569189101,0.05879639772477653,0.05445083784647772,0.04857626458419204,0.04242579584838522,0.046934356796365664,0.052270138519412424,0.055805768850384976,0.04081290228516495
0.057667745641634106,0.05880054937941445,0.0544456873555114,0.048661800618487454,0.04121606477957413,0.047272239866413435,0.05314930473146661,0.056569950756004635,0.03981487859593538
0.057660596601919446,0.05871849499528988,0.05444115212366377,0.04814385773163978,0.04034375256913539,0.04639695440347446,0.053868869542793095,0.05792411092514978,0.03976541551491991
0.05770475587709153,0.0576700804056582,0.05450128827506741,0.04682001350535736,0.04022500496877515,0.04465289835156922,0.05434177846247137,0.05864856663826285,0.04010442958501855
0.057597460348412614,0.05665365237282149,0.05455830694305843,0.04632065287826906,0.04056474692350333,0.04390767717886975,0.05461654597040969,0.05868369363545764,0.04062104119612628
0.05764095900984898,0.05658953170988818,0.05456384747633354,0.04632554999218155,0.04091076600378877,0.04402339120067967,0.055119654719671604,0.05922870690230002,0.04132081047571529
0.05777939469898972,0.056689950800045505,0.053511216709470004,0.046674620462423835,0.04142075579755397,0.04424334671724479,0.05524482606820098,0.05976920478996305,0.04194950031618549
0.05662062848058632,0.0569433665378571,0.05286298252982934,0.04711583095095869,0.04203152233153428,0.04492564784613752,0.05550949040301342,0.05957892468550378,0.042403021612412946
0.05594972254299229,0.057523358648680946,0.052782932527141474,0.04761640187532643,0.04237477271828427,0.04579566739005818,0.05554830738941419,0.05795919679457976,0.04272083774274894
0.055748317937436564,0.05782968063460366,0.05288687089720146,0.048071420817389174,0.04249238386749318,0.04611224152443576,0.0533379446090252,0.05441803880524194,0.042948646862177677
0.05592970837905978,0.05819311690910853,0.05318639744209928,0.0482906591513802,0.042508289861339865,0.046643516593551274,0.051409565214337295,0.05287009520141789,0.04316552251217228
0.05613614977740301,0.05846141496402051,0.053501224103830146,0.048549948407897475,0.04274009946914794,0.04691681740228137,0.05113657968358062,0.05334759307455026,0.04327369306011693
0.05651329287607312,0.05864410809896937,0.05399456385948596,0.04869182539666214,0.042823782895635654,0.04701519238604003,0.05152880467662917,0.05407342732925757,0.04271211034418023
0.05704738410994779,0.058737915941094516,0.05415987457377088,0.04874223696070242,0.042828957350138565,0.047514109684541686,0.0523213644179798,0.055110043191281266,0.04098708450055086
0.057133701046309986,0.05853993925220785,0.0544668060340565,0.048827142606166475,0.04282902492936867,0.04757101109125957,0.053563069356913864,0.05623547152218573,0.040379616094449365
0.05743851088708824,0.05860200359485089,0.05441258671772789,0.04896270032800709,0.041818186048947374,0.04775646665847388,0.05400735764234225,0.05742639498434443,0.04066140648343219
0.057550653686235784,0.05837491297371986,0.05439478653951606,0.04891405715101938,0.04067251573189018,0.047410348486560915,0.05458303935124005,0.05737814554511854,0.04096313748459863
0.05762856976721285,0.058450725817549405,0.05445801999880912,0.04810900987924714,0.04045487787560962,0.04509654351226677,0.05493116112345873,0.05764601264143287,0.04169787794210922
0.057536237898975856,0.05744400132403143,0.05437369478485159,0.046836739309605746,0.040589334676548225,0.043532557991146664,0.05538084308022148,0.05779658601536697,0.04222087422555451
0.057470353157771346,0.056560480081813365,0.05445264853782579,0.04652386877421078,0.040836173106065334,0.04350746016088593,0.055489899908132675,0.05837252717922914,0.04298764418735928
0.057507563212247856,0.05632382437472262,0.05404055689925396,0.04672671874248127,0.041319840572798035,0.043875400724539895,0.0560167854762031,0.058497197775323806,0.043326583949918215
0.057729727787409646,0.056503915316485576,0.05304717606748342,0.04705762741180762,0.04174140243125468,0.044374003503935285,0.05629024030656921,0.055796857460729224,0.04329053323801089
0.056925651430259856,0.05684313672165406,0.05270333669974656,0.047516852468589124,0.04226831211319018,0.045017929502114085,0.055207489976899594,0.05356669051872478,0.043839420560033794
0.0560117391234327,0.05729497283851772,0.05278351579873571,0.047971951001219794,0.04263294676452927,0.04544502459368561,0.052948015554336425,0.0529015072241917,0.04420007801023475
0.05582979647463563,0.0577971835131969,0.05291004733336569,0.048331968258066356,0.04267018701377481,0.045907332729169234,0.05179901630747147,0.05379082833231728,0.044290353342931826
0.05590070491658614,0.05800758101437168,0.05330509788239395,0.04867844873084305,0.04284959787645547,0.04621174852280939,0.052188051511183525,0.05490985269257296,0.043299010925774296
0.05603301785139404,0.058329121317441626,0.05376489102438175,0.048748726818038914,0.04304112584598462,0.04662701334414022,0.05256113317590715,0.05582838118130918,0.041989712601665716
0.056501177096021024,0.05846078161094582,0.05397893185839207,0.048787857491239796,0.04314994599847831,0.04662832890351312,0.05363136282451128,0.05701655100914869,0.041403043363561466
0.05688068940030429,0.05857548943640755,0.05421127589406242,0.04894633032457422,0.04294827003697289,0.046648299182924645,0.05460467856578456,0.05780186714852932,0.04163868652955789
0.05712775610561974,0.05859897004945377,0.05428726761799791,0.048798511442282845,0.04146723506396698,0.04675563137610296,0.05564967712239694,0.05850994423672433,0.041911409563728
0.05735729323666729,0.058587680274738756,0.05442165853521644,0.04878845750943221,0.0404630129944167,0.04663582686576864,0.0564235509849421,0.058979355711756894,0.042395965940809646
0.057483152755709054,0.058580222167235615,0.05435935337344449,0.04815798919477598,0.04046127516522689,0.04477530977269814,0.056649066313134905,0.05964096778610249,0.04303653322492438
0.05759211656514623,0.058616047294280375,0.054426253715991635,0.046981278405410776,0.04065126901424683,0.043127116002214756,0.0569543071579815,0.05966339657818393,0.04324954438313941
0.05745041863037328,0.05788186875410885,0.054427561748932006,0.046267293319947056,0.0410118155127703,0.04272081364605879,0.05724878048157682,0.05953875279302488,0.04341005461541932
0.05757577977461513,0.05666094536397805,0.05445942535730478,0.04634644108136301,0.04162995522552548,0.04291153478297675,0.05759881173034717,0.05638503864249681,0.04480637304698454
0.05751261856410608,0.05622239413422407,0.05351916783693982,0.04653594452750448,0.04226339261381708,0.04335791738848528,0.057814642288310236,0.054869474152438036,0.04560505809111222
0.057593089947351156,0.05628406977007438,0.052762634980215314,0.04704452957582363,0.04255830116403129,0.04395384736051562,0.055921656013674624,0.05483910780057798,0.04580085920374725
0.057054960558204984,0.056562250428069165,0.052824992559767005,0.047456624946294705,0.04283109670377104,0.0445392695161885,0.05410007602812415,0.05539126700071531,0.04505115136445076
0.05616952994046404,0.057024282023186955,0.05309249919238997,0.047982246442862926,0.04289737916551148,0.04521655992087523,0.053368124583937436,0.05657261491335873,0.042965175250553676
0.05573569766163619,0.05748664985415866,0.053237248430748146,0.04828414449668173,0.043177478379867004,0.0453891030210973,0.05381804880006804,0.05803251887416943,0.04172231798292379
0.055716781522149574,0.05786876608027801,0.053600456087049796,0.0484902097222782,0.043303994843450315,0.045612275499125235,0.05461337975391843,0.05930600152165838,0.04128445413639388
0.055946376304475666,0.058080266871728764,0.05391322496130445,0.04867678671176802,0.0433037306712084,0.04571689992891836,0.05547734572097469,0.06002403829063539,0.04155656764502469
0.056371825054400346,0.05828913991112749,0.05421175832364402,0.04866500853513683,0.043184287603727056,0.04585827375994432,0.055878442490317405,0.06072256603161293,0.04254356580632917
0.056659376348362704,0.05842404268983747,0.05452225779908371,0.04872224323576873,0.041366919375592844,0.04611518402047567,0.05678685132536058,0.06149852512086242,0.043471938889995565
0.056915187447404834,0.058564097936024434,0.05456096814044705,0.04861831127137974,0.04038508828713597,0.046158987690434555,0.05712126426920682,0.061384024812733376,0.043932216723504905
0.057139799131168574,0.0584544983564216,0.05449232966700027,0.048755584945500245,0.04051202745190073,0.04519600199057329,0.057295571203104724,0.06182563513464152,0.04449671291500817
0.05727608801423739,0.058495626145258516,0.054570196892444085,0.047654076829231146,0.04088489400651588,0.04327874994661028,0.05755638370183215,0.060960452695624126,0.04465131881605288
0.057174019684765855,0.05853204948450344,0.05456304135180716,0.046357829657503236,0.041159550858713125,0.0424027599742672,0.05820223736692252,0.05764775474530647,0.04512615225472491
0.05743119083456555,0.05815449582792511,0.05454387040815346,0.046139498374698086,0.04162161086529528,0.04264128037372757,0.05759520872911143,0.05643277362288582,0.045532763088446074
0.05741345305893034,0.05674684133003956,0.054292468105758974,0.046288506855241704,0.04232722394283663,0.042958478680164065,0.05741054576936214,0.056924745970145664,0.04562734878422684
0.057459774489241645,0.05623801437272224,0.053408350050869385,0.0465441475622815,0.0425332028766822,0.04322948406647206,0.05514961537459624,0.05804157316983394,0.04455435043829233
0.05741518064225699,0.05624583312890984,0.05294266436156235,0.04692718381966673,0.042829874700766456,0.04355393642640861,0.053171413126302865,0.05891684941977446,0.04242047409972704
0.05712990337500293,0.056512472620360785,0.053053923619088145,0.04762899108393599,0.0429382049451792,0.04393751133959318,0.053247112549374205,0.06073258024972855,0.04158082525674396
0.056196566493969424,0.056821566979665596,0.05316598302000482,0.047937645512850215,0.042849175850288496,0.04459136034753406,0.05385626005663973,0.06155893263787274,0.04165468384728625
0.05577616915346077,0.05728530220748542,0.053436769665087376,0.04827756921336036,0.043019818625622853,0.04487118740061306,0.05481936568001427,0.0623276095658964,0.0423290349498721
0.05560196895937766,0.05785244905694842,0.053977471789601446,0.048407263945088395,0.04293018737281066,0.04497198975122554,0.055075395964826766,0.06284385011221186,0.042951127532553306
0.055826834153201624,0.058155153410874294,0.05424440101264461,0.04848672796830966,0.042832025255367674,0.04514199040219278,0.055298633060282855,0.06345812245259089,0.04371566034241946
0.05623872250798148,0.05833917632273916,0.05443528029127542,0.04845537018147117,0.04128345247499588,0.04476722808105244,0.05515658272084949,0.06332846545052445,0.043928800640626965
0.05654189646642174,0.05846421807691458,0.054559738588504714,0.048592054358234375,0.040400179047343214,0.044820520035275556,0.05535762352732281,0.06390792480109253,0.04451536275915426
0.05693625172492749,0.05860432045581082,0.05460197900145524,0.04868678922086998,0.04029174126356263,0.04414667505659268,0.05529804466154695,0.06282470306400353,0.04453502113897136
0.0572049520432414,0.05861455999442422,0.054652677704919564,0.04835366776455234,0.0406088755069854,0.042825183727933855,0.05542423603721056,0.05939488795256702,0.04496903819495113
0.057195769798215196,0.05855705025410722,0.05471790776096787,0.04665101570990437,0.04084444894277944,0.041739285798174215,0.05579681259391424,0.058144957028325034,0.045274835887718336
0.0574003149705518,0.058576886760915506,0.054789105503046526,0.046105918938537487,0.04135145097863436,0.04192932308782746,0.05553149228850732,0.058541712058711386,0.04506769213158889
0.057372910870162656,0.05853609190503631,0.05477851611897673,0.046011676057882075,0.041957791960054655,0.042295855502472404,0.05443269152173794,0.05933741624932508,0.04300192224495525
0.05730134085617594,0.057399521343721595,0.054031441376030394,0.04638472861702747,0.04206033450559258,0.04279335678710602,0.05225386088402365,0.060519502538238505,0.04156130007226142
0.05738161756505892,0.05647860955353283,0.05307142901865586,0.04668594952108487,0.04244556697660932,0.04331035975932705,0.05155357143950521,0.06169958984846863,0.04136701261658872
0.05735684724598601,0.0563447583738391,0.052814643614010774,0.04718886287162844,0.0425360848690023,0.04379025733805394,0.05179120004722217,0.06268653459886175,0.041483420743589135
0.05710856883362802,0.05654111099009483,0.05288850045782833,0.047738930978458105,0.04265705534267409,0.04418682426084948,0.05197232957089205,0.06262337151119275,0.04185197677529782
0.056210808358186086,0.05674999456552653,0.053091091148319766,0.04814504867502893,0.04268107699627202,0.04461432812103751,0.05269283487395899,0.06268457442349232,0.04249838541674309
0.055687000464756255,0.057203332382611126,0.05346138376844535,0.04826150741180201,0.04256038248946787,0.04466810220167492,0.05331877368018579,0.0634793953661241,0.04345819755520375
0.05546949017683736,0.05760543520858135,0.05386219443180364,0.04827877152822916,0.04233937944428236,0.0449126006282545,0.05345879606340771,0.06384399658864899,0.0443588959602579
0.05566832720445132,0.05808750489279806,0.05400967576156814,0.048389301167904374,0.04087672310200811,0.044924484069975734,0.053998911277540675,0.061855191504379736,0.04492597649309193
0.05588485654397328,0.05829297650344987,0.054476450956946476,0.048443393832452074,0.040068341920329285,0.044979978093598466,0.054430061999638436,0.05956577237241463,0.04481677823257483
0.05631437787274254,0.05837714789766131,0.054448298425606265,0.04849881152974537,0.04005886533275999,0.044895644962041556,0.054306631063964356,0.05806640971027151,0.04490202678761317
0.056743321581695254,0.05849957803202084,0.054452969625704825,0.048508760003819026,0.04028840754948393,0.04312124108333626,0.05479182690981889,0.057384960307895874,0.04497166807878528
0.05710908667912595,0.0583598194505924,0.054550213442383574,0.047636781622681826,0.040676524215287876,0.04175781313955586,0.05516196806933792,0.05803890942141514,0.04451484080776098
0.057101825434748496,0.05831676541053028,0.054561391631124216,0.04640337414149693,0.04123164734033415,0.0416988730425859,0.05457842907131278,0.05875644130211529,0.04211591134005777
0.05722537354899934,0.05829304714570464,0.0547260548612362,0.04608146741354464,0.04168796731607568,0.0417545750852087,0.05198630752613063,0.05927633083920246,0.04129285296616096
0.057214544353257346,0.05818407187947615,0.05423991586258784,0.04618714172828929,0.04210130905427883,0.0423918910458863,0.05045212291048083,0.06003006565354167,0.04111833724304418
0.05709623642202405,0.05723765204297195,0.05316961107395075,0.04642779213285009,0.042403630489920914,0.04307723594660826,0.05058879936199258,0.06072783790879848,0.04149078458650041
0.05722457615175146,0.056429557324032,0.05281217490649144,0.04693881780146325,0.042357434213340914,0.043640771240007,0.05097829393463122,0.06118124399107497,0.04233050337992464
0.05720043639334622,0.056225535074378746,0.05284155987670143,0.04751044237722867,0.04245791492966776,0.04417178187147119,0.051914795826557364,0.061604748039774275,0.04314904156322734
0.05720077733229713,0.0563891479334074,0.053031437867756936,0.047831479692819645,0.04263452815943536,0.04437570956705945,0.05258868121592754,0.06244326348568223,0.043848940524853226
0.056247743621286345,0.0566867836121051,0.0533839888717393,0.04820741659964103,0.04275056470678579,0.04481783922442754,0.053321704555581335,0.06301286650976771,0.0440842009251091
0.05560548934465811,0.057163273953033986,0.053735115226181226,0.04830484833596252,0.04254536982691568,0.04483315930464655,0.05421982568440404,0.06195389056855022,0.04450867446296949
0.05535474133100912,0.0576539259977959,0.054165357551775525,0.04843167963152631,0.04120574727185737,0.044908984721828867,0.05432889803419272,0.05839893917268007,0.04479723485461424
0.05556436511957539,0.05792634797870505,0.05430901374955284,0.04839206176988521,0.04022314674155906,0.04499902374009847,0.05447500980314943,0.05626016615332875,0.0447838565410198
0.055767703998078344,0.058251726038890596,0.05441047054620006,0.04843570607698685,0.040106534265537584,0.04509899197929503,0.05461478997844797,0.05652095907794434,0.04500605671902047
0.05609016129911133,0.058383709024265464,0.054411097333022934,0.048516282283628615,0.04048511750817983,0.04372492567664804,0.05488548033586335,0.057524287820825235,0.04366056298337583
0.05661708965435342,0.05850277681112674,0.05455718409632687,0.04837366614472773,0.040825491330536694,0.04226870950517775,0.05520822648574029,0.058888622423996555,0.04169519941237105
0.05681992942808175,0.05853823400679357,0.054589674295597426,0.04712380353006193,0.041316801712744274,0.04201400480244374,0.0537294292300685,0.06020021037650158,0.04141799226188423
0.057085427218494626,0.05847812476497667,0.05455069254437623,0.046253037805755265,0.041795812956616656,0.04204153569030202,0.051382829152388045,0.06055908021925294,0.04151893212492299
0.05717692055903644,0.05859307215073317,0.054528895206910816,0.046214924554677156,0.04224046682600061,0.042402637030994644,0.05066747282385228,0.061338855083381924,0.041908398900913295
0.05713249466180559,0.0585364231072991,0.053713720317008884,0.04651502384045891,0.042401789603764686,0.04301387522805209,0.05078299952816629,0.062002377954525636,0.04276381258210773
0.05719462740141503,0.05786009747707228,0.0529347332910311,0.04686119103288763,0.042622720021122454,0.04368029129670247,0.05142084960803639,0.062488314599465966,0.04323633644519715
0.05713752557094597,0.05666072548690254,0.05284380576073305,0.04743612001809918,0.042537268422391986,0.04418038665237583,0.05225560065360781,0.06295156534014916,0.0434371022868831
0.057065957695884524,0.05624298328845066,0.052986734412589095,0.04786809900406796,0.04265484034368429,0.04487813959733775,0.053033569353384526,0.06292550060105676,0.044268335692141524
0.0571516938506801,0.05637180586688236,0.05324900455431861,0.04829804035502687,0.0428036733053143,0.04508080483830332,0.05342866163776881,0.0593794366923618,0.04440924666145716
0.05659408186591953,0.056593372212637764,0.05351078062657525,0.048447510720773294,0.0426057559577881,0.04518763414215193,0.054055360503399076,0.05638724684506597,0.04441338898187815
0.05571677395171204,0.05700578796210381,0.053913146185428425,0.04867151711906884,0.041592002348808194,0.045460933461531045,0.054186701862941944,0.05560721187946699,0.04463700929326373
0.055374312548942914,0.05746786558191696,0.05422163274187116,0.04867726796458101,0.040377478660945744,0.045830759127905574,0.05424022174334414,0.056537117860553716,0.044310484535535585
0.05533897478081905,0.05799909369435822,0.05446923489026552,0.04882930522354376,0.04026305021517776,0.04592360281956541,0.054506380153657004,0.05756846277024696,0.0427093187849857
0.05561475542760958,0.058121707107950026,0.05450565637087575,0.04881009004410177,0.04057930871335544,0.0450949873537576,0.054693073228823,0.05895999156460015,0.041287691930911176
0.0559182324768798,0.05844906676363351,0.05459068068533991,0.0487965579456081,0.04075659832063424,0.0436588518800356,0.05439716834973625,0.06018655304933766,0.04112633028183977
0.05637520857588743,0.058594683642161464,0.054529338122810606,0.048473716894650805,0.04133085259307231,0.04248792854448995,0.05254177950961712,0.06105465988024413,0.04130370505297636
0.05661038310255823,0.058665818697830316,0.054540136919753165,0.04715297668428652,0.04190913984811011,0.04271873087558137,0.05081548190711873,0.061700524957135884,0.041666078532571496
0.05689847593204455,0.05871393289807237,0.054526560308584104,0.046603314659022614,0.04223217057329782,0.043108382756787834,0.05036771040937324,0.0622410857862653,0.0422070435198996
0.05690901931543016,0.05859787679217138,0.05441592790888802,0.046723117907778576,0.04245137103462983,0.043673670215189885,0.05083269785146792,0.06245140581984145,0.042436117422972076
0.05688691454242833,0.05864676148617043,0.05344664354041702,0.046936718748541856,0.04246594386330509,0.04429997483241749,0.05113239421021226,0.06284028744403014,0.04287867163424471
0.05694553629735057,0.05821421205021416,0.052833467591202284,0.04732705291071323,0.04239863205041872,0.04454440751562235,0.0518879909684016,0.06160585775732591,0.04269385787943156
0.05684768777071735,0.05688784436825839,0.0529440548958471,0.0478754004414078,0.0423256347834791,0.044954493468419086,0.052369622157038595,0.057483350103275495,0.043047941913840065
0.05684314627785765,0.05624110739419428,0.05307361115002629,0.04834310828174328,0.042249243099797315,0.04526577218723893,0.053232388072683386,0.05625016367032476,0.04293256492671079
0.05677804047033946,0.0564619438573471,0.05335276859467355,0.04863682358230621,0.04207468444618448,0.04549514560622047,0.05347506020773459,0.05678493926198895,0.042726249608838286
0.05636669953006794,0.056533257523701745,0.05367088924887888,0.04894144811442685,0.04081082647236829,0.04579130690132638,0.05345128911907375,0.05791513554508038,0.04230319227688879
0.05538811449171166,0.05693706735817337,0.05404097859607907,0.04882206901035703,0.04005191207354695,0.04603579451173798,0.05420178631215474,0.05914578001768427,0.040535365363176146
0.05499849213296737,0.05746757663485486,0.05427091140600293,0.04893150538437299,0.03987887164572851,0.0463482433083448,0.05405318157308389,0.060744184706757555,0.03959819212340214
0.05507173074449824,0.05784860249125916,0.05447035184991913,0.049020429042895754,0.04022480152479183,0.046190593740816556,0.05408306804489494,0.06175367620340677,0.03959732705505879
0.05533731813002498,0.058280596170683,0.05449256677451179,0.04894931479614651,0.04052040069720533,0.04437890381038766,0.053086496993528964,0.06266899555742923,0.039800340234343874
0.05555016476977238,0.05854053831074846,0.05444199981848679,0.04900377486516234,0.041146809918676905,0.042912842310175274,0.050808282046565796,0.06286847584288116,0.04012930514825617
0.05604906699955024,0.05860648275093711,0.05444544486826565,0.048294155635218446,0.04159852517444369,0.04272512141154752,0.05007717771982725,0.06339402226008138,0.04068977790132642
0.056357481212022914,0.058725356847388846,0.054498082834436246,0.04707442303142375,0.04206479538388944,0.042829100820135274,0.05056681611535139,0.06375537603779605,0.04115264268648527
0.056562533782441485,0.05872646044980579,0.05447548249961664,0.04660909329227868,0.042044121982912,0.04324031540828392,0.05120927642704543,0.06411688479172323,0.04133157106501761
0.05669417439378197,0.05885620070627503,0.05381004133356684,0.046651383497973146,0.042229372873754216,0.0439988167675846,0.05186638028618492,0.06221051161357648,0.04104560069414207
0.056597644234755815,0.058766412551237705,0.05303209186998938,0.046902597524773985,0.042372531192689696,0.04452077326751713,0.05247035048257763,0.0587342767647526,0.04119203290264625
0.05661473682113109,0.058782622680766936,0.05282228302206113,0.047310938670995825,0.04250936935435349,0.0451068972565435,0.05286635855381749,0.057937784994159414,0.04082781517274034
0.0566233802140032,0.05746852167881186,0.05290988184645183,0.047650050104796796,0.04252709562173898,0.045454736293171795,0.05341348836457368,0.05810419523629969,0.04110564562456757
0.05666552027369152,0.05655181688833822,0.05309535182508442,0.04805121522288699,0.042267999514042066,0.04561555943021054,0.053883095624919504,0.05849079099218406,0.040945518207931034
0.05675798769499129,0.0565105875888937,0.05346524704684242,0.04836988802156585,0.040706206739143505,0.046005791764156895,0.05423657540243942,0.059852100587804866,0.03985354037037282
0.056467149078971615,0.05668656378353891,0.053931258694330575,0.0486707445734754,0.03982877454587506,0.0461325972105667,0.05469473138470921,0.06101935528500287,0.0390641476338486
0.055268901789381764,0.05690591836593302,0.05418649756862605,0.04864856674147407,0.03977175282844385,0.046271856121618236,0.05479256672479421,0.06200036627546717,0.038782125527688234
0.054895520015681966,0.05741006286835646,0.05435063614858874,0.04878620197274032,0.04004265200403361,0.04644938497246288,0.05402476902897937,0.0624601000163719,0.039041009412890224
0.05493692461998419,0.05788891731886187,0.05454898957900022,0.04889245105122474,0.04050280621626139,0.04493053511220691,0.05243745409999171,0.062435473043623096,0.03948993539645775
0.05514825433233906,0.05818652773233481,0.05448552475606632,0.048875023338453664,0.04104527470610382,0.043239599635490296,0.05074791517951116,0.06299414752524202,0.039705133985256366
0.05550262215473442,0.05847632888609644,0.054677606760042165,0.048536860324653604,0.04161653201288271,0.04280629119552673,0.05061818787687828,0.06282420191395997,0.040350727291660914
0.05578565832046087,0.05862736746511902,0.054484622236635596,0.04690918838257089,0.0417696455646547,0.04302370858691813,0.050928711609000796,0.06260917858092617,0.04091398576075449
0.05617757230297401,0.05873105330835188,0.05459584926205298,0.04622587007888108,0.04212309436525361,0.04332865409176397,0.051818929097105726,0.05985406969136571,0.04127898968158633
0.056391298066149675,0.05878230415036557,0.05451788815192494,0.04638476432354439,0.04226848114899823,0.043940062036451344,0.05267025091171093,0.057172923098219426,0.04134223075119184
0.05670506044404675,0.05873306941618148,0.05363284678330998,0.04666982347054008,0.04232170957081428,0.04461606258692321,0.053295965710732,0.05673498297001069,0.04164975886722281
0.05665004257677972,0.05881747783757893,0.053029692575500095,0.047065103789194866,0.042469359018394694,0.045090982804711126,0.05380855957995215,0.05723814869945793,0.04144585691699779
0.05668518641275615,0.058810096729876235,0.05289274213438216,0.04749078520309109,0.04259107641955927,0.045689578969966026,0.05436384514210712,0.05813936976079812,0.039987925520273845
0.05664570266508413,0.05798633161115556,0.05302891754951166,0.04793609743858,0.042315565305412674,0.045887676776987255,0.05466140179338964,0.059008941122281486,0.038695720189805424
0.05666095693758009,0.05683871071140149,0.053315429182062946,0.04828630138120531,0.04065836932409313,0.04620555466592563,0.05458511502411245,0.06020871385757403,0.03875959828719172
0.0567115021658013,0.056524608134311656,0.05366844831408722,0.04855482170602349,0.03989362889829684,0.04612484836683945,0.054940422832644595,0.061275112953331094,0.039212386072511415
0.056614152846646046,0.05666523028620573,0.05395131009945362,0.048504726202560015,0.03986288709925103,0.04638966648941857,0.05496551788824102,0.06135999280484014,0.039638296766116014
0.05572847121229032,0.056849717226702484,0.05427477639003324,0.048631642546069005,0.04021490512614608,0.04648695238639126,0.0537141013189218,0.061942265280012454,0.04036236991320091
0.05503016495720849,0.05722725067044845,0.05441479966524672,0.04876262363775055,0.04050969330941074,0.045626331967119974,0.051599181075247635,0.06191081805614227,0.04082060415036624
0.05498452250034387,0.057561830228009564,0.05440991800518233,0.048797546601551334,0.041096095015333636,0.043334269468008065,0.05059713611843475,0.06239317192305451,0.04136277075650485
0.05513553517862792,0.0578558025125698,0.05456622231645263,0.04878357601167851,0.0416263271450444,0.0426487612003475,0.05078174166496555,0.06172271783840753,0.04195975603024219
0.05541991519695546,0.0580907854499202,0.0545510214248902,0.04745874865401837,0.04209567342222249,0.04262813593681917,0.05149601158591174,0.059059529576967064,0.04211289490702086
0.055773492228204276,0.05809983541546591,0.05455379557309994,0.04640592244095898,0.042326100379298834,0.04303641107508074,0.0522560869034198,0.057063688272504805,0.04242010149747759
0.056260296531936364,0.058207930154380985,0.05453208524722447,0.0461454821381342,0.042329994691299284,0.04360151714272267,0.053214014644257415,0.056849980041647534,0.042659313914860574
0.056504581514963646,0.05839167031293431,0.05425145054763716,0.046366287054058514,0.04237291824198174,0.04448570907469553,0.05387966571073671,0.05734449854786726,0.041521202309753175
0.05672475766301804,0.05835485100371871,0.05326561703330159,0.0466046737664666,0.04274571322046001,0.04487082206521651,0.05412213628019525,0.058098148483623706,0.03991729199409065
0.05677688465598453,0.05850001786676364,0.05289769786180588,0.047061421894893804,0.042653021041077474,0.045258821987429476,0.0548983055173786,0.05976917751954276,0.03921815000663679
0.05675559326327865,0.058502722240800366,0.05296735604421491,0.04769385721574873,0.042225932668495586,0.045524256232931735,0.054909113172475904,0.06034517434831475,0.039583559987158554
0.05665018815278125,0.05786672565444101,0.05321481009246715,0.04804029170777056,0.04075476551644657,0.045590458696225855,0.05534668645764542,0.06123593550133657,0.040087369723499834
0.056667470473838376,0.056545502461729485,0.053434853481239615,0.04835673400195677,0.04002069707066886,0.04579175237386038,0.05562796161879718,0.06146417455962333,0.040918448832793
0.05675007681263989,0.05631039700951945,0.05374586103229151,0.0483723636472969,0.040076394217681645,0.04603058650862194,0.05505971058442788,0.06172816695784897,0.04148488672021567
0.05671289014714776,0.05639845613813048,0.05387281696313227,0.04851824443121391,0.04036685750663105,0.046120129361783245,0.053132279594905976,0.06191966631998037,0.0419924748813707
0.05594568675702041,0.05671875040535349,0.053978078448107265,0.048854845543331825,0.04074957046910334,0.04577668003710135,0.05165308713329789,0.06201926485352114,0.042220818698853135
0.05517098896903258,0.057003579488262575,0.053994181453914304,0.04876817709557875,0.04139467008182178,0.043864138882351085,0.051310474566730144,0.061059859425385395,0.04270412398788712
0.05499251905009209,0.05746630952543496,0.05409374082640208,0.04872060430256101,0.04201343054711284,0.0425485533669101,0.05185383653062062,0.056731948112996464,0.043489692125118475
0.055167443315074845,0.057757877190319586,0.05407797393115197,0.048373383090787064,0.04230088214884721,0.042307534358186044,0.05246541260165734,0.05551814574000885,0.04395767583437026
0.055454047787119494,0.05806041429992144,0.05408390364280984,0.046855365781414936,0.04247392746409135,0.04265029646333316,0.05342072202291547,0.056565540953044204,0.04384672718542033
0.05580381700934273,0.05835399071454958,0.054294728536708504,0.0461037547406028,0.04269347478538932,0.043110674863604044,0.05416634651535466,0.057066494593415264,0.04200422129608665
0.05622907602641554,0.058383745888783894,0.054150275368188075,0.046207282188968586,0.042904111601058906,0.04403044239396405,0.05470748790776395,0.05861650189620622,0.0408098898159103
0.05636762335791413,0.058413135310090236,0.05328871228071883,0.04639954660563468,0.04284995993193922,0.04452625678610679,0.05504965621248216,0.059465288738650875,0.0406919287918011
0.05667335774300525,0.05841298299173237,0.05254370603744606,0.04686701137628299,0.04298428571694681,0.04505882141478042,0.05515934505967951,0.05980773124225381,0.040765300613337226
0.0568001894921679,0.05848598111371914,0.05255288871239642,0.04732287895088551,0.04271423121402646,0.04530612965755767,0.05574832617965892,0.059845347791357716,0.041268313264835065
0.0568554622581238,0.05852745595874047,0.05264393627190516,0.04772249519975568,0.04125357203526174,0.04541387004782521,0.05596019989347792,0.060432577997744465,0.04206217779119342
0.056817095868122044,0.05819149937652723,0.052806577050653634,0.04808732008512023,0.04056051583322759,0.045516777061247134,0.05610548748258883,0.06080292675157562,0.042883321140559316
0.05687917505478984,0.05683532148500103,0.05319246112666733,0.04843808484074712,0.04043160116154895,0.045738414096634955,0.055122650897924064,0.06154459292986361,0.043626088861359186
0.05690307830591692,0.05624711998405096,0.053672095963832114,0.04839520010777586,0.04077346773234623,0.045805614311819544,0.053350731099342096,0.06197049831210668,0.0442445260424372
0.056912845778592146,0.05633995842223445,0.053882170583268864,0.04858738291844651,0.04121202060335138,0.04563491187374062,0.05179757827908982,0.05938737530295812,0.04437578233724582
0.05651395499634958,0.05657227481306173,0.0540423381472254,0.048539493861978186,0.041902230952823985,0.044603123574639164,0.05173521373985677,0.05624540147689423,0.04467084412797147
0.05561049372182272,0.05688862599401444,0.05414392046872885,0.04869602959541793,0.04234183832523393,0.04277282360718893,0.05241904843853343,0.05581635510007983,0.04447742141189715
0.05526145545471017,0.057346514190162935,0.05409682320916742,0.04872868529095294,0.04288561783879398,0.04244347971330517,0.05295409324519946,0.05663485895401302,0.04432966579502512
0.0552474016070311,0.05795695565485495,0.054127329074015434,0.04759212225209762,0.04321958904769986,0.04237191864870354,0.05365995020890283,0.05758410971005013,0.04230466629490067
0.05544940255891971,0.05809090344351349,0.05417375162934209,0.04628762636222612,0.043296478815873486,0.042770212209826006,0.054447989114704394,0.05861800417130326,0.041302459820605146
0.05579696645834403,0.058286710342970664,0.053996790472627475,0.046179124059089166,0.04342510479155052,0.04326077931327181,0.05496376698039572,0.05972239203646889,0.04135588315734785
0.056261062792023434,0.05843277180436436,0.0538032335211838,0.046323543049543184,0.0434588253365758,0.04370021657570268,0.05524389610140803,0.06063099716486657,0.04182519761324506
0.05653952735258715,0.05853809389299224,0.0528388978736849,0.04652297259164232,0.04377801114494929,0.044334982566427,0.05523748114753108,0.0611591837426218,0.04252164871961237
0.05684346862734096,0.05849899153874167,0.0523757270510217,0.04710379861497816,0.04355757564427148,0.04447423305005914,0.055497245206059864,0.06151263813900043,0.04320101523996468
0.056945828744641644,0.05858565085520065,0.052426866526665,0.04765920301141631,0.042002549794828925,0.0445736586246154,0.05527886013051157,0.061837889542089186,0.044084188548044814
0.056904702203235874,0.05857376243620648,0.05251063380149912,0.04822720083593442,0.04112887419370096,0.04447572170739011,0.05488979711672431,0.061741980904421456,0.04470598978136265
0.05700292894031978,0.05841430121511723,0.05275114319278983,0.04838704605628096,0.0409727099678639,0.04443556267168445,0.0530721596115343,0.061013190520089244,0.04444876281683457
0.05692391698700168,0.05721696806741623,0.05326347205139333,0.04846555013931644,0.041224273969110256,0.04463823875046333,0.05147152371581598,0.057162810778556665,0.04495125339992971
0.05696430717898212,0.0563869746105548,0.05359324720298107,0.04865318276892458,0.04152643163664734,0.04469578581074009,0.05095825166481751,0.05538904673302999,0.04565430721118984
0.05698144776877596,0.056329826528526895,0.05376174011361977,0.048704836976914544,0.0422250046560668,0.044176066391135,0.051543284981466646,0.05539666518526227,0.045726243106915414
0.056665474433969555,0.05652759161186095,0.05397266410869975,0.04869760887468237,0.042751369918811406,0.04249019344779382,0.05223645138919807,0.05616996331741262,0.04435595199339154
0.05578798883037826,0.05682247795905938,0.05401445083231727,0.04877346292029981,0.04327449506019085,0.04156245536098689,0.05324191119939358,0.0572698671981282,0.042479670615459895
0.055183789312777405,0.057198448919013205,0.054154622692164096,0.04869650345099683,0.04329914685615702,0.04142530079164604,0.05350190890391961,0.05877945442342454,0.04185728810067194
0.05516493533692926,0.05767932143169736,0.054132000170786836,0.04735659734803671,0.04371338314424688,0.04147270160432069,0.05400851557580986,0.059737454608156854,0.0421555693731592
0.05530803748364102,0.05804311272701071,0.05409914395297643,0.04651719823853475,0.043559218709972425,0.0420392087977199,0.054622265709096465,0.06060627314026856,0.04253054857312305
0.05553791550458289,0.05839677775440508,0.05404729830004369,0.0464597660931724,0.043893752087275785,0.042448892033554265,0.054657725942160965,0.06115753476131421,0.0433337309130647
0.05601571289313716,0.05853292972084428,0.053310200990886604,0.04660410153180128,0.043837032163815716,0.042622637452388194,0.054901597151730354,0.06124445765843932,0.0440663443926843
0.05620039959622395,0.05859637264908904,0.05257357512325851,0.04709656649886646,0.04371014135913664,0.04307716626286445,0.05515184896007234,0.06150537533873561,0.04459093319150822
0.05641865260976479,0.05854863536424187,0.05239849556612715,0.04761637129873424,0.042221318785936594,0.04348025337058567,0.055034371003966624,0.061731726886114086,0.045117613405866785
0.056539135392107434,0.058627506617501796,0.05250855808434906,0.04804512085020349,0.04124792045562006,0.04350135996847272,0.05411023328347874,0.058820849682891,0.04512762691673488
0.05664506062723205,0.05874422883496896,0.05265724555678422,0.04826739652545758,0.041200258312571424,0.043624644892649334,0.05162901989416917,0.055629203897989164,0.045620619399208764
0.05657695751147055,0.05867469766109084,0.052899603466279276,0.04851354537850634,0.0413008018875131,0.043898581419190646,0.05036529464039844,0.05481343986110288,0.04557574010812756
0.056644808386900086,0.05794830999023235,0.05340871007479697,0.04872887655975592,0.04165192649173098,0.04405841652337568,0.05060811449997818,0.055362043534906646,0.04534909424416522
0.05667529335197512,0.05678763337346106,0.0537204204360692,0.04882419555630059,0.042002279593598216,0.04335914025892435,0.05130221553099269,0.05629795222799525,0.04400241181967248
0.05674003214178737,0.05650062850977429,0.05383559550795812,0.04885120844862181,0.042442824569845744,0.04150699537272703,0.0516346713881651,0.05802166001862091,0.04275028009343067
0.05652476365312884,0.056683872841226855,0.05385630860613931,0.04902785583650432,0.04259780435500631,0.04066462831204052,0.05259238870374299,0.059443424326608596,0.042397745055375566
0.055525283604326243,0.0569381277866079,0.054024775056198744,0.049010835663335264,0.043004507895687695,0.040695696081933165,0.0527321305571927,0.060357838690878886,0.04257070738626445
0.0549103050362498,0.057239309422316136,0.05399324236542331,0.0484103242914482,0.04318277857701251,0.040843601292615314,0.053181520060935766,0.060900369259004605,0.04292903900780408
0.05486546901363234,0.057825896892687585,0.05401127304689876,0.047140945206310694,0.04315755268809879,0.0412269206385792,0.05370421837064305,0.061035303914167796,0.04379967668350007
0.0550368533628786,0.05812268210252546,0.05402060901108673,0.04653257713944423,0.04343809578638645,0.04188578112211142,0.0540764054434975,0.06168673741866232,0.044451914140177386
0.055360165183561405,0.05854006559197276,0.053787408299435985,0.04657336336287359,0.04355101997534854,0.04238531953385529,0.05410679934520826,0.06196522632830833,0.045083101924546405
0.05573536001825548,0.05868945939759979,0.052790400214927286,0.046967728727838144,0.04333473463507246,0.042850659813773756,0.05448168494365195,0.06137568855047622,0.04495644375270993
0.05604099044412788,0.05890016171286122,0.052300260717116936,0.047396239813286264,0.041515974889363726,0.04287659733149327,0.05429359677935718,0.05799269590652331,0.04531470144534769
0.05641912258049641,0.05890971042096978,0.052435626278836335,0.047973297175033985,0.040755841720554985,0.04311583211472856,0.05227764592571516,0.05571396030662111,0.0457490588582457
0.05635835723838323,0.058932671536405835,0.05272279384484248,0.04803574133608865,0.04065150929422346,0.04322544778904245,0.050517878608675564,0.05587767875164917,0.04573824726883664
0.056451748465361495,0.05896663883406309,0.052828232206999164,0.048358291975786644,0.04081128303770274,0.04347491576919852,0.049802419387501254,0.05657888055888057,0.04478639345660861
0.05648301840624405,0.058967025316734846,0.05317969105377185,0.048291425392557645,0.041308820107642315,0.043484636402749834,0.05006317297306139,0.05803333344865034,0.0431966482154974
0.056490081616984246,0.05859266453043959,0.05350154432245856,0.04837962204549306,0.04171610700925682,0.04340916124965385,0.05087702920757589,0.05922194669815482,0.043390488137948935
0.056434210961843596,0.057595246299326656,0.05381267169404766,0.048385778895003,0.042363175438531825,0.041781210480689654,0.051666231485111576,0.060366162095084205,0.04344603863683339
0.05659758818954833,0.05678197442460959,0.054001257791311735,0.04843701476837209,0.04273554087071971,0.04046900503520789,0.05252341420953602,0.06121458872604474,0.044184091373837
0.05646260837100821,0.056823186011116036,0.05407259900650191,0.048567304354921355,0.04291128335375829,0.04041216277058169,0.05306609629581509,0.061653783817743626,0.04432273714981462
0.055456117029463625,0.05708955888216267,0.05413316098845462,0.04854894843674096,0.04297166919167211,0.04080893619724931,0.05354713803026411,0.06212650491270229,0.0445371472771497
0.05471760056185969,0.05739934817088252,0.05405027901452926,0.04727474635866858,0.04306023896743155,0.0413754017717264,0.053466971427007653,0.06244265229774113,0.04494978901569163
0.054576228406093996,0.05787500882400132,0.05421409489165294,0.04627885548668301,0.04317710762699279,0.04202554995086142,0.0537149640641315,0.06270983135733137,0.04544640446288344
0.054768740251990675,0.05822104819317979,0.054154147580400394,0.04616903433142586,0.04331944337816151,0.04250877915400731,0.053805514638289274,0.061530367405914756,0.04558934997103857
0.05500198144569604,0.05855625404535177,0.05368169107908006,0.046459066136910504,0.04294969567682878,0.04291332822021132,0.05417968553465344,0.05835551729849401,0.04668881949611105
0.055384399716852016,0.058780919693012766,0.05282277990495517,0.046788691577997935,0.04102015564361119,0.043250508294193975,0.05372218487405122,0.05691312649408579,0.047468325213067576
0.0557508930613345,0.05880212002822548,0.052605543922219444,0.047218572465174385,0.04036114205001347,0.04339605342104089,0.0513100995155279,0.05770608425442726,0.04783008692754775
0.05604785798557823,0.0587968361820534,0.052704127815007405,0.04784777170013107,0.04019642328124653,0.04367075404030974,0.05032533606981741,0.058300006555087,0.04675141479410597
0.05629488131050473,0.05869722847426496,0.052837771788319006,0.04811294371605111,0.04069497038830574,0.04352978746021231,0.05034534021778663,0.05943018025959387,0.044516270501462465
0.05633170312745666,0.058674814849825674,0.053177699955861066,0.04842587134720078,0.04101970515538315,0.04388293553554808,0.051033134154628734,0.06106516937894007,0.043858540570629656
0.056376759719410294,0.05858739252709933,0.05358385201190083,0.04847794134806409,0.04159031088502166,0.043935606500715575,0.051782363501854584,0.06253266907103332,0.04390162807356273
0.05641126267902171,0.05837761348407992,0.053898923948944306,0.04851898294112264,0.04210330252264242,0.04279424755148181,0.052712087126450535,0.06353165242097762,0.04438950156604028
0.056513078600996074,0.057239466235115465,0.05401245354497241,0.04852657326980987,0.04232019476513055,0.041269415672910016,0.05342935872251752,0.06365188396720906,0.04523374690681286
0.0564739041933678,0.05669022794242709,0.054201197049902124,0.04868749568227644,0.04267279771430348,0.04086502226611653,0.05395434523433758,0.06412291202327823,0.045728249413775776
0.05654454259229991,0.05663487483975011,0.054230927964758154,0.0488075059340036,0.04279430132697287,0.04134155834416348,0.054510748589203066,0.06509867909531872,0.04627749645283504
0.05573270358493241,0.05678062752376818,0.05418233777739123,0.04797322152137763,0.042732404521597094,0.04159866832987386,0.054629139673332064,0.06499533028040445,0.046800143441528524
0.054779308272395806,0.05720150120606249,0.05430021388364955,0.04639025874904022,0.04296847517237693,0.0421528448564128,0.05495927102773225,0.06372537653561311,0.04694555036917614
0.05456462997735948,0.05763950300731099,0.05426316728579618,0.045985654127378366,0.04304389578808212,0.043178907819398274,0.05506998785330403,0.06054824306326711,0.04682763330540024
0.05472034254931804,0.058048566557307626,0.05431278916725273,0.0461095659063122,0.042701304295522526,0.043296776921266905,0.055304561213704105,0.05958020332073138,0.046686697236876636
0.05494564874585496,0.05845595579198145,0.053627212016754335,0.04638316952868605,0.0410195143472493,0.043631375755355445,0.053951740614136746,0.05997815499118176,0.046381268599461754
0.055318937287324406,0.05873101343627843,0.05292550772852287,0.04681823807459809,0.040114125739304965,0.044037485896664376,0.051975020824008615,0.06114720478984893,0.044082164287135496
0.0557294082440597,0.05876024602829528,0.05270601514594211,0.047426962228504184,0.04011549699643828,0.044255344063979574,0.05146308948089107,0.06250496700271471,0.04242699611397509
0.056032044478841914,0.05873854030911192,0.052769865290774765,0.047929969391062276,0.040368428759766706,0.04441849425276529,0.0518376575799698,0.06406985966275422,0.04204820077233717
0.05634977249111626,0.058914239219579334,0.05303234674945673,0.04810399253207807,0.040826802661494944,0.04463763390786891,0.05272736619575435,0.06511216316445549,0.04213703753598943
0.05640512415840003,0.058837817983645346,0.05347197214463394,0.04822398061663921,0.04127979742641146,0.04484049799150719,0.053595893008041455,0.06552522388621992,0.042306380521836585
0.05644469314074598,0.058827180228884376,0.0537464310240204,0.04831421133695326,0.041783426475217246,0.043923985948827494,0.05426693156234522,0.06620708124781625,0.04299154411763675
0.05646925299901648,0.05878635553924481,0.0540458411644348,0.04837406091147171,0.042172254385233844,0.04246381926527813,0.055046023489771674,0.06684685270890417,0.04354036200362543
0.056406752219968284,0.05748388485828864,0.05417794316922348,0.04849061394063536,0.042556214509187826,0.04176866819461577,0.055335387267603044,0.06733118799649762,0.04379788013452544
0.05640521856489741,0.05650031635688346,0.054189307313924906,0.04855858837112431,0.04254788966886532,0.04180963661732562,0.055571834456329745,0.06718997927953599,0.043949517142849046
0.056413861476734266,0.05645017468671316,0.05412259129505578,0.048508050743413134,0.04266097383461024,0.042365760030165095,0.055927777612485456,0.0646172830231852,0.04393561742321599
0.055864557404854305,0.056674690166442894,0.05406481463419875,0.04705680601196726,0.04279979755798964,0.04289684116489976,0.056278881479559784,0.0614277137852147,0.04398680228587095
0.055015180309636064,0.057055673824308505,0.05391755599132196,0.04614513406369586,0.04261367997644807,0.043580632904348,0.05622528003024229,0.05937541813447825,0.043989842282054326
0.05475503170737341,0.0574155640852793,0.054011664839424406,0.0461064050871523,0.04212235828225865,0.044005916903952794,0.056097878800748145,0.059799482911165526,0.0433466642931856
0.054789407283072425,0.05788445914842587,0.053718345294959856,0.04621492313868248,0.040623723308168304,0.04453736356036708,0.05443601080503089,0.061528680041923085,0.041480920923896276
0.05509306422398701,0.05833943031984751,0.05277608925795329,0.046627829133832156,0.04002241289547099,0.04504029201224399,0.05279817469077105,0.06323497390031199,0.04053745930606428
0.055317032652417227,0.058538765485537096,0.05245437566309825,0.04696170783286005,0.039999716992778725,0.04501532963467579,0.05208746352651444,0.0645875098467839,0.04067321946186657
0.0558185390196556,0.05859496300468379,0.05234184608337725,0.04740220570607996,0.04031717582358996,0.04532626193980772,0.052635209547884504,0.06572231425005697,0.04102331560200582
0.0560948220339488,0.058767881393676745,0.05259115751522718,0.04793181725295275,0.0407921006105953,0.04551939579430343,0.053079315115740607,0.06577622936073234,0.04159395636161948
0.056494586310828605,0.05876061981122816,0.05285461761808565,0.04811524216023385,0.041284196562626246,0.045720566045138515,0.053862149456204336,0.06551614820463246,0.04243092540871316
0.05659798436281178,0.05883124521979557,0.053304710256275506,0.04843293484533304,0.04172420616593006,0.04538411473408676,0.054738846178736034,0.06538246100683565,0.04261000410671063
0.0566402455657792,0.058805440364854994,0.05363314869708868,0.04833181869781493,0.042049513646187156,0.043904658883144695,0.05549855142847654,0.06546155253964829,0.043137998440853934
0.056703612386380296,0.05874451849392653,0.05379581070715041,0.04845607238442523,0.04238702309155451,0.0429858675163075,0.055950273686828096,0.0644062110133155,0.04315952536574382
0.05671177882061225,0.057747544768085246,0.05385400686304273,0.0486295226145022,0.0424865528455695,0.04279686508225329,0.05604601843247323,0.06109208336869281,0.04353811996585156
0.05672324591399186,0.05664881925417329,0.05398666210917533,0.04851491935592516,0.042532043325470933,0.04313154703311676,0.05574450335249561,0.059059451886768956,0.043827111925848865
0.05663344065740208,0.05644184012868288,0.05404143103866496,0.048016569351410944,0.04266949230025201,0.043660052018525186,0.05581792315236354,0.059315041553372416,0.043845014051894934
0.05651724683162673,0.0567414349447213,0.05400030873383961,0.0465105514857003,0.042753762989613725,0.0442626707508296,0.05566772219126472,0.059844622731888265,0.042468735043193075
0.05561960922450368,0.05697084227526193,0.05394741417665094,0.04599559277273993,0.042357148846940224,0.04469613185989928,0.05409213411910447,0.060603779244503074,0.040891232807363904
0.054938217141927544,0.057325866722163624,0.05398560166486307,0.04610995168604467,0.04081152444855098,0.0450484225828263,0.05239607597764314,0.06169614221007781,0.04058031104908744
0.05502000872885937,0.05789279234733181,0.053284695278392455,0.04649385797671125,0.04027516601065651,0.04525414736272421,0.051473859139334915,0.06243122207461334,0.0410920893107095
0.05510847597072927,0.05825466858861588,0.05236292597546385,0.04669942850267726,0.04017957513921933,0.04552468980189882,0.051969018421883235,0.06331737689006019,0.04149298633965671
0.05539843406847094,0.05844237717281036,0.052218630468459065,0.0472530023572744,0.04049324385399272,0.04565354619520528,0.052409362388943934,0.06383329464999091,0.04211485023061654
0.05580623861310825,0.058573998476084105,0.052383764472930305,0.04773462014176505,0.04103360405483216,0.046092625177510574,0.05317248393173975,0.06385339756461855,0.043023460078219423
0.056195068373205495,0.05863827539915081,0.052616736810808126,0.048067304546989806,0.041465636260191466,0.04629629852889132,0.05416964082374216,0.06371093714015655,0.04353662823420803
0.05649570930984438,0.05878564859153451,0.05286807500788393,0.04828072633482936,0.04202646559270307,0.04647783412860338,0.054226739333126474,0.06373003924740465,0.043768280424318094
0.056614941217302844,0.058801289600983755,0.053254414257258624,0.048428570287890375,0.04243482852952187,0.04482811761923833,0.05492286125977733,0.060975428804706994,0.04396477295084259
0.056672985380812536,0.05879513496837061,0.05355897302174287,0.04841205635565396,0.042601702809721115,0.043041654060481355,0.05505769025309356,0.05771795586540436,0.044307262687032986
0.056693155567590046,0.05874996938008506,0.053765873133354646,0.04851490581841545,0.042706054462800666,0.04252999698141461,0.05506535646360457,0.056699615144151186,0.044580956879583265
0.056599817470882746,0.05817056667497286,0.05376253386404559,0.048626846449994474,0.04276539246503441,0.04289465087664244,0.05546277489161519,0.056994438668064605,0.04429759382233898
0.05661913283687628,0.05680958813024577,0.053893158362793556,0.04860917166471787,0.04287212078293737,0.043187521087413305,0.05552468658011161,0.05787223064829248,0.042301428641139276
0.05671237830146621,0.0564916635348782,0.05401707355086238,0.04756351913170649,0.04293050266389794,0.043916001094294554,0.05507480538499536,0.058743793050291135,0.04127332766368604
0.05657329666678598,0.05666350320916911,0.05399071657498791,0.046454086679170545,0.042648051239699974,0.04451639689014595,0.05285429877595229,0.05999785416981891,0.04130864431807197
0.05574261135530386,0.05688571211630269,0.05387821091265776,0.04615749933847718,0.041237283417545983,0.044906647935729585,0.05107993571981824,0.06071299629072633,0.04186276147645954
0.0550652761636707,0.05726042609976384,0.05380735018444048,0.04637863900015153,0.04036514439684261,0.045452998664398676,0.05094677271582403,0.061468076594134474,0.042358633784531544
0.0546814172689973,0.05786873189242865,0.05270839325722154,0.0467911106399086,0.04040753275240831,0.04532574577196985,0.051379627607967306,0.06179394572948237,0.04279198763197344
0.05486384105682531,0.058154796178131435,0.05224859949614423,0.04719333739075793,0.040722755823871484,0.04584177922593679,0.05206759861910445,0.06193043767582658,0.04364606334411759
0.055145883830703034,0.05852300286156127,0.05220233279472771,0.047785856808987136,0.04115465031558807,0.045926841364387364,0.05289046761086144,0.06202376917891201,0.04427878597082266
0.05554856522871421,0.05871822074701557,0.05234674639457232,0.048117983793766625,0.041673019049476435,0.04612405300999363,0.05346857060324286,0.06119004135022395,0.04443787964980493
0.055857118825628056,0.05886073585926211,0.052561375328617446,0.04839335454108112,0.042155460921755074,0.046241543516740674,0.0536768645526604,0.05750436761778016,0.044385233894793194
0.05622853698372477,0.05896392401199177,0.05300371766086213,0.048427361767467564,0.04247020388415251,0.04468996858502579,0.05396475847347092,0.05550239684355717,0.04511779107910582
0.056390088574004474,0.05896593716244752,0.05326730955990291,0.04869056950328721,0.04281926526760828,0.042688553431293436,0.054571895214694736,0.055427279947970386,0.045026504980220206
0.05645084758583196,0.05903520165911958,0.05350216931241964,0.04870927908325841,0.04278924842390732,0.04241963425190015,0.0547126580611835,0.05608710585093408,0.04452373690017058
0.056626703948872585,0.05901278065155211,0.05375536106717178,0.048862604226862734,0.04282733423029232,0.04272498068556806,0.0548435147797473,0.057381226774784105,0.04268056821750279
0.05644948376643134,0.058887274349300585,0.053750846884691415,0.04883643042083987,0.04272240571643123,0.0427353875875401,0.05452433680641331,0.058336830795904175,0.04168067693736457
0.056468683105380765,0.05761252152637969,0.05385816771975527,0.0488934982232435,0.04261905943810264,0.04357684664419881,0.05317741451248188,0.059076321876952616,0.041798060220714466
0.05654012549676441,0.05696084679784385,0.05382447195284071,0.04762033925533589,0.04214980650443948,0.04423354952726441,0.05092525927131584,0.06029495441082775,0.042293821319372066
0.05653960190518825,0.0567932334944628,0.053873817764563556,0.04667855506219856,0.04064568287615495,0.044692211901943314,0.05022789010315255,0.06076706360518312,0.04265205969845529
0.05563122091847969,0.05700920543385598,0.05391644934430353,0.046438962922063336,0.040105924144609735,0.04478341481138325,0.0505550275108523,0.06133686945524808,0.04342291188947264
0.05481276008119006,0.05736932327807374,0.053342171667121845,0.046766096246814,0.040153425372443256,0.04496719028335502,0.051293656552320155,0.061585356069684995,0.04404385418960042
0.054541845561600126,0.057724958834478785,0.0523798741752614,0.04711902271918232,0.040425895162392436,0.04542566901084924,0.052049355304055245,0.06140814082986784,0.044196053218020545
0.05472748396524745,0.058354778959269306,0.05214621742531434,0.04759827314637822,0.04077516912662499,0.04566104136844586,0.05289098711286673,0.0594207263122133,0.04425131727664071
0.054989336336766996,0.05858831372034456,0.05219823780337603,0.04814107587693523,0.041620982940561345,0.04550046710509915,0.053373061207860464,0.05595606053593093,0.04456702987439248
0.05537414425448105,0.05883666523901262,0.052391569301286474,0.04848797236128374,0.041952504446278585,0.04541570419486872,0.053803379961008826,0.055043278228107964,0.045083806168393935
0.05577843627529079,0.05887375420176648,0.05277277304676508,0.04868136215536487,0.04236527548853417,0.04424753201092941,0.05424075482491066,0.05537436296033549,0.04479307643615658
0.056016696208761554,0.05910580180633478,0.053213477315409694,0.048845852524398256,0.04268718060577427,0.04247783896875524,0.054660320888607915,0.05621899412849931,0.04380631711327995
0.05634266031719208,0.05903797030827926,0.05343201434386267,0.04884957559480077,0.04259883015940108,0.04166027413639272,0.05447204218428541,0.05794787185632874,0.04214726126403041
0.05641308658053634,0.059228611453685694,0.053572616277191724,0.04888284278489377,0.042476268402077307,0.04178565149456135,0.05512051932901166,0.059040874684094954,0.04144474647735871
0.05636892460677702,0.059241931227429045,0.05378630917674419,0.0488479324564204,0.04284019370639914,0.04226965125150998,0.05407865434143677,0.05967368307908068,0.04090538365084528
0.056394807453240325,0.05912145412287633,0.053917454020467916,0.0487421939229709,0.042988314183151535,0.042759758300746825,0.051730868799802016,0.060195513331908576,0.0411841565786643
0.056329739495205915,0.05831134006140538,0.05387280571516365,0.04768479589048186,0.0423107370356651,0.04338249574753448,0.05047629775997038,0.060406343713798244,0.041735791985449314
0.05634423809500836,0.05719801204568777,0.05389722021617652,0.046517566854996556,0.04065060550219075,0.04380122814650703,0.05064820850950348,0.060848392192180176,0.04320266313247968
0.0563776425572074,0.056951908361172913,0.05395617099533558,0.04639237136575162,0.04006992257792852,0.04403949953411285,0.05126919827864166,0.06148025733533727,0.044335477093242925
0.05581530714986803,0.057142915297952256,0.05392602718695524,0.046344546220751695,0.04015524066809311,0.04432288428722541,0.05178944880536215,0.061161417630543946,0.04445753125090424
0.054764738899384394,0.057266344620105165,0.053088003969511494,0.04677760753648789,0.04048870723686574,0.04457987791742046,0.05284192237953887,0.05813522979404596,0.04407343598282009
0.05449279506281824,0.05770057937520571,0.0522697498894211,0.04718296521151929,0.04073135837157572,0.04494529991687273,0.05308454843166339,0.05557140109222885,0.04391574360210904
0.05450844974438701,0.058139717271754,0.05227742454399513,0.047770909019090674,0.041492771380074706,0.044881600618762174,0.05417097466619406,0.05520329673431568,0.0434858604182093
0.05479687522938779,0.05844642606309122,0.052388424999156524,0.04825067092908777,0.04196187816275028,0.0450046010060584,0.05411439218662158,0.056172949500572576,0.043154128298064434
0.05510753858545391,0.05845864293577214,0.05258662086039424,0.04848906810641441,0.04227595614561255,0.04419034058392522,0.05478120546543224,0.05733855803740263,0.04193189799713246
0.05563083284677235,0.05867400831935407,0.05301441507650172,0.048523600082250665,0.04244771956768424,0.04249323361785185,0.0547898507505368,0.05861871569900954,0.04079506132757183
0.055881442157373264,0.05885366257101228,0.053420909923891306,0.04869345116105186,0.04262076813665339,0.04141692612895707,0.05506894647482856,0.059732627503203156,0.04076617622915237
0.056167807178497606,0.05892671906261337,0.053650560475940794,0.048684899646521,0.04278427578901422,0.04144454400726457,0.05521810848720464,0.06016226619100222,0.04124126219767863
0.056294988225801236,0.058830350402698295,0.05385572121488008,0.04878598921907901,0.04293973837025295,0.04188465342966597,0.053839998388170766,0.060774029650867756,0.0417388904263123
0.056313061745004854,0.05894453432384046,0.05394387363174159,0.04878538811910623,0.043095144965090225,0.04217918605876734,0.05199898846497656,0.06158879465772242,0.04231622193831479
0.05633084993132083,0.05911531736817742,0.05395773104916013,0.04858764872002634,0.04212334093442124,0.04281593416152351,0.05146338288101955,0.06179031444110907,0.04289524434604656
0.05630327950940777,0.05820503834569449,0.05401198836196554,0.047027696660034216,0.04060624505701167,0.043355792853070285,0.051592359169947435,0.06197280219533016,0.043632511488489234
0.056286395594443504,0.0570840679795052,0.053979933555377176,0.0461311335881519,0.040086631012685066,0.04370179838273762,0.05246990857726047,0.06134085688067095,0.04385695319172794
0.05639158860326631,0.056706201607308424,0.05405439376545395,0.046182788800591824,0.040236010154834356,0.04378748174381379,0.05299453797146871,0.058596633452636986,0.044480731372955655
0.05595219621249158,0.056764584681603024,0.053831972500232375,0.046496684967725285,0.040602984884548686,0.04411306185328929,0.05386166052812435,0.05659404256956691,0.04433735848045537
0.054919272989802176,0.05712699451134118,0.0529191905455631,0.04674337153674001,0.040789299019382885,0.04412486470774428,0.05467559866635402,0.056750670157291815,0.04436962070013652
0.05448164012361261,0.05739185609704274,0.0524221530000304,0.04733696240704792,0.04154217832714184,0.0442273572321269,0.05527963932364783,0.0573419835385213,0.04365601831093997
0.05447069149216266,0.058129810623049165,0.05246568383968071,0.04783000709222121,0.04201593535835254,0.044417787304113346,0.055707594597333036,0.058442408846982825,0.04166792695268097
0.054729388340572026,0.058363527373381414,0.052623700590033906,0.0480893293691843,0.042427613739988844,0.04411248301059031,0.05601450199018555,0.05972848215298712,0.04089205177193744
0.05509075079833457,0.05881128756465495,0.05299684509599027,0.04850674632738819,0.04260616675850239,0.042638252122545774,0.05651049460839042,0.06051056899502308,0.041365572380853255
0.055518658711082275,0.058862719669668676,0.05324365074600321,0.048392166672903116,0.04282771420747455,0.04160048901586514,0.05687685103330275,0.061107988785801294,0.0417234574947634
0.05593152173803263,0.05901028746173758,0.05353819282948329,0.048614192888232,0.042807300097323746,0.04139577648546787,0.05649143677372687,0.061620648965751416,0.042340813982234625
0.05613563728338032,0.05898837536043946,0.053838593395857656,0.048658075897246036,0.04287066506707567,0.04175072275412746,0.05492850589256796,0.06222738702811237,0.04309783959659612
0.05629929442794605,0.058999790044248254,0.05409193577556968,0.0486107286369678,0.04296743555459668,0.04201789144858525,0.053554466935853855,0.06279219189702423,0.04352415553157403
0.05638501083325398,0.059027673685979644,0.05406185281952,0.048656501605852574,0.04204636523011902,0.042747361789471874,0.053142487311197646,0.06251383090681192,0.044090047784286386
0.05638781224734693,0.059199874307920404,0.054065590313659345,0.047845127567760784,0.04064772362766369,0.043052004793107244,0.05348887612464934,0.06148986616196743,0.04431017766165751
0.05632942333836072,0.058575414122114,0.05393145481382015,0.04639580363794474,0.040150402231343585,0.04358446593913589,0.054385533643258446,0.0584707157160119,0.04482651963069805
0.05616893356799375,0.05705707443311211,0.053918284002117726,0.04604827051863486,0.040189707143398444,0.043773055247229915,0.0552487956035103,0.056849918505437066,0.04503977331164101
0.05613953325057318,0.05648797913696528,0.05382897998555212,0.046226882113885925,0.04060091136145862,0.0441879121825814,0.05583813102772206,0.05688610058567011,0.04488446166537383
0.05586857238382712,0.05660426228173315,0.05316311934328775,0.0465469333079685,0.041068418061971625,0.0441727955778603,0.056313146804006495,0.05734991986226586,0.04271637239951645
0.054742785460161224,0.056931948851761,0.05228261908324316,0.046821690833924796,0.04175644528368646,0.04427289675788596,0.05653041310495938,0.05769787445792675,0.041251817102195415
0.0540618107645678,0.057327966846288964,0.052248564881284223,0.04746600807610389,0.04211012065406179,0.04433717771268173,0.05633881139358458,0.0596363825547222,0.04151082256802489
0.05403294181343353,0.05781049455817686,0.05232244681927416,0.04793740809291222,0.04255946152047189,0.04447972134429866,0.05658820394555204,0.06065192472855327,0.04223679781128732
0.054426660851527565,0.05824165807008486,0.05253007715586517,0.04821957525802848,0.04268952544309702,0.04323052387930914,0.05754112830172642,0.06146461660405401,0.04281328652582172
0.0549934511562302,0.05859647636570653,0.05282151202487618,0.04841609332358027,0.042719017799429916,0.042080074895946847,0.05803920585758146,0.06204841963911545,0.04338767308168278
0.055557175331829356,0.05882310424022748,0.05335779748947962,0.04847578819971197,0.04297168175091982,0.04144316539392142,0.05747149306039428,0.06221765390837835,0.043982515514610465
0.05594797856304453,0.058902425822688065,0.053575840671969854,0.048598184418445274,0.043029171298103436,0.0416653179040466,0.05502558819491784,0.06189038331161835,0.04483459109864012
0.05619967723271589,0.05902138056703687,0.05363879887626521,0.04860924506454215,0.043226460462144414,0.04218078131083599,0.0533386711315293,0.061250499085421344,0.0449682398818949
0.056351620614683386,0.05897076370556866,0.053818404154116366,0.048701841408262884,0.04213121204061427,0.04255918392968654,0.05272756120006271,0.05857024345251974,0.04494018329204471
0.056625766860300006,0.05885411129515634,0.053843493418450995,0.0485903669591952,0.04069544067690868,0.04312469880179204,0.053161014648072644,0.057044128783137006,0.045434086096708265
0.056525428048700255,0.05896317105594404,0.05382499246332859,0.04725531341910962,0.04031692859730131,0.04348246449400301,0.05355002546149343,0.056770566717222665,0.045463370630595586
0.05651774402928297,0.058824819133626645,0.053810124255312966,0.04621352936381887,0.04047867040629301,0.04359874741041253,0.05416313881317199,0.05731370897708497,0.045048914681239456
0.056489682888016826,0.057324331018095497,0.05386137675735262,0.04612270544277716,0.04075300475017534,0.04376804819721965,0.05458891731533853,0.05846554838279955,0.04318559074477715
0.05657724718006774,0.0567137739129072,0.05374622587212703,0.046289231278604244,0.041362632855277234,0.0438271275154945,0.05486336068284495,0.060111581671649,0.04226489962161991
0.05666219992995765,0.056762371131232,0.05272452584985523,0.04657826462984442,0.041906920910354674,0.04382008444927063,0.05510351259704731,0.06105155338210132,0.042284906918121326
0.055698480176897824,0.05692800825292997,0.05217129185116192,0.047008291413221076,0.042373830277799215,0.04425190489287937,0.05552823303758568,0.06184017927853529,0.04244387010322249
0.0549897096158242,0.05741563796248587,0.052085187980516486,0.04769860270816606,0.04279343321097222,0.044622279855646665,0.05568433016620953,0.0628124939763799,0.04355338532912598
0.05478637216634764,0.05786998590442889,0.05230306397863357,0.047975815732927786,0.04285761604959497,0.04378326156337622,0.05569175211934234,0.06322842522299243,0.044144460006739106
0.05490428867948329,0.05838973685602589,0.05250645056316804,0.048232978761739737,0.043126948474866714,0.04207445007304514,0.05518511810898275,0.06379311315547698,0.04468072969325605
0.05516349646244028,0.058778701887369326,0.052888071866771066,0.04826164964620267,0.04308147435151016,0.04112549919579896,0.0531732671232535,0.06442510376173805,0.045247132228853224
0.055601859078524295,0.059024942136308434,0.05329291989460579,0.0483984304575654,0.04318927684005415,0.041053450822855546,0.05119635553332817,0.06282724912132119,0.045301930481639024
0.056001875989796425,0.0591962173517042,0.05342923887039926,0.04855554863404247,0.04314662482678418,0.041315128898683474,0.050450401906930946,0.05913402868806729,0.04571606491613379
0.056398270651478684,0.05920634452628602,0.053614975046868074,0.048593558182156285,0.042683706411503444,0.04184201781582197,0.05092528314159781,0.057744225335801466,0.046355490306171525
0.05645535880456697,0.05920227027807783,0.05382771324648421,0.04867925103528116,0.04117810062621749,0.042313443328590515,0.051604558879770404,0.05779930886350036,0.04638164426456226
0.05663406737677497,0.05925885084080672,0.053630265625446476,0.04822031096110102,0.04069956249354488,0.04276357144465193,0.05248356057147281,0.05880315172469631,0.044950324088510636
0.05662199922595195,0.059326183129676864,0.053768807268762236,0.04678043557816117,0.040760576840739034,0.04335393559480548,0.05313015415899495,0.05997507693983721,0.04320592856830601
0.05655169492201777,0.05924435611737672,0.05370111706770416,0.04611955721428141,0.04118872834604626,0.04348165355632946,0.05347362085168075,0.061635130834595916,0.042763998024400576
0.05657790825609307,0.058365182121709304,0.053792476451424306,0.046260941589911654,0.041608711424571586,0.04366175208080884,0.05390908839110286,0.06288540099742876,0.043018927803477255
0.05654622575424914,0.057213236410115845,0.053195453220607404,0.046522685320872885,0.042118543315271414,0.043572814965287095,0.05396577111604031,0.06366834443117948,0.04361744451383183
0.05657303578939699,0.056949414728029,0.0522650266618338,0.047042120769386374,0.04248192955642447,0.043922147427537396,0.05439873188483982,0.06476599030269686,0.04445364921680166
0.05600899710885466,0.0570979001370628,0.05195107735960969,0.0475835419630014,0.04274070577953903,0.04418516029061105,0.05429955675524037,0.06564034696428564,0.04504857450448557
0.054975016564145746,0.057351613422003386,0.05204860969566443,0.047961670918526635,0.04290272480268579,0.0433976359748106,0.054677455151188485,0.06552960209068305,0.04588919806006644
0.0545120983301302,0.05776276186060359,0.05239357587422827,0.048307264207395895,0.043154078845103784,0.041552958984385775,0.05359285685996361,0.06607362636492596,0.04624679104727123
0.05466302173965276,0.05822695063997732,0.052519401206303634,0.048595347291883445,0.043142240830266576,0.04062830339342319,0.05142446717757113,0.06285177211287422,0.046471038576292
0.05489861939148502,0.05867145458750116,0.052950965887634614,0.04885845703369242,0.04329996571888254,0.040773134158733536,0.0502612443251271,0.059159835219986974,0.04689237111610838
0.055347583157810354,0.05897398304683403,0.053254930528024144,0.04883073030186354,0.04325523549244641,0.041191504399022874,0.05079803211443797,0.05865137553159508,0.047000154170251426
0.05581669035283804,0.059106318734594765,0.05349315149289746,0.04874845396723326,0.04284242373855345,0.041512055023447784,0.05122326569836848,0.05922813454888894,0.04684593931148593
0.056139757328793456,0.059174148198454186,0.05358274986845723,0.04880385631553624,0.04130615130632728,0.04229093580835297,0.05178430240322052,0.0602005955069808,0.045488783176848964
0.0563099691403495,0.059035995186055,0.05366435569600499,0.04893150353931392,0.040473398482647686,0.04265906009186179,0.05268036075524498,0.06165866946681027,0.04419284175237502
0.05648543898182581,0.05894409737607957,0.053615363710761525,0.04814260227458107,0.04050106368949737,0.042920672084824,0.053302780529608844,0.0628198471941113,0.04373026062331653
0.0565940713797611,0.058967538597566614,0.05360208728910477,0.046853962852243726,0.04057110378982011,0.04328274483254772,0.05404076071087471,0.06389447841080645,0.044034157842542575
0.056466765125581436,0.058908008361669116,0.0536836771235873,0.04649788063466519,0.041003617807544385,0.04342912497487719,0.054290965237268486,0.06445106228064311,0.04469594685866315
0.05649841724260967,0.058146697034482935,0.05358861842722652,0.046634676678783786,0.04166960933080359,0.04366109319506056,0.05453103022725184,0.06444654331629877,0.04526266814155064
0.05646803493660771,0.05719304953404655,0.05268357129915977,0.04701830531250936,0.042063742803550616,0.04383111955046875,0.05487129327507047,0.06502292931016229,0.04598264485995891
0.05655946174587894,0.05677611512614963,0.05194590764960131,0.04737637712387931,0.042323076271981244,0.04398893712493645,0.055033628832031646,0.06571379748211251,0.046577787760076636
0.056029697991470784,0.05694687058915846,0.051975788813011646,0.04795571833538344,0.042447934137328135,0.04362961250564478,0.055295750309327235,0.06531336302559973,0.046439970972847536
0.054848043572830726,0.05726874320618752,0.05208483605809227,0.04832352363322423,0.04261756348769588,0.04181582033592805,0.05291309095253996,0.061031859805069984,0.04670318667631705
0.05444583679558496,0.057551109745240955,0.05230389311178765,0.04858767564442098,0.04279059416258738,0.040772724810788745,0.05144083738576796,0.05900679798301753,0.047201621930321666
0.054553834472310866,0.0581010160422487,0.05258097987487995,0.048956439525698454,0.04297619689551507,0.040673574797082675,0.050711918305517446,0.05872572001228736,0.047031500938979225
0.054829986046553744,0.05855795418734057,0.05304571633344547,0.0488899534606652,0.04289253170910644,0.041114967281896106,0.05168600322276088,0.0590319851047753,0.0464994033826776
0.05509249395444849,0.05880200032538977,0.05329743163936323,0.04888813884843206,0.041934460556109936,0.04154866123873706,0.05241089521746218,0.05988299967012982,0.045016420580696194
0.05562612300042839,0.059041427041936045,0.05350969587801235,0.048924741274974176,0.04038837737890725,0.042130626470008266,0.053092991311346094,0.06130691240892115,0.043567219686063155
0.056006303862448086,0.05914987846109285,0.053498002096675934,0.049135300550931675,0.040016312432083416,0.04277374192875982,0.054008662277888746,0.06219204844598426,0.04305170025756685
0.05617148150026306,0.05920389543401602,0.05357277865669523,0.048926469536892454,0.040123598524730845,0.04306772697840415,0.05478640765339524,0.06320108475702237,0.043447442482030404
0.056302431407059386,0.059248911230437074,0.05362031917901838,0.04760029779992109,0.0405220915155571,0.04378451378907651,0.05480147937195392,0.06344366679088076,0.04349168536871263
0.056333578366415414,0.05921314356869025,0.05364013319492124,0.04650789856609158,0.04103162329412106,0.04403508343762136,0.05506468546815661,0.06337884623854957,0.04369226198649729
0.05640921146427311,0.059171574474228314,0.05361308283034228,0.046221007265012874,0.04157272876600452,0.044179358916320494,0.054983037342613186,0.06405616536031498,0.043689181203368635
0.056365812371130135,0.058718352710330664,0.053358088557747395,0.04647869588567689,0.04200893075927889,0.04438020134644075,0.05523234138056038,0.06378416957614624,0.04441754016633675
0.05637062563818021,0.05726323500015586,0.05240382508629995,0.046788628565986784,0.04222677587264165,0.04454725009301721,0.05559654470530126,0.06226277833431226,0.04525438097956799
0.056290747765532535,0.0567690087460805,0.05201292866183727,0.047264017716948103,0.04236733278838812,0.04458732410081521,0.05483139880347169,0.05858893956761677,0.04549611438331109
0.05608506232675056,0.056798705629108374,0.05197687057584014,0.04779396397216666,0.04245107171775452,0.043021418419554765,0.05282137219766036,0.05767320062405213,0.045112342473098796
0.054874364161345536,0.05706145630345568,0.0522201474962557,0.048172635093333305,0.042673832689100896,0.041757113694887216,0.0507910669232036,0.05736340059898758,0.04459950915305137
0.05435724781278807,0.05729313775344059,0.05253285632783282,0.048536177667195396,0.04270809952983569,0.04155573854481094,0.050809478170865695,0.058443618075532694,0.0429076804417001
0.054400705646703754,0.057865279706973104,0.05291756152957454,0.048681889280057254,0.04270994215235785,0.041945023593478695,0.051630074490962644,0.05984704114123128,0.041151726270203776
0.05460061035385307,0.058301103458048724,0.05322440152539557,0.0487029629622316,0.04142427851195398,0.042639936409679696,0.05255688694274153,0.06067933469217624,0.040610805204277435
0.05495003982861944,0.05865156939114591,0.05346174805862071,0.04885235818462997,0.04013958933438994,0.043227566999370734,0.05362116388188828,0.061683665088241676,0.04068229087776705
0.055399832969334116,0.058999750340169736,0.05357344275478675,0.048874155182972466,0.03987943458699246,0.04388410721382297,0.053940477683231465,0.062430111137709667,0.04133785022064647
0.05574346910511899,0.05895955550098133,0.05365528898725794,0.048783966656645215,0.040048453058718646,0.044287408921359954,0.05429041564456226,0.06257429891935244,0.041654884631692125
0.05609636236859223,0.059054322586529755,0.05371356917983139,0.048093882119504265,0.04034614446788624,0.04473247032802693,0.054483979472603423,0.06317658410790628,0.04216994953004764
0.05616449275946327,0.05919832171665132,0.05366656076199878,0.046437393173407365,0.04082956508744671,0.04486963272835212,0.05417544211441578,0.06353784876394067,0.042729191056313724
0.05643718606373452,0.059125028606946066,0.05373504122334371,0.04605842850409084,0.0415501904913015,0.04514800218510448,0.054482068936405614,0.06324450252588144,0.04291565956643568
0.056387129397907874,0.05906929307217704,0.05370033775291928,0.046372344317901965,0.04183072318771257,0.04537809050674589,0.05481283734256555,0.060792483448083565,0.042896293839726686
0.056373383999955985,0.05888411913320717,0.05323444444609179,0.04659810542517011,0.04218553166302253,0.045524407581465406,0.05470938804205032,0.058502838815296394,0.042920768616493375
0.056291628432503,0.05759827566319565,0.05246139557783516,0.04696852377517583,0.04215218616812824,0.04541417919175594,0.05314315495314919,0.05757971396437206,0.043197764514396955
0.056274302003770094,0.056745348654862346,0.05201417224662227,0.047688651318852145,0.04239207727938956,0.044662084488423626,0.0512727874383616,0.058144258060980884,0.042822413778250724
0.05619927977716478,0.05678719175394629,0.052250622491724706,0.04804325716874113,0.04245765849611126,0.04336942862220761,0.05081329729205286,0.05926129029874218,0.04110328647063185
0.05530134592593537,0.05693411811983358,0.052411521352267336,0.04831086763258184,0.04238920803734375,0.0425702432126211,0.0513835471879132,0.0600306443313382,0.03983406731835594
0.05453612209763888,0.0572046166172694,0.05275560631493203,0.048542690448433096,0.04254077411781879,0.04260949659985499,0.05189100469518481,0.06164969083433948,0.039724340496270424
0.054475616818064815,0.057826266493491936,0.05304130530408012,0.04853211750899759,0.041268994354672274,0.04307922130663424,0.052716446959424325,0.06201563292774139,0.03993650160744903
0.05459863400733628,0.05822975071286156,0.05338907468682567,0.04857293125232391,0.0400862874117355,0.04323869692501947,0.05355548958350472,0.06274938723729995,0.040286200627507776
0.05492003917592063,0.05866481923392268,0.05354797769313644,0.04874703221948035,0.04000280543824612,0.04393466166931588,0.053714704561970826,0.06314746681722326,0.04104268967507364
0.055251696578826996,0.05886846438343873,0.05372945017986302,0.04884175755286873,0.040195293130012,0.04450614364199982,0.054248809778349075,0.06347484162875892,0.04166931336411522
0.05575290527173688,0.05907759724274619,0.053720980835827874,0.04869890978923633,0.04038986410215713,0.04488319092095533,0.05464703873680009,0.06380706877571725,0.041806210657439835
0.05607831632498088,0.059089765794454546,0.05375790213328407,0.047200117103467415,0.04087259576199264,0.045493020924048694,0.05494295509510575,0.06336037600330448,0.04213044454375742
0.05629200157999596,0.05915737389187719,0.05372221120701165,0.04624166191488511,0.04147442230090108,0.04521541439808978,0.0550341851336047,0.060785251026308044,0.042172368597989264
0.05623566271017006,0.059174738314784085,0.053883077964298684,0.04610106549321094,0.04178573902992107,0.04570215457666417,0.05533686716425952,0.0585254622306388,0.0424189534068728
0.05632033410441586,0.059208998035539716,0.053729166782829046,0.0464532589826379,0.042146522796662776,0.0460138152852093,0.054647329552640955,0.05795583679713404,0.042513516526811304
0.05632925144744316,0.059162604191535274,0.05264969172672051,0.04671563626598679,0.04223114651989464,0.046386891201741505,0.05201943139431545,0.058552621737253494,0.041335242868775844
0.05637478476942599,0.058279258762725175,0.0519671279047443,0.04732540597034157,0.042371960445029645,0.04549906429686258,0.050917840821822394,0.0589070352514818,0.03971728730829263
0.05633277156029033,0.057143421302974375,0.05187085148354241,0.04788383401288379,0.04243554442610257,0.04344802154149745,0.05098448668974596,0.059996954621443534,0.039190754572373816
0.05636631713066855,0.05677608818262202,0.05202352261563252,0.048204298703059915,0.04242511523004504,0.0425476180366113,0.05157831494512723,0.06029612093282377,0.03927636382617056
0.05566632669124967,0.056984344302688,0.05222230214852737,0.04855424994891548,0.04250981598418317,0.04264109312417312,0.05247524428086038,0.06174186048510836,0.0396855716155321
0.05484734068554896,0.05731547519491488,0.05259689700461616,0.04858721704376383,0.04100786164434156,0.043074795851225874,0.053273956991206246,0.06248343850873585,0.0404181924313089
0.0545568787850795,0.05761831265069192,0.05304701909134277,0.048808794261320745,0.03998561771055942,0.04348117043016294,0.05408202498127236,0.06309453100774323,0.04156720555431755
0.0546754770998594,0.05816126795550171,0.05327002403178326,0.0487897022194716,0.03977056044909068,0.04428600165868623,0.05406629345979093,0.0633660151223912,0.042099639655632556
0.05494120879559138,0.05859901909284172,0.053476734731778955,0.048789512139269756,0.04009477597122816,0.04478612652956903,0.05472684543521594,0.06303752602252824,0.04212556813074898
0.055404137874547336,0.05880065841603094,0.053535544043124376,0.04881117818944454,0.04049418989604443,0.04529851303328358,0.054965127443867765,0.06083205113176386,0.042300595170981795
0.05591923999052229,0.05901058877922156,0.05363415710771791,0.048313717936173436,0.040993547333032745,0.04561367968866705,0.055861345755664815,0.05767130602560544,0.0427995104719405
0.05607799903177212,0.05891593889049654,0.05352798996313335,0.046718738355753485,0.04153271512286525,0.04579470302748999,0.055772506067000696,0.05647808956809395,0.042871436685025015
0.05627164895480763,0.05905214705803439,0.05357614133285902,0.046277222369274916,0.041917643859272845,0.045892941682270066,0.055895349783573064,0.05666999714452106,0.04252655479828633
0.05652551194079992,0.0589094295379377,0.05365234773523518,0.04640511250260044,0.042327600308835284,0.046113780821132086,0.054096411044762475,0.058047803720534946,0.040832861073940206
0.056403057450862944,0.05883272019468358,0.05304089690284723,0.046692870473377786,0.042345411902781536,0.04609930664792068,0.05196722601463112,0.059093462988882295,0.03985961108397255
0.05648525268418759,0.05885744668788877,0.0519563942745883,0.047171951874885015,0.042557487120076856,0.045395460554316786,0.05161864154770437,0.060051322292960306,0.03981618967305769
0.05654917998197247,0.05821814585958843,0.051714476365443456,0.047729880700405056,0.04256202063493161,0.04353628621157417,0.05225807261327848,0.061042394045723675,0.04023172341137719
0.05658705646189536,0.05703510696289581,0.051910365444187055,0.04811545931072617,0.042722929630574856,0.04236402132890174,0.05258311634554671,0.061767454067129815,0.040691753586170575
0.056588000424124985,0.05668640895737159,0.05218538890736452,0.048523154020221546,0.04267375116507748,0.0424817160722183,0.05381309387247677,0.062371046933501754,0.041343871096869794
0.056077220202481515,0.05687022866357635,0.05243191055199154,0.0486352635966943,0.04145912805925446,0.04256435831559155,0.05451744269556777,0.06268558646572892,0.041741250163273284
0.05521406245116006,0.057198438295396344,0.05281013254636104,0.04875108189926684,0.040329913616926116,0.04285246908344602,0.055160812534775325,0.0624486199893883,0.042300286069237414
0.05477863882043731,0.05755468337252814,0.05316141396874499,0.048744283749677514,0.040216539389418916,0.04350657529166888,0.05586924918573818,0.06233054175510147,0.04261110894214767
0.05467550930664577,0.05810751577750457,0.05326061068978368,0.04875938739415323,0.04040429749397654,0.044213295758305286,0.05607870093166186,0.05903287237172127,0.04278498656283558
0.05490914880714058,0.05845275054789628,0.05340923030109823,0.04882069225875043,0.04077876258053412,0.04456271937748135,0.05671993339574562,0.05621653250586456,0.04331301278499265
0.05527776957454975,0.058781385988087034,0.05338948940406487,0.048902964512033076,0.0412937522704728,0.04495978675411752,0.056919325827605026,0.05595310407710544,0.04322976975442231
0.05586713381055138,0.058989839735187594,0.053440945327951,0.04755404596978505,0.04173739557033463,0.0450881865135708,0.057302627691095454,0.05644948892878352,0.042907479240819515
0.056093269429360805,0.05898128721598214,0.05351377920956411,0.046596049761813654,0.04228165527873269,0.04518488438221351,0.05645679596322316,0.05744937549120241,0.04087153896588819
0.05626822590928186,0.059159199813101776,0.053468353014178724,0.046378998998147215,0.0424568120359819,0.04514101177196099,0.054404099865197814,0.058689518172148195,0.04025213755859074
0.05638677911601187,0.059158763036942265,0.05346224895562616,0.04666507623893075,0.042618918873852496,0.04523195807636909,0.0530244438032946,0.05976865218466537,0.04052967347218376
0.05644706879827653,0.05916006100426802,0.05254212442762904,0.04690866098842221,0.04267272905452474,0.045188891524050874,0.052940750477263425,0.06035933505378369,0.04072285250825246
0.05637979415341326,0.059155390972055515,0.05181579281065642,0.047582729048704565,0.042746093703686816,0.04375423319949305,0.053552801635778205,0.0611394434922049,0.04147720716943724
0.0564045119500545,0.05885823478559663,0.05179956509982021,0.048038249797072656,0.04281260830754138,0.042154516383316014,0.054326711946255136,0.061460512924699055,0.04238257789446131
0.056330397178770135,0.05748527204298782,0.05201956826661144,0.048437078327529894,0.04292658646059145,0.04157687435633296,0.05533316024202985,0.061731869754771684,0.042765237750193114
0.056290799281876074,0.05681914196743408,0.052269912308589836,0.04880461641261255,0.04184135742008113,0.04183996439827164,0.05557205685050268,0.06176331812075187,0.043446810536711934
0.055780779316837885,0.05679877374057191,0.05252933772806649,0.04894977347625753,0.040667379384165814,0.042303571318056295,0.0566779831015086,0.06021889177598332,0.04356595890432106
0.05482647693314649,0.05707533860916503,0.05304409658372888,0.04903584944702257,0.04038437917102695,0.04288131570231419,0.05684422807474569,0.05647499099515044,0.04388106351063483
0.05434484664065771,0.057449785710946256,0.05320594702723557,0.049106813328548694,0.040628895787444455,0.04356053130270523,0.05734136054106435,0.055204947095851976,0.04447853073029274
0.05450273881486441,0.057945238046211656,0.05339516883714523,0.04923663231840508,0.040838950729051145,0.04397230176631932,0.05758498708057931,0.05523135654921517,0.04458778796090544
0.054809718812376756,0.05846006547576981,0.05345465621511485,0.0493022540606199,0.041462341963663024,0.04393803596480258,0.0580450178862612,0.05593789387978335,0.04343335699662453
0.0551920168809227,0.058707508924041855,0.05352238115589566,0.04903277974596929,0.04199008873364252,0.04426056771752596,0.05814421638598992,0.057325459805344633,0.041878182668852515
0.05555618157684771,0.05905528420947181,0.05352239992228531,0.04751586658424038,0.042324320053811496,0.04437031609285939,0.05638129247694026,0.058504084893038655,0.0415966154519259
0.05593213044633021,0.05923199081893203,0.05357837526536181,0.04672680704945913,0.042695349508401176,0.04452518512699249,0.053807820931204293,0.059433534934836975,0.04185222923562127
0.05609863864243059,0.05910804451353339,0.05352595907306385,0.04675037077204173,0.04273228802066825,0.04466849217770582,0.05320367198613031,0.05993389728882489,0.042618804432707706
0.05628471861085552,0.05924960926013048,0.05321337530456403,0.0470152962184608,0.042728950505093,0.04451748226839597,0.05342888001543944,0.06071491633874227,0.04333762935710442
0.05637586830866645,0.05918766544139273,0.05225579318141423,0.04741515395117466,0.04252350696573096,0.043525579920314694,0.053890172654389806,0.06077705427139047,0.044052358049284965
0.05631168089305714,0.05915236003179946,0.051927308633176475,0.04794581549278059,0.04258033442397624,0.041894818927375066,0.05504436786770156,0.061095994192966456,0.04481656506289124
0.05632953339870405,0.05906145887289959,0.0519178328380907,0.04839942965136569,0.04258568655712913,0.0413051243741048,0.055674842523876784,0.061365122620731245,0.044842071069219745
0.0562151982817288,0.0577316197966711,0.052156572542816075,0.04888772507791394,0.041243460685464334,0.041498999762587696,0.05644582318986932,0.05840872193393758,0.045289280464656155
0.056400808094832854,0.056899334784739915,0.05242066838005802,0.048838829731819,0.04019492733049141,0.0419137230466329,0.05694484142629377,0.05583396120487538,0.04578319019371443
0.056081649340260685,0.056800011867677545,0.05275512105810967,0.048980471403699134,0.04001785148248191,0.042519015824206426,0.05689350610747156,0.05585987701161005,0.0459904828117428
0.05493605095401026,0.05703104023145832,0.05312502841886694,0.049207380314657656,0.040411293363626165,0.04305797591318292,0.056994467156277456,0.05618756167072568,0.04607568777901598
0.054298129368766296,0.05734796232821553,0.053404949094140244,0.04917162560957479,0.040615447149155506,0.04331646155333389,0.05738129339027301,0.05709738470124024,0.04473004171994896
0.0543625928074607,0.05784950747756713,0.05351322793779676,0.04933712870629488,0.04111550210498519,0.04353334398233907,0.057875340488512776,0.058472020123983816,0.04340262554571697
0.05450411748412281,0.058466195332661765,0.053482067586843554,0.049142640624968925,0.04182235927790468,0.04376197017279471,0.0571356081716895,0.060075498591376765,0.04316255546437574
0.05480082670358712,0.0586658573689937,0.053516820909537265,0.04834503969560601,0.04222077994731846,0.04385809690586874,0.05450330623613401,0.060794511074531876,0.0434567137675819
0.05531901808810885,0.05913424432673538,0.053547556871256584,0.04721792011598979,0.04238588746832452,0.04377893332975822,0.05288686340069015,0.06179021813889655,0.04387253748144308
0.05568083615463988,0.0591688090507356,0.05360170523107405,0.04675172905896106,0.042576400292208536,0.04405643737189913,0.052693591564817996,0.06251261922976001,0.04456173196219042
0.05603119892202436,0.05934570827157651,0.05357195158320898,0.0468857755267582,0.04271313378155194,0.04419690778634699,0.05289252470445204,0.06280438631677862,0.045326995670597926
0.056112823918221,0.05941473141047276,0.052801321011175684,0.04709274558495845,0.04273155674785228,0.04291985766612655,0.05376117586867809,0.06337613305893866,0.045753854220112126
0.05623572778377554,0.05949491174864026,0.05206236017860708,0.04743153136115121,0.04301405905353874,0.04171463223344818,0.054275151747239965,0.0628803282171809,0.04585266181968533
0.056224271385062745,0.059362017147852525,0.05194713543359258,0.047835445085945304,0.04275599999798408,0.041139752900529236,0.05479081396378637,0.06017534149166488,0.04605371160359009
0.056244394286388784,0.059515089124349836,0.05215090729519565,0.04808816203519231,0.0412604934906369,0.04145027500060982,0.05521849813440597,0.05787696576590727,0.04578502466843328
0.056090279035652106,0.058751223141679416,0.05243967285605845,0.048292733586914875,0.040221252117130256,0.04167689047051201,0.055584522983252775,0.057674492455067033,0.04613385631381833
0.05623530563721504,0.05742934095495622,0.05279195078998771,0.048424854686073625,0.040137873809795985,0.042246896456626146,0.05572640354111594,0.05876344957621225,0.04676064947857755
0.05597005314181358,0.0570529016393351,0.05311102815385462,0.04868580909134106,0.04030756824861144,0.04283425198440792,0.0557518050535614,0.06012472753070375,0.04571208922521153
0.05500143898521086,0.057057535265581945,0.05336659852177127,0.04868135550740553,0.040701768556587914,0.04370624090076608,0.055821628518521786,0.06104556828298558,0.04441799779272264
0.05433007626988709,0.05747893125501131,0.053638287787166394,0.048868895970438336,0.04132277879674868,0.04378714898697472,0.0558218894317356,0.06288403424172863,0.04381958139538975
0.05418245811874661,0.05781483336564229,0.053745544482191036,0.04903545388758121,0.04191383275102719,0.044232904458998676,0.053912332117965193,0.06413518565292134,0.04378357269397428
0.05445339722976902,0.05845086824613964,0.053716550048975936,0.048716738641304366,0.04232364047275821,0.04429007447246185,0.051751133709954836,0.06432421453706198,0.0441122167746479
0.05472055483036377,0.058772459017865944,0.053707373408197395,0.0470326987157627,0.04254470493046313,0.04449990705959478,0.05105672200620097,0.0650614323448379,0.04457057623403004
0.05520033199530143,0.05923626254688388,0.05365950399052636,0.04618137982463733,0.042630366025988006,0.044573769021840036,0.05131960603761488,0.06596696031356518,0.04528106313698023
0.05564501703241366,0.05936498037239204,0.05371824023158363,0.046211079287032254,0.042788964475688356,0.044383757434146756,0.052197489940113445,0.06635477364294076,0.04585255947810828
0.055973904413438025,0.05940611006981117,0.053482793277577746,0.046467846742595624,0.04306529437604739,0.04362040423705663,0.05278485233273599,0.06497975824387812,0.046376419071929784
0.056236866984036175,0.05949228975238248,0.052590054324901485,0.04685681294827387,0.04312996804145247,0.04166482343713066,0.053299204293914666,0.06214153769592053,0.046945531693020084
0.05634170076694468,0.059532319335346785,0.05215316639256342,0.047424844842847126,0.04313981487934317,0.04091634756537818,0.054025360127403686,0.060013878675118044,0.04719610038452236
0.05644677737244315,0.059502025608939184,0.05207795151026091,0.047871475137246586,0.04134793777708688,0.04098506904922097,0.054403967879062584,0.05980047424947173,0.04707220349007445
0.05643865131753901,0.05955813651710227,0.05234750502242714,0.04821849448448373,0.040404729356110745,0.04147705720090795,0.05437155919909197,0.06012943210980211,0.04568854132436452
0.0565457982863724,0.05919571667292746,0.0525459103281332,0.04855141898193574,0.040349488123624815,0.04183684572345511,0.0543616970307961,0.06087163410899484,0.04376066981611426
0.05649853929598913,0.05796007683666793,0.0530136810492462,0.04849911068547982,0.04064957564824924,0.0423445198928336,0.054879606586931265,0.06332015725968533,0.043204893896435934
0.056396350658444,0.057170412255887114,0.053230846043265986,0.048759423684002635,0.04111228942951337,0.042848745656632936,0.05500092711734344,0.06447520036228913,0.043399813883909136
0.05572984524090857,0.0572345988548677,0.0533602623324197,0.04869956813426695,0.04169438580827028,0.0430031102571064,0.05429589030045853,0.06568017657609516,0.044044676932051906
0.05482013179514346,0.05737975498497874,0.053566580562019836,0.04892839876847381,0.04223994039030872,0.04322776870233963,0.05209498149821467,0.0663706103757975,0.044715167726641414
0.05450936203635731,0.057774911170247786,0.05358198096217523,0.04876247680995544,0.04282258133822588,0.04344006838593716,0.05089083282986137,0.06614039043831167,0.04516936029857645
0.05463067461005139,0.0581582847946595,0.053636975688863865,0.04774030951626185,0.042910247904357414,0.04353244976328536,0.05086991017715004,0.06579198512807165,0.04562470631758624
0.05488207820823613,0.05846753800439971,0.053564104587200255,0.04625245056468256,0.043088420131288496,0.04349141929405025,0.05134612472332568,0.06614285880669378,0.045927772665515385
0.05519750889575687,0.05875831160224423,0.05372238537604253,0.0459755686057535,0.0431592628321264,0.04377359330271622,0.05222149701327031,0.06347857524915702,0.04612951976042746
0.05568230229827186,0.05892131484779114,0.053716326082111174,0.04611069866674873,0.043176005242887575,0.04315438197870469,0.052917317548131095,0.0605495742912752,0.0465053304387813
0.056076500980894436,0.0591350111642096,0.053182208063125166,0.046434065109880254,0.0433381780834809,0.04143691675689637,0.053354874111914925,0.06005504913606837,0.04656198827853725
0.0563398888178276,0.059212261756706505,0.05224068685691485,0.04693556660542735,0.042963262026164066,0.04046507141792723,0.0539057050143757,0.06035596064752259,0.045987152241141124
0.056272747993819545,0.0591207027311009,0.052057422414205266,0.047405018430521605,0.04131224659105318,0.04040920324191245,0.05445991610378365,0.06156044519770155,0.043788428201283314
0.056355587918149985,0.059291467145842394,0.05210314451943033,0.04801319836388819,0.04062399912737132,0.040917428448064654,0.0546771969434577,0.06260049490408957,0.04232464587150382
0.056447254383727885,0.05935121088224795,0.052155480893277026,0.048229536440679704,0.04049042253042479,0.041209008752714174,0.05483768833418758,0.0633618663620961,0.04214566592814799
0.05641201360809241,0.05912943214323931,0.052413800694798264,0.04842777091661318,0.040775949394916404,0.04175931978259373,0.055342019514676474,0.06477490199670648,0.042621105751120096
0.056362062737646,0.05773020670694434,0.05267324730349097,0.04859226599510684,0.041230610572255175,0.04236982001399902,0.05516828071596925,0.06495238136320833,0.04307042577709999
0.0563495778047802,0.057011962596738124,0.052850835889878926,0.04858058592343823,0.04173984362934939,0.042779196253697145,0.05402507390577495,0.06499699385107748,0.043287168553188676
0.055902629660171156,0.05701930859053492,0.053112914959004026,0.04866769450528934,0.042364423595554423,0.04308017489868875,0.052046742060348025,0.06546845818694702,0.04364537928325366
0.0547308884636559,0.05731749725664619,0.05303045382019502,0.04866568605958636,0.04263708468561585,0.043175376385659374,0.05109439991812475,0.06542457702488451,0.04399263961638329
0.054515013370515196,0.057596082678020404,0.05316064288359315,0.04858242203869423,0.04304599644287566,0.04330073942188641,0.05119866444491196,0.06490958494610076,0.044670472797908214
0.05457185328736462,0.05807734798933715,0.053285405905640466,0.046858567532056965,0.04309654828612417,0.04369552701736043,0.05172931552092679,0.060786777847327556,0.044838390628665487
0.054715830066679676,0.05857509921259548,0.053316066099327875,0.046121218299394626,0.04299523351860485,0.04368898325488972,0.052810860473170754,0.058420279421639396,0.044732747444008236
0.055148522817709336,0.05881876170317605,0.05335854249827407,0.04601835822235399,0.043104432549079696,0.0438398843336352,0.053616332572674924,0.05845066203934709,0.044660776934962086
0.05568027290086678,0.05911311845309948,0.05320244352753456,0.04633537572705466,0.04319897926593886,0.042255433660120245,0.05419742730633713,0.0587939132405611,0.04358605519547597
0.05605350401593459,0.05929007260860523,0.05216225380428637,0.046747147662237795,0.04277848895499371,0.04102948397096917,0.05449398041807742,0.05954187350267076,0.04164914019917506
0.05624660643866983,0.05923949883325104,0.05156535584644331,0.04733877215975748,0.041218235416292937,0.04088238092830119,0.054680535820093815,0.061033364587998164,0.04081134724833137
0.05633901093232607,0.05927688793419805,0.05158395893590418,0.047801436125358324,0.04047168396778082,0.04119962481312336,0.05484102138024907,0.06173934715873727,0.04073470928486438
0.0564090614617282,0.059358385293871836,0.05180267219915817,0.04813129060360672,0.04045493115324478,0.04176866041585133,0.055067421277727596,0.06270504248340752,0.040981293098238024
0.05636637483968713,0.05930505014615889,0.05205976214417244,0.04838733893609461,0.040669032552052634,0.04221113793519309,0.055011790554333674,0.06308788006906235,0.0413276049373552
0.056277161522717396,0.059267147691549386,0.052336520138602245,0.04847843661288868,0.04106068868637746,0.042998120550435975,0.05453746068849724,0.06367506936943361,0.04225377055287066
0.05635362748670789,0.05815555264650917,0.052739749838582935,0.04861144668138197,0.041715456003476474,0.04329654480012486,0.052872108661620745,0.06378393133173799,0.042720230487045055
0.05645860577937663,0.05707688899850702,0.05304190672983292,0.0487259332137969,0.042221241192271386,0.043903004766757237,0.051745393208104486,0.063774068654583,0.042897448796770425
0.056043701423079496,0.05698946441180852,0.05314719564354898,0.04872942594724257,0.042487402024503275,0.04408074667279046,0.05133974628901212,0.061155518907624794,0.04286770552215195
0.054956980590291575,0.05713707928535281,0.05314493781611429,0.04884371131245297,0.04275850487130718,0.04414189087997026,0.05183206241557933,0.058016409901202305,0.04291716055056584
0.05446327511988602,0.05751493581309979,0.0531179703093131,0.047942422528878904,0.04285936052392189,0.04413608737160659,0.052452820349351253,0.05715625123626176,0.04307348406114641
0.0545266692901297,0.05788150093745344,0.05312729214205512,0.04657871238727051,0.04298313763816989,0.04446414538225445,0.052887230810857284,0.057049018026524234,0.04254298834019921
0.05468087567153014,0.05842375165352512,0.05321289043303554,0.04604443508655743,0.04283620743461575,0.04459802638447161,0.053406386219662295,0.05826926177069005,0.041201217517971726
0.05504186988702972,0.058746692073827086,0.05314733962588897,0.04619076133142363,0.043060467188100415,0.04361102622328082,0.0537381010789858,0.05900718055078376,0.03965211963128996
0.0555164061645272,0.059169726228465995,0.05257602547687765,0.04665686670402664,0.04267646044142906,0.04212238591429577,0.05386755809485297,0.06028499788779603,0.03980369875790302
0.055964821742883836,0.05927350269094977,0.051626672361416694,0.04705376861014957,0.04121564371206181,0.041593963004088255,0.05390870126284737,0.06117114873725939,0.03991819665143277
0.05618342371009472,0.05937007527451099,0.05135634733279628,0.047660726425958755,0.04048741683508937,0.04186129566940358,0.054328781616195455,0.06194733335975604,0.04041862074060872
0.05630058338397741,0.05943185962926525,0.051423931645166,0.04816048367019065,0.040383330028070624,0.04212128233919837,0.05503773209005706,0.06267843223198143,0.04096095859992843
0.05640819299436606,0.05946201679222811,0.05173897890533718,0.04841219366310302,0.0406061052801407,0.042374092640795676,0.055239155543483465,0.06315864724984543,0.04139803801621867
0.05642517529439104,0.059433441355496046,0.052152201471702506,0.04861607131229885,0.041022116703173316,0.04327049754184311,0.053596980530290494,0.06314200137313017,0.04164400670404258
0.05633428594340333,0.05934039333388871,0.052492681405142246,0.04876665218822103,0.04149532309917816,0.04378237286600491,0.051647290443889445,0.06290871721126386,0.04169307001266331
0.056440740909804145,0.058707998773317206,0.05271327030694925,0.048903406965822675,0.04186355870029917,0.044474409101985746,0.05060880512679579,0.05943919858207363,0.04182111682173967
0.05638836083023504,0.05743150832450083,0.05297974667712271,0.0489181719370353,0.04224605868124696,0.04461765258446581,0.05077292641956746,0.05715567725959377,0.042130804923319394
0.05631406553108416,0.056987546309832826,0.05302727245422745,0.04908423982568851,0.042553335544942256,0.044560751635041355,0.05173485978706346,0.057212922696521985,0.042444690358441214
0.05518019986909648,0.0571003377496486,0.053016458387019204,0.04896564442353879,0.042448522741824285,0.044503264491583504,0.05221207391702794,0.057762227793609816,0.04164282158816354
0.05455215042305575,0.057357808715047344,0.05302341415677936,0.04784233980731363,0.04256447790483001,0.04446752301469443,0.05292970435333148,0.0585914271413038,0.03990139918048029
0.05445911789778409,0.05772613361370001,0.05310444408637848,0.04669623164257826,0.04254546933827599,0.044315478922112427,0.05362561624673674,0.05998841574173532,0.03934244949395911
0.05464721147864082,0.05833956917513979,0.05301423982176451,0.046462311570408255,0.04265551316709218,0.043306273453923745,0.05419464298174653,0.061117274170398334,0.039294886143553795
0.05498622563264069,0.05876447586458876,0.0530628620114977,0.04671670188876993,0.042503812245883774,0.04186269529420129,0.05427326016988707,0.06230837228913657,0.03981152478362086
0.05538096996626035,0.05902371837774734,0.05218481070230444,0.04716063321113803,0.04111114377162501,0.04148624639670865,0.05445848305653822,0.06226035086025189,0.040186407046577756
0.05577679018917143,0.05931550787391499,0.05151293676332819,0.04778358602624375,0.040156026675071115,0.041640076432945074,0.05481391851845892,0.06280186142437137,0.04087804660486705
0.056208362143992406,0.05922357592408279,0.051361594713691325,0.04825935939157822,0.04017757295003659,0.04195376580837844,0.055221275016939846,0.06317876818205981,0.04153672252925809
0.05639147687458729,0.05952724837004308,0.051504861007578555,0.048498653442958756,0.04042220113886482,0.042404866150608095,0.05441914514195306,0.06320409653168481,0.041846684874231564
0.05648213227503755,0.059505037233000775,0.0517896435954091,0.04885339467217189,0.04087507917088861,0.04304442497415243,0.05270651445686788,0.06197029816344392,0.04196468422883838
0.05648433607337586,0.05943108132146005,0.05216741437764624,0.04898781942753965,0.04131360097118577,0.043484187458357595,0.05072055299765801,0.05891331804967968,0.042410819953245166
0.056420168829145544,0.05966974461985849,0.052559690607079754,0.04918521321150398,0.04158719851846214,0.04381680128933907,0.05046483446240739,0.05744050020214017,0.04267891790903407
0.05646541225309112,0.05936870202879789,0.05287119696078777,0.049245129040032413,0.0417489713225723,0.044012405891235486,0.05147877023358567,0.05779407080713744,0.04241405893067917
0.056455947363762166,0.05805764348396759,0.05308556071402601,0.04932436500890062,0.04181615035258975,0.0442149284970631,0.05194206622113677,0.05827286991844485,0.04185563001766133
0.056496504310392597,0.05725722078331166,0.05310143137298067,0.04934109316026189,0.04186882955018501,0.04449066144800674,0.05287663920435162,0.05944344633105373,0.04045478271057835
0.05562232293327516,0.05716219185446636,0.052985514306616924,0.049213054124601086,0.04190605464063275,0.04458438413690062,0.05340734079977756,0.06114214443125563,0.03987021852690921
0.054845050716834945,0.05748692483244104,0.053045492233671124,0.04780405051330519,0.04197664136238558,0.04448386886093619,0.05405482225852926,0.06195219980953176,0.04003404400709013
0.0544829924828841,0.057757381464483684,0.05309538946480376,0.046883557161399254,0.04210573838190528,0.04352468426175846,0.054258747294053,0.06270589806862048,0.04064667642419953
0.05474738464322415,0.05827565805849195,0.053148980671004695,0.04680186952521505,0.041697649139966396,0.041759663762337036,0.05489341168547331,0.06333993425062401,0.04107692825600218
0.054965036307776716,0.05880103466404773,0.05281794788391808,0.047133574349690274,0.040235686958138735,0.04104689487802504,0.055080546161740025,0.06332808122539191,0.041843704173783976
0.0553269733912532,0.05921059322998325,0.0517330013968462,0.04741033846401512,0.03956899473500411,0.04113631859896351,0.055664196334339416,0.0627574909474039,0.04222111379034243
0.05585870319060871,0.05943774635533037,0.05140294584488215,0.047906951446442206,0.0397132093083775,0.041588536159892706,0.055877853938705875,0.06346251784521192,0.04256091474746448
0.05606274255100589,0.05960169411595997,0.051558480545787155,0.048498665692439234,0.039975458363959916,0.04185009800659596,0.05463601440269194,0.061458619898533996,0.042689351630449235
0.05636792254404276,0.05964804243842543,0.05176602616016399,0.0488994017060386,0.04022654729997767,0.04249105940287279,0.05235053804279716,0.05718919706452078,0.043064241174510694
0.056372653087923295,0.05986542717913684,0.05199455198050469,0.048968408079176996,0.040739146734092506,0.04307103442239281,0.05138990503878499,0.0561721359433037,0.043206763598497254
0.056421308338294285,0.05983854362673324,0.05252410243436151,0.04905835556647268,0.041238643997700934,0.04337452519377149,0.05163082581723684,0.05727127079801265,0.04274296297672113
0.056449694772677486,0.05977071774682558,0.05272895763099976,0.048972701324634,0.04162318123242881,0.04358973929939256,0.052584046788221726,0.05801855292770639,0.04127113569841863
0.056361673228677814,0.05975185604191407,0.05308548319464653,0.04892771626849177,0.04161775740695624,0.04372573042989357,0.05355951264659526,0.05919227340349497,0.03998003965676888
0.056433844683992415,0.058835058613791895,0.05318926992720759,0.04896853276271034,0.04176585489641649,0.04381486775428836,0.05390190800573635,0.059992031678170986,0.04037499488536686
0.0564349069389789,0.05776025403454467,0.05329081098061461,0.0488652631173153,0.041901360366101245,0.04369724082090366,0.05505094650494176,0.060562238448552,0.04126526579847172
0.055810995334758896,0.05741675178695132,0.05325195975151116,0.0478431502137756,0.041927577972986685,0.04399208599838552,0.05544612900577799,0.06036239152061205,0.042093785109011565
0.05480086541820061,0.05760142813742943,0.053332787446759185,0.04677062657723148,0.04186171562985694,0.04356052765137414,0.05589383767560792,0.06003357700538052,0.042153992033170974
0.054509331944903754,0.057826208973658616,0.05327411682813728,0.04648927194456402,0.041266864713885056,0.04176484593707883,0.05620313678353089,0.06060098151339162,0.0422983069930774
0.054555047911417506,0.05830397917774087,0.05330364027826588,0.046692543177845616,0.03971534465039821,0.040692808397503534,0.05627446745205042,0.060913969492941346,0.04235258029605058
0.05472262562380398,0.05878867437051644,0.052652588096653595,0.04700644363711798,0.03934848753418802,0.040882768711590016,0.05666764235171349,0.06012357708891899,0.04268303638069695
0.055118728074505054,0.05926194196492994,0.05191159813597459,0.047395840307995186,0.03941823331402245,0.04112801880044337,0.05639274368304681,0.05757105969779252,0.04284371869568689
0.05558497366687272,0.05950479110314489,0.051649595969949245,0.04810075925958538,0.03968896131082238,0.04165878590851968,0.05429240917737113,0.055754393352911664,0.04344951350612947
0.056002556259060345,0.059541041999182046,0.05182981790095429,0.04825502970873181,0.040103468077169,0.042015805112421215,0.052859141608093914,0.05554479008688677,0.04392512575089954
0.056187560843497464,0.05963450035331477,0.0520042923649093,0.048594252569717056,0.040590112062045706,0.04253224791936056,0.05249245307752138,0.05615076376140878,0.043340460727248
0.05641189313597757,0.059707521874933535,0.05238407117667659,0.048876517320490635,0.0411885090291721,0.042848284906417566,0.05333205175386482,0.05694701960341796,0.04158779993125692
0.05643408609648247,0.05956310853330999,0.052753735980814745,0.048953019991808816,0.04151931277296055,0.04336101595970786,0.05418616427432556,0.05792943012661947,0.04083171148959432
0.05638655953079068,0.059464078712349155,0.05305219135919467,0.04902776510075455,0.041581185928602535,0.04351666518113547,0.05518172327665323,0.058835425171671084,0.04115945197530601
0.05638315694875819,0.059492578568044664,0.05341307154841413,0.04901446166489147,0.04172941454001415,0.04346372602024688,0.05578545049728645,0.05950723808629447,0.04161475439466938
0.05637205399260664,0.058543268068138636,0.05339137657943007,0.049185888513520445,0.04183362994435132,0.04375233796502831,0.056457673436857064,0.059753536405911946,0.04219243853990258
0.056359720522478535,0.057486076228515724,0.05347594264759137,0.048698353856037074,0.04175466302601796,0.04363734702730822,0.057342010748335115,0.06029617584390704,0.04271090431033521
0.05594986727596081,0.05729258033631246,0.05347763477652325,0.04696682088033437,0.041799196659036676,0.04327716176416238,0.05754871294313056,0.06042424432069134,0.043233390244291875
0.054903732485934546,0.05746235654273407,0.05346506781099214,0.0461930449816748,0.04120115278146858,0.041476167121854,0.05797629531379226,0.06027393233362188,0.0437054080085701
0.05454432653493772,0.057618136335251494,0.05348622955204899,0.04622059792700725,0.03974153481991332,0.04058767741272899,0.058141337145154175,0.058428915372672155,0.04415850508360718
0.054508228685623356,0.05817333936516642,0.053393948736316026,0.04665295554504279,0.03944057705606123,0.0405201109643722,0.05876922639516763,0.055224744949184654,0.04468628703051534
0.05473897455837105,0.05864627001930033,0.052594793784178175,0.046903785315742484,0.03950094288333414,0.04098141299906358,0.05780244410735321,0.05430160046215437,0.044723775972776304
0.055101111377379525,0.05906027068528212,0.05186503126118471,0.04757780682873456,0.039784663018733374,0.041405502658626074,0.05570826023079121,0.05454784286798874,0.04458909973323937
0.05560347818073342,0.05925421346994687,0.0518570582686312,0.048050896721368155,0.040148763472377856,0.041952596315194934,0.05452218594680773,0.055297075942685854,0.04287214873010041
0.05591118165984314,0.05951703254183622,0.052102583295397166,0.04842740813033534,0.040712544633871015,0.04249634397100682,0.05459419368635304,0.05636257400321321,0.041576793775669356
0.05616965789453683,0.05958226391602496,0.05235739801420353,0.04854346641615443,0.041082847093055735,0.042887371796556106,0.05524850788331582,0.05744550234292245,0.041085896267978726
0.056415835638808094,0.059639603930988765,0.052737026177262836,0.0486537168915161,0.04147512060645562,0.04323539457660912,0.055932280266719536,0.058472234388800524,0.041695024098892385
0.05645160681166839,0.05966948707929165,0.0529624862061653,0.04881074624833804,0.0416806612778088,0.04332186836771995,0.057013833844561705,0.0592364841022165,0.042131937436461
0.056395574087452924,0.0596437799787449,0.05313991559148133,0.048731997100037276,0.041745738570818314,0.04351233897306881,0.05722550204359418,0.05962832294479477,0.04301586841769815
0.05623339296516205,0.05966188088241091,0.053120828535979374,0.04901320356821395,0.04173315979496199,0.04386130304752133,0.05784468870959125,0.05999700865127374,0.0434093594640088
0.05626187364959527,0.05905292041347515,0.053132377202189204,0.04900010663415765,0.04187268049129349,0.04406917419851173,0.05836242199844713,0.06020555148800227,0.04386657861474235
0.05633519146428668,0.057682341130140403,0.05312850888644932,0.047870529766660584,0.04195660556953641,0.04375369570101208,0.05834805751534917,0.06039381403728406,0.04393874802662003
0.05613040780039339,0.05722619913042056,0.053303782326033514,0.04638144680712423,0.04119205722928664,0.04244321803543043,0.05839701467572203,0.057005153161326684,0.04412511667527143
0.055173616095834946,0.057255729606739095,0.05334840684928875,0.046208678833808664,0.039886619383338685,0.04152048777858507,0.05881528171373457,0.054957007871998385,0.04462409990973869
0.054496455186390604,0.05755921043501577,0.05337815704890042,0.04637889636678318,0.03946014322073416,0.04124337277471442,0.05849265996228637,0.05464285152649017,0.04501768346792562
0.054383159652023255,0.0578800974611253,0.052906312864213274,0.04668941551987488,0.03970442716764087,0.041574594383654226,0.05685920249450318,0.05544009092682185,0.044550811940343556
0.05465889321993036,0.05851602364304831,0.05186343453376255,0.047129137513522865,0.040025757762675446,0.041977649748708164,0.05492424578668111,0.05624771943143597,0.04232718965611926
0.05494959223403245,0.058933128559332824,0.05167781325315483,0.04771087523115597,0.04050418108762184,0.04263727411591184,0.05380994953227317,0.05781098203782415,0.041250709558745255
0.055272145016635896,0.05913658644482823,0.051717805486322925,0.04816989395122375,0.040987795709477505,0.04343809571213442,0.05369675886620292,0.05910529747764247,0.04159839986321273
0.055872810383579136,0.05934727361621117,0.051927762489149806,0.04841615132587419,0.041493604982116024,0.04394615961492598,0.054149974290412926,0.0603988247717866,0.04213183148008205
0.05610750475645272,0.05954771045966302,0.052217193132288425,0.04858696992031717,0.041742565211021404,0.04420020987866883,0.054893714250034614,0.06131397459967026,0.04247912200120393
0.05621087267011627,0.05960142229033197,0.05269398771530509,0.04865076674081208,0.04198999687038372,0.04446302488648327,0.05598680562982065,0.06220290170714456,0.042920011717026904
0.056344346903836745,0.05957258777442336,0.05292980802319851,0.048718081559720856,0.04200032498894273,0.04495952651541843,0.05679103764821223,0.06333318177787006,0.04349365845639816
0.05635010723009857,0.05960745286542276,0.05309921695278415,0.04886873153961842,0.042250640350244215,0.04494223122197254,0.057116794098222165,0.0639528875561993,0.04416895501918546
0.05642052378555263,0.059646432444496106,0.05317742311915752,0.04874015766177873,0.04233651865448837,0.04540742016229903,0.05670269547897104,0.06245457859632429,0.04463027819287881
0.05634810879520818,0.05941494209070223,0.05325352200828581,0.04854343826914037,0.042493294251266106,0.04555136497915005,0.05616507199225443,0.05935431819731787,0.04480973987418616
0.056358641600753545,0.05795171472038792,0.053294010363663914,0.04716674695550257,0.041832802620187355,0.044653135108287875,0.056097111375020575,0.0580099836838661,0.0449767350860573
0.056363431894240604,0.05726273865524813,0.05334931597292369,0.046166782388549384,0.04028276270660497,0.04320547465993599,0.0559863658651593,0.05854718336319785,0.044710477011422334
0.055551207566272146,0.057319692208757746,0.05336202550698678,0.04620011202472894,0.04001073888991841,0.04245183120269785,0.05532082463219321,0.059878844157904856,0.04312824522765272
0.05473490989809332,0.05751301361405215,0.05326967478765726,0.04643933415538845,0.04010434025931142,0.04260967396495359,0.05309845979197298,0.06121578191609697,0.041737095185024636
0.054583889020158136,0.05786203901144791,0.052110274183151256,0.04674683082386536,0.04049452091772856,0.04287899783567536,0.051652340571486495,0.06305167488389003,0.041313946509504734
0.05469868092093608,0.05832644042230042,0.05149929247878617,0.0474657037118695,0.04113480124626682,0.043693221633461586,0.051847375263617566,0.06506776402987079,0.0417555882134764
0.05497787798709413,0.05891501704015831,0.05143089191719433,0.047807635471048895,0.04162500450509297,0.044321860670225074,0.05255668333025921,0.06645188498934047,0.04212993037086919
0.05541496141035483,0.05922545897124243,0.051638382638671564,0.04829055562663009,0.042214249597913575,0.04518651393014577,0.05310239070087744,0.06728384832644187,0.042877186919194676
0.05583436011763836,0.05952071914954225,0.051859376627543925,0.04860749854238893,0.04253015535233118,0.045368342427398116,0.05390039004602258,0.06786343473352573,0.04363211180961272
0.05625542134000705,0.05963393320269955,0.052350194516413984,0.04874489845756558,0.04271349669939771,0.04510222465909369,0.054339548165613406,0.0687401796408137,0.04432335102367206
0.05643131303922171,0.05966180697500787,0.052601523538462,0.048820618936207004,0.042852624259454394,0.04536970434414654,0.054618666608981466,0.06871195226053688,0.04457808946936211
0.05658665428797626,0.059704419836000756,0.052911540628454615,0.048860274374948554,0.0429609700931015,0.044927674559482274,0.05485780991427718,0.06609797589180104,0.04459119388814308
0.05654126919319685,0.05966127997142068,0.053058200278800226,0.04894086587964541,0.043132954225768794,0.045141168432056,0.05484686569685811,0.06248209632989477,0.044635376794209085
0.056538598247128626,0.05976022625311325,0.05302858648175702,0.04905133311167418,0.04320036020565539,0.04508802541582047,0.05535973828939601,0.06101346657961549,0.04499245440898367
0.05646945369035476,0.05960575142312328,0.053146984372385755,0.04830232647912415,0.042652604721651555,0.043945723811625606,0.05539011471978305,0.06103968483619592,0.04453824902753253
0.056640881849539436,0.058442129323170125,0.05313525711017586,0.04695211781961972,0.04135239232297223,0.042745804975776076,0.05498447948472986,0.06219371477732111,0.04272653745001418
0.05663839579427038,0.057398419349258094,0.05311910874023869,0.04627255011712605,0.04061994755929248,0.04206945230672492,0.05300189027747044,0.06346195234033057,0.04209375131015574
0.056072099908722424,0.057429528663773086,0.0530783296356594,0.04645153215435939,0.040875702385213,0.04233507995961395,0.0511467073808214,0.06459442556600473,0.04211521669132138
0.055018343787944485,0.057448405205073966,0.05275993200501821,0.04686132216019752,0.0411449575005839,0.04259363621782909,0.05074001922257966,0.06572101689800816,0.042270483491851335
0.05470196024614371,0.057828120377496704,0.05172000014630786,0.04732854387509976,0.041700773057782935,0.043036907507664805,0.05126405018052584,0.06613739719455175,0.04288039440159844
0.054840235674233,0.058257059565720096,0.051302404837324636,0.04789680754359237,0.04223208207992725,0.043499578708697556,0.05150258148613351,0.0662655766707063,0.04355119067436942
0.05506596869677587,0.05890336094887466,0.05133022863447611,0.0482746318567352,0.04274749018706401,0.04398866524781404,0.05270808968318633,0.06586671601180326,0.044329908562404194
0.055379052909016464,0.05922807628562217,0.051677224915586725,0.04877913134236922,0.04301820810311789,0.044237925305238214,0.053281464623778634,0.06577686878509856,0.04501653371525394
0.05594365316127788,0.059526478955763795,0.05185986087565323,0.04904167218752433,0.04327994725098089,0.044345350145796256,0.0539064105239711,0.06535719778772552,0.04487404637030505
0.05619107599728198,0.059746992011065335,0.0522416712323654,0.04903665103661425,0.04328063618875935,0.04457698724449385,0.05404008115874665,0.06185400937008886,0.045340950367046017
0.05640327288110655,0.0597952028774441,0.05268264833513383,0.049195020488559345,0.04340951559516388,0.044833878429401605,0.054243235285210134,0.05931299228060632,0.04545639498405115
0.0564314766229864,0.06001290306725767,0.05280820758022389,0.04919861913325862,0.043476880996185734,0.04491407681033421,0.054343082942675,0.059226786077229004,0.04531008456879246
0.05644329089740341,0.05996237703513516,0.052873730040072404,0.049203478440967834,0.043672377094938826,0.044929769089149904,0.054710203541271575,0.05975161238959652,0.04454185994823263
0.056387643768995764,0.06003549021551277,0.05294936905443525,0.04923148761009634,0.042839028867254256,0.04378037986348358,0.05474570548349573,0.060508051955887744,0.04302339098134414
0.05638295398581534,0.06005807538603871,0.052978586401417956,0.04816865095621057,0.04124179175799644,0.04201385087991638,0.05402513100260391,0.06187143910507697,0.0420654630918306
0.056418811707374956,0.059432534001482656,0.05301596710193132,0.047008648883284376,0.040638303657549515,0.041271108691473754,0.051214044347879996,0.06279579942453094,0.042113334640893
0.05631044867077955,0.05816724368235981,0.05292484221927697,0.046618974468951725,0.04054873474412693,0.04129331615169906,0.0501356223239941,0.0638068637643502,0.04250941791494687
0.055824460790811326,0.05772259563120953,0.05296046607957425,0.0469272861280156,0.04101457547433101,0.0417906920553416,0.05037145998436436,0.0642456422874097,0.042778447537688426
0.05491206242278388,0.057799831928289594,0.05202432647137225,0.047290681654868744,0.04151470434797707,0.042258035179148126,0.0508138407537207,0.06464397239235925,0.04330922748859928
0.054529368700213715,0.057964779888779364,0.05138436940238212,0.04771695915226065,0.04212244501625523,0.04290812500638345,0.051705764281054035,0.06503214104285095,0.04371852981923381
0.05470560269904907,0.058380538144661806,0.05120063474234724,0.04830025808645723,0.04255185038169958,0.04339008730621108,0.05289553727098604,0.06523865398174798,0.04360638253772198
0.05492813506583185,0.058919796035480344,0.051455501896919484,0.048683432160602294,0.04283875228041711,0.043755228495597966,0.05340319286094561,0.06387282355474587,0.04384769472011541
0.055189443229636176,0.05932362259503574,0.05155958533871863,0.04886104607337865,0.04296699789723046,0.0438809042436472,0.053621045524482,0.059955626968406145,0.044028679673503476
0.055693071157777885,0.059656541313887694,0.05197157969081824,0.04906830817956053,0.043240153142532226,0.04404088933194357,0.054117433214812403,0.05860924717163784,0.044081415151404936
0.0560557531170944,0.059818763538106653,0.05231648483297262,0.049278120345166994,0.04321806816535015,0.04429230428980381,0.05416745967485305,0.0589072331337748,0.04376407101849225
0.05621064111835007,0.0600250973891818,0.052607748412670956,0.04927665936157182,0.04347558868768712,0.04445146277334487,0.054644956764419134,0.05967169943801438,0.04261315474002706
0.056354966887092066,0.060080363778162615,0.05275921305077889,0.04912279876750707,0.043393209830003186,0.0445272923940591,0.05485226836685876,0.060694791936161174,0.04079249074809387
0.05638944075896688,0.060092699251660574,0.052855453622355726,0.04900549937076403,0.04223444219295372,0.043764463650030005,0.05443124916783513,0.06194826850136844,0.04021642925863321
0.05639725846637892,0.06017923010616949,0.05287832408734731,0.048272643875082524,0.04076984481634997,0.04199421810013956,0.052727785113224235,0.06307915189004178,0.04023685180772973
0.056431926741316106,0.06018750369607421,0.052949697043846715,0.04691666795144826,0.040350663178992836,0.041070751458209015,0.05061402196373011,0.06345541198705412,0.04123613828027131
0.05645552911268821,0.060001675874046326,0.052871787876191984,0.04635622668430613,0.040571692098446535,0.041308107538545996,0.05062602849640324,0.06403430820951421,0.042018175563598575
0.05658701340412408,0.05864193751673069,0.052989740859780886,0.04642425007824052,0.04077035284041105,0.04137634429082785,0.05118644627343379,0.06423266322641594,0.04239579313266435
0.056223746371410775,0.057865466197245266,0.05279502151695829,0.04681314778700634,0.04127159298731329,0.04217878953509254,0.05181042467314425,0.06426167606872946,0.042546264828537454
0.05513845532950157,0.057755036286541654,0.051934255168251425,0.04730595957969352,0.041867098640844695,0.04296882614070709,0.05231532934769048,0.0642277073074903,0.04241730108832821
0.05468273272510338,0.057969298119482454,0.051378732140439344,0.047901369765088825,0.04236876209751989,0.043509941531840346,0.05334749706772259,0.061499676702210536,0.04214770308800618
0.054621510661115355,0.05829306028285061,0.05143055418759029,0.048277226179863485,0.04254552215705737,0.044027468000263324,0.053615622717836306,0.058332417251927594,0.04226969512452924
0.05476842000336293,0.05882126995299208,0.051518339352562816,0.048817873685093695,0.04267637134916655,0.044286497759600835,0.05416205301823247,0.05772950851237697,0.04238230920752042
0.05509131825024677,0.05915930164659305,0.05186752310050989,0.04878126551234751,0.04270387050544689,0.04462565019121196,0.05445458067655963,0.0584271945018911,0.04188653967681069
0.05552535412168684,0.05937509982576471,0.05222138475892311,0.048955614190496745,0.042785659085251615,0.044699714025996325,0.05474443621282935,0.05876109258010171,0.0404668541515695
0.056002280401758815,0.05963885946073673,0.05250460553258769,0.0490661260122912,0.04288732231702302,0.0449154606775243,0.0552717697059825,0.060145177270417356,0.039873570411984104
0.05626781377549372,0.05969346787941805,0.05275042152610323,0.049087874398698154,0.04286070601540882,0.04484943036829493,0.05501214621328448,0.06141227314863559,0.039988160180353484
0.05644394978839283,0.05969663311910548,0.05298790552941302,0.04908427039100933,0.041831890052634414,0.04442045433999187,0.05436212402292929,0.062244873258621575,0.040246629551545496
0.05651244435496226,0.059785733461151506,0.05305438501254256,0.04908612293681161,0.04028895643893892,0.04301168991578539,0.05233898595744465,0.06271768501386439,0.04080080899711612
0.056574305592567826,0.059877235483810506,0.05293565361104354,0.047667186818387636,0.04000303132585004,0.0417687685522922,0.05101190517034553,0.06326404532014786,0.041390537466506026
0.05660330182743681,0.05987835825836746,0.053010457084870566,0.04636373797210473,0.040284253121520196,0.04180459450047576,0.05130579389953027,0.06336139843373463,0.041952149863291245
0.05663598377095744,0.05983373115707137,0.05310956640461895,0.046167893379333906,0.040516169833101974,0.0422161465908877,0.05180127553719573,0.06337263974725409,0.04245047726031066
0.056680070419785254,0.058499838896070265,0.05313555273822665,0.046460232570476157,0.04105631064748289,0.042524090202000105,0.05272565358453327,0.06289554798670267,0.042563045895070054
0.05646219657582749,0.057627013609849224,0.05277812841953576,0.04679069592235094,0.04145411611890202,0.043119336985386565,0.053786176891520376,0.05939715652107645,0.042743747093763246
0.055517066716667056,0.057463740078107964,0.05176893669641769,0.047296605740810876,0.04194864592943738,0.04378949527138301,0.05449490762318021,0.05772411919610165,0.04299623285296253
0.054759356730078396,0.05768100459201061,0.051339181350562035,0.04790127118228465,0.04217778518466503,0.04401833315703025,0.05507542303566273,0.05756904032783355,0.04292531517602418
0.054717931237555965,0.05803078276039139,0.0515880361178827,0.04831003815188605,0.04227540005605743,0.04429313531862487,0.055024364206677556,0.0579753845805106,0.04122099662908594
0.05492391064876582,0.05846295059477402,0.05167770179589689,0.048617076968616425,0.042394043653408445,0.04432680028917719,0.055462273107376926,0.05906100983351699,0.03999729783420199
0.05526131943186719,0.05898844920960351,0.051996019189962155,0.04871461315204659,0.042528025500137435,0.04454399496819539,0.05571946257035843,0.0604276181799952,0.040033275431435936
0.05562541320252538,0.059422051412048954,0.05243458839802203,0.0486856610984554,0.04244131641225833,0.04466286535563884,0.056121249821441205,0.061336888514614565,0.040251410133296056
0.05608497574624409,0.05965397339205632,0.05272526639887055,0.04888397413459567,0.04240639978299942,0.04460910992510489,0.05602854090689753,0.06242246503718064,0.040871254978749695
0.05647578587329716,0.05971142925062126,0.05299448801593523,0.048905701546892624,0.04108946389581794,0.044178873179392966,0.05507429551689049,0.06283440817006448,0.04134343198429569
0.056577937971855584,0.05983960376188491,0.05301595788233202,0.04900214824922074,0.039963858117004446,0.04269053351305614,0.05303857048052554,0.06288018106685583,0.04196141494517785
0.05660551499376229,0.05999774136216539,0.05293258662361889,0.04848701414407639,0.03982960814521767,0.041846425305639,0.05220929223893916,0.06341613823659728,0.04226499980347161
0.05660831505859093,0.0598489836211353,0.05279384178219293,0.04687803455899084,0.040091172909159374,0.041559233469434666,0.05259875694964522,0.06331850584716567,0.04287044156063959
0.0565843728108931,0.059982441947110526,0.05281680151614265,0.046194191694720534,0.04036342534895607,0.041912842417727664,0.05321801831012256,0.06231427019916989,0.042975562609742134
0.056658735045891064,0.059864378736445276,0.05276995276588038,0.04620318151421585,0.04084971766699177,0.04225799140682991,0.05412265019952544,0.05965925507309644,0.04320489464075607
0.05669801863605616,0.05859892840848958,0.05278863707167809,0.04660010206696717,0.04146382928988852,0.04227293949856829,0.05494665352775627,0.05784811927622911,0.04322533620899384
0.056683802153124366,0.05754803408031042,0.05205266298398033,0.04697141726170261,0.04173266573792836,0.04259993117372283,0.05539041234211202,0.05793402328270721,0.042245924960689935
0.055863397237483466,0.0573233332785802,0.05136560032130522,0.04751925591133697,0.04197056940660022,0.042725687218235345,0.055426857828556324,0.05866039969187984,0.04051020774235978
0.0550121369044743,0.057456550758574254,0.0513530108687901,0.04813330951167632,0.04195079549642912,0.04321897908132533,0.05554952916196324,0.059487941010626724,0.04006260591916348
0.054805284769650964,0.05770210039965489,0.051531859453363686,0.04851501868079837,0.04222021469606537,0.04334053434214554,0.055670012253901995,0.06136370191673806,0.040780347738685926
0.0550048871893914,0.05819521999047432,0.05174077653265454,0.0487064428794228,0.04211872513377815,0.04368612398177085,0.05633650841433938,0.06194857459819398,0.040964498566889045
0.05524940229401337,0.05877871520921598,0.05209121479745395,0.04883638028399511,0.04217227706973992,0.04386000775563174,0.05688407185218718,0.06266807856579688,0.04138635455804248
0.055618970106789255,0.05911924655097589,0.0524483259029688,0.04874323091168825,0.04216898770179926,0.04402978025247113,0.05646918127498119,0.06288682751848332,0.042128420430667515
0.05606137388925933,0.0594371062843953,0.052783258212946375,0.0489565579261175,0.0408297589558165,0.044044014362430405,0.0546901399949511,0.0631387143301647,0.042683559494639124
0.05657702521458629,0.05952611127215508,0.05287720717322222,0.049046999065771944,0.039767545536596845,0.04245630168872848,0.05305361379285456,0.06345380559442222,0.043149311291855216
0.056759692215810724,0.05970084454800352,0.05296943534249686,0.04894906342208552,0.039717692188999246,0.040872997391874555,0.05255200027356222,0.06314740911735281,0.04320178502335398
0.056864462287165234,0.059826558554444666,0.05298254222129857,0.04779769618131601,0.039984331744799415,0.04071815842240797,0.053008020094656036,0.06076450923135384,0.04337614917845939
0.05693863554205891,0.059768135148762815,0.05305397040951728,0.04650318534096253,0.04027150115658174,0.04093823854538519,0.053495436004285114,0.057322376826386585,0.04360502896099501
0.05689896103929266,0.059801980451133635,0.05307603670674889,0.04620840195417221,0.04085802316045467,0.04136262281054969,0.05475756337631806,0.05746185471691599,0.043803738090014685
0.056863858156041655,0.05987558133152644,0.05305424117390665,0.046484215347654435,0.04133169178686472,0.04193523423072244,0.055432413860674025,0.0578816339198047,0.042408432775661205
0.05681977110285222,0.05906787066653565,0.05270960812181419,0.046767220231697014,0.04169124256433231,0.0424691438383094,0.05635573368389593,0.05831583721812345,0.04107140761838715
0.0569796634913346,0.057674911380692986,0.05154140377159698,0.047191286995038856,0.04203620379050933,0.04275820853555541,0.056915335700075426,0.05994543742607876,0.040618216846638265
0.05653190450621811,0.0572365792228949,0.051177590303363205,0.04779165828593067,0.042094556359205476,0.04330476392412955,0.05741233924299234,0.06045995230687717,0.040936565255636534
0.05551979934267203,0.057444791909129184,0.05133807958754557,0.04829500610211632,0.042192855145075675,0.043326307674578346,0.057688416015942434,0.06122290593712195,0.04146846917590959
0.05519873658558062,0.057723194648362446,0.051530737566778076,0.048553178258526994,0.04233277746085087,0.0434111176643508,0.058058614555907495,0.06136451302487404,0.04212630512877787
0.05517982163198014,0.05815573786681781,0.051810008390894106,0.04880267719261801,0.04224693623008609,0.043598156155283584,0.05817909512415545,0.06180499459635141,0.04277658050327124
0.05545616536597895,0.0587294876734161,0.052105575678645474,0.04880274657110054,0.04229574984625698,0.04384629198593916,0.056527144745112765,0.0624463526739885,0.043109418987981554
0.05569842046687221,0.059114599600137825,0.05259834690751173,0.04884477838845395,0.041072030242259444,0.04353606995346772,0.054306469020456286,0.06302590501231811,0.0435315234715911
0.05632157288566668,0.05943270742568254,0.05272828078124544,0.048946110291050206,0.04010689143495974,0.041955728827658474,0.05364013205560309,0.06285004096897348,0.04353820434032642
0.056546505970796766,0.05959708718592286,0.05286017981154897,0.04900921529870103,0.03976532436092083,0.04063242117005938,0.05401102770229128,0.05967415282537713,0.044063040209518886
0.056796612805023454,0.059720729183619904,0.05299722598799899,0.04882118840036635,0.04021503705406539,0.04016397662756233,0.05480830882470249,0.057702294394866405,0.044003139422900836
0.05697218713339997,0.05980822743644753,0.05296875442583889,0.04736838787911326,0.04061910443968936,0.040885921668694425,0.05549856050211348,0.057855585652823054,0.04373764314821334
0.057074726306787324,0.059894557251393525,0.05305504374728415,0.046494403666538286,0.04114569586132259,0.04117510885706912,0.05652223015907845,0.05835652289221439,0.041646974026428654
0.05693942699602794,0.05985575156082918,0.05303911750630323,0.04650849885874361,0.04133877822550235,0.04174063103135194,0.05716771348308052,0.05963169316729003,0.04065233922739317
0.05698543278206342,0.05994947195605826,0.05313289706744306,0.04676018966202965,0.04187273762397329,0.0423814516857562,0.05766909202268801,0.061141877484486594,0.04075210783306605
0.05703265351352771,0.05946934234702329,0.05217813153929529,0.04714425865019774,0.04217870545575398,0.04257555436955089,0.058092895819401316,0.06208379122449567,0.04093629984739312
0.05700784485556521,0.058082155092721945,0.05141958654461544,0.04776560532747795,0.042216872107202146,0.04333421034347286,0.058377139586571106,0.06266894275508203,0.04169031282426112
0.05676386137644107,0.057580297925913584,0.051174852756732524,0.04820778488922187,0.04231426943773044,0.04337837027888079,0.058565395677346185,0.06362890546567525,0.04252807954532743
0.055763085116057785,0.05752323071934945,0.0513549877427054,0.048731737091294726,0.04250298660134031,0.04378461551867429,0.05878987708463017,0.06444216969574236,0.04299226288434191
0.05523059860221636,0.05774856942684487,0.05164969920917697,0.04887173601626197,0.04245887831694168,0.04394580744332101,0.057799414711673054,0.06474168967168517,0.043569471632904866
0.055173669674660045,0.0581108388272674,0.052034167861940456,0.04907198999117707,0.042287955944339345,0.04429247565610599,0.054765917721908135,0.06514751735713328,0.04342675570946408
0.05523827267207585,0.05871020488642823,0.052372662001440584,0.049167939080359505,0.04116349053464291,0.044331569810124725,0.05345889139031552,0.06299524110317434,0.04374328842492327
0.05549149473307181,0.05914522269533688,0.052722382560578686,0.04920125593957138,0.04007533063330102,0.04288435100910178,0.05363500850308015,0.059394769142564655,0.04412616372305369
0.055898189509086066,0.05951110046359531,0.05291008040136471,0.049307011964041206,0.039926572240454115,0.04141239243504516,0.054172031047322274,0.058482973904635846,0.04415615292395553
0.05619246841412386,0.05976571388163054,0.05308762240828206,0.049223225654157564,0.040126928356931955,0.04094800634972778,0.05471359659687049,0.05901964748825935,0.04309431228168715
0.056544318869357436,0.05993677698134549,0.053080427786666176,0.04869171802471346,0.04062242394668662,0.04134420032203041,0.05557418318817105,0.0603285558228129,0.04170447750238783
0.05663849297423365,0.06014892088534335,0.05303015495724219,0.047373659213727326,0.04123280894556246,0.041762270136029976,0.05591246116064738,0.0615059137032257,0.041116628462440415
0.05669121994865454,0.06017171974181753,0.053087878258549916,0.04673390219772589,0.041628667283731,0.04230688759834461,0.056736163698056036,0.06323950559181331,0.04105242190316957
0.05678959529654848,0.06012094155169451,0.053105122404104185,0.046781586557648656,0.04178383972172746,0.04295085295479108,0.056939438528311646,0.06412707929240047,0.041828135761617084
0.05683386062293562,0.060295814166387414,0.05280697014718533,0.047127318922580104,0.04197025760234245,0.043420609789581094,0.05714507626893237,0.06518736789413726,0.04223062015833737
0.056860160585944966,0.06012480303061669,0.05178987109683511,0.04762995191354324,0.04184852363267588,0.04391255940615916,0.0575750871640963,0.06613291912841195,0.04297794335967824
0.056915463236020494,0.059223164442393686,0.05135631958515585,0.04816389578806024,0.04194241851946984,0.04417114623333462,0.05753591475595945,0.06671994024675304,0.04339033396767627
0.05673826017972452,0.058093419666055454,0.05134120151319177,0.048676869647219075,0.041951239000192514,0.044279676771065604,0.05709781708488651,0.06744270162045064,0.043519199150004004
0.05570675145582537,0.0577965451014509,0.05155174829078604,0.0488032592827961,0.04214434263605959,0.044533116190234964,0.05521415345969077,0.06754530584602624,0.04387971145669403
0.05492390952348969,0.05802705869969268,0.051781053540065,0.049128861965512985,0.04206948895614687,0.044721571920632336,0.053122445240702705,0.06439627278986583,0.04416138787916868
0.054787424876833135,0.05831960357763818,0.05235944274325393,0.04920272123381022,0.040744108335577435,0.04477777823337191,0.05233900247570572,0.06135551017352521,0.04429629393801039
0.05508406624384343,0.05876423727562107,0.05263068171881304,0.04933628365576833,0.039891154406275796,0.043945153386511754,0.05317631860874516,0.061004466447171446,0.04380621952925276
0.05536936876806857,0.05915284773866054,0.05276119255491095,0.04938898538689592,0.03975323820632555,0.04220253470306673,0.05344418975841183,0.06136623641262136,0.04259031814862912
0.05583127714765748,0.05964221184226505,0.05303775559593927,0.0494712497929591,0.039989583116535624,0.0416180697084682,0.054256165186016864,0.062466049443623384,0.04135312733269144
0.0562013411700047,0.06004439741957217,0.05306880160223465,0.04954183015014037,0.0403504728623791,0.041514647112955994,0.05516188315638939,0.06455201401610731,0.04113016379482332
0.056455911402669104,0.06013533663135818,0.05302248990261774,0.04837376200380453,0.040821912363259855,0.042272698751350445,0.055660758462396286,0.06566172372623577,0.04133685356037197
0.05652590711901477,0.06029032530081121,0.05312178434948103,0.04705896896434446,0.04132441089082012,0.042981139909237846,0.055884256764898714,0.06695038284299941,0.04179693117607511
0.05664234193014985,0.06026018577667171,0.053073894716689204,0.04652491791652014,0.04187210723753118,0.04358792811717093,0.055657533838585044,0.06759516194540006,0.042191844308349394
0.05679304998265569,0.06039728184872172,0.053091429344298204,0.04665472746738076,0.04201082553356288,0.0435185695924195,0.05603227198020656,0.06858745314264761,0.04264085218947679
0.05668709730802585,0.060544336227124636,0.05268685067028615,0.04704773035802451,0.04193110588488899,0.04396281461181196,0.056125680062291274,0.06894665528712486,0.04246283811871326
0.05673251744470575,0.060505615729720595,0.05170681154591089,0.047636426728441546,0.04212395242223765,0.043836364063854015,0.05604611296929082,0.06946481808025387,0.04282446050896345
0.056739315907519405,0.05988297927589335,0.05146165638292744,0.0480843065444364,0.04225570063666655,0.043813323731133814,0.0557897048613305,0.06821218799249722,0.04404460782291164
0.056759862169930224,0.05861086533820746,0.051503723917008234,0.048588327153560415,0.042310684672382255,0.044131510244956165,0.053632794835283985,0.06469258224468055,0.04458277319569674
0.055845003566891024,0.058096518506072274,0.05179848610816035,0.048910597358205035,0.04199505863559985,0.044692324209231374,0.05196950923228191,0.06232095585456045,0.04450565378673242
0.055006829400235234,0.05805183514034584,0.05212255587552154,0.04906156159109977,0.04044572487273569,0.04492735504306579,0.051494083555689636,0.06268968968644861,0.0432296979087495
0.05475858489062373,0.05815883769506844,0.052528418297938625,0.04916372970381188,0.0396830830637516,0.04404262546249264,0.05184271660283803,0.06312572541593643,0.04117377315829949
0.05486573767807481,0.05850181807986503,0.05275010767086213,0.04928451454579276,0.039620870792235974,0.04215381714406389,0.05332949371480783,0.06456706403663841,0.040398031692125594
0.055171775220140946,0.05893495656574856,0.05297399698194266,0.049266184302745396,0.03983279588841658,0.041520226746370806,0.05440280048280147,0.06584808148637929,0.04036819592268256
0.05558852318455577,0.05941134549822258,0.05312518456060861,0.04949616580700824,0.04019423787064488,0.04151386329888628,0.05476119243940033,0.06691455699441828,0.04106143326096163
0.05615298950057901,0.059640969782803595,0.05315948546667349,0.04870703580455845,0.0407788273901707,0.041766456305854696,0.05461442047349854,0.06755608749063176,0.04174519907126512
0.056469327857369904,0.059862344464505224,0.053195606796905937,0.047024563422039964,0.04138372689465311,0.04223309358123194,0.054705805230747785,0.06869217604683726,0.042260236700546766
0.05658729950392004,0.06006703629275056,0.05327130911707821,0.04644326880080549,0.041711070821863504,0.04282894811892145,0.05490956177212495,0.06901566693083255,0.04300316771297756
0.056823413141764346,0.06011768126710449,0.053312783996488734,0.04647413608990436,0.04192582962535641,0.04335640125959296,0.054977420727567956,0.0695163937478633,0.0432955471752914
0.05678480181922214,0.06026117791759488,0.053217234680973176,0.04684281635399149,0.042076460162770835,0.04354424187256704,0.055139929889814566,0.0701945153349223,0.04346338901549795
0.05674865189734238,0.0604154523979657,0.052481197211441635,0.04723269320611166,0.042055455047071456,0.04392420132519527,0.054862619972917435,0.06815747747910847,0.04376541438998713
0.056718480970469665,0.060494645728053145,0.051763065121064086,0.04798536294735661,0.042127571562295844,0.04416011532893955,0.053793012964542156,0.06454179323197745,0.04398930405496426
0.05689382432030608,0.05996125971836848,0.051575418219935595,0.0483465225928153,0.04218258803854696,0.044189180242242096,0.05198779787187076,0.06314408637826471,0.044058881867679235
0.056824803515549326,0.0585847067148669,0.051765134117097183,0.04865542801667187,0.0418433075872104,0.04420543240108651,0.05142336610570292,0.06308610107144859,0.0422194641505878
0.056136786618292696,0.05790640496827421,0.05196811791286783,0.048944080539375934,0.04041746313651186,0.044252922205646195,0.052213552767600875,0.06434738082255151,0.04098012655668761
0.055046063174950303,0.057856839745198195,0.05238250073503044,0.04893559060077995,0.03954851383301647,0.043689980303515626,0.05276390556307,0.06530622625746921,0.040376809994568746
0.05476086668935689,0.05803287337293646,0.05264431383952134,0.04907655641612871,0.03967369229139221,0.04160849417127651,0.05360528526483274,0.06682687550646053,0.04102455860376443
0.05479136537992099,0.058446545808667004,0.0527612780416168,0.04908127881046845,0.03994464433766444,0.04085846016718395,0.05433651735062241,0.06788660697609807,0.04159552215716496
0.05505370155175382,0.05893564170569126,0.05316554897361846,0.049114036516031155,0.04039611296102726,0.04080514136541276,0.054984434223087526,0.06866516992787593,0.042232211102796714
0.05505888550884725,0.05939446689443123,0.05315798468603975,0.049073706852079714,0.0409705668521062,0.04135032663277436,0.0549814427977878,0.06944921853845118,0.04278410385128973
0.055115955487419765,0.05974814287496768,0.05319433391709192,0.047752012687322605,0.041405381145446916,0.04176533190487417,0.05552702196581813,0.06968362468278783,0.04327364449303064
0.055167171611365126,0.060060234385847004,0.053227669427319546,0.04650037406125825,0.0416871185684725,0.04236082839282701,0.05577869014403505,0.06981237574174186,0.043446594610636734
0.05541133223719516,0.06015881642486124,0.05319291663658621,0.046318297454830834,0.0419272336482135,0.04254556310617397,0.05606317841529099,0.0704514533945892,0.04376646266283941
0.05558603104628337,0.06027624727119541,0.05310268997751684,0.04659514175753287,0.042052314776997564,0.04300787277210816,0.05665595015882287,0.06824217202580975,0.043972680626476565
0.05647711333030519,0.06035793158281131,0.05257146499101164,0.04691319629697981,0.042016268798617126,0.04327285845990874,0.055894224755481225,0.06535819636359658,0.04439866402324837
0.057467056644840045,0.060290606910341805,0.05166795090415974,0.04736330391136771,0.04212700162613882,0.04355869000788258,0.05345740681771955,0.06418425979264974,0.04329247777373773
0.05738242054867896,0.060393337345047815,0.05119804631145976,0.0479959571007184,0.04225752425182214,0.04351216862701205,0.05229581549351779,0.0647851503932411,0.04158906712848435
0.056541084649135855,0.06018475376235049,0.05126618328544675,0.048460853908758726,0.04170280197770394,0.04391635257002184,0.05253469008190997,0.06547822595871709,0.04095319017613017
0.055845000801458884,0.058704950878084354,0.051511760523359026,0.048772902237405893,0.040200639124089076,0.04398874275300437,0.052989063839379826,0.06671096393923517,0.04085357384545125
0.055574231510771524,0.05782921286557524,0.05174641532776522,0.04897546117041069,0.03963003215326823,0.04335152769395844,0.05363809585887896,0.067491075639576,0.04133130115457095
0.05501021339492736,0.05773303384292001,0.05224921631323141,0.048877761522459824,0.03972519991920954,0.0415121066640477,0.0544504065569995,0.0681638581311597,0.042116452521637295
0.05417320211542889,0.05784915569892774,0.052575698856924744,0.04899139175827318,0.03995376313306894,0.040487537153972436,0.05486798450483482,0.06729150800770359,0.04314988327300886
0.05359682883485527,0.05824274866694423,0.05279025774205476,0.04915377970027485,0.040377568442249934,0.04058963156269065,0.05573449960397004,0.06782063449260459,0.04372397403311722
0.05417747642092564,0.058643740683391635,0.05289577965152413,0.049183489551213995,0.04096514092304543,0.04098236544992028,0.05603501975457145,0.06911008836332543,0.043865235168899334
0.054932190415424936,0.05920512017020808,0.052893225688113485,0.04868892996951278,0.04140169750906788,0.04141483445898364,0.056086344694114304,0.06865288447770594,0.044152392409182534
0.0562434569475268,0.059479181360867675,0.05301179978521197,0.04703916476547785,0.041728195913965954,0.042151235430622935,0.056178085756166826,0.06870508639281761,0.044652516582489477
0.056821946216040725,0.059776372922174185,0.05295575119381764,0.04634815638267658,0.04205892862651794,0.04269566690667473,0.056284771609689616,0.06539092206184836,0.04476013526051601
0.056264846905729596,0.06005556170613213,0.05288635814062432,0.04640537293399526,0.042169800387290804,0.043024854308001674,0.056449879661793385,0.06242359289045776,0.04459123408951023
0.05627373728135715,0.0600189796008665,0.052917727863194854,0.046724756158541575,0.04220190213128433,0.0435397933127647,0.054264829411997534,0.0615873554415953,0.04230809366925323
0.05676805054528334,0.060067091124985324,0.05201234387003271,0.04715345809495521,0.042361673915205504,0.04351402042897584,0.05227090242102718,0.06173140538130487,0.04124192627346318
0.056988267144523076,0.060258746094630035,0.05115708157212186,0.04770855049366625,0.042377361757396925,0.04365090061848985,0.05199289168384758,0.06278988416602803,0.04121944101450023
0.056810855100610645,0.06022639194321623,0.05104209214868068,0.048324502959607274,0.041918316096375675,0.04409070485058711,0.05203212235361975,0.06425190688246553,0.04151531832232725
0.05673074994286722,0.06019258618398492,0.051190255030954444,0.04875494458207019,0.040556325584795244,0.044046873626247963,0.05274343755933208,0.06497184091448419,0.0419896848611136
0.05668560737618733,0.05919949993322016,0.05149267361026701,0.04894681192453358,0.039860955018498616,0.04357106498867769,0.053362176331019785,0.06558712215222307,0.04243225446960936
0.056804391245330876,0.058064532457593215,0.051726854010115134,0.04885230575683959,0.040041298921910266,0.042162649674809496,0.05406375826324375,0.06620650783198898,0.04315292828473206
0.05621415272327611,0.057788281910824565,0.05214865902309468,0.04897021548659987,0.04023285281293486,0.041117240755140776,0.05478429110819082,0.06688241846797849,0.04358832511545987
0.05543831963868858,0.0579264306886821,0.052497036151569296,0.04908364286183737,0.04081721726665563,0.040978197754364086,0.05519328899389489,0.06689690206277438,0.04390853538631525
0.05531254635023532,0.05822996130789871,0.05258811412013841,0.049053880767711854,0.04120291529539322,0.0413035361551886,0.05537463049379425,0.06715551059933036,0.043980849743396264
0.055260592282435614,0.05870577793426517,0.052770621541852365,0.048927298360432074,0.04159910023360435,0.0417596525946533,0.05570899399278227,0.06428865010933489,0.044185634533961717
0.055598622513374676,0.05921939762068956,0.05287146178784428,0.0477970634562524,0.04195525141130987,0.042202316897725536,0.055641647764783225,0.06056509601989323,0.044396869987529
0.05591402833792501,0.05963780461946382,0.052871176312057046,0.04659694162709122,0.04212849520437949,0.04290101334664153,0.05585726058999438,0.05931111063362277,0.04327620313577991
0.05639090134091683,0.05997696642437349,0.05273195919470525,0.046371553613687354,0.04244208967620026,0.043228262842661735,0.05476047258295493,0.05986420960041533,0.041803690596150134
0.05684740423009813,0.06016347528601289,0.052750175066431294,0.04652966174027481,0.04244644043544398,0.04367709320023234,0.052832507204971825,0.060432109801329285,0.040994032688269205
0.056997510680169054,0.06025614691749915,0.05242149430581777,0.04716922259125584,0.042591118462475826,0.04372659380090306,0.05155658421318732,0.061304417480556886,0.04112299803317783
0.057015368009280844,0.06028694541741669,0.05140350061535325,0.04766469353726614,0.04256814374705213,0.04390828337906026,0.05160707821858841,0.06241353590217966,0.04151703201225041
0.05714805458530992,0.060456648485521645,0.050987980697106056,0.04810486561120886,0.04240423526576981,0.04408028544979717,0.05206745271862691,0.06332204476250976,0.042112835420413504
0.05720221103210667,0.06046411356238208,0.05105079663416155,0.04851936370300327,0.04100825017027139,0.04417022359884706,0.05275342117413514,0.06394669922477492,0.04282528182879908
0.0571471409524003,0.06050055561229288,0.051273382078546426,0.04891896598698445,0.04012525077597941,0.04379995889589016,0.053434990396086374,0.06417064262071437,0.043401727789027525
0.0570963592920884,0.06003361698843869,0.05144804090390384,0.04913232319386521,0.04020580153542122,0.042488324453635526,0.054066008814802266,0.06471502848976461,0.04371895528788973
0.056923506689265824,0.05872220664624644,0.0518570631684062,0.0491273405360143,0.040488767659089604,0.041415974431791354,0.054319947974268,0.06474863787968252,0.04394486051769194
0.055966202785876655,0.05804422716519535,0.05229795924569004,0.04934484363129969,0.04084193439577524,0.041211943277369385,0.05459442244062418,0.06418442751459671,0.044044648336363
0.055161916538665125,0.05796825360446949,0.05254389347015922,0.049315343511751895,0.041536110552269564,0.04150243081818719,0.05478162440409015,0.060261063365158504,0.04434279561171832
0.05507622659368765,0.05825719977300564,0.05266024785649835,0.04945260668949151,0.04186390835212,0.04169910364393628,0.054989431323981416,0.05754102901808003,0.044263205627401575
0.055159907523730414,0.05857827121093873,0.05262892136132863,0.049171908269194556,0.042122577852121784,0.04236743608503285,0.05550709389259091,0.05757176016947871,0.04306481952626335
0.05544241455469806,0.059126457015533325,0.05267052482116984,0.047712419395920296,0.04231908559176006,0.042524043524968295,0.055483219575297754,0.058224917299087436,0.041588742438472735
0.055851765303316446,0.059458749517851184,0.05271434308023952,0.046761804795863185,0.042490931081768935,0.04269624659185738,0.05372714068927496,0.059299074376897874,0.04097789060580883
0.056304397652316054,0.05985722502705231,0.05266864222354642,0.046762215281461954,0.04254601364002339,0.04323540326096322,0.051841248038417456,0.060450809763283216,0.04142677837680432
0.056693212236039923,0.05990640774154226,0.052806099032536635,0.047022063756368304,0.04264037902252872,0.04320625505558129,0.051311144476653164,0.06154874990896866,0.04183677494129148
0.05679762421546728,0.06010328454214476,0.05205996325524177,0.04758934213605935,0.04268007699772032,0.043647673833137515,0.05168576123639271,0.06216955480299535,0.04246420855822713
0.05687187341888111,0.06005738080100566,0.051187559725169154,0.048103791760740595,0.04212819031243087,0.043711168891949134,0.05222590847827922,0.06235854530059039,0.042977424137099936
0.057002222360386955,0.060101945044196456,0.051031740686056294,0.048561434277111445,0.040513047332149374,0.043751759697525594,0.052813337068600606,0.0631627650426915,0.04367416440047187
0.0569617223875678,0.06000513168732346,0.0510853321199612,0.04885540375678671,0.03982474825670623,0.044062948015314365,0.05336946274585001,0.06358145931124129,0.043826343936429826
0.05704277607047483,0.060020722363194175,0.05130220539536493,0.04918821876455955,0.039896518004923144,0.04253984735675508,0.0539142119977976,0.06374756653012205,0.04399814598159282
0.05710907425939793,0.059640234887939306,0.051724748130032645,0.04934372560206068,0.04013630712840824,0.041083775738688245,0.054511566521602654,0.06188995329767976,0.044092754857898854
0.05699216434328781,0.05841185710974548,0.05206680974392058,0.049377675037199344,0.04056199911756123,0.04080987628634804,0.05494015826976795,0.05866036703899675,0.044280303520415135
0.05624349325712847,0.05778588481946743,0.05231932315073624,0.04954948196884429,0.040998142429562505,0.04102025783057359,0.055046149331217056,0.05758300843330606,0.043818912125626205
0.05518019302924109,0.05772729800995821,0.052582753771861716,0.049477449028267145,0.04159805151113442,0.04162243662361118,0.05556958536916171,0.057842450570400605,0.042640543619576594
0.05486560300596492,0.05800722524504613,0.05267382546166648,0.049630216779054284,0.04174819193317335,0.04212107211005306,0.05566481477972752,0.05877500807651146,0.04129440570146756
0.055020342796985006,0.058308696473311585,0.05271503027834438,0.04905351033911454,0.042040040198948934,0.042714419160405685,0.055034432151882966,0.05993357304170077,0.04119897374640527
0.05535798940114544,0.05885210607369302,0.05270005457252049,0.047471695372219215,0.04209802919218752,0.04309116657446259,0.05251122031033451,0.061133933235211824,0.04150702671669811
0.05567520707017377,0.059306087248841274,0.052743190642548864,0.04691181268102184,0.04219602595409646,0.04339243957614286,0.05177207394938109,0.06214224488121948,0.04174341665343233
0.05617148151087978,0.059635594306631706,0.05266320544269937,0.047064730003718386,0.042395591436810445,0.04350336502456349,0.05200625412157136,0.06301525903911158,0.04217668261690984
0.05654470022763613,0.0599097865885328,0.05276614416228066,0.04742050503797494,0.042189775328524394,0.04385418474362845,0.05244651793449553,0.06353685645822471,0.04289414822404086
0.056770677178677106,0.06015099614781769,0.051776046490261296,0.04788852172616345,0.041692312033181717,0.04398295396077802,0.05336184816204429,0.0638654751399988,0.0430323456025317
0.05685859607375774,0.06014533558147997,0.05118099128730793,0.04836430590640725,0.04021756502578792,0.044021649127538816,0.0539454786302577,0.06440276689503492,0.043008982155378954
0.056842116250698516,0.06032449817853666,0.05119746737128508,0.04872670680987772,0.03969434263666759,0.044209297650956984,0.05467489730497221,0.06437962846395492,0.04299904392878365
0.05686333472162148,0.06022991086328537,0.051303318772358046,0.048947197422717956,0.039783778184491206,0.0424895339402573,0.05520366433203749,0.06099805584037501,0.04269200688518307
0.05686383213652114,0.060350790603559724,0.05154119817141104,0.04899168469496267,0.03999402948233354,0.041164163411478806,0.05593001325163284,0.05909820032122307,0.04270609550693472
0.05682582471015343,0.06025268589728872,0.052001175636148415,0.04906018597244712,0.04040007737149703,0.04071826951284038,0.056255398496750805,0.05829243076308546,0.042965213263277256
0.05695621654223172,0.05900084530281622,0.0523049115203132,0.04906295077498014,0.04100967669950195,0.04093871143478082,0.056423866766319906,0.058944928780679196,0.04174499821001431
0.05646751113923427,0.05786873433593057,0.052587886209191866,0.04911873080945309,0.04133091918575465,0.04170407260935171,0.05638715587198157,0.060034578603800945,0.04086568357092521
0.055234376653869814,0.0576197045043178,0.05274274460807257,0.04931267443404042,0.04166707436544236,0.04225737944561283,0.05669710730987744,0.06147926933693272,0.04047600396496882
0.054772021741229575,0.05785003495392546,0.05293132139490047,0.049168155480888084,0.04185966667433693,0.0429840418882523,0.054376834330574844,0.06260153024793681,0.040362471982392366
0.0547641588252812,0.05811259449081841,0.052998088654848514,0.047752356738777965,0.04183640083316768,0.043235134230779904,0.05241344484312725,0.06396141531235797,0.040614457951236034
0.05505483255981624,0.0586164780348245,0.052927323774505056,0.04676130240084003,0.04205752795617984,0.043614876535687644,0.052194906641901906,0.06474931424918592,0.040928488984711
0.05538806783821981,0.05912327412288938,0.05290518572267227,0.046585759659372714,0.042075000971247604,0.04410402377181916,0.05273958194401906,0.06528173833519962,0.04176713770220342
0.05580216100497836,0.059548203256111536,0.05292437985390936,0.046866608143067166,0.042111288600735125,0.04394415457824646,0.05329720676377006,0.06592779736052615,0.04210226221273754
0.056290356496199775,0.059864153115311174,0.05277790257190574,0.04722895199134549,0.041447896408852596,0.04418675370841554,0.05442593504858245,0.06616748439158127,0.04239454156692616
0.056597840866468824,0.059982817009547995,0.051774765806291936,0.04787454060261064,0.04004965984278564,0.044427419720614564,0.05495952400462032,0.06576921817826015,0.042759665989170643
0.05676289578151582,0.06009991413269496,0.05139479293436507,0.04827055791914654,0.03969583278233241,0.04441201802593335,0.05568720827474586,0.06291727469390153,0.04281226107703687
0.05690886805116318,0.06025514126638269,0.05134726615809444,0.048611859900432305,0.03965151706014223,0.04320814765261497,0.056300005281800444,0.060923206707774014,0.04258110944455996
0.05685221729486167,0.06027507405683224,0.05150157896826983,0.0489522098376389,0.03980974976069025,0.0416990577450876,0.0562428452202555,0.06109017621395252,0.04122711563213299
0.05669076961232586,0.06034415554193901,0.05193712562896777,0.04917972334273481,0.040423820666546324,0.04130216603047886,0.05668737091555334,0.06195643812742726,0.0396253594193483
0.05685770270577623,0.0603617723407239,0.05225074706223997,0.04931093966398229,0.04103155390848957,0.04144260686619586,0.056860886737599994,0.06327411030281038,0.039698226365313
0.05686516539354519,0.05932557282303184,0.052576119993643554,0.049335345624015224,0.041334525403646655,0.041974975853383896,0.05730460077260489,0.06438533017232177,0.039709049830987324
0.056676181376791326,0.05818170439804076,0.052764484595474226,0.049391220538549316,0.04175426727751612,0.04254535749770233,0.0556357317533624,0.0661665233642692,0.04040060653623307
0.05556030348382657,0.05766950649388129,0.05297264612958304,0.04940272759986802,0.041880949704319194,0.042981971826477706,0.05343977246481022,0.06700229767101933,0.04111393481529893
0.054882445155971696,0.05790522292468895,0.05299481717890597,0.04846246969413517,0.04202523810712398,0.043624236584438314,0.05231258248954498,0.06818153839183305,0.041604128936523536
0.05477137198209157,0.058065089748782606,0.05307201984315147,0.046853286402752464,0.04202143592243389,0.04379218846027442,0.05298401064793621,0.06865873492760197,0.04195259464880891
0.05501156285378483,0.058457408880926355,0.05308827436323366,0.046377280535464714,0.04203015815532586,0.044260590215190014,0.053482612994477284,0.06935231808112731,0.04218271128008246
0.05535277743517512,0.059087541778109806,0.053039787223742786,0.04655340175526848,0.04208534876739407,0.04423908928269843,0.054675288453030976,0.07002387597320067,0.042510930670449094
0.055768026754733656,0.05951061820878145,0.05308763076761446,0.04683196581326013,0.04132703440345777,0.044667068733919034,0.055101052472735036,0.06933878705470575,0.042540090024740525
0.056257385343609155,0.05984714362431622,0.052379240466997594,0.047235921593085976,0.04001215459049357,0.044883773387270794,0.056095454885931,0.06635631552993573,0.04252059641393724
0.056529159856144456,0.06008868118830292,0.05141579978469035,0.04795207217295576,0.039642519571875735,0.04482460321736923,0.05678100045723107,0.06423375797632162,0.04140559765218789
0.056712597149025885,0.06028737706697338,0.05122361240115021,0.04834221827626226,0.039690928636779345,0.04384481747726849,0.05703832103549252,0.06455466367275574,0.03971781688672013
0.05690581833351535,0.06024656084916324,0.05124616907774933,0.0487689103958081,0.04005269276265683,0.04227717133654609,0.05742236257817032,0.0654107881691224,0.039173009138453584
0.05689457094519972,0.06042237875930546,0.051459439055353495,0.0488854736295009,0.04045432349629051,0.041488935996259434,0.05790388548654018,0.06669187671106563,0.03930381876774441
0.056796863259573956,0.060419681399221624,0.05180053979070075,0.049104846508551826,0.04096260520644859,0.04170473538172835,0.0579692476134232,0.06812900749530411,0.03974028494936485
0.05690060418045373,0.06046202955146586,0.05216856253900762,0.04917897817814624,0.04138566374574733,0.04225170294043864,0.057506511971605605,0.0693981836721331,0.04032267178247615
0.05689967309145999,0.0599714745039776,0.05244715397785308,0.049222254561798094,0.04175717632126246,0.042829883644928055,0.05547377805715983,0.06917931554198703,0.040748712210279495
0.05693067112155783,0.058661267233919,0.05271705028195312,0.049274668056010947,0.04198546608671841,0.04356564571293957,0.053924488665359906,0.07051715774433347,0.04114335766379456
0.05610051337171502,0.05793837588806015,0.05276480356793457,0.04908759769023732,0.042050850663059365,0.04377780276735175,0.053350140661907956,0.07100768653782838,0.04170766759164064
0.05511859823417085,0.05791407188533066,0.052825892744803433,0.04773555074865458,0.04204901687561759,0.04440223935657913,0.05387913290154189,0.07015389120783176,0.042251628968629364
0.05499830946099317,0.05815338391554875,0.052911645531050856,0.046488872240632494,0.04210412854273107,0.04462053257531217,0.0546466380988507,0.0716340596083584,0.04253624432468267
0.05498858288243408,0.05849393930988491,0.05282841183286672,0.04638029406172903,0.04213952763723538,0.044818198940597395,0.055539361688514935,0.06943077558117215,0.04227650868856208
0.05540674385743166,0.05901979738394753,0.05284360636825982,0.04665683146450532,0.041250044927640936,0.04509790503957943,0.05599158547420205,0.06576471398541457,0.04217029556343156
0.055817574187368005,0.05944292355023401,0.052700882990603354,0.04705459652199835,0.04011383442090646,0.04533012729180756,0.056476642630058395,0.06446925153893865,0.04045272812234489
0.05639635334842088,0.059827684014128774,0.051587895869125315,0.04751073206480554,0.03980693505258953,0.04527220484821027,0.05661896873310358,0.06471366122798712,0.03920266357759979
0.05665827778240663,0.06000582888039411,0.05107777224485498,0.048070128496517914,0.03990421151626991,0.04458577164807227,0.05688872822950543,0.06601162576467222,0.03889243164366561
0.05690255058525139,0.060069052534406545,0.05106257045080779,0.04859362929458596,0.04024990001577839,0.04302044702707724,0.05722899099297664,0.0671662790402788,0.039111756537187035
0.05701622733137967,0.06003176213748316,0.05129873292089257,0.04885895534844777,0.040779370972270565,0.04204842974419659,0.05697488221407441,0.06867000080712699,0.03989927862645177
0.05706562027393763,0.06006671747202288,0.05157672959806351,0.048985430190612224,0.041263238303542726,0.04191420832179695,0.057115617887359534,0.06896594719622454,0.04055368618476637
0.057112168400704745,0.0600332586913675,0.05186708760810096,0.048993237853246205,0.041754185801854776,0.042479524544576895,0.05595056200306255,0.0699945301445724,0.04139377738612543
0.05707465975085117,0.06019326108997227,0.052152170222640445,0.04901763918978617,0.0421085489827389,0.04302710182886499,0.053532311338272645,0.07055632469658532,0.041776586199326476
0.05708729291255982,0.059869469531255035,0.05252904388663762,0.04924187189152866,0.04231250682049171,0.04336148250805671,0.05213193839720195,0.07048768026475835,0.041889035670620425
0.057133334797070494,0.058629304546347405,0.05262117527513584,0.04921050994537614,0.042281749231916424,0.04393129853133131,0.05214463230584228,0.07111345693761865,0.04180166569533211
0.05662703807994279,0.057889770880118895,0.052763772417466444,0.04866507446701363,0.042590777060851084,0.044119679878197655,0.05289724005693208,0.07013856818771286,0.041966546964938574
0.05555453578746351,0.05788197971665141,0.052731839037290826,0.04698133560425801,0.04252667308453924,0.0441600366605251,0.05394472400129014,0.06575655027758083,0.04208505104340522
0.055106778691513834,0.05814951030810739,0.05274559821327688,0.04642314775355003,0.04269994880693439,0.0441307647748558,0.054605388509409124,0.062774748510392,0.04128725716445378
0.055184026272584306,0.05834828607545528,0.05282630288069094,0.046496374791454444,0.04212989558779437,0.044321018127583045,0.05520868787784458,0.0628159729805498,0.03963993732699628
0.05543401828422392,0.058875581505498646,0.052704235900733094,0.04684675080914062,0.040569775730390834,0.04474692632891667,0.0552696968059662,0.063301037269497,0.039301873897990725
0.055821137414748756,0.05935823155358435,0.05202042974544919,0.04717704853392119,0.040171309923486685,0.045222799532733386,0.05521688091962852,0.06460443038190572,0.0394979723157911
0.05639653940947106,0.05975588125859867,0.05116849446114179,0.04783197974514893,0.04047464114608853,0.044581379709772904,0.05483490378600125,0.06617667142973786,0.0399086506762263
0.05672602362395916,0.05995007744777737,0.050975620839692856,0.04840388252965439,0.040695261515887884,0.04255611059289489,0.05515286818611133,0.06703147431805512,0.040635816207882994
0.056904056339491395,0.060156436068504994,0.05104542401960672,0.04880384928748299,0.04104529498042374,0.041252290424375525,0.055156201298026654,0.06790860009085013,0.04140895699686838
0.057024229685112726,0.060201299630544054,0.05127498615344357,0.04896798108094594,0.041668608284562154,0.04124210174850809,0.05529435174463833,0.06817571429016393,0.04199723219851024
0.05696036214531611,0.06019027237396753,0.05162400986002439,0.049268512464954235,0.04207309601088999,0.04160111538296154,0.053393054502461686,0.06915429822415281,0.04228289569828105
0.05706568645442497,0.060290061311375175,0.05200803942767229,0.04931193314368341,0.04247787456179043,0.0420139704521854,0.05162360183073737,0.06884776108556712,0.04257269540735017
0.056922698257087984,0.06026992157067142,0.052353128511208484,0.049356842354411457,0.04257224624366219,0.04268585526210943,0.05144497090948772,0.06882600823674112,0.04253591244670519
0.056747964241462764,0.06028879604560999,0.052446044651158964,0.04934605438765673,0.042817402959463534,0.04316449108734816,0.05184412003783847,0.06529203183007962,0.043118300658346945
0.056819219856597374,0.059198402178554564,0.05260044922442267,0.04937939506317805,0.04281102720922309,0.043412074214366644,0.05269026080271138,0.061817156440833784,0.04314946122949101
0.056300281795418974,0.05794590624961651,0.05263748614656976,0.048336627043345896,0.0428268070897716,0.04372501278314173,0.05354126776047727,0.060470912811057105,0.04173620179617983
0.05502758035279658,0.05772823073502362,0.05267285139729199,0.04696847637718485,0.04304182245053337,0.04385098548325424,0.05401672903899456,0.060943512941076645,0.04053760926611925
0.05483562459808348,0.05791367966468011,0.05272944386397374,0.04668095933518139,0.04238733424183929,0.044079882896456576,0.05452575548238863,0.06160688861508137,0.04050483657234635
0.05486546618200311,0.05814540070092878,0.0526600674947824,0.04685170041938976,0.040940747121547355,0.04406621157970986,0.05519210850712703,0.06309273498819536,0.04087680546805032
0.055220314462172536,0.058574017006663856,0.05260525634260576,0.04727094566343167,0.04037223102269092,0.04414005609699441,0.0550841425139963,0.06393547456711245,0.04168645487496869
0.05566016878325255,0.059079938439153046,0.05155398647764868,0.04769166231249024,0.04054178683952305,0.04351564972220206,0.05565485554310699,0.06477252899199651,0.04219600785922046
0.05617241286513707,0.05956482754528079,0.05105319581549359,0.04831652703508482,0.04083211013527793,0.04193292766364501,0.05584142145449344,0.06551505070718809,0.04291555053330547
0.05646087751019779,0.0597764606048443,0.05099842425401867,0.04879485749909349,0.041426943671282135,0.04082021705798972,0.05620555399008547,0.0655204713381085,0.04343121647752522
0.05669236069239952,0.05998002116051999,0.051204928524829586,0.04893992273492911,0.04203625497397392,0.04074928052701863,0.05474125791795118,0.0659765137100685,0.044150407724664276
0.05681337885714149,0.060073035608127726,0.051478950784820315,0.049187941038306246,0.042136069079935584,0.04119499106100968,0.05233002130836772,0.06634225063031984,0.04429426524866356
0.05684361282606799,0.06017703433022096,0.051828613550907676,0.0493350319749101,0.04223009609258071,0.0417320194218846,0.051785109139211284,0.06490703949473267,0.044621590508869304
0.05683677565816462,0.06015430715622095,0.052088053433945236,0.04944995231351299,0.04226882980011031,0.04204904134058407,0.05208994562462019,0.06072960171052089,0.04485202264393134
0.05697567640352868,0.060223554814953825,0.05239914885552289,0.049457364523066594,0.042341460485296536,0.0427331395992282,0.052769590522317264,0.0585687651757806,0.044295004825054156
0.056930187049076535,0.060221507745897365,0.052510043900059984,0.049472102183279965,0.04255480295388445,0.04286589588091869,0.053777408930382235,0.058849011659795065,0.04299724008253385
0.05701728953253334,0.05926171817049152,0.05264805025178117,0.049311932810502494,0.04268372758009911,0.04331871326062063,0.054878600194624934,0.0595282367611206,0.042068018823479644
0.05659619191058869,0.058069507867665585,0.052630443358895815,0.04800191657382781,0.0428194225941243,0.043426205306061415,0.05475621943371641,0.060843062870302535,0.04197116529094663
0.055318000151993375,0.05762240063832899,0.052708293105011926,0.04703483030115144,0.04210711735571285,0.04356240191244044,0.055500584807562536,0.06210970711264581,0.042404751582362905
0.05473873282796093,0.057706695346723604,0.05271542990382553,0.046830270185672665,0.0405651774423518,0.043791913263851553,0.055655121099939746,0.06306285498730099,0.04307987190721444
0.05466277091025169,0.05792669199517553,0.05273005018110202,0.047048464094711306,0.040165020216302576,0.04379748327917022,0.05598926138800423,0.06382175633330835,0.04380370027329856
0.05491787302835806,0.05835663574110857,0.052230571569484796,0.04742532749723414,0.040242526918468705,0.04340527696240881,0.05604424254663387,0.06451591580634619,0.04426374696632208
0.05528940409016144,0.05889075912921069,0.051324732744322095,0.04803360068770133,0.040519406734243986,0.04142674412535841,0.05608132391665479,0.06430757663131659,0.044772903467747226
0.055764322482889005,0.059206816221495207,0.05098545708723964,0.04863628950629965,0.041012771373627493,0.04033569116455784,0.05531586323802758,0.06476168539865033,0.044827891959871476
0.0562441319581252,0.059639190822762436,0.051144031731159674,0.04884006352070837,0.041525217559005866,0.04035030712521322,0.05320638737479682,0.06492631541557888,0.04522077197117904
0.056445206749860054,0.0598779919786009,0.0513094251578251,0.04895446476020773,0.04195314953702138,0.04081928935884682,0.05151929853203947,0.06279582657236456,0.04527268858540244
0.05674254318799694,0.05999458555153848,0.051562707864825356,0.048900275247982454,0.04228492206088909,0.04147613738761977,0.05133500752570303,0.05996251087219747,0.04498382510077818
0.05675303783695998,0.060103739945732274,0.05207325378707677,0.048906486099008224,0.042300982609012626,0.04186130319524022,0.05174600651904295,0.058433443505536274,0.04381480404684439
0.05679389854880998,0.06017687667382994,0.052336153570809674,0.04904923261905489,0.04253625742087027,0.04235180110452287,0.05255869372551822,0.05837376289934236,0.04208893510258046
0.0566337800020992,0.06021026556402345,0.052657190912816704,0.048976945783526626,0.04263168619004697,0.04280763912824983,0.05320167534805836,0.059193634489283845,0.04235144734486256
0.056709651939322404,0.06023262046678671,0.05280292943212168,0.04905628080899125,0.04277574026844393,0.042995100593955005,0.053908040349201575,0.06027699365310632,0.04294700362458071
0.05672768874239181,0.060018425700907194,0.05287008400306036,0.048031071987597485,0.04272776254842481,0.04344003138068208,0.054097251165345805,0.06177969413402401,0.043088989646632124
0.05666537721119585,0.0586775011503372,0.052882929565656635,0.04684202445794953,0.04175614706784111,0.04349862047237598,0.05455092994118474,0.06221729824810757,0.04348011096720897
0.05530411502220964,0.05788006969639517,0.05283955866205502,0.046419320560505725,0.04028633461604486,0.04367788661324881,0.05473723353374745,0.06214891815355339,0.04331329662414438
0.05458251825699351,0.05773425303297881,0.052821589653988484,0.046681488802740444,0.039901793582959845,0.04393602723585114,0.054935210525728,0.06247897632140669,0.04393143206706174
0.05455198041967683,0.05793139121246333,0.05292756903124182,0.0469588614135764,0.04009500433867611,0.04366043098673572,0.055200853089358834,0.0630495271257959,0.04406616262303856
0.054717302959960544,0.05829692472938943,0.052181390286314334,0.047485537150800367,0.04028492702850947,0.04204870706458651,0.05519520017516159,0.06309973208703316,0.04425669505473919
0.05511892403071237,0.058706319350160525,0.05148053116504284,0.047974722542892985,0.04071730369713496,0.04109411044435249,0.05328423926661013,0.06122236267760455,0.04453555232850554
0.05555990430453795,0.05917410405171547,0.05128259530827372,0.04836260995482859,0.04122039206666992,0.041080822429948545,0.051207550489602925,0.05881038779673138,0.0446219556696653
0.05605333460785866,0.05958907847391603,0.051423306252074544,0.04870649825897051,0.04177205341262371,0.04124563990295522,0.05072655320888646,0.05720501585578737,0.04466007879540249
0.056357319192821644,0.059888037904055336,0.05163434351832817,0.04900760864464103,0.04216123431920204,0.041784102370854566,0.051311124054008256,0.05685349360777961,0.04284275689758754
0.0566627809578029,0.060022416704179134,0.05203252436636305,0.048981184032398935,0.04240135447136225,0.04259540382235037,0.05155918085715332,0.05716491198231815,0.04143207734978337
0.056849958510899315,0.06008956154508519,0.052513583413003294,0.048975213071257184,0.04233752531653313,0.04309536565248696,0.052683611722539006,0.05817247925274971,0.04127452507454759
0.05686989210651796,0.06013284746264536,0.05265134530643801,0.04910096955576346,0.04243719270677835,0.043584484774495946,0.05335004203155058,0.05846304128445223,0.04172960297321595
0.05679266969584239,0.06021600955871769,0.05290373142164244,0.04918568792758192,0.04251039301415992,0.043848478470468556,0.054000356322775236,0.05887003900454787,0.04202461499823698
0.056900434541575146,0.06018109425636732,0.05288154480137876,0.04898355356878338,0.042678219517736385,0.043910375133498436,0.05445446133295405,0.05993973682050625,0.04260858310200827
0.056995500658305435,0.06022309438874149,0.05297614303850461,0.047353866966556926,0.04160815310397857,0.04418818846273219,0.05488234010468643,0.06010949634565238,0.04284725802673933
0.05683045269247199,0.05921127424265545,0.05306044610582706,0.04633258521891987,0.04013503962241611,0.044433772578481176,0.054902652085886884,0.06095637276918205,0.04335713910846376
0.05623790378904065,0.0580620785436915,0.05284765130856749,0.046255499523811645,0.03990094740137236,0.04460543052196031,0.05506414357892361,0.06104945085951555,0.0433475951068938
0.05502407252790428,0.05777383130740015,0.053131892895312005,0.04663535361478294,0.039936476367336354,0.044518299651765576,0.05536520594994653,0.061331102904424,0.04363036772137908
0.054777156163348814,0.05798103685965878,0.052871575517704716,0.0469405762375847,0.04033364983407744,0.04325006501915657,0.05493330439768566,0.06068129642137548,0.04363681432889377
0.05489982518883903,0.05810650815379579,0.05190407614183404,0.04753454286469802,0.040799397533504256,0.0419452637090882,0.053115040617640254,0.05788141181842045,0.04355460714902065
0.05516927370968146,0.058535881938331355,0.051423116288137206,0.048134200978253903,0.041240234955969526,0.04173679333509144,0.051505633099000234,0.05603527199861975,0.04193734155646935
0.055613320322177626,0.05900666132411046,0.05142406390253796,0.04849607670282526,0.04180924239297398,0.04196312785644624,0.05153376816066677,0.05616297597024085,0.040294662387619716
0.05618963577156936,0.05930648653454107,0.05168871966360264,0.04875324531447198,0.0419293855640927,0.04261544747806575,0.052278837534410705,0.05685409550050151,0.03967840665454491
0.05644285033204603,0.059544581334276106,0.051838518644961466,0.04876624043676952,0.04215657075243432,0.04295780047421732,0.05291702237897164,0.05795977566875762,0.03983545305541861
0.05667213198406069,0.05962503243255843,0.052187933217852985,0.04910796682794137,0.04219149768049718,0.04329180771956966,0.0536915779000958,0.0588446070904862,0.040297677428014544
0.05684876856345635,0.05969808379559563,0.05239873741858778,0.049108695869763075,0.042297124128781866,0.04359344571216382,0.0542779684662676,0.05989881108846691,0.04075727349380449
0.05693646623137877,0.059905547790120896,0.052541860362219396,0.04908958819559128,0.04223276725345977,0.043867570955347435,0.054878528723654826,0.06036893307662512,0.04127428554791708
0.05690481650382327,0.05984662229644928,0.05260690040822975,0.04911523369519061,0.042309268320139384,0.04438868019090168,0.05541869484638708,0.06104613309642044,0.04187195561083665
0.056907907547262944,0.059983411010165785,0.052688186536129826,0.048322271600854935,0.04114015837442985,0.044800825527881706,0.05528547415240935,0.061535786530070274,0.04173622217282178
0.056838984218654465,0.059938534538211165,0.052727386604852725,0.04670377149280174,0.040014157987368126,0.04525150893303325,0.05577273453298652,0.062016852673676626,0.04179111828328614
0.056991693152595946,0.05913997566592981,0.05273505602257912,0.0463989316252182,0.03982189590586907,0.045218896539942086,0.05608632005922886,0.061794762176598884,0.041902816907178085
0.0565045505013429,0.057913799163970686,0.052885975391334626,0.04656413296555732,0.039955862607478576,0.04481346325088076,0.05601540326837724,0.059320207392222185,0.04217654872844661
0.05530943973636949,0.05749846722546672,0.052925167973939063,0.046800294552540825,0.040334794921744584,0.043210439580360145,0.05488303686450902,0.05626689368138314,0.04200378093511751
0.054847951746481265,0.05776303017943547,0.052209978685399276,0.047305023748714106,0.04067852676080662,0.041798112295620034,0.05280699217605658,0.05537343445515191,0.04000448578944424
0.05484895132595261,0.05798566833469649,0.0513382985742664,0.04785600158293279,0.04139996562139215,0.04161795761957538,0.05174216078263485,0.05605026576667128,0.03889132831884311
0.05513394737563576,0.058373665614890435,0.051123571057345024,0.048317000383804265,0.041619986658492494,0.041724086043875806,0.05199150652034399,0.057218707814344655,0.03878830353735094
0.055414186693365834,0.058776779049239246,0.05125070884390386,0.048711891281267815,0.041894336449999015,0.042396757496725446,0.05258344385719487,0.05869631547952504,0.039295365410179396
0.055812899654013995,0.0593055119093486,0.0514419016711194,0.04896174089623728,0.042225980617501914,0.043199330832691195,0.05330244554940192,0.059236244848037335,0.0399289393443612
0.0560910905194612,0.059576984257092035,0.05180838493214432,0.049113139313228034,0.04218187943264947,0.043768364489090446,0.05384784773450572,0.06080075687331855,0.04040418459877985
0.056455316005324246,0.059634381117234514,0.05219470614704643,0.049138742653633966,0.04210432696375314,0.044161666541828945,0.05491364898706954,0.061292268644377396,0.040845325913188985
0.056562520588342186,0.059827829404054136,0.0524576444724099,0.04920803723739152,0.04231382976029398,0.044482463237059976,0.05479907210279944,0.06189698145488754,0.0412544859820102
