0,1,2,3,4,5,6,7,8
16052.013264726014,16554.484591645585,18247.87400233197,25514.487616577335,34513.85803175256,32312.02055116886,22403.19525555055,19761.82338537687,38962.14695242205
16509.043675596582,16349.194023560158,18915.694897135658,25122.927839894528,33405.10131722645,31435.355399808053,22146.42613253043,19224.552074980442,38266.03956744592
16885.892148721687,16094.436981492081,19052.593571831152,24651.669644270412,32774.376321200776,30617.95486226479,21772.37618837296,18840.579102332063,36944.9017225697
16947.29154540546,15856.208909242458,18960.91916719855,24211.32630774928,32500.7359274216,29387.947891691838,21586.555013458044,18260.24580071129,35986.65490084185
16877.5952120619,15639.286989068698,18969.218989789555,23930.26725432404,32174.683161043125,29302.186616641917,22001.84420172454,18511.201629938234,36015.57830265016
16730.84439086306,15547.266190766852,18757.72556889373,23572.290128862274,31812.813386546022,28905.375209162332,23901.305714092934,20517.92717339769,35528.18766577962
16467.848224762714,15450.45274351214,18390.08453964171,23538.87970678898,31820.293336774943,28837.916246414236,24852.374643507523,22123.01898404847,35490.56501218059
16272.066418937147,15412.389005731186,18254.349704432505,23418.511480941575,31669.645482596057,28904.742381806896,24744.268455735717,22235.591021562817,34894.40115703368
16123.061511952386,15425.704443998555,18098.706576803896,23504.38968408263,31685.938996128712,28585.479494707863,24471.86419770337,21613.58139142789,35212.47448814792
16074.403119271843,15402.238386010931,18023.795670260934,23411.247485218035,31840.02642230226,28189.945658997574,23691.95729624521,20985.7294011437,37952.270406488446
16011.527465678964,15400.117287101228,18031.27945739116,23283.72693781048,33561.75214914971,27892.36626026193,22982.006047249783,20468.498289203966,39771.58977685559
16012.500156146847,15441.949271394376,18034.60648595802,23749.058501382162,34874.710116412694,28817.093487571736,22338.853578645027,19630.26738934322,39818.78469512801
15986.639077559981,15975.71343464637,18002.23972297348,25007.03334532728,35034.922703204225,30972.15713104539,22032.959593248197,19048.909179579387,39200.55181678245
16038.12442584357,16516.117911973193,17950.83075465141,25489.72013572503,34540.04224910752,32003.30885455996,21813.15620702351,19016.063982167692,38299.066505710376
16021.81308092239,16544.431333261236,17951.460918316632,25490.91410270256,34048.622309491526,31720.94545096687,21355.316465198444,18673.760289948663,37090.1896645684
15948.044402845322,16498.178169052986,18624.480683403697,25143.979818697713,33228.14713827382,31462.5233483021,21362.001836684165,18406.895108352215,36090.89975559686
16582.34840331503,16355.853246104603,19057.219333956964,24699.356424737063,32413.104404450085,30697.187078317387,21106.87161122239,18510.745038591263,35379.24136464558
16950.581956097867,16050.782315207818,19117.257426826905,24251.437772753547,31919.971089027047,29551.847879492972,21117.8879500072,19427.46105098808,34810.69673744605
17079.617125872275,15889.98055042692,19042.472005909487,23844.026720419806,31723.72229462584,29088.89428677636,22734.275271457613,22045.728503693204,34537.423584007855
16965.53600344713,15692.491999617745,18830.227051438713,23633.379490216437,31699.07246015604,28495.297264654637,24461.347681532705,23238.522087156107,34185.7515271826
16838.424235092476,15555.774468963178,18628.27698010735,23386.026643878657,31406.78408338875,28267.183843005092,24674.339568102365,22742.826617946183,33937.81442621284
16626.695958267177,15476.221912505573,18319.657478309102,23273.453530838404,31305.754312818863,28130.54139088977,24377.022213250766,22261.56099594772,34742.16943705053
16340.683532651905,15424.264120038379,18203.7124581714,23234.039013199483,31337.59191233375,27596.172499999022,23717.014768896366,21447.315466209635,37708.156666630835
16295.14261970186,15538.452099188482,18015.271737926687,23150.34520777458,31246.846335305618,27535.93149961333,22626.438048932916,20565.59348177658,38784.29537140819
16130.648474869664,15504.950219304204,18029.478004017965,23062.264272378674,32605.607775329372,27359.42128300692,22313.4421544502,19823.501316189373,38330.76485390597
16072.034426843267,15611.17480215428,18070.54069956147,23088.834883742096,34326.57856017741,27751.091124681774,21848.228060130357,19767.983053758093,37640.84960544968
16037.241026073181,15573.536085600197,18030.144389233774,23787.26154476925,34673.996082064805,30494.969154414157,21582.718935493605,19628.511945079226,36483.589147792554
16072.37209230536,16087.08106112102,18085.263925822648,24995.381221314226,34503.26920618283,32452.17533630936,21228.80251369817,19587.304687294993,35584.838458754304
16120.031559340156,16565.472527970007,18017.656837406168,25275.918274724274,34107.405080037395,32501.007040958906,21213.098178569522,19210.519728888055,34419.20093404222
16089.90714971466,16706.704765572234,18268.45053774587,25066.024884954924,33418.18811993612,32002.384003616487,20667.29781950531,19157.393059775324,33974.20440332029
15977.520681142774,16591.444458777092,18943.271457928942,24778.854636070188,32783.479565531896,31323.174165527187,20510.28688858391,20985.16972783637,33967.15907284049
16405.003495065637,16395.03195789476,19177.92877473886,24347.60052098975,31965.96729071881,30512.646074404376,21356.49533818219,22640.445713854104,33128.98409248338
16914.921415980047,16160.455117651547,19101.63109249161,23906.748645920914,31530.97450561736,30031.59343530178,23155.11972581857,23243.038395533076,32708.391530805176
17021.59988446983,15901.756450355864,19014.820367687087,23578.40985981855,31463.60136270172,29429.2165409494,24130.20682741038,22507.17893361153,32638.686232508622
16985.895056359466,15803.3132875003,18753.84649855025,23276.780872570853,31211.28566986465,29087.505714860905,23778.903382031403,21567.5259388201,33972.39188190119
16907.361253188235,15626.828299805578,18456.02142425999,23205.877966078027,30981.38445778286,28583.531361639325,23427.90653694236,20912.466847417578,36057.956764802984
16646.590150026786,15570.442192834562,18309.51072276681,23159.01868892321,30831.53814197316,28636.87018591302,22595.97877118206,20023.05258993998,36850.59800399548
16420.50772344331,15511.727186080103,18182.481224937947,23071.598405019577,31100.250052546242,28553.040367700436,21805.06407117784,19485.66606941602,36499.004594905244
16296.637857214839,15497.154315730904,18152.43302707021,23192.960358251778,33110.40342996738,28410.91559064331,20935.15289468147,19109.97797899455,36017.764756531644
16180.064977362366,15500.781476204404,18052.26627029132,23208.38859628768,34623.9199890944,28558.18820414913,20463.87192926296,18873.39159632021,35324.87202396745
16114.068250671819,15505.884580269942,18086.000599454183,23758.709081783476,34671.94595159903,30786.560949643303,20333.94608698041,18496.089801739545,34372.156234175345
16050.965826588017,15491.401922412719,18049.410397083295,24825.199529905447,34319.61374368509,32990.157968594416,20043.366241113974,18419.351527384675,34017.620672022626
16123.9024115102,15861.36114311436,18051.681357130277,25538.85272641574,33795.32634125766,33629.455269328384,19914.327253321153,18507.037873696452,33736.03214887484
16067.93544271327,16505.69212309578,18014.096536358997,25500.74054136426,32895.246803838374,33345.58559104725,19664.799218082866,20540.341280969944,31732.995472210085
16093.888571586922,16747.788714821036,18633.155659805125,25274.911118851138,31990.954147724162,32791.35745527312,19497.010835516136,21663.543057142295,30938.539808469952
16058.294878092021,16730.5947151853,19133.772540414706,24786.389061169048,31575.112366096117,31968.468044588,20796.487291180063,21717.730390421322,30539.805218907557
16341.34609168268,16566.77882009769,19081.956929464533,24399.403708181577,31180.2814326242,31138.861002010468,22231.525027531494,21348.664546573804,31439.69168833221
16841.61489083284,16318.662917586527,18895.718519278056,23884.51513525787,31177.69137089924,30236.329073545483,22757.088146718703,20357.54235196546,34419.69860471392
17086.745736578687,16060.247166409586,18805.20946222829,23614.20176653067,30764.35580568982,29919.83965190821,22434.225828243296,19455.255950610423,36391.98471911565
17097.317587583868,15867.788150346872,18564.806308677034,23469.579762400153,30610.026870084253,29785.137801213954,21718.511106794904,18680.37530726024,37113.36361161058
16955.80513943237,15763.632104417196,18365.003544895295,23301.09761832901,30612.101889271013,29654.720434441173,21137.81209064732,18245.335773248287,36668.75946706765
16701.707730311893,15666.772138762664,18171.550204197523,23296.185000739475,30808.46026630381,29539.842221727326,20861.06392348297,17860.84091371904,35103.72184909367
16564.684536072833,15590.21614330283,17973.93309586977,23257.9381407034,33266.099179457975,29248.95059929302,20192.511507539417,17341.934780422172,33723.27629931011
16411.99584992642,15518.35510153047,17961.724817952836,23345.576443853264,34763.047967236016,29176.756910781703,19970.533679190943,17451.938579036396,33045.63527740933
16297.614799920817,15577.570286807288,18019.033105881575,23208.915329503066,34537.00530532302,30261.641088475662,19839.63329047727,17281.155658115826,32278.367140316488
16225.355326480183,15558.522982395241,17962.775148559947,24175.727081746223,33976.28488826494,32892.40854672681,19717.96777978003,17673.854478811754,31967.13593646474
16287.939329684448,15537.74016619717,17971.371623947092,25452.402156956647,33571.567298768205,34216.987289038196,19293.705004595395,19722.519579954977,31356.03732082815
16141.499295324511,15721.531276837173,17984.9596141483,25655.75639770624,32936.597333436024,33671.17055871758,19659.18010639428,20642.48852679628,30798.389247964147
16149.769506444336,16454.919660161235,18135.528466705757,25522.17872846174,31952.34821129344,33334.81895001639,19757.61589538184,20223.18081282684,30665.27570078922
16117.339885607724,16751.96295747501,18696.37000836022,25260.035437386152,31627.92748199774,33009.75405059078,21360.469089724374,19490.753234043495,32136.130569466408
16155.408342408364,16737.618467581786,19010.67750061429,24899.323516023698,31225.048790436616,32492.60353248525,22940.586774472395,18976.310834864307,35247.48105764092
16305.440331246893,16599.542567560122,18907.211394340153,24232.47481573483,31096.47045195476,31970.42811797294,22852.335043500665,17872.16798588459,36497.08526680673
16825.347251592913,16408.736484765104,18847.12463344495,23930.127865093837,31194.859411226906,31066.397831067596,22392.235040284453,17360.7922853616,36370.05670609723
17064.895785062025,16164.900890557123,18685.374052645817,23619.351652960904,31034.29750366694,30718.64147017107,21680.406023603595,16989.78593931108,35341.258475293886
17164.600156444205,15875.89134542991,18327.443491951544,23522.751486060184,31113.218102741823,30634.251044044966,21372.700111664722,16743.415150165056,34359.39605520695
17035.66139044124,15717.70986330386,18175.78975590172,23441.913331261803,31301.798914738098,30437.860962104874,21227.60058706875,16417.808793220807,33264.00903803126
16794.45588075503,15628.838657957109,18034.724133888292,23489.05594002826,33357.37458099271,30874.948299986405,21367.07989110091,16418.27217492956,32926.587328386806
16633.053421252833,15558.471223044404,17975.765411600296,23362.41452237312,34736.9604146886,30862.753026594673,21226.81988383001,16168.184378524957,32226.879801919535
16410.493645160786,15493.749989942327,17934.929068476835,23277.61768409336,34939.3925107471,31696.846046085346,21294.453725429514,16713.682081949763,32178.193870152507
16261.744270732423,15501.000410955738,17899.27155394684,23618.932381876322,34428.346489662865,33480.283876380774,21172.339336749563,18687.98565890612,31519.842191869768
16285.23862314014,15522.734285059536,17861.956707125377,25155.15125595942,34087.61354347838,35173.77238564099,20903.422694662357,19398.59430891222,31154.471594079503
16180.251376818493,15509.745212299342,17815.323354206263,25684.765215822208,33246.17321016241,34841.45411831043,21064.352370778986,19200.852169572445,31483.581272724274
16164.840673771316,15546.402687962829,17824.305224221473,25813.0053446728,32481.63829050047,34239.59706252936,21899.638018291,18702.366969136667,34451.77530461052
16213.947340431621,16121.353229754486,18296.72153770582,25405.159419196763,32359.952992105875,33686.46839959022,23730.755670500323,17947.632521365664,36640.93790765004
16178.884606085021,16614.773042837925,18925.334094007216,25125.151826067187,31779.409799709872,32833.02395927698,24334.94194152856,17334.003158318534,36930.3288772773
16182.638310422004,16684.530538921066,19105.060265127395,24646.201793067543,31691.872242709753,32184.147138495162,24125.146947412497,16821.72833871587,36734.64623380944
16332.693801346584,16570.275501944318,19023.469930676063,24103.69519677978,31495.827076013655,31629.526930403077,23984.08951803308,16842.955051087843,36187.43354408929
16820.08136699523,16471.531650470326,18902.290341074946,23765.033432815373,31500.398782530603,31038.93329826087,23209.330075967457,16799.691701767508,35112.320737483125
17122.09767238621,16215.776153019164,18647.234190759453,23639.81472130778,31606.447963867387,31021.41114271795,22757.81575588632,16374.065637390218,33747.38150857025
17256.443214057217,16004.56603257901,18395.982053889646,23629.919487792948,31946.17554344621,30652.957503384838,22690.682248417954,16224.893504372876,32277.628775067053
17126.164024157286,15744.103969151365,18310.552420088927,23530.851079143795,34044.45791493936,30695.937127866604,22253.178996351704,17221.225969304644,31602.54950630388
17006.846536969188,15633.404272332893,18019.29338902409,23487.66485914826,35295.423016630695,30572.99998444712,21912.544545513065,18505.399699064103,31782.808913213597
16734.89438177935,15615.374261657302,18017.47605487115,23444.995748992707,35306.16013542218,30713.396520596394,21978.834504269307,19476.908324239143,31668.822451394597
16528.557727292395,15558.594246121886,18014.56518052265,23436.465136357914,35003.84105935323,33153.422229842625,21546.525946816997,19932.891694635706,31576.84316068134
16326.222340845778,15615.833663919588,17951.52156163909,24229.151540800172,34350.43388807412,35072.7399729298,21354.808301054618,19489.979663832444,32333.97011770559
16314.157088788712,15647.950155980747,17943.636955847258,25411.19559729297,33509.27253926174,35219.45758803806,21827.15168380869,19108.15036548362,35721.97070867701
16258.593258104356,15664.640320484868,17857.328708397104,25735.4158060239,32865.083527296294,35127.05116748358,23855.772158318705,18630.70573795091,37110.65228388036
16283.97523687154,15700.603246219986,18144.44564380132,25644.889543572313,32291.55323760248,34234.80273140214,25355.951076082358,18313.79304189229,37339.27777515941
16329.928402810268,16198.44008385059,18856.205031500653,25389.472286328255,31920.00741958125,33198.278382635166,25301.834973707537,17818.60737339468,36815.94396609335
16267.308226727302,16645.4562877631,19104.53216854563,24877.9663574124,31931.36625927408,32295.977953837904,24930.619591890198,17583.009025043662,35370.25801048246
16280.807129032391,16755.68530913927,19073.50566041986,24324.99220975408,31773.04232745066,31621.645926640704,24046.68742898212,17336.879762869874,34198.32853784692
16274.274593421329,16660.22617792762,18932.90443643853,24008.678207636156,31558.415323298446,31408.227341088146,23361.135154931984,16927.999764433876,32961.22197954625
16803.357466478163,16492.54657728558,18697.457610778438,23684.89731750692,31432.66198394591,30831.029969350722,22833.888839832154,16616.52978007766,32815.957766638974
17160.832212291123,16228.839597310183,18472.01077692693,23609.809278014767,31696.285932470902,30797.500944827767,22141.062188517226,17167.389715965674,32135.526164557323
17321.077624020847,15979.10126270274,18175.23411365179,23516.925250834283,33588.98180259018,30691.613967316644,21967.62416177133,19263.240567075747,31799.64100676298
17215.77152244716,15827.90804831922,18104.503009606957,23550.483365795444,35117.34960180202,30613.9301138877,21944.843915942452,20776.79849664773,31865.48228846579
17078.660737640712,15673.147238052698,18058.52050276547,23497.994727073703,35324.8593231416,30495.962037801615,21763.094415940275,20542.41234313699,31551.5205645913
16899.24802659951,15603.939145123095,18047.16453655956,23420.96358820381,34676.54192124148,32245.315297746067,21582.818542877707,19789.305013335725,33346.376968078985
16591.509204094018,15557.116103973467,17949.2637025882,23570.538464731522,34161.54006589988,34362.30347021533,21347.610441935998,18877.389224991537,36397.34153748584
16494.010202647532,15524.70347129762,17916.364956345482,24713.571963119575,33427.827357402755,34768.63568246469,22495.963879475697,18164.61902840081,36922.84780414373
16360.098724481342,15559.75846958729,17952.084937709216,25547.96012417887,32768.622713591714,34795.48650249297,24429.31581701727,18035.241306841577,36793.909765844845
16286.150589968516,15512.400895852194,17970.006865914,25606.932882165023,32139.95917519408,34107.473065099424,25106.291464092297,17555.837057355882,36045.41715152871
16322.905030496953,15523.026712540093,18498.219752675643,25292.435599559944,31863.132646619513,33295.54555076661,24984.54968010935,17211.219079902454,34594.34826068391
16289.869136953908,15875.763237575764,18984.80282937553,24950.603885491004,31594.686557078883,32369.601073435377,24533.599443595886,16951.562598268298,34018.94269775681
16303.766727621414,16512.773262845905,19042.996035937507,24399.110941185147,31729.98338758467,31662.192706748014,23671.883224348654,16673.115087967526,33719.68254122928
16365.719975362208,16734.655245767583,18957.7081154608,24015.248249311182,31645.472986826626,30759.765642256883,23057.573672860304,16672.79650447256,32573.977180250688
16327.849298205674,16676.157482454146,18778.822826032512,23616.89931426246,31366.878848227014,30479.6724941236,22777.29914907655,18679.902312741055,32366.604030877726
16622.100686266767,16541.202923316072,18609.843182066666,23475.35431799336,31661.68541718196,30411.472384314045,22195.297609643374,20630.194209841407,32402.399531710063
17126.14492136839,16322.49621807623,18354.726212738795,23312.229913050975,33060.74886285952,29963.998424497062,22111.251471127922,21080.1814291379,32064.01770039441
17324.438243852022,16080.704118880769,18166.730868853585,23289.372216162137,34919.58849947279,29710.168766942366,22072.453625292845,20564.056523789797,32425.737490797736
17344.76748053137,15798.983222668188,18000.604727380778,23169.58661324882,35116.863330591186,29432.32586697255,21852.966323019453,19774.648561547823,34797.650651581374
17177.464902406544,15731.133447046057,17982.07183435961,23161.900706458735,34577.20300173877,30573.39772316383,21762.173235414488,18840.631968986112,37052.376250976056
16990.175239429274,15560.772899959798,17935.893099735713,23212.30325447303,34311.11739249156,32331.61585975866,21862.02688778082,18105.580318597156,37345.07292842019
16750.006328592823,15500.035598763276,17971.383239506617,23500.849623763635,33450.800316004235,33932.45409761653,23468.51936323907,17699.49356163762,37096.17921564531
16618.130276141885,15464.071745014502,17972.762733896136,24715.684740837703,32561.279350029905,33692.162836223804,24993.5788103083,17287.908295846075,36593.07894793524
16444.42838099133,15435.466008400495,17979.89112337368,25234.69819321717,32076.800184957203,33167.73886795694,25475.945360373305,16981.69385362958,35482.960555087884
16465.52905485687,15478.26213263586,18037.906501948648,25105.973334102888,31888.542315865074,32366.292151706075,24968.887790884535,16913.3239637401,35231.77447627868
16458.21274568035,15471.818561794042,18650.399271947677,24899.801301723346,31867.795632254427,31514.062111172014,24614.98849681674,16806.364969180304,34604.91866879098
16421.1848104023,15704.138420156154,19062.573112298014,24507.245314948555,31952.49992442428,31201.10705689082,24049.01571131302,17362.213056552373,34798.25286343796
16483.475990615014,16399.125095813837,18983.26900316282,24045.4346915237,32059.322290052114,30629.64217108063,23595.842040671236,19852.36978205319,34364.91979970933
16493.764038874408,16747.60980778385,18921.63406223483,23590.769890656968,32181.479619700578,30252.456653970683,22929.257458475706,20684.504103719217,34547.52390795008
16526.41366539797,16610.77528186784,18716.82069517282,23329.585596949935,32386.013744695607,30051.181179290194,22585.72116919827,20328.064830789346,34940.405711170984
16752.3565836048,16577.10285785492,18524.555127205113,23088.118204667993,34243.41325605641,29622.617850631643,22657.51908967675,19624.480063704737,35337.28025512241
17321.355154679015,16349.929015848391,18287.74247811523,23171.91978195731,35407.454179744534,29253.76737635944,22139.419444384126,18796.34536733723,38599.39923743304
17546.15837711929,16067.818692374398,18132.673872900672,23061.66701351704,35674.97400430285,28953.21594876761,22258.93489610537,17801.686425099586,40153.0137155935
17508.30106849174,15871.699318499286,18016.338721981356,23009.449046409307,35136.51040385609,29084.261193687827,22199.818007456943,17271.077560101436,40143.23719426423
17353.703731909598,15659.223535209705,18001.805279278535,23041.397844570198,34741.9094557454,31442.610333823148,22993.13074261797,16814.454338563108,39864.55266692797
17217.90128162432,15539.081229729576,18028.231560385168,22984.786844278755,33698.19013419631,33398.06151759924,24972.446699769935,16698.56621994375,39035.22312763682
16931.22406720487,15502.90547629783,18036.96852194,23642.12760511483,33012.458255662925,33650.29984930601,25762.137680483585,16396.820865067402,38132.64614678709
16748.55227432256,15433.631054008398,17995.359960548853,24737.033329510752,32331.205773783568,33560.81293622803,25235.1260290877,16250.76233114155,37360.108051579315
16644.012686423823,15437.082519331861,17997.34390998048,25185.84951339882,32371.811576825083,32902.94532951646,24657.784781215923,16039.04515061383,36914.38895620588
16580.920114590757,15372.841349854629,18432.55631444169,25176.43702315641,32203.998747242997,31843.74877846873,24050.732422906625,17042.608178887178,37559.79166809906
16636.437647280505,15427.239012202057,18935.678171192867,24906.009956149912,31912.302906916357,31104.572301881275,23527.154124325945,19058.07637242428,37274.85570656416
16626.879616548347,15401.903076522969,19071.006522518892,24528.04617324688,31756.431328961346,30466.814155473854,23173.749725078014,19532.076742683814,37962.92720177994
16613.54858110144,16089.191054058203,19017.31064315264,24232.252192177843,31741.606868937317,30015.943266793314,22693.99736939761,19479.85582545167,37453.114729039204
16587.336854354686,16573.484850839843,18886.75336421916,23831.138740757007,32109.340294928093,29817.191883308893,22362.839743218778,19153.59518680672,37600.90560856423
16545.097706415996,16593.777902626654,18655.202812531552,23544.92235008725,34330.02619187576,29324.215923963508,22153.13895740814,18310.028679975483,39656.472263632146
16708.931673557643,16497.797560802475,18345.921499179967,23286.819594826593,35804.46031670453,29131.879854006707,21798.772262450744,17574.001263172515,41188.73797982116
17396.72213683833,16365.876224243175,18191.830455683226,23335.468403660754,35830.949251462574,29021.515516252395,21585.84402388366,17131.527302690614,41706.476755105505
17615.03521250914,16108.071803172355,18107.037035930316,23234.412772347107,35377.15699568646,28918.61212943651,22229.498319623126,16833.1596836646,41240.41772427241
17585.01661118181,15852.84794583405,17964.94061824169,23113.5973362596,34684.97724646047,30683.694532045323,23627.763195510568,16936.382872388644,40316.58676960512
17455.471820693572,15703.128710610792,18006.936712928695,23113.686315957017,33827.111108758116,32917.62617497969,25176.390583812637,16579.23380732044,39933.344341158554
17251.789665268592,15557.984530490476,17894.22883634259,23424.707664280053,32994.14136518191,33521.62732947,25292.75471102074,16673.63115571276,38707.62305063462
17079.78777208972,15484.524565304424,18006.639398994226,24936.419920626417,32777.23818605023,33157.133898231456,24856.85979142396,16765.59886582803,37748.83334791397
16859.390593709115,15425.355526701806,17962.689367296513,25587.618254780064,32277.948922685046,32818.50240108201,24151.040797528825,18377.21874167139,37176.04861902892
16750.373759408136,15413.631540468845,18012.37393881365,25424.417859879934,32061.474627879434,31926.789426211333,23331.9682137914,20064.47123884789,37048.861655372246
16571.46541561319,15427.00919247384,18560.582340189696,25151.52512744275,32029.528391197284,31085.095693465777,22874.185769959302,20318.436717803183,36425.36851658383
16603.640912610514,15406.725081532417,18958.32312583387,24741.88149038929,31832.1816883596,30506.319695907172,22345.52918672448,19974.4752390276,36829.69882154702
16576.953117225286,15404.18463290235,19039.505285989875,24321.40098866769,31706.06699343014,29740.32093954722,22036.31385557267,19323.978090635297,39383.37127046405
16601.572654299027,15805.849539651279,18950.054707198913,23955.96708080197,32041.20075215849,29449.52738407197,21709.09143723407,18785.498110225915,41897.50959401581
16598.118043119986,16406.58911114423,18759.58750103167,23621.74403517376,34466.56494999461,29192.71221376893,21759.964634646403,17977.850668823146,41847.07354517867
16585.892427937295,16575.794731091642,18523.66478051899,23385.714076569704,35675.71676779081,29148.420340345845,21488.873814148814,17455.294832115684,40882.67770826948
16613.329566566677,16489.851647767584,18355.458493957376,23430.1494824548,35739.2985786913,28907.72142747799,21476.193702050805,17379.58671690323,40169.82607063152
17130.23095335183,16407.305915349934,18149.269960424048,23316.40581090529,35148.7925799014,28745.661431262786,22490.439049042903,17145.91693643581,38726.33269023301
17547.98957517691,16196.07101005572,18073.011257816288,23217.461349732264,34724.12580216435,29728.971521868265,24245.521117376626,17144.468381286995,37940.58199556234
17570.441468491223,16022.341025574091,18066.826308696334,23179.36046928125,33745.2636258046,32816.45775020555,25134.041062607714,16954.479838993568,36915.83539969484
17467.059928131326,15876.6596313113,17978.833008788515,23217.82137961782,32937.60421460758,33696.10441239245,25030.90217249385,17201.66703984125,35956.07768727811
17296.195431139957,15750.379049489284,17962.588435083457,24357.3494667296,32324.227054155417,33754.011441337236,24369.843321146865,19042.240602580918,35712.937781720044
17095.72358935364,15763.500724672333,17976.60581389454,25409.72746395132,32022.428877073275,33238.22844899095,23775.60817045329,20020.081603048337,35461.587183246585
16822.14419398474,15695.791552641847,18005.086987799095,25678.06985726951,31983.464718810425,32362.083896711898,22857.16704884635,20236.900670915715,34802.6549119553
16670.526393662698,15606.006767323788,18174.93059224875,25438.616883365856,32033.51170267396,31247.602914118805,22306.117355836377,19921.232706907966,36650.04412883652
16551.815636797524,15615.706341163987,18790.225981912,25206.56630650014,31442.701608481104,30756.034379800116,22164.07785731613,19397.22221980142,39604.422094026835
16522.569620321934,15547.87661962877,19032.690334821855,24737.698101908496,31624.05667643914,30272.661773955322,21517.93176931701,18396.82814570744,40874.077677085435
16552.206990244635,15535.848195066179,19001.32898877695,24152.84263043415,32169.096409175956,29852.26020082649,21525.57085652332,17993.65812662586,40267.7410900603
16593.621329122943,15855.353322607658,18817.222576995133,23820.804419134627,34267.55763865996,29828.40904611617,21246.9232418785,17604.431391524427,39126.58817114611
16587.09415233078,16568.347594343177,18672.97908915953,23557.30236638267,35465.22184524129,29590.322112479134,20998.707610292786,17410.210910904832,37695.76348287639
16533.334073533275,16700.22811169744,18492.144365187694,23524.71937060249,35345.87738365267,29271.32240436692,21412.81294610767,17178.400352726414,36808.86907630784
16568.343454731083,16648.52975938611,18417.007088367256,23422.548679741154,34902.88587720283,29210.048091058463,22880.994268806644,17216.111675422453,35911.172446492405
16994.02907027568,16483.079862154496,18340.951144843042,23123.202561380665,34291.948355615496,29620.61538433232,24240.778898379383,17090.57005545934,35513.413313471065
17439.079226557154,16311.55070377632,18325.079994327472,23196.92924402994,33320.21204471052,32105.20771098188,24444.524058922703,17681.460566274687,34834.220979573896
17564.83217745534,16066.106751843005,18273.606247313324,23245.104770721387,32482.524418425903,33914.15258157766,24112.66294456898,20280.9609864138,33571.86645692216
17447.400118908172,15918.687820967378,18280.215694660303,23556.299825305483,32053.394077488847,34285.300554980946,23477.952654313365,21140.500543613365,33032.488840332924
17279.562824115146,15769.054802225428,18263.59004112637,24975.180789488873,31796.72583007392,33636.415448022395,22702.979566483595,20409.281558369832,33146.73873886784
17065.02575290807,15609.193771465229,18139.319829469052,25717.270069991413,31563.312790333854,33147.961023348515,22099.372530710174,20150.5234878765,35847.84473249727
16831.08064692979,15605.830447120537,18244.198642463627,25587.284298896702,31285.12662757487,31771.81057517076,21639.593485277073,19025.059018491706,38142.813247682854
16763.314030115558,15585.090973565253,18787.518463171255,25420.17142523299,31274.05215764962,31145.403169403216,21434.480119670938,18530.274344653146,38139.34041914309
16598.662069648126,15594.631210407768,19290.60079424636,24967.781759862955,31182.85788881609,30480.7426571711,21403.7797868826,18364.01851367492,38093.48822393288
16519.290869285167,15549.522967805882,19275.227822157758,24502.606187565136,31471.620054723306,30075.359880061173,20922.342210803272,18179.724792816738,37224.985222645155
16485.973885413234,15524.575631364783,19239.01394744798,24156.323498873655,33574.49125567735,30028.024690077575,20729.064687329446,17912.462098757747,35814.6744926742
16502.785055781842,15697.916222529004,19097.791256151133,23805.732284514044,34663.1175145744,29993.644879485302,20765.81448861083,17747.008930372205,34645.48975861792
16468.203753280326,16408.978314685293,18844.006134041483,23480.813040223893,34853.902471288704,29634.431299877477,21322.344994468058,17397.866266943183,33572.94610151657
16459.08275901009,16740.700971707374,18534.622152405467,23549.689791494442,34282.750182761425,29643.771919755316,22786.684555023305,17083.979499454632,32559.511127735306
16468.465147463008,16686.799900900747,18393.59735464776,23349.765754201886,33636.35529022102,29715.783051837214,24019.32649760745,18591.08474196528,32471.683531526105
16680.506660365234,16560.064514714733,18305.074228547808,23422.06519201919,32592.74085157121,31137.731342682768,24182.23105097234,20712.761950198328,31949.858758942137
17200.24452010913,16373.857226212027,18250.34779618287,23281.515257760122,32044.666809338258,33585.90542984358,23521.97739380861,20957.212791291488,32269.485799007514
17395.14406367144,16139.780602754994,18256.811549551647,23247.505564243485,31289.274627549716,34035.85111619761,23137.771761526794,20382.324768687875,32503.875969573684
17408.897738814056,15830.699097447134,18228.69653973383,24253.11465740357,30823.94824841948,34147.435436856555,22474.067421660242,19764.69564312339,35381.02307641895
17285.158436527407,15739.01571881209,18217.39707070742,25542.092533468236,30710.615607236326,33501.33365624444,21936.305758358143,19072.680199473165,37160.9874682022
17078.619992271102,15654.25590228625,18326.295921046163,25676.27180135414,30641.22212579663,32827.880240396684,21446.586416130933,18425.833018189696,36891.056094137624
16820.686296638894,15571.968608202813,18460.97065816746,25474.9557727127,30563.952511100986,32235.40021322434,21383.09195039296,17944.85588853795,36186.06485759913
16664.62984259395,15529.571488877507,19079.65082317446,25302.707475379113,30158.243233421363,31437.798435539564,21243.53241249368,17579.496187162236,35109.3737050534
16494.58156804934,15560.50197770347,19410.22005009575,24717.27529112858,30422.070180097235,31292.27071521528,21144.893397564116,17383.53231225886,34103.8545998779
16440.60508039276,15507.546074837237,19375.528569346752,24185.64624081245,32462.75107434248,31057.28953529797,21262.599172965714,17243.370399072275,32757.085831031276
16475.58821051234,15517.028345288252,19305.731054680353,23672.655771193306,33737.28937506272,31201.024426127038,21601.682345972,17289.691877369016,31968.550783352443
16417.291872802318,15586.319974786977,19145.944978480158,23537.308015944516,34002.39066412726,31243.0499652682,22990.277958942046,17710.23068028622,32347.72983505685
16446.90202037757,16191.793300156041,18788.85995764439,23471.22363366547,33611.76990496653,30935.733444016092,24462.669284580617,20010.999964055613,31670.73344179653
16416.08271419024,16659.971258228128,18578.464112734284,23317.458641453744,33191.27858136979,30951.047081906592,24916.575234675856,21334.08664467109,30727.79456044741
16438.124082230002,16690.296023133913,18484.106514689345,23267.56755284402,32210.545652070952,31640.368927747317,24344.066643087634,21295.028675768397,30608.865666427693
16601.493964066736,16569.30768173952,18360.277518659102,23307.947744796624,31500.47418619105,33884.08870790953,23716.565211932117,20649.118451149086,32416.78197870177
17089.473365863694,16417.11872066825,18329.518090437676,23252.423478303535,30792.77937991908,35445.1399802317,22853.42906256653,19990.024727303255,35255.59010277918
17476.39323706539,16207.13158247455,18237.425110272783,23286.07366279518,30739.88251824972,35674.25205911055,22689.95351797836,19065.6886679962,36180.59190601516
17464.389269174655,15952.987273260698,18241.577839510453,24487.0507837264,30201.97253830009,35561.96708939916,22183.84840297304,18325.37469235321,35653.97197664803
17368.149677735295,15779.878086403867,18268.26165566403,25309.766952161914,30335.068222915408,34648.98990968041,21727.591565024715,17856.3062074643,35043.212042239524
17238.276657439867,15595.806974652198,18301.76249148647,25361.714622817748,30028.295545414578,34080.98682572885,21747.881580926965,17642.676286640653,33907.404215519105
16961.167726666456,15514.254421361662,18776.792653232274,25209.581446990574,30114.01812273436,33756.80701032945,21455.97758613226,17555.27646979862,32879.49537730599
16867.055911124313,15507.365176841462,19268.647632516655,24745.829350072676,30141.648039084237,33076.139079256274,21302.775534941084,17413.2721248152,32045.29861235308
16738.058464235208,15519.931490390147,19392.82634649454,24262.129504663888,32158.806848194174,32596.396792611733,21439.545857796336,17308.621932987324,31548.629689767135
16675.13638870024,15480.115983424732,19306.069735035482,23875.348805280988,33516.64962483489,32608.48259905278,22130.7171775776,18983.322804955224,31425.480473934793
16630.028794583974,15431.627570709175,19212.01011454306,23678.707034735282,33607.612187378894,32363.23791338635,24273.499905837314,21166.783019101575,30696.81693655556
16664.373380844794,15462.375634168222,19045.45493821506,23432.68322808953,33534.39798608639,31973.838809794284,25466.35038008996,21780.187271694213,30860.045906480023
16620.765145997164,15828.202908585898,18715.365560474485,23276.985502550313,32957.932723376216,31739.38779891651,25181.377359086742,21355.84523575361,31195.573830875008
16582.8661926718,16444.457698057333,18502.919019091474,23193.286572128007,32505.00035397112,32732.20245041779,24468.165187744904,20635.303573372003,32979.56411450639
16551.253358362348,16576.94976014355,18453.508896966057,23174.865497693125,31938.780110202857,35461.34657641848,24313.330356060036,19528.551920362315,34848.70062009104
16681.69545463201,16476.564026129905,18402.853413305616,22984.16856914749,31718.253573545644,36870.90661105467,23339.206262274372,18615.471636366972,35458.33067708678
17239.43184579851,16346.86390929736,18309.15919165877,23016.908781083523,31095.99027791388,36846.02452599953,23261.644255670493,18067.67250679533,35026.998638218996
17616.237955205273,16187.722679091936,18332.22720129283,23531.897135408977,30835.77451072055,36588.4766292632,22907.99205228045,17786.74973417195,34571.818875766425
17638.515394491023,15876.418955343892,18325.15931353465,24729.485971678605,30876.83222301346,35864.93938572243,22374.077210272197,17723.032741535586,33271.784782567614
17543.574049970786,15734.23940368239,18319.467354557954,25270.960575770456,30550.45520183482,34930.07803341388,22185.49541427757,17272.39993137485,32358.42591049501
17344.126832218397,15526.312754589138,18477.84269260101,25234.622801864014,30412.03414375554,34152.34107412546,22111.663244863397,17177.473828404614,31422.987536498535
17145.377720999193,15433.536698848451,19118.032313638356,24851.529938172956,30696.289335786965,33471.99104042546,21834.855843896115,17533.487247651337,31645.45455129206
16952.29605252649,15337.796088209127,19456.00638744716,24451.45704319193,33218.8881497717,33413.262912368526,21917.575347904218,19630.79977474538,31156.510652018766
16751.272220862113,15330.735430487937,19359.81205237801,23917.603506366788,34367.15383664623,33095.74925174887,23722.878929179034,21061.95487763314,30699.739585112944
16790.422898763132,15332.276679101178,19161.379871751364,23893.619551128122,34491.57737715646,32934.573944551266,25167.130165061346,21046.605520458223,30684.34020764403
16727.91822585726,15322.751834168024,19059.688384777233,23604.915676289787,34225.08762380748,32619.427489614867,26062.931381506336,20465.37125583824,31907.80718941045
16717.21805269298,15322.992352284828,18851.52017657624,23681.071814262883,33468.24297160106,32570.430797924622,25722.11550950596,19459.53347716205,34151.788379203805
16706.17923670199,15503.205701320663,18629.10922030046,23562.58634871465,32908.357880723364,32720.064966134545,24884.957418552593,18719.79602609574,33810.51921382576
16744.096111457242,15999.925181674382,18445.417217598664,23564.95172128954,31976.84176964124,34911.22819997642,24159.744970557487,18030.764410261447,33774.596334582246
16656.448855243845,16429.810634660684,18334.48681886904,23530.00996931768,31510.259796630355,37169.13874996555,23473.579339741507,17545.21593543365,32781.2333968536
16719.66985085478,16398.85838218419,18283.881924663074,23393.51095602908,31230.548715478286,37357.39269012035,22981.706160112728,17316.91600405123,32603.094882662437
17297.195625793735,16268.174269347683,18248.52109987123,23417.17638181872,31164.278843514763,36556.89012087044,22592.929926848654,17084.805917016172,32169.02998924051
17745.74771537838,16113.414550046211,18299.322666715132,24532.063078271454,31065.583176365824,35748.157791150596,22638.414770183717,16905.128297168543,31736.941529650325
17831.804985260653,15852.0454672791,18191.88280219894,25560.042972109208,30891.04579976518,34681.39623274753,22490.753810901544,16813.05897529219,31152.466360049057
17703.08168958218,15678.517380095924,18227.102018571823,25624.51545105837,30718.685018970824,33986.834366441166,22494.697059402155,17365.42887990362,30909.683642093645
17573.738281061494,15503.571749541647,18535.428104259878,25361.991870982056,31207.278450212652,33305.94240772572,22052.501507835914,19304.156457696106,30151.625085181422
17348.581477644213,15399.296492509375,19091.440179611916,25048.250622159325,33908.558913703084,32950.30337582431,22537.31337167651,20251.85445375828,28603.221719099805
17130.911110651767,15391.054711478366,19234.336628863966,24619.862211296608,34933.631481751196,32724.80823285451,24513.773994133415,19711.12299503888,28228.6483530378
16968.05913518535,15398.259155557633,19167.23129485999,24061.42250303048,35129.288324061265,32256.604661524747,25468.919601451445,19319.04862158272,29464.48343655398
16819.03261939349,15454.213317606747,19095.613930093932,23769.019659078425,34437.60266031016,32520.942682817404,25437.830947816376,18594.26570011122,32371.509292514645
16801.276081561766,15467.66654962534,18849.038896735998,23497.421046990934,33916.80365378889,32053.238099566144,24889.87554111621,17614.731058061967,33321.35840690992
16772.76895740687,15489.100094149671,18585.452730416317,23476.344475539667,33138.54407094431,31976.349550489296,24077.332203764698,16903.09655686006,33223.18266851887
16750.131948253485,15612.622202896473,18402.09029197459,23456.759019266425,32335.014822031957,33548.8751272385,23288.38476103057,16355.976207313082,32604.971438041015
16708.119297139885,16187.733042690537,18308.463437914743,23447.870500271893,32016.414044973084,35867.94819967221,22660.863839040707,16281.210597731239,31373.86130972399
16721.97765838471,16486.071323011136,18198.432281715133,23305.811625627248,31579.181936358487,36508.40562015631,22307.43127077556,16054.925376707517,30749.404620781923
16678.849065852493,16509.387665975424,18183.686224143024,23201.44493692723,31465.827348560422,35746.692379042564,21873.186812884876,15680.731102954898,30007.93195490466
17134.859227867863,16440.218030670894,18232.206719456677,23939.51886236916,31585.37025824614,35305.3891117727,21708.17907347654,15681.192447975187,29483.97437530704
17717.865987900135,16206.985251940365,18144.442902662035,25436.131179021846,31175.2136335498,34431.32224333398,21550.120962884892,16273.965796905299,29310.0501200726
17844.792062435477,15979.408983895804,18169.101840856267,25864.14504391338,31115.744652742294,32997.43922084978,21407.78246894728,18056.249946075874,29455.960128556682
17745.912582228324,15761.996511176336,18140.19275352779,25717.654184065603,31568.287884057274,32816.04277397533,21304.269827207423,18595.003437597727,29501.82886566393
17612.68599649641,15552.630624189367,18554.997847657098,25449.4908866649,33913.92129293974,32329.69803513926,22247.91001887092,18277.11667951058,29986.22646223957
17387.52324855674,15435.258413243862,19035.690836066056,24976.008906011095,35373.81731238037,31733.742197738986,23922.04586115414,17633.89473882702,33039.87702293345
17139.844318294465,15397.762187433354,19173.24951383846,24418.092441854507,35364.15022096235,31482.181521105478,24349.950422766335,16872.95658017459,35365.532882098516
16981.918885599687,15418.310482386376,19133.635446566022,23949.11343326567,34982.38459411711,31304.342282850022,24037.125099868244,16106.587745371724,35980.21198131298
16782.765886197136,15322.654146999752,18961.04150368896,23799.141852392077,34268.095255466185,30986.063703422507,23270.025367523576,15560.88486515615,35720.02361270813
16749.812127895017,15386.876192094813,18649.282042659852,23695.277759338267,33539.114062583016,30765.66987160593,22644.068400776996,15669.40136916609,35453.2627498097
16750.25816530113,15376.8526313317,18489.56965962895,23634.645707698273,32833.6525388535,31957.963594406323,22044.53173856259,15092.611450830596,34494.718253459636
16716.026519761977,15409.505897655366,18281.478331564263,23564.675491228525,32268.011298754223,34032.79225095037,21473.531100693122,14859.610849730865,33739.30139253211
16767.979067337885,16051.315716377218,18210.084834352867,23444.747652296515,31774.16005856151,35077.951606759496,21178.872045767414,14639.327650979236,33311.312242048334
16757.301412302102,16595.02779069643,18199.683572028745,23398.976862870215,31796.78864617955,35019.424554770565,21008.087553100057,14684.104411984406,33038.16590314482
16757.45353695328,16602.646991598074,18261.51208032847,23459.306317554056,31569.9578704654,34148.056576717296,20755.05941161267,15856.981466831954,33119.18236250374
17068.872445059482,16481.484737897244,18293.651273539643,24806.339039694987,31460.89128232959,33477.77157249525,20503.60764914454,17466.194134699672,33111.1100571365
17575.984141632744,16277.875668382187,18375.9661115848,25682.86869200821,31677.313321102258,32535.65170702036,20552.245460925886,18647.329074895013,32971.42043854426
17724.450989450324,16090.603685998996,18320.352293366934,25728.354035808752,32346.610575211696,31931.256652730746,20693.721657416958,18347.00653237465,33879.53247408697
17716.64513005064,15850.266553789512,18503.1656334858,25635.051060843067,34584.03050748475,31130.102427159338,22001.18623820705,17418.499142218025,36848.24653452718
17519.404048961573,15621.80241898718,19122.338234094408,25222.2655961579,35459.72909715337,30436.679556676896,23312.278778256285,16481.502141346296,38496.67633708363
17401.04638558618,15529.962994716085,19354.220400778508,24861.36330090648,35501.24051796619,30589.560577528253,23899.1094494794,15869.761948108315,38271.916624414815
17101.923976131984,15480.786074497151,19428.167629871077,24462.68886966894,35030.988419596106,30108.384982787255,23433.39116042688,15407.726138238904,37562.45142216409
16947.394558346605,15396.053860459228,19253.59616436303,23983.547312934865,34276.827514144956,29923.056911441618,22983.472793328772,15304.89531676853,36731.52731153743
16702.415079003575,15398.43462511889,19072.18028315307,23811.352822605295,33524.80348892447,29768.49145995596,22320.02228754518,15405.346334797388,35306.49140931135
16650.627710128214,15380.851335868194,18782.061316269694,23529.952939491573,32953.21740967946,30114.82839992601,21804.250732539862,15542.960483089828,35109.76851147171
16630.599281345658,15364.8119668609,18571.205852583764,23587.570235133364,32476.49023168169,31933.614266104752,21125.505949325143,15413.093081286805,34248.86452088311
16594.439804835896,15425.027435330736,18451.93740738826,23529.71445510662,31988.392337209752,33190.312947867715,20783.871124173776,15909.978764140891,34156.626290277774
16593.97155036462,15921.23959029845,18418.18623116448,23335.90761851463,31846.539985545554,33529.77031712085,20700.208499133612,17629.45805011196,33643.543450631136
16587.833200517347,16511.22793814405,18334.249755709323,23458.163130813828,31792.264092639438,33017.728736906436,20974.718976073975,18883.654823546683,33111.60177967115
16632.423163128617,16622.264513983322,18309.84328324709,23878.34984293038,31603.508107939677,32232.13139429046,20904.75413542952,18700.76061957602,33167.333573152515
16706.40948425511,16454.830935876995,18340.176848165367,25332.955045646093,31533.40196534151,31584.308237948248,20997.377231027116,18368.97015029423,35216.29164485585
17214.040181305754,16329.30438586506,18371.14807234115,25849.161461639997,32062.178354212356,30939.887143524164,22122.200708475102,17886.845847626817,37836.35932862612
17612.373288106515,16141.120989118599,18337.156968665797,25720.48011535476,34296.355640630645,30516.465452056702,23527.434366682817,17273.60455997397,38311.511249509844
17571.484848561253,15838.549964814483,18795.56825975291,25354.71727148629,35145.848103401666,30181.65481651161,24394.036656855875,16970.427006139365,37538.58807067181
17515.429297863735,15656.592660659393,19432.605072765382,25168.01004954348,35307.77940555441,29826.54635584383,23876.537555262643,16423.21480639697,36818.278710526785
17340.710607197318,15573.711499954148,19497.36853769031,24632.339506225082,34689.55528874768,29801.565957004204,23478.986877575284,16191.3884434229,35803.72550408311
17104.909480680737,15500.799831211974,19402.79106310045,24127.146491606563,33959.11945884842,29132.96997601108,22935.922943893715,16233.960739917024,34516.62104951386
16878.434563029412,15479.359762840946,19241.50375388884,23871.48535351032,33282.62184255762,29053.707895715583,22056.58925803425,16124.572059300124,33641.90690061512
16705.713219896465,15383.010511698836,19065.649704727115,23682.974274052227,32532.683640857027,28736.602691068365,22021.398759618463,16235.278393148034,33388.95780982237
16649.169075565154,15379.126912098815,18812.605375970514,23514.07019186304,31957.048374695,30717.405086889234,21491.624655577238,17670.441042822928,33113.7811987764
16606.70118862832,15386.822961639144,18640.429306343136,23511.332113110497,31688.591477715687,33214.19656769044,21443.87509993848,19756.55966728686,32602.617821703127
16612.46948437694,15404.34961473766,18478.373745945286,23452.993906366046,31610.124033924407,33958.03835839769,21445.59251901261,20297.821197710273,32163.085973214587
16668.27445473341,15704.69683056545,18477.731225110972,23358.811116123197,31551.604738559803,33368.904174954776,21127.03286114275,20162.869733015585,32540.135894484203
16640.432758458865,16413.087947176464,18395.58542645269,23407.07997990125,31342.819373228467,32868.48436348464,21088.80668556067,19607.973965494934,35508.55812823573
16591.158018379356,16589.10415267268,18327.76442076418,24308.794445785123,31268.030504623388,31925.77586026507,21409.322555953815,19040.667078949045,37595.677115366954
16656.723171889982,16492.687339781227,18353.742901609854,25378.96164356162,31717.577025233804,31078.361061473355,23136.422019102596,18270.65322359632,37248.34638081891
17144.120955859053,16381.340650277809,18422.972864542786,25663.975662939483,33654.35429115793,30668.662411248082,24811.60619234274,17813.985312849738,36061.84412955998
17549.324297312483,16164.188433292897,18457.278104077923,25464.733145167367,35010.12790924071,29899.552282645494,24856.615157067325,17448.52185319418,35433.17608030347
17791.7118109325,15851.410718287456,19198.21758505431,25090.665418064586,34989.784677551346,30059.82299450802,24381.26053128954,17295.133934058314,34931.051902732004
17664.29089440065,15705.823384388892,19509.39753758949,24631.262849247738,34403.48872790303,29526.025044426973,23920.064547188733,17148.820193180552,33383.419064113055
17478.033023039236,15526.66437714082,19548.708582454776,24100.800382860816,33761.35001968891,29385.400927643233,23180.692201005568,17115.17007130564,32654.183743077923
17260.753655100947,15430.160460186942,19437.72209225247,23795.220160663972,33025.006456586685,29152.471480085962,22661.83773539525,17541.195562745095,32287.00783103604
17062.542916819813,15351.639341341226,19283.11480175149,23592.045516103015,32286.96063323877,29036.172518286367,22483.730092949034,19762.00354477017,32435.178117701817
16845.10109986698,15305.297079731852,18996.609586629995,23543.549147899204,31856.58292018996,30879.72846429313,22241.429221820217,21212.465170702602,31488.407603498308
16763.638790001645,15316.688408968967,18813.99428426659,23325.508752428912,31442.533980589513,33581.173175568016,21826.440640789187,21281.094544479758,31604.740063384023
16724.803948485245,15271.427918330344,18653.60728064697,23296.29914509187,31429.597099220602,34088.06608782027,21723.038306128085,20813.78857305702,33231.09503935655
16625.02369604825,15284.712215985173,18499.623396701656,23194.09407363793,31407.65433604098,33575.63414908891,21608.68425820317,19871.76582123549,34959.27835287288
16738.6353856452,15346.515003747409,18524.337324169737,23188.180747489023,31566.937920077176,33627.35978262693,21812.15009274326,19202.873895297973,36554.047933489186
16734.997991068292,15990.41129447041,18432.772238255493,23144.818367573283,31729.36809391857,32371.63404917769,22969.657238432308,19095.389177091,36412.04211524118
16682.614969443974,16335.250842382382,18455.24264443081,24302.96379312868,32334.16594952816,31533.893398789383,24814.45637578832,18077.139679552656,35409.19856606924
16693.904382861892,16444.662692233833,18441.265435473295,25151.048502560934,34519.392672170994,30840.576634389196,25544.377906599602,17750.4494727912,35098.61853788542
17200.51812514882,16298.388083324311,18392.1278426969,25394.44268723156,35337.09986172046,30854.523812835858,25322.645365735032,17447.593540585636,33939.57095165346
17682.43386074204,16105.665319992859,18778.397365961107,25069.048158900416,35263.194780627724,30563.266241972084,24465.548355411913,17379.55153116252,32872.36564482475
17854.88986633546,15924.135484091612,19424.154025361848,24733.014467294517,34840.25881683033,29930.075999482324,23843.250320842766,17480.07189671195,32628.50069657778
17732.27066111466,15611.692862030177,19568.0181748595,24287.029791383946,34285.05240399488,29673.844618020627,23183.34990946918,18676.291309491913,32630.873834486283
17574.169781778768,15493.41754476899,19546.69395409163,23797.672197112544,33044.41915679053,29887.537727678027,22780.433486606904,20983.661690363246,32223.7006362378
17346.873334481326,15366.037336659803,19401.257158012628,23438.90553718052,32568.00668735652,29929.019876019294,22436.210060477395,21530.55444507601,31631.729459077138
17114.6985079367,15354.877953770829,19152.703876636428,23294.583718407885,31989.597654095865,31507.13753241565,21993.80634657156,21227.769312978842,31959.143697421892
16959.191386296894,15236.658454919014,18843.742645751718,23159.42503873011,31554.92884407028,33954.35157132503,21714.48975380333,20715.729325057404,33234.28126150207
16791.204312153077,15261.935041250563,18702.933887106476,23147.856525054536,31685.94861548354,35254.79639455376,21813.302547261428,19473.037299542706,35725.05258561567
16760.123227387343,15185.54307475435,18617.943034128715,23139.306796705576,31911.30009259666,34917.034596324746,21393.164474843106,18799.58585917407,36938.77823478607
16789.405689445404,15179.377521358785,18467.38648970752,23185.704479846467,31333.223809173294,34211.81952063252,22147.389285575617,18425.659222527942,37914.72149289788
16767.24599769031,15228.610430502178,18397.344185204893,23309.07755658829,31148.518378651912,33516.12128151897,24217.582159891863,18116.521568234955,37782.43479705958
16801.17572983857,15622.838065905718,18432.366497784456,24231.7134976602,32054.473405203757,32629.846577147207,25260.46014179267,17927.816748521054,36444.506719637706
16803.589216143777,16197.165991603395,18425.25415192721,25333.356070795162,34536.390143759905,32049.64237696941,25137.547993882483,17713.695541268058,34115.76034270237
16784.52698116375,16331.234191850323,18382.924646929303,25441.422363790076,35397.842498221355,31715.507734752715,24509.4384613425,17398.44251745884,32523.748731318374
17093.539108310586,16242.940456379656,18376.802799715253,25516.523885326875,35237.69871749078,31250.673818419775,24079.9166774689,17570.02335733387,32399.127939000373
17726.000641696603,16167.214857943693,18941.517010948617,25049.35090933289,34711.84486948354,30999.57547277558,23082.97501206954,19365.68450754282,32867.266994427155
17886.029022797444,15944.124150773718,19487.459636000636,24673.063107798564,34339.87579330535,30484.448295881157,22939.839984055,21152.1326743044,33054.69436694505
17882.615173508286,15702.23930242471,19494.75804677295,24119.75038689155,33228.49571984115,30643.75364825223,22075.395085710155,21375.05945074922,34096.74092290754
17693.69365559347,15567.747783966008,19415.041491523185,23712.460033442425,32586.398740493187,30490.915874032147,22108.463047975263,20763.01861069506,34163.380099661095
17515.504695798823,15553.173837899292,19274.352772804872,23452.750277689687,32051.814803753026,31480.159449064093,21562.06867546127,19943.073000444117,36082.12799971174
17202.292526257334,15445.111742113088,18994.593738064003,23469.03343661141,31871.826962083545,33924.93498379214,21674.00700822349,19096.393513194962,38139.81641002183
17063.858532398273,15359.435678610922,18722.715015458773,23285.796250635743,31661.492559117163,35545.199737601826,21406.274840542927,18445.657412211185,38101.53243379356
16907.8869384652,15321.84752740362,18566.928954656076,23325.063935544003,31404.720697760305,35470.90311085241,21270.6030532966,18068.382938490482,37271.7061127067
16826.884138997913,15371.79752300037,18448.932511258048,23196.507436512955,31261.033825925748,34773.37142782353,22351.44055848257,17826.069810638033,36491.88176828925
16812.970870419194,15321.90088371853,18390.962783248673,23201.636244644942,31020.298012541843,34336.75370629879,23876.622513264698,17375.32702314311,35530.88574804578
16810.506182084977,15244.327383582946,18362.56340992617,23386.06270438249,32375.02646749042,33404.26627435943,24319.95847255721,17233.07491986685,34918.42526529057
16824.770983494935,15690.509396777405,18357.77603829817,24801.786196174187,34529.11512137008,32625.42365776382,24249.29010720906,17207.637590061346,33576.42413244133
16826.586172257455,16260.058268956675,18361.967323924106,25711.965913519613,35361.924827008675,32203.72573952713,23402.42925396845,17555.679875414717,33361.562071853026
16779.954037273026,16466.56154711303,18326.85098431774,25663.54119818004,35168.373943798484,32030.600364938487,23002.079441783437,19147.469377654197,32384.321606420654
17032.83790144116,16436.40493123631,18471.745681645698,25330.754373418564,34535.32860701956,31654.548439910173,22297.49535267337,20409.803614118973,32557.504767871298
17617.114652024993,16244.178922027335,19037.636234439648,25097.749233461487,34293.8948580473,31539.53467728894,21746.78000878909,20347.009484821752,32491.209972445675
17914.689407493875,16093.761332910648,19404.487716601863,24495.549133268793,33092.90663180117,31423.464765496145,21221.464507293633,19882.449285744886,33637.709596846726
17902.24971717254,15713.297351631018,19375.24536644588,24022.18507847871,32442.72999320373,31192.59284525245,20899.705259541355,19254.926150717896,36539.912104638795
17752.050418010072,15598.676800165313,19267.806530941325,23816.787431319244,31880.453357266175,31572.874652501025,20757.799155998076,18439.427401111672,37925.122987438896
17514.047476007072,15382.16657848466,18990.27440238446,23439.652073762605,31637.412668081695,33630.88483988586,20411.502674665175,17990.31682293356,37025.084375979284
17275.48505546734,15353.105570567306,18839.673370314904,23544.629773490895,31387.05143086551,35215.44508675167,20058.855641575035,17656.783122852463,36586.8947291925
17021.481500440925,15281.207296659568,18641.903728568206,23360.925543335048,31396.787181024636,35524.8904028135,20277.51091292906,17370.90769328655,35377.61542935118
16916.20143271745,15284.98259319504,18441.84355866357,23303.348187114687,31276.780201904166,34921.45057486743,21557.179241255046,17025.218137034273,34245.8040364993
16816.5724216236,15284.787094789755,18278.53644949125,23348.68490211921,31161.9080547146,34483.712253584294,22523.8014322363,16638.608911872274,33821.543085446414
16780.314015635122,15266.498979249078,18298.39882635352,23310.937156184184,32420.59308343288,33439.76376440687,23004.187813701476,16818.515454778917,33116.88502886593
16771.418625694667,15202.447618632137,18286.53193183476,24058.24549295527,34470.83583031185,32951.25517968215,22668.203732573766,17436.07686162882,32601.620958819833
16805.781104656176,15483.238675344624,18399.295074353384,25379.986470190222,35219.605211522285,32335.53797415369,21945.24187981286,19192.837558160074,31780.519083989875
16902.923644825714,16277.10073397417,18412.89353224534,25757.098296980552,35164.80373580988,32071.027102505734,21241.17774841661,20257.984536594402,31564.081844139248
16938.98520166824,16596.468654809087,18464.03306642173,25590.22075890049,34540.336351039296,31422.359815918502,20937.565406228867,20257.213249061933,31891.036803126994
17083.851771535636,16529.28879224834,18896.30677846282,25248.538697934175,33873.606872663404,31450.816351066627,20462.331297171437,19990.532540792537,34863.725892501236
17760.338256361338,16340.150827587264,19479.277816025853,25023.519564837196,32909.21834777424,31395.16297528076,20354.58041063187,19659.362565609394,37225.47915622736
18184.409304604742,16146.839680371773,19494.318894683533,24408.87542942117,32335.085585443627,31391.090139480926,20453.709278677954,18515.859582906814,36838.1328304044
18205.306730616925,15875.643437870613,19442.120503516024,23943.636702856158,31658.84519028468,31067.111677800534,20267.491964257435,17873.673933936054,35811.13524633868
17939.472580396734,15647.271542024158,19311.828182529625,23734.43840316059,31519.433656426783,32844.58163588303,19720.526024072948,17448.95613848086,34757.316855400255
17576.640530915927,15472.102923631486,19118.133829065555,23506.68567174925,31503.65264071211,34437.78710226167,19360.050945118972,17037.989808323633,34022.34747917828
17248.274652187385,15362.62058244279,18765.992229439693,23489.345148858756,31155.688559267717,35474.36989529682,19749.40640904242,16971.531231167737,33038.417796523805
17014.067590162897,15322.253582436608,18625.23988459715,23348.730552307374,31053.177589827563,35148.77621705482,21453.976447990488,17178.26010851471,31945.301720864958
16869.421976803762,15273.376438335043,18586.28126201409,23331.9702998095,30842.050092715574,34336.77781122166,22789.169603834598,17570.067633828927,31675.43936327099
16805.672563391036,15294.467501965994,18445.49870895748,23285.851627411485,32271.7140579724,33824.081516923296,23254.221059377225,19208.6959550931,31733.33257026713
16648.294668265837,15353.57099115556,18443.77642418877,23393.342079382222,34393.94312109791,33010.44135031051,22964.31652432157,20105.946523834325,31003.184942917997
16686.33407142693,15302.19583367105,18442.369538457257,24602.13513924823,35029.84682207805,32552.542836503613,22631.54474572101,20305.067763007297,30980.72998772156
16701.82500753941,15368.791569944118,18463.420186112595,25623.359336151472,34720.19699190183,32378.390287250506,22103.689643187794,19883.009706748162,31593.348966101195
16707.445350101872,16134.93995051287,18428.812632760622,25726.445900282193,34324.528802459914,32091.453419473622,21810.367241358676,19081.21529050678,34379.74543079387
16682.32946605849,16468.65365997754,18508.06435256088,25573.298601492388,33404.344213301454,32057.743998336842,21587.340227611807,18165.645534208226,35797.47511544431
16625.312400430383,16430.3243521938,19173.628163045072,25252.38378020169,32614.948032073768,32007.78879813553,21414.000393296352,17691.165609502827,35500.08340676965
17174.82569220287,16340.4903131957,19554.6107348745,24831.35120611355,31992.328434277377,31385.875701317254,21022.144953531886,17211.758775095506,35374.443568231385
17578.51066938782,16084.849177845816,19636.01278966022,24176.52429656393,31392.664601314562,30918.645296953404,20910.03928277556,16707.34329076589,33681.486733349666
17713.531161096817,15850.044429772088,19472.302344547814,23914.222316450967,31312.764635403793,32084.778654163445,20902.051635589916,16658.53190198963,32805.270935597575
17637.512732771647,15580.337365687305,19329.91474960545,23693.219061926866,30929.966302577002,34524.69367031274,21298.02196881207,16274.518190815212,32019.050397576706
17489.211910269943,15398.079790161124,19071.7238272472,23684.497733927765,31038.676530561344,36067.67152681429,22887.216571148936,15889.523113814212,31336.39828541149
17228.911199218208,15267.000291957955,18777.347292401235,23551.08901475724,30975.79752961018,36129.6804050078,24575.2512876473,16676.592001915953,31319.58874058173
16993.586317035344,15195.22247369589,18695.97352171711,23396.629749528784,30938.341322347726,35679.62705658842,25391.24176183094,18867.331395019213,31684.02857073767
16759.578763141562,15199.846754307853,18570.602072375168,23378.25176380706,31569.111968722038,34855.49221711107,24907.83602792227,19713.1190624805,29962.43585665717
16731.698635837998,15198.229445777319,18449.68459109098,23302.05775064427,33707.41190074687,34180.82484221836,24224.479237843818,19595.046202046928,29933.747383507816
16647.563366586677,15161.80407254605,18566.784759172086,23711.321006044494,34421.75309508021,33483.71748446817,23537.756411557257,18938.111146865784,31847.57489300791
16653.942815106562,15136.90275653139,18484.867212371028,25071.02137639896,34290.52480518458,32615.904487358694,22923.648718883043,18248.30688938317,34354.68504536108
16684.512662979443,15176.696820491095,18549.782858560025,25716.159138704945,33652.206665329635,32525.868889589616,22704.346921468834,17309.284689461187,34844.78042591222
16684.670987903035,15605.341962318727,18462.56858078773,25594.05162346994,33091.91391610598,32133.079270076425,22280.81269327746,16687.495979069055,34457.78224132733
16699.741818895334,16198.095938518312,18860.43064863172,25342.707297971927,32332.685440518522,32479.664542185146,22291.434930933097,16347.188747097242,33469.48975662119
16665.902268876187,16326.955445946007,19495.311191986268,24825.179729256637,31810.712139295243,31867.81728442288,21856.381887100073,15776.137614820247,32341.286698550764
16991.189811976,16248.059096005902,19715.672172940445,24292.295520207113,31442.290663069176,31583.37870009507,21958.993637320942,15343.638476023492,31706.297636824736
17605.601532197797,16116.689789537224,19650.30264115942,23944.932437970914,31256.32152668989,32663.513581074563,21690.402811798383,15420.331377007544,30577.76648650128
17885.412370575305,15900.103006666406,19387.196634355827,23629.32343619787,30940.428984516046,35363.503467928895,22506.944695820515,15199.090219529508,30150.965223057014
17788.94575593401,15657.52468479109,19324.564401830437,23395.436984376058,30966.419569861217,36915.88654287627,24471.803598502516,16735.419419741636,29792.03466901644
17645.39249756895,15448.677787391398,19033.866840287905,23137.511082426667,30715.23003950461,36640.76404337723,25529.388568226106,18768.801670633417,29328.248817338306
17363.83970467946,15295.328546019795,18810.216930019913,23171.663224357715,30828.574412305363,35915.55899018561,24955.501130911674,19118.743862152234,29323.91986650377
17097.40923796758,15237.572292870347,18680.609309783642,23254.26733237654,31312.804148107225,35415.55743596893,24607.68695503002,18749.139228943255,29369.918739745717
16909.214446592014,15189.543021854075,18625.01354126175,23233.95515280933,33456.31075641931,34285.49857617583,24035.626035654077,18164.24716354876,31117.756154271865
16809.39420211769,15269.584390119038,18552.101825200032,23081.828520688752,34734.728274954134,33713.36238037863,23340.539146103216,17404.309843516083,32936.02968221935
16732.57798591547,15313.823054221484,18593.200508040245,23835.929005314752,34709.073881005126,33330.98218684515,22784.28299725638,16703.320344284184,35643.71396174651
16658.50200500141,15295.309810623748,18594.180004842514,24992.328655379257,34627.902332692116,32829.955494315815,22238.726833080167,16164.057793359045,32985.96917785706
16737.605123033998,15334.593366568755,18564.242998357993,25358.16882159257,33943.534127694715,32553.67081994587,22037.788680977766,15906.364564081563,32770.66994818929
16710.879781902408,15709.804014945536,18608.539371099676,25217.892778745576,32983.326632383614,32259.02997309124,21807.479274813653,15926.59507543509,31307.902032273778
16728.525937220456,16201.154373030817,19220.185370324267,24893.920533522258,32438.82188878403,32090.124480527145,21539.08307790699,15641.511913126986,30449.567728621754
16681.761934844806,16407.771531526178,19725.653751245976,24493.445233715935,32043.87142684418,31847.977072306832,21419.28877808435,15392.483182385433,29766.023524220298
16983.544987614754,16331.138361188065,19706.097848914807,23969.545177013653,31863.48285330361,32304.256361902084,21240.736651222665,15534.747504883702,30354.343146437735
17692.96162226255,16158.758965564086,19633.439968697065,23653.97165303296,31634.59689962064,34886.85861927195,23082.94001578027,17724.13496003076,29975.594707551405
17945.733995871044,16022.687576678942,19481.710436017325,23397.05994666974,31416.764590453415,36681.93945340253,24387.305870374083,18920.76314047357,28948.793913842004
17861.975327680124,15736.46603836519,19281.633617934523,23069.058095542518,31162.091206417317,36726.935273511066,25074.566820374588,18990.98877764081,29197.53311776108
17676.63410665494,15502.74588407108,18975.775208241237,23166.06940340872,31255.62194854778,36062.39463362187,24183.17079900632,18783.302756401074,29918.213904055316
17526.68482139632,15378.256214077097,18791.55991601918,23174.885474875693,32612.810801721338,35383.31558231082,23551.810945909965,18333.94374560714,31679.546029230252
17210.541539439942,15243.302053943504,18664.83309881264,23071.050491439328,34824.91571007924,34493.079406548575,22952.850605451007,17476.70843808745,33617.80438513553
16995.306894624806,15204.203531728428,18691.30998170338,22914.413709948163,35481.32820384516,33583.831497797866,22143.731165531943,17089.41622035276,34780.902257226655
16899.984591773413,15178.259739269512,18661.236174717684,23100.449514586784,35290.89213558938,33166.44360572433,21733.589483440734,16482.632151553047,33881.74212109431
16812.035763768996,15159.427961322908,18603.422457575954,24324.73569025962,34676.129928650465,32101.613043630103,21674.665482998018,16352.945044903177,34468.30710610387
16812.435032610312,15183.32170994583,18570.26906553556,25327.852088389023,33876.48666022068,31806.747910312824,21377.169482156893,16323.156918131768,33504.54692049731
16769.98663567584,15194.890029217227,18615.68961281586,25649.01071336394,33103.025539970506,31543.385415649052,21457.716213605097,16151.795498963626,33472.302484820735
16781.829860308084,15412.109229515267,18767.38218186548,25365.7559808354,32494.372022512278,31312.32372900397,21297.433513094238,16596.18868579695,32477.13439101048
16797.097631293476,16174.884728646453,19415.17014512064,25055.063376366626,32119.626185370304,31085.273934031262,20973.88160820079,17024.711414316866,31699.178478159705
16829.926353598807,16436.659219313606,19687.98973367163,24611.221679524893,31969.501834630344,31150.545659673604,21561.19395720383,19086.625579077303,31247.397653302796
16952.441198907865,16395.44798684694,19707.39167515678,24121.120930349793,31862.20421132776,33148.74533358947,23177.855671859452,19726.831340674413,31898.870763103878
17660.714259086395,16277.142786616212,19533.98071795266,23747.907496444586,31572.747165153578,35034.85019403486,25059.699753096276,19958.107481103765,32690.315254946967
17979.617860437786,16149.051706781129,19322.151076147537,23441.381219879397,31489.689896659307,35421.96287134057,25042.96062328652,19248.72232079777,34660.86919148796
17945.853209045887,15841.232404641034,19061.828444413506,23322.14603969819,31541.372801282494,34873.29319050055,24250.995183439423,18346.476236497092,37315.58232189162
17826.776623541475,15620.305845166065,18850.829483251964,23298.851593490428,33337.08396228104,33715.642806784344,23444.255019959543,17787.874546130715,38418.50943740834
17612.937184773302,15452.44669938071,18697.292867763077,23162.578834970325,35323.15800350742,32954.77470103752,22578.221062235956,17289.813271554493,38248.60823946672
17347.00677731787,15279.521303121797,18630.937940177868,23152.415312724064,35689.06911837707,31954.58421724336,22301.117000153234,16922.232747143305,37137.177570874795
17145.78797332846,15302.368049700004,18592.70583711343,23231.579134252566,35422.44316203863,31466.100307062185,22055.90684006446,16839.5925205194,36893.497946711526
16957.638910975158,15260.644215520957,18558.403273267362,23824.94873964449,34909.80029462404,30867.900976201126,21897.84383214455,16474.052061696486,35784.62899006693
16901.202244026732,15181.171023158535,18579.75923000209,25417.53208011665,34236.39858607791,30633.032681231733,22154.33235243832,16405.402643357185,34878.87900312183
16738.974413739885,15226.533568111503,18536.807883894242,25785.961081095604,33200.19230459228,30320.019298326828,21862.894493902975,16466.40846336027,34955.302994949234
16775.61528549768,15252.262052548629,18558.14593698082,25472.275251894836,32674.57571370485,30017.917464365284,21602.85573444869,17741.189288998416,34599.10047907054
16794.542732686426,15340.01448413588,18879.478268681145,25219.906292268577,32233.24902724413,29878.539446550574,21746.69154586031,19077.801092180274,34640.9355961094
16821.399939730527,15981.07323466363,19380.42096942411,24860.13898687554,32204.65524216151,30036.619866341476,22954.09594201575,19779.648817724577,34231.49363327602
16833.642811288864,16450.380468007654,19693.70530933881,24227.059192469238,31913.53137080047,30945.09114069192,24687.997088230986,19342.299027114113,34760.61787294185
16883.154089696753,16410.944201905142,19518.984040830044,23891.127463643792,31897.84202787722,32711.98829810181,25011.9321501093,18694.790804268847,37400.90288927526
17416.198997298303,16342.97482742338,19412.582116873877,23617.26960213396,31945.895604198726,33864.68664911266,24619.477519352142,18316.629933835597,39734.247691197146
17867.386539277428,16188.344073674893,19179.2311764589,23406.27553635321,31725.7491119595,33883.773989953566,23972.55515479309,17330.326518299964,39935.054407464304
17906.43085374485,15862.12344129534,19003.475933208865,23433.18128136772,33540.12672947818,33282.8671837922,23340.169016112097,17089.495031336533,39541.3184245825
17830.130125877564,15650.693197009063,18769.734579525175,23404.731610531013,35366.799779970686,32909.50028947371,22709.707646088296,16723.425138710958,38747.95885241212
17629.414074130822,15433.564986332978,18642.984706512838,23235.660222197417,35523.13683983909,31957.13108405748,22515.765413536275,16470.455284300635,37785.661023622386
17434.46333599028,15341.339026952488,18554.505194980113,23179.631252138508,35182.388973919136,31150.295579342594,21966.258019946734,16276.68801663356,36525.95993880866
17139.573766844347,15241.750403383123,18543.73115381011,23330.924566074184,34865.56396978452,30753.420208842927,21726.66541964724,16241.92426526071,36393.979667156374
16952.983016942933,15231.282021947913,18509.995425364436,24666.89272782039,34112.61939934568,29974.293292070222,21531.136869962796,16407.906274721743,35816.251326995436
16840.865181909776,15203.457520807995,18542.99896695314,25576.70441035202,33237.22020738494,30295.291078941966,21446.696445972757,17798.184341945023,35691.622376184714
16867.47852054865,15193.311576484757,18436.310495572507,25732.172275640354,32768.74684996454,29696.86001046046,21234.36897071941,19106.00646165338,35366.6084804386
16814.557196684378,15180.241082788792,18542.539231241684,25372.022236886307,32227.429534279592,29376.152085269074,21746.560228103248,19519.793423651736,35256.60785142613
16809.204929920023,15197.656140945386,19261.961380255558,25115.47573799666,32137.104757009074,28902.496456288554,23900.30795107372,19117.18974598041,37173.43962093459
16793.318546554485,15630.649355722304,19745.654564354507,24520.07814284169,31951.487809577742,29871.758472723355,24881.687869394897,18929.702229746443,40002.011571834846
16823.114853934705,16225.238092904772,19792.6662679017,24021.47709949482,31832.840632014944,32558.1227049589,24857.014991266045,18260.219107633442,41062.149627937106
16805.490576895296,16417.33995393157,19702.00348918443,23731.245736229946,31915.81788803295,33856.95528897259,24239.67034329996,18077.013594913864,40946.54442203222
17185.38511298501,16309.857656278182,19551.927808358203,23437.75699857327,31735.09697673595,33749.40329772541,23555.040303506634,17257.707915571555,40046.7272875165
17681.575028527026,16123.765432423806,19279.36753087456,23383.564261272877,33901.01236441924,33102.12399340489,22816.915934941662,16826.452386046047,38675.31050172691
17867.873182628922,15966.776228254876,18979.76819948695,23196.650429158708,35545.62134727392,32506.53644117341,22189.751696375988,16577.267808470446,36677.3406480157
17789.728784501694,15699.492780343488,18831.198948464735,23199.493854334505,35913.798263476536,31448.53095659231,22186.75779824317,16481.636622555314,35858.05321137806
17624.900367573406,15468.866109860044,18703.727953148802,23199.53740764569,35304.52864028172,30758.147429662364,21697.987282203176,16583.924523205478,35865.58885243081
17342.844208749815,15364.65744002987,18668.145425317573,23187.81086271051,34698.26845687581,30135.20235654593,21522.879629217066,17762.243279841532,35466.65564498516
17035.603493946055,15266.019555629511,18583.603118779964,23633.955629635904,33908.4769713983,29878.227195778745,20885.891682335867,19748.0557914655,34607.309502908276
16954.232260454402,15310.550940161509,18686.26892692917,25123.80726364762,33169.1866596003,29632.27830710522,21034.99394792718,20491.505132088805,34693.201444864324
16843.067383764417,15251.623604472377,18641.800461662842,25573.093121919974,32601.917622007088,29387.315531316603,20782.362523759202,20361.435888776563,35287.2565867308
16702.942224227747,15318.820827930393,18590.96859722158,25442.149801253596,32027.407709243525,29133.631798347695,22183.27351125141,19487.72751746719,37978.231798605775
16776.07943680277,15367.346881426585,18979.536226575212,25112.082089104362,31963.659424678866,29200.85222549019,23924.698263021462,18785.91835906422,39764.84286014962
16730.98167925118,15347.99540611661,19735.302590552008,24649.888899912527,31748.87595597651,30053.20686930166,24374.452339207026,18169.649699297832,39793.0523475409
16697.014013166205,15658.24880640565,19910.838354058116,24129.793862275812,31719.790218197457,32500.883269637307,23730.370867853468,17684.683411333095,39017.549469725
16679.601671186603,16271.492765721503,19773.262006360426,23820.77472444189,31476.978090792196,34084.364139870435,23475.13402465081,17257.360926259567,38222.80123212855
16671.700692586357,16469.79580080002,19567.272688066474,23425.519363132495,31602.612495671547,33908.630689500686,22385.945184194487,16898.57710186418,37033.71346884583
16950.70175513496,16367.631465500262,19398.087781053953,23346.81204381155,33223.41962402986,33893.54425595774,21802.893399462046,16802.12344096245,36420.50453711045
17451.486407775443,16196.090264673896,19155.185586569634,23258.02855256729,34928.05496300415,33440.76535186666,21367.657603975233,17032.08438001835,35519.47285324317
17701.39453966966,16013.335240068052,18901.102646514875,23256.051516085474,35148.095964450076,32500.019444232217,20749.80644246948,17028.861046967642,34997.926420716714
17788.22728282069,15723.463614373468,18846.871695004647,23262.031258650575,34817.322267231546,31598.443643586368,20743.38697601283,18913.023371388943,34906.157633233575
17658.181287766973,15542.47590600817,18746.414869851447,23178.000254246923,34322.08708538247,31035.6248650721,20288.357181351195,20697.938267493195,33990.12243219837
17434.820219668873,15381.596452172827,18743.70521520535,23140.101925161052,33514.92393197598,30548.42438278756,20177.626756417547,20875.923195441294,34121.91981931597
17076.327160730358,15271.64271436096,18704.867404804725,24312.010589518464,32931.94124299071,30378.417833233463,19924.8901830511,20533.66309211581,34661.72275231948
16947.445834739763,15277.464883050443,18669.61660026094,25261.548641204205,32096.39923199424,30283.839219715577,20417.68794700099,19848.37461804133,37982.26579905681
16853.88569691059,15182.391667970565,18693.12381476941,25459.426447650945,31834.644617916772,30327.509907772383,21959.112872888905,18991.82723350244,38985.91526569084
16778.083861299427,15192.189114240746,18706.71157756602,25171.220007155756,31693.139016510635,30277.968653256125,23116.603033941232,18403.485523107094,38445.617721901595
16756.691607953784,15203.630223646329,19329.363632021195,24939.60522760579,31517.39423911232,30218.632658571496,23075.34006590545,18015.80349481674,38126.97403077811
16790.97407482143,15200.02447567298,19853.155212192527,24307.99134056048,31470.231530023444,32154.437963646993,22704.731189245707,17605.071680403842,36866.2633621955
16763.30648197871,15344.406747620642,19839.59304774225,23873.96365237356,31373.854971814115,34440.883448729044,22015.589372343347,17358.716327801674,35345.098154777144
16809.432538746343,16030.858614214625,19673.856432901855,23535.698466154503,31259.694262402263,35324.29879338536,21138.31494405359,17221.460505641935,35917.62049746376
16836.39917533591,16396.46606332799,19489.476206498075,23225.094700436297,32715.146414603572,34941.99463719052,21103.365805109996,17205.29990463349,33727.31024286999
17125.575188120823,16407.33591141277,19328.292688621397,23100.944701362576,34452.33832396941,34226.161161630735,20227.391623302396,18143.14910626785,33554.83466232983
17694.726970997257,16258.377772956856,18988.45683364892,23022.090426265553,34890.7077312026,33357.09009736125,20144.596573627947,20515.700121959555,33455.41370882886
17977.42781955957,16057.328765359283,18876.1130999333,22951.21852223595,34504.56352745844,32359.95566733475,19872.488966049084,21369.46787857841,32235.61272395001
17887.269893430406,15808.019839146951,18763.612505790894,22828.12991043652,34193.96968274661,31919.064163215335,19666.22233546928,21373.981369570018,32159.63527692982
17706.769405390216,15530.247546828323,18708.815582688727,22789.32688435947,33263.212686173225,31931.252876455466,19412.57371441346,20869.95179816134,34500.080529054474
17474.043593905975,15420.044062842382,18689.9702204312,22993.28792155595,32486.184216861235,31438.124190927705,19303.112789685172,19866.864246317906,36290.01978787549
17263.697402741996,15240.861601558858,18672.523403047253,24368.753067135865,31939.783016121233,31320.829711975945,20562.929233596005,19089.80580369368,36541.306958376925
17032.6561485821,15158.102868944045,18612.139315347857,25108.9561522643,31566.42453665011,31152.842957573954,22426.12836506475,18616.11462155483,36334.23316678646
16946.75577272145,15223.700750445578,18668.43955195235,25104.85744615103,31509.72104676287,30904.01801188043,22845.230497991623,18307.689452942122,35062.84206937658
16829.61395236308,15154.316706055917,18870.737196598668,24847.23006816553,31488.648667289643,31090.859607686358,22652.871386446317,17824.358423286332,34039.00131629557
16789.99922437266,15175.294730283347,19531.21250629112,24435.822839846664,31762.46952510401,32456.196174226494,22417.761619054385,17761.255092528918,32872.346372664084
16809.598531734257,15198.805038424618,19741.56732048347,23988.388639418066,31694.39270337087,34799.200131341415,21479.39507191629,17617.941172902596,31940.45186950921
16806.439295841075,15239.369149793682,19746.004318169336,23560.226353754526,31650.58826462628,35610.88650423382,21010.634195496263,17442.675340291327,31845.251863845497
16873.277838806407,15920.363759294247,19593.765886357527,23127.800185296415,33534.67413461849,35465.281087293326,20471.09686880505,19187.9275996886,31301.656715822985
16776.0866563397,16351.099308112502,19398.145053481207,23182.27462510672,35151.008695329656,34742.158425941576,20128.399076638754,21021.604078724293,30566.64638844053
16937.405213721555,16395.276367696828,19172.622480550606,23069.8223233659,35451.49832348624,33945.705286517186,20154.594232705236,20917.91227953006,30327.15740411626
17628.36728783765,16272.288195032052,18939.315266112775,22871.71556851049,34753.949770366395,33036.41902658122,20042.086954504714,20734.52368737326,30351.043714288273
18012.80834529477,16112.633650734888,18745.00998961476,22893.57912871129,34474.123908385016,32743.12101610504,19797.273353775574,20065.393183490178,31970.233645041106
17979.795290745435,15832.463489720063,18683.77087401306,22757.433150786826,33727.15470771684,32375.492283498046,19454.351512502322,19165.411428597585,33787.870870296574
17883.014216129443,15521.225323911587,18702.465495801087,22924.106087754382,32682.58584669132,32161.179144603426,19948.769965873555,18214.25007510354,34175.04365026268
17694.59907095641,15442.131867014545,18676.29318022294,23607.484141892124,32063.49638348809,31975.51237901597,21938.077829473994,17750.992869224836,33751.19560236988
17380.698414392926,15199.054522760242,18664.233226602406,24606.10569527818,31899.750161934735,32051.313387646835,23169.688681065338,17257.751036942806,33177.17949264883
17180.56092796387,15184.809400343735,18610.08267138239,25093.762233717614,31643.104689831296,31657.085219628712,23295.171306092423,16883.218952236057,32153.42790258832
16973.15493563955,15108.711869912502,18638.951405578147,24963.97856394712,31456.51598482426,31529.118018462494,23182.90526712333,16673.727071514262,31199.90360499833
16932.698614226963,15055.987753014486,19160.054276924242,24799.650344097714,31456.725681085565,33226.22868401289,22385.265243200538,16422.266684148286,30640.403186531777
16860.653957295246,15023.488049636657,19664.562678373506,24477.66748798146,31089.017680176326,35124.43210922456,21987.583526645063,16676.77404099824,30746.207290718958
16866.928028654827,15090.638146752166,19728.401360120544,24106.200640552936,31382.06816211842,36055.250410471235,21685.00137010243,18155.00976235304,30177.03231418367
16853.009709140686,15024.51698479521,19600.663100293044,23865.349786839528,33495.63759272533,35357.74240027668,21306.964412303863,19499.575710116525,30608.132557510515
16947.433208695213,15379.743226951878,19391.445420729215,23666.605285279667,35088.27878510842,35131.25331646235,21038.31297220149,19751.704242817,30244.557845576983
16869.709200617126,16065.975255592692,19144.931969819663,23518.412641522682,35199.52252375755,34260.40818504275,20861.05383974745,18962.101951646764,29429.689470066893
17014.475681545697,16266.595300425859,18935.36830078665,23302.25370948902,34942.50532152334,33377.63207728734,20985.484867281823,18151.98901939966,30737.101851224706
17573.78226489682,16263.414201016829,18760.53243474359,23302.54717866406,34326.814734554726,32108.833119050887,20870.123228888522,17629.94944077518,32431.31531012279
18003.126332913846,16036.850116973777,18600.548753809344,23141.26183099282,33362.34351762834,32052.264186976456,20916.423075796494,16759.39591808459,33221.18689055602
18082.657160843348,15856.551702364552,18526.25274152865,23010.7141073537,32476.371253325713,31471.16400541942,22307.031425272624,16077.672729719487,33409.31774851548
17909.708504655722,15537.550821060617,18549.48407538997,23258.816389887823,31934.455557130965,31402.108472021657,24143.72208007407,16007.679604548357,32846.634193181504
17755.820308052665,15383.373924178744,18561.479655370993,24789.537420666977,31613.90703818454,30986.51653991725,24780.249164568897,15638.816088932092,32043.585556885788
17452.128737306506,15160.473709238957,18581.261109963783,25618.22169782792,31502.535743699187,31020.350410040704,24482.569190519105,15189.543130238033,31301.124434995356
17190.056571898473,15091.956882957904,18542.98599510559,25639.615628877265,31314.074442228874,31319.59499640786,23745.317232962454,15003.967063775097,30558.396784165823
17002.313337373787,15063.567274998653,18695.05628059997,25385.807501536445,30920.843521344883,32246.149358676474,23278.655648322478,15695.425571460222,30161.853495829026
16850.320339544214,15030.837930979707,19304.8412523354,24981.912039144656,30880.74526295716,35099.92461872038,22937.048920111236,17070.09325927112,29579.466566450064
16802.243197153774,15007.7117194332,19603.29893455706,24475.71896567794,30868.82956283785,36352.966451634726,22219.635957616396,18234.700583899623,29012.139263037974
16761.189727947683,15033.215541567553,19633.879188576477,24031.293640703072,33305.12744030007,36222.51098967476,21998.618667447627,18350.58808283933,29026.47169102863
16735.43181871044,15007.05519604064,19461.539994388375,23712.42800540441,34771.73655597701,35415.76174222215,21964.88577045148,18164.119092736357,30811.037631641793
16679.032064400835,15169.545050585451,19345.671521957556,23401.977490781912,34893.81838136472,34845.47064928176,21985.327174939663,17736.65642382319,33286.47655528066
16715.924724941422,15781.795848665388,19019.633578899586,23478.717544826715,34391.54562468319,34118.603496455704,21550.078893334186,16400.031680320168,34160.07854527411
16772.00725228502,16207.521101223638,18879.440533765304,23229.858582883713,33640.59673808471,33420.14167229745,21431.4606066206,15963.217585991653,33876.176476055734
17152.217096722525,16152.685527097265,18789.17850199268,23318.776305160696,32838.2797536574,33190.61598668338,22074.76719600495,15308.8833266963,32824.10696867569
17684.947663173476,16095.911608899982,18654.8594438938,23099.5765561633,32026.59448730867,32852.942925770076,23813.397094471056,15054.533739022514,32155.945421234224
17889.6033831747,15877.200963404535,18635.048329796544,23229.70998779687,31261.623427561597,32592.876774945344,24979.507784160178,15095.043157432761,31351.617822854536
17804.826342406035,15689.886435654118,18621.938753733397,24184.54454442949,31155.123167703252,32440.748022516633,25000.054395488834,15310.348619751154,30773.884522417342
17638.09194739822,15521.746971405806,18653.70745428046,25599.017807781864,30871.137161193998,32507.56024519283,24526.231846865765,15121.271465185218,30630.761289027894
17449.12540167003,15394.652163997464,18559.209519964545,25859.949820646354,30861.47380444737,32203.184266939297,23709.405104459755,16400.3029810628,30274.557505058518
17155.707537542858,15309.82182153183,18562.1670211974,25732.27187541794,30799.350592387815,33056.49547512446,23112.37654684738,17954.28108705722,29742.41129580039
16953.58313788686,15195.22236942526,18898.326277463602,25409.057919403895,30637.001022179975,35494.72608995878,22697.544084498302,18300.391650196347,30012.324635312176
16796.918215941074,15160.123662652994,19533.025718445766,24899.272090386326,31117.214170346535,37132.11048472108,22340.79528171348,18050.45205296947,30323.435163416365
16857.47194503418,15212.658063581985,19644.34591608949,24506.787570550587,33385.18267419807,37244.83918513225,21935.219313735826,17328.204847850764,33442.89232913315
16800.043150930902,15122.345621438237,19636.31627436104,23898.37037182191,34389.52558664101,36413.507657995026,21724.15675331506,16828.876153165707,35552.03082780957
16736.052872890723,15092.932198611212,19609.64273416888,23727.20434799834,34618.70659911954,35981.81532372952,21627.726584087082,16459.780212773025,35647.9333550516
16756.699368007423,15201.75355215295,19416.950240480975,23532.144061973948,34226.2906451417,35014.4650229962,21215.039351242725,15731.472336976072,35099.75575601424
16794.326079932744,15903.090145879589,19250.651097070906,23383.20232323782,33492.53675329338,34077.16746992965,21391.783670141835,15717.833511422845,35465.4066441325
16785.62202202964,16288.174794493052,19127.71343163236,23466.898805866622,32749.785654362313,33468.5715690528,22227.512165438173,15704.645762138434,34048.21449316642
17056.01146954015,16272.41436051096,18957.66222584204,23333.27268077115,31868.633420731985,33157.29349492401,23895.74914372624,15452.244239289961,33457.237319672815
17748.570745063644,16090.655718445227,19010.19995294997,23353.97697879376,31504.05476633054,32933.838723124274,24703.577881999863,15453.4425490546,33113.71187140055
17870.53710941427,15960.518097200837,18901.694072119524,23434.318753613432,30881.4440344649,32808.55984718139,24726.756350684296,15719.451988590092,33128.56704737815
17822.8685899262,15705.87637086033,18836.885584403066,25009.987100764534,30910.194095456864,32230.123819328182,24152.54625833575,17782.330067624698,31764.460677320076
17743.419701551342,15461.107478493248,18831.909070645244,25745.8015748145,31039.236944594093,32279.947954086012,23259.01051573649,19275.848057537707,32129.6939693521
17485.625836921696,15355.310853301644,18799.134092715594,25822.921055415693,30868.060201402895,32055.99854029469,22596.148744807037,19298.86188041691,32056.264802120048
17174.09117586844,15188.410157157685,18901.238252229137,25497.188444321528,30765.683161545872,34382.69194844982,22148.81318219165,18945.873845081253,33814.487008729564
16951.943086266634,15127.067516966368,19607.440545766825,25100.49736598118,31376.6487160882,36269.259983362535,21844.256056410013,18511.89228537892,36586.413688549736
16842.608301063163,15139.868631106072,20017.818359957793,24525.153702698102,33531.46209069079,36512.0112861633,21694.146100897167,17662.168756347317,38115.65629061224
16803.08719419419,15121.751653717825,19995.3877552562,24119.917929007748,34646.00204366611,36059.71864143773,21602.02659618332,17250.913161357184,38260.29246475524
16778.08471207996,15080.688793530284,19845.120142873348,23825.864039993085,34716.1149787722,35001.29709904966,21478.56768803216,16801.864216571936,37636.400474345624
16782.959549405703,15119.884924270978,19668.127538925186,23588.40831950378,34354.81861092279,34542.88016205296,21499.026001446684,16513.12295835517,37079.10456261364
16834.417755495306,15132.592673625517,19475.66744481454,23508.165899054944,33750.907553582234,33238.50879702456,21770.49354831318,16301.890330192899,35703.18707342094
16786.64360714924,15673.868936772255,19192.657089064414,23371.65697343687,32798.70475852799,32782.56656707118,23160.632886005424,16209.932810076783,34906.67042063811
16730.203564559677,16245.728706014052,18990.84861129623,23300.29718997257,32069.85545754341,31970.471634344867,24152.83113110014,16222.329770286964,34595.85706754603
16971.199281189325,16284.66256030084,18948.410068792487,23282.0531065197,31737.567438166094,31805.133031291487,24523.999598639854,17565.559372553147,34711.93606679822
17600.229956744286,16203.464318529273,18935.434392985248,23185.121678101976,31341.048029681828,31695.776731578306,24103.060833599422,19412.76583863566,34620.950174403
17903.138085467064,16005.894996299672,18941.612677200676,23983.325938346134,31250.56789695293,31623.359790635062,23557.236298623866,20009.519130868706,34545.92894897228
17869.897384703578,15817.762199930969,18948.131903712987,25264.155111008855,31075.42702209578,31278.686849993755,23170.22818374935,20120.03673365959,35197.79947723648
17768.50954643034,15535.877707046111,18889.130028074153,25817.885068760766,31325.965367419813,31116.951491751195,22801.154784117003,19481.569014559733,37669.53201721198
17547.802494216172,15383.32006119696,18924.373736925227,25673.566185214662,30956.66722879255,32457.201086715813,22494.450931534368,18815.235013834383,40246.04751271398
17259.715587179675,15161.945911108383,19337.88984056277,25213.601375811457,31480.922174183608,34638.765862323584,22380.765979905238,18087.965784847762,39815.02990205304
17008.083574511053,15130.42344135922,19980.959050085716,24810.86801450405,33531.78420609621,35516.45757541516,22340.697445901005,17576.824126223128,39716.25065558037
16892.725330816178,15072.851940456276,20178.627983047336,24257.034664772953,34698.00104704926,34993.60032002148,22035.215586772476,17132.734294686878,38868.30987187546
16818.309852311602,15051.823854450196,20130.02686919641,23805.256049420226,34798.86812209114,34560.374707106625,21394.953571547634,16810.277696264915,37734.48618350957
16749.408911899984,15036.968245867241,19897.16959534921,23567.28528267537,34433.19507479569,34159.79421246663,21335.515563562047,16474.18646848945,37079.8900464773
16747.955354985697,15047.065875832053,19598.68970827551,23374.08326803503,33869.09535925335,32872.23931848529,22531.46169800932,16588.078399361562,36636.80412392746
16810.051960767072,15106.251397027398,19375.07386754346,23278.841309724776,33162.38294970495,32131.43239194492,24229.334593759326,16739.350972513592,37086.34069055409
16737.29898333916,15402.814708137412,19216.374086176857,23142.00111267755,32598.364045451493,31273.22236575874,25201.986460302734,18583.214158579114,36410.536240949914
16765.104638681325,16047.754921905416,19036.870592651747,23127.72517834571,32137.366016290933,31067.08956218278,25075.554701804176,20123.75527760698,35920.441563324166
16811.186592058515,16278.88560679788,19033.605876072226,22979.86625922929,31708.60383046444,31185.77078298776,24173.603380846787,20048.50570460216,35233.96470033794
17458.478838111045,16222.644731699918,19018.06266863097,23080.8717221595,31845.74230379373,31226.77478153373,23759.824872260386,19629.80785390103,36629.39353786647
17852.060227773312,16081.568276872236,19020.24057707031,24099.058881057706,31664.04322649446,31276.114020670222,23122.9734188975,19016.236059881227,39776.81285624568
17895.747018812144,15893.963257683503,18961.36140660797,25151.281506381758,31750.789701590995,31388.217459032992,22500.24266633586,18293.771300094966,40747.51334194608
17788.580365084374,15580.305434304666,19025.210583541062,25400.37181495637,31568.55534757941,32930.4370101669,22129.077179211065,17557.14458743298,40782.701101654835
17568.000877424816,15374.28865141188,18976.38667939731,25148.118380325985,31703.997203701892,35057.21291521612,22043.392410215118,16933.142349423862,39777.83086581787
17358.352342151105,15253.223093095155,19590.269515301276,24716.505650538053,33722.43194603645,35553.90479499522,21866.049984527006,16947.917983167066,39197.10925479867
17115.787224640862,15102.064503245829,20082.70590809126,24146.040612467623,35191.994960877746,35257.22335996067,21560.47345260409,16707.679417008643,37977.74285379445
16869.73903626033,15155.14213682278,20174.586189009944,23710.529519826418,35180.75463200716,34829.594633097244,21302.617509416345,16536.34617150825,36779.022574729206
16770.440073664817,14997.115903963097,20079.292237734095,23505.581162941355,34762.93167255417,34123.65440354727,21872.871885308927,16487.013807587293,36350.445199212256
16717.88266672233,15008.783250863655,19872.610585104754,23161.780078461386,34078.40492716496,33148.22101264944,23341.481904874538,17194.438818451814,36069.21315985677
16705.178465689212,15065.068785897656,19601.366190407593,23081.977880721974,33395.42776428284,32564.736838389552,25131.55109734288,18903.50648224654,35404.05535975525
16748.911598311894,14932.226935864832,19338.851699184008,22909.8774153781,33010.428917357516,32079.965283008518,25323.36625950736,19862.566956131413,35187.707437329715
16722.889468134927,15079.157535865746,19110.698398689172,22864.882252346248,32836.4848207789,31872.9986148315,24397.623586595637,19650.163345337216,35377.455551129344
16727.3585960908,15718.522063850663,18975.52498717393,22797.75206727648,32716.065478331995,31586.838729644307,24042.4296788575,19344.29665269384,36382.89235515166
16700.20245406061,16150.420046821917,18967.122812514095,22763.993073659163,32654.248243806414,31199.65341929978,23178.31290812206,18606.352200869744,38613.18844356936
17184.105504356434,16194.288555735058,19042.339745087178,22890.768476347832,32639.26548430417,31096.799241120134,22684.205579790458,17627.630177630403,39762.39481694573
17663.6876875929,16007.257710666165,19007.93249545828,24096.63180810746,32468.584260786367,31212.483178645733,22276.670856710698,17198.307248223886,39443.123258740976
17905.33689726907,15876.036587638722,18989.67227178548,24989.99197169753,32267.741983066746,32471.39811944528,22114.450757840757,16781.567004974015,38411.65465542373
17734.166328721712,15612.833999556098,18941.8198035687,25063.083364357633,32877.269874414524,35109.3375391642,21537.465164719295,16476.32560107295,37616.072380596175
17598.620669331158,15356.525664060278,19158.604973878708,24768.645874042093,35057.12884547493,36308.55605516527,21377.063386611855,16448.3397602745,36377.32981540518
17375.19091410782,15165.85509611143,19920.976218657892,24442.80158421854,36167.74935276454,36140.758356064194,21025.752653779775,16690.183862073118,35805.4895155283
17065.136628716864,15042.698924836346,20141.49469802718,24004.862609365176,35924.738480082226,35445.38689903588,20879.640873284272,16414.4909403725,35125.66079660792
16950.920295248357,14968.733913247575,20033.688709831888,23466.37209293859,35488.43386561643,34896.805429557644,21690.75219834174,17409.005748800864,35010.76018047936
16780.35592290566,14949.23070966979,19898.94195730788,23100.00524738632,35107.83352648834,34005.59102768508,23659.851919406246,20000.618794966325,34374.66518499432
16774.200770424963,14836.63991150685,19726.215007758226,23065.28190834646,34330.7087652559,33196.907313689684,24519.354596407426,20765.016151496147,34169.15057532498
16759.73989628636,14849.803394908377,19354.094195209207,23017.775699015103,33579.851466640794,32751.565273994067,24251.98631278552,20001.8975318489,34959.7926087221
16740.54858383058,14893.273909677793,19194.881191211905,23097.177248592954,32984.714900027895,32487.957348273427,23317.462524262082,19480.436165977637,37265.475841267966
16794.560309494096,14903.273420382062,18971.687937675975,23113.29418424769,32952.11332499934,32159.69341448443,22625.387138190672,18685.350045107833,39632.88028013729
16747.28417091312,15331.821256804726,18917.638963404836,23086.225962028704,32795.59951772209,32027.809307023028,22281.270892357737,18213.356458624512,38753.207810330256
16744.758335471357,15870.95985382493,18858.08893615516,23183.529223006444,32588.528864203454,32277.071832863836,21473.194454601213,17879.410871310232,37255.66589296161
17094.3605253153,16063.279293408379,18880.653117810067,24056.122091510548,32556.289958985097,31941.88163705118,21166.45342125482,18082.596121194398,35979.44973819944
17691.389032152747,15966.654143603813,18827.05585373589,25074.592555723928,32637.018599103285,32452.256977302477,20823.55078433534,18239.565127941416,35747.06725349447
17860.456429305996,15836.875334439072,18881.23266476247,25381.478414336158,33538.82926460775,35103.90950539372,20697.482800109105,17943.456246313257,35666.36031888125
17839.324718607946,15597.233295816053,18834.967503205095,25143.538471066182,35892.258419811216,36813.30482139671,20606.826574527742,17693.159880278527,35441.07232460353
17743.418209677442,15356.76759506992,19299.849515046903,24829.44697251668,36529.94404663657,36547.05062851718,20340.974292491104,18076.614645930153,34969.93378050596
17493.381984570973,15135.057156009707,19787.6472335078,24461.322647791374,36433.08745344222,36113.885308883124,20430.81211367004,19763.23290398985,34663.96197059537
17202.689972588163,15015.126666078047,19982.038229029375,23838.765296465273,35947.61861461832,35317.587230610516,21970.749999487794,21023.208041475486,33883.81179615883
16960.530289215043,15004.717126952964,19865.47084831788,23713.994691840595,35287.76337366251,34684.16020317851,23216.75044052285,21123.944672198788,33026.76859648451
16889.23977972793,14962.665862304302,19731.478263897825,23371.90307639722,34482.36299743119,33862.87844145039,23519.768159741587,20679.776427252993,33932.92007662945
16737.18618864616,14903.419894307253,19447.438628484968,23152.451201367843,33622.64367771657,33419.30154911304,22766.55381583989,20194.32185576466,36658.64716113465
16734.711661306494,14998.301673638274,19197.73228631488,23092.19417794231,33101.61209426435,32727.861849472956,22116.818275128368,19450.194202771276,38064.441858488986
16758.63495374179,15032.289959736567,18997.77836755007,23040.885972948992,33025.123965445724,32627.31926426123,21319.651703340238,18923.634248060804,37489.270540168305
16766.04392798284,15023.013097302182,18760.76248397938,23030.991061305296,32846.67324846278,32573.374527666674,20931.798298928312,18471.27212108626,36699.23412687806
16779.395386464977,15486.081232796161,18790.553747185655,22912.409323278887,32662.1612798738,32272.16422050496,20534.928261566383,18333.497073323786,35688.04661370996
16780.036415613988,16017.050981250857,18730.178888975686,23311.09406138921,32709.814716164063,32429.93705929612,19881.12377234934,18054.119213770417,34846.46755361862
17000.882936487673,16132.098563113257,18736.841625542274,24885.76726687193,32706.237583933314,32865.10355551701,19628.16582627074,18020.42263640479,33992.345790659754
17634.21851545849,16027.500919050002,18723.7702490949,25676.92875360859,33620.158801364785,35523.57692334907,19410.255175667306,18078.684929651892,33415.68779970378
17848.84581698608,15952.594375057777,18730.62122903393,25614.852413614597,35887.30950789122,36989.038607046525,19342.67229985028,19220.69753982702,32677.906597350753
17881.939745598975,15651.762602592189,18785.781284502125,25148.2963359647,36368.86948412541,37148.10089832834,18910.183281569967,21409.621252712932,32026.56736456998
17725.265570546482,15425.725901329919,19337.614987385055,24928.143479799302,36270.37050782696,36343.13479461166,19487.213471077856,22022.24771417667,32020.018387701683
17512.70317134617,15223.528452247447,19810.858672984712,24320.479232261507,35743.29857590404,35599.30370412705,20924.04595441708,21854.682582968315,32104.88929291892
17206.08576570744,15121.863063906943,19822.258417619854,23875.945070616555,35236.702971021405,34867.393303409684,21918.02592418062,21324.56169081968,34752.150945421396
17034.309472283694,15003.645780970222,19661.303527129647,23544.43319208546,34320.743714705015,33979.74390349988,21853.95072901771,20584.771534386877,36595.246041039376
16881.214883952074,14975.77922981756,19474.761796903527,23458.08860652278,33808.14051408604,33372.534475454064,21259.586335168435,19758.48945937795,37541.5569315185
16744.481800247893,14945.293405541026,19197.698688567943,23318.27634577515,33219.25015695146,32982.51911412841,20876.492459941164,19113.362809182305,36440.437422065355
16731.51982889937,14946.729770679982,19069.673198152672,23219.96390840079,32918.93149491484,32848.53747113827,20054.899495142246,18706.627641789735,35805.88197480055
16762.69554736092,14947.149198944293,18953.231221551203,23268.147722514204,32784.40531205301,32557.03485731531,19962.454071035998,18401.884493124995,34346.242921945115
16853.530861594983,14935.007549225136,18978.812650911055,23016.33953537547,32791.12360451157,32062.52081876194,19576.37520611558,18260.64031362543,33873.860094004514
16854.031290871295,15223.540373130683,18953.714017818453,23057.469992791284,32615.238002715752,31735.62991843756,19157.372177405385,18108.168802473047,33264.31679110842
16796.415928722214,15907.755364833336,18953.03511996965,24072.623651419533,32520.252907262227,32170.657132392687,19177.26033027696,18041.44646298516,32952.86793197859
16900.89221685038,16146.473377345568,18842.333713508422,25474.22626210282,33631.569997182945,34000.780730947816,19164.67736570911,20134.406547453986,32784.286616599886
17457.90265709542,16133.225005458526,18816.6954091251,25639.930762187407,35668.30688626125,35443.702495107354,18913.032311917283,21631.948114229668,32097.228779786972
17870.276962721684,15975.030872407213,18792.63100490343,25478.116023897044,36359.636630974324,35951.33661193359,19129.8634197756,21898.676012514363,31601.272591800473
17945.646889860625,15807.359088367264,19110.247048695623,25167.589398889,35934.18260017909,35391.663318188606,20163.389850317704,21250.902535410907,32305.880446587962
17773.099341101803,15492.302469033839,19820.492470096153,24740.038442010275,35388.51805797896,34737.6901775246,21530.90936513778,20652.849213789836,35494.84188455076
17579.67629770339,15276.648613370817,19958.349154963475,24203.05171785915,34698.960080055906,33765.28618556701,22530.02699226814,19539.90145197525,37177.59690552165
17400.18527914068,15186.68679264033,19961.238298010423,23785.56721304953,33938.92761250556,32597.205640624743,22549.53932760268,18744.28428003121,36700.354526191724
17052.86573361906,15073.821441656131,19786.205131007442,23565.66535184969,33205.3937465336,31953.294902222166,22194.458563219687,18055.233843535312,35867.8516593621
16921.91214774285,14994.502127608368,19574.43090970349,23400.74348662182,32829.299786260075,31505.230727929673,21647.440718445978,17474.961550859967,35340.45057075854
16862.62484065162,14971.485597409643,19254.828984481912,23367.93598892613,32475.330449982044,31180.071862847806,20745.62903341941,17054.91936939461,34512.76662012303
16777.999238840614,14977.228330331322,19091.509144925807,23309.343397008488,32433.606920594983,30586.90661188911,20227.793605349772,16421.463156687576,33596.90381157972
16779.910713493762,14970.024142670274,18991.616572589504,23184.74896689839,31998.038923161515,30600.533484290394,20010.644392129034,16105.241018865523,32687.0041414327
16738.060336022445,14953.92577007273,18934.67906437992,23283.576217217294,32018.717016667604,30013.852243310273,20211.219923240813,16923.00037904959,32221.379485944686
16786.788422088594,15049.576866717785,18880.96655323442,23455.623634024556,31781.91308188426,29984.661738555824,20648.928836054176,18610.459892109964,31776.283575512713
16778.61414740607,15772.703325033926,18849.125921289015,24729.966128011136,32721.042586685337,30932.025470958706,20680.939235936978,19450.326608827603,31664.868890836136
16783.20400188828,16134.363218948069,18790.81515106439,25705.009794857448,35055.96866404133,32909.66620511685,20764.376379593465,19127.83317040575,31907.864017771288
17238.06292840604,16096.628853717119,18798.323610951065,25650.900720019363,35457.47163446896,33998.37113502678,21162.462222782146,18390.37469371247,34280.588001929085
17723.951623792924,15984.532238600212,18883.143274189773,25428.87656453515,35265.83007038289,33870.60588324025,22946.47601876594,17602.071226853564,36522.21789142965
17811.753437756473,15825.342715936924,19655.56731463861,25140.806736400045,34626.92632510953,33437.644590191245,24231.16343502284,16649.482591656757,37174.73607599882
17747.690089140957,15582.911788082176,20099.902757206153,24435.20304742674,33704.590099272194,32324.52161669876,23978.097858753532,15615.715271877727,36426.30254967986
17572.74303132086,15288.370594712018,20134.57092227066,24100.304643168718,32914.58212381889,31420.25772893163,23467.752924354376,15019.774359341387,35864.62894464223
17320.230115792372,15132.232325047175,19975.784942937727,23680.1530563647,32120.903825026686,30247.785729160572,23059.083695520567,14706.660921991901,34717.52505553304
17067.239139381054,14998.985815461914,19822.268397000786,23387.176391936984,31770.161919348662,30118.06210272101,22347.611300697354,14485.752800113287,33464.08870554745
16826.28062903799,14930.226880127635,19483.372299367384,23279.41218506263,31499.955868648623,30489.256053011264,21938.75935447291,14039.852594604712,32486.81030632461
16729.21921340505,14933.519768717042,19312.16905846212,23233.750331342308,31322.181741347427,30042.753593263726,21781.31092405949,14115.833633481929,32162.28543748755
16657.16095766815,14923.170254428936,19093.07643320069,23148.49305243826,31181.489011364134,30641.603637903187,21594.683306928186,15161.326361955547,32094.92426024709
16666.52605654671,14936.496728245296,19018.38539835603,23127.782458010097,30947.8119317249,30414.768158086386,21579.800464853637,16918.354165299428,32138.99078565273
16682.802381056965,14895.543269473324,19018.618361221776,23054.738973176318,30830.021454986345,30473.141443335073,21196.50696108948,17700.396138522225,31631.533839553344
16708.232358174788,14963.062554211892,18938.758838110414,23697.614182529152,31567.296253179815,31947.246104141304,21197.354799358433,17665.893263559137,32152.52934220779
16628.07442097111,15520.898614773127,18953.685391211646,24938.820652695496,33431.17270239402,33738.52121977766,21514.138915381176,17118.85875136839,34921.12597286509
16607.490780832817,16055.38391565769,18982.599267375725,25622.3661479532,34489.75219648543,34635.47782318688,23117.44787695095,16417.69416216908,35821.26131410684
16945.71059267151,16043.921851793644,18987.775009974997,25451.056855345272,34099.991228189436,34319.97445453814,24738.124328756123,15801.941822896199,35924.94698086181
17570.21573873489,16023.688676923392,19207.422616082353,24972.376061034876,33664.276370495594,33883.44832731092,25067.08695881493,15364.395699979943,35570.33864723777
17740.650339847347,15834.290397729146,19937.067726597892,24563.14241358529,32834.68058236911,33248.25468974877,24614.05699071526,15153.890757262396,34595.727086238934
17665.37021650328,15620.489739613291,20260.084221615423,24041.915526289507,32142.877926834954,32544.14830920982,24435.961274074114,15095.939831330797,33647.50993166495
17519.45172904636,15283.105116981797,20237.204562106344,23705.439184681996,31467.303574113874,31924.71273256264,23259.602112601715,15251.031957228362,32542.647253288636
17338.85084095396,15140.90657974048,19964.224532711123,23290.24802075471,31062.514643570452,31642.63697366529,22820.812102260963,15255.225165875947,31617.745724626173
17004.483835611816,14998.533533420026,19846.083916228807,23030.027275496865,30699.19744884515,31487.42578443523,22327.631486304035,15492.749198248965,31943.246000257834
16880.09413711579,14893.201765457867,19562.560878345725,23040.394250843103,30757.055183789493,31096.2135725265,22257.395262031052,17255.30838732206,31235.136064724084
16755.07197878879,14882.454345074575,19266.788701471865,22913.984896435577,30497.19747318407,30796.013261850556,22019.124579100768,18732.271510193503,31087.093449325952
16724.452306328778,14772.912437699488,19176.890525682316,22884.798630959398,30451.791719047502,30679.704266807497,22086.915313706784,18722.53839517623,31667.50565906344
16725.66348822505,14792.33168045515,19142.12740338946,22875.167407929985,30218.256912793073,30722.353537083083,21697.10952010042,18424.807365967114,32277.107324051507
16764.33057581702,14755.529535293319,19087.395470829957,22856.5558862949,31295.68462856079,32224.041324255795,21742.66427392809,17918.56253491302,34438.03937091441
16750.594981663526,14755.760164074343,19078.78324623334,23824.863577398635,33530.95576484942,34763.21614060134,22239.096203649053,17244.713489644964,35970.76423708731
16741.55983384932,15044.8724921795,19034.18309564749,24897.56608852192,34490.88336295123,35941.94126370966,24681.167478980336,16672.747871495805,35921.25355337735
16807.568798339467,15665.513274640225,19118.914152198508,25272.246927132517,34591.57830913762,35912.17632500811,25716.989749175074,16258.17015568738,35212.33225738264
17079.818282498356,15893.709069839659,19081.097254858923,24982.31647692747,33832.81754886833,35078.042111967574,25400.491774209248,16048.406533300893,34700.08639300771
17636.36326465911,15849.087030332612,19714.145828583347,24623.454241689255,33173.48097188376,34350.46577694947,25026.834546299477,15854.278005044498,33967.68765709558
17845.939666722366,15749.714721987322,20188.30482605191,24190.649798161932,32243.885417465353,33473.41950691603,24140.383263587268,15684.705087939508,33429.40862527525
17752.972220307205,15538.330493616506,20314.467849236953,23683.301484525404,31598.198948613426,32755.28074271284,23146.01372063494,15533.482932174546,33460.75824942745
17580.812547414123,15285.277128618054,20141.57642028898,23319.854682469162,31266.93266277192,32243.172052264767,22785.20494438091,16206.87449557892,33245.01588832253
17457.86183356154,15082.526681104144,20046.116996041023,23165.2425722587,31133.079660680152,32090.34152560709,22572.668716182332,18277.57194835489,32966.27919313065
17151.873609734095,14922.495999616638,19761.954794577796,22963.83891668686,30750.157716047695,31940.712641741648,22212.239131892115,19130.852868977454,33056.33369603369
16932.324565551167,14866.798829241096,19538.951769591065,22813.60798079973,30791.922398244697,31535.78920241109,22154.438249942013,19023.962554835198,33433.09245251904
16852.617822975837,14775.520533972027,19318.91863980224,22883.8437726334,30462.439501587345,31374.178254865576,21805.669357295712,18472.74981857971,35022.70443305141
16767.355799395613,14736.134236555283,19219.852096440034,23006.480010952928,30649.693882206022,31299.51375232435,21665.330597309192,17882.291227953967,38076.38236291686
16738.679955099244,14721.528698355494,19153.865387257396,23081.063140166778,32048.552967381536,32260.60075289776,21906.392523558818,17256.495834963705,39082.14348844357
16741.300292150692,14692.902517115626,19133.507385843848,23709.23728087937,34259.70469757176,34818.99811360935,23284.259792142137,16620.024873315815,39032.962618324666
16728.256613990216,14700.653969562716,19092.86699958853,25002.288555053514,34903.28153117411,36264.749662126786,25257.041951741434,16537.959933456877,37300.36477808208
16714.875812160793,14781.933018262987,19138.541838603283,25503.433239532264,34556.40149855057,35876.96212762861,25223.642024402285,16069.003734654169,36007.01205730782
16639.96650994543,15426.612622796432,19081.37132415892,25446.507469074164,34170.91421121194,35873.0324671475,24703.651784009267,15969.452393861038,35413.421617478976
16853.698079646147,15814.792506488979,19219.93146652931,25053.640943797272,33464.737788758845,34516.11209753634,24190.87390991007,15999.26820279152,35075.96403682509
17475.423858307488,15880.614728556975,19788.77741807732,24574.683237655227,32621.442248055737,33353.005904528894,23650.99258493606,15939.215044812729,35287.126753022996
17758.105372207145,15758.65261448668,20210.696693322905,24019.165464054317,31927.158121617656,32593.261730267746,22821.062803072728,17466.410216771517,35831.436895309605
17792.576093551066,15592.597212766672,20164.530365222778,23724.091394466795,31703.6910780842,31929.29019098057,22557.416627184914,19314.552885622055,35669.83610816751
17699.484715879997,15340.677273960964,20082.479887667087,23255.307859521217,31542.265043616095,31585.08638944444,22113.391439154257,19722.869291985688,35423.005432661914
17510.436941948275,15169.24634665641,19846.44921652593,23221.60440813117,31465.766836848095,31186.620358035274,21894.535847677074,19233.734070501352,36118.97195548171
17247.480145754,15072.38077213314,19596.35383659762,23110.59548873024,31371.5781330001,31065.150045932485,21689.213661724287,19000.623620178376,38581.54472214236
16959.608916861664,14950.397885049004,19399.23840353986,22994.954620371245,31230.50514035894,30751.303329986175,21371.29042733393,18147.7572473429,39752.095759734395
16818.52976026526,14909.001600018357,19237.515045848613,22983.102082162295,31248.834714344703,30935.466864095608,21462.25055889285,17384.24445901058,39460.99703367394
16716.140297190384,14909.419704708533,19082.14485941208,23008.009653682424,32689.635452462917,31504.704915329068,22001.035914866377,16952.102851267828,39047.90459132898
16680.816293539843,14869.343804567412,19023.239148272507,23013.404829846633,35030.58532659499,33306.6131301928,23696.97149763089,16813.683838857956,38087.16220496486
16638.86826850659,14826.241614974264,19121.45958326516,24218.747919131652,35448.38456425597,35242.18232540785,24778.53638566526,16564.51876855271,37106.981545616756
16636.747110507156,14837.59787752053,19062.545746062737,25499.8935809752,35032.35863032561,35159.57202846329,24518.447478650774,16438.191663189664,36124.36739911952
16609.48285846813,14858.110854725082,19003.12309987605,25696.97125089595,34624.38676924463,34502.86021446624,24053.522837691173,16472.26733589467,35253.692541569464
16588.555603668137,15498.975760889633,18986.214946613145,25410.013835318478,33769.10376347783,34024.43426125427,23257.029154080814,16671.092447233623,35127.686328993026
16712.577335845082,15932.177552818772,19234.030926771662,25067.260250465428,33265.44504662162,33119.073466914044,22482.775493074365,18648.56967874812,34901.74019555014
17231.87966409037,16023.22626876091,19918.598860261238,24578.01769302659,32547.52870590438,32267.138288802133,21873.636988195947,19661.60814141544,34595.582487638785
17712.236627635277,15911.41923220356,20235.950148546097,24004.936278549467,32183.64888616425,31961.206707180583,21388.250587809267,19733.57173064433,34739.600943740814
17707.517853735313,15729.946781516008,20054.387609210018,23656.395471744516,32096.479706070073,31574.155094859736,21449.76596248176,19517.84102910125,37318.90841685958
17593.678275691407,15501.99947899375,19981.165371825442,23383.52196299055,31935.863985542466,31613.53350667904,21126.02845939574,18811.295505952687,39414.08572556339
17407.785987525836,15243.547845471785,19764.58662373205,23308.97573659442,31688.70106666934,31345.98174152135,21012.96709893816,17976.192619916175,39380.804132527206
17178.59740421637,15035.127854130278,19436.38212675599,23312.257965719236,31924.17348835289,31119.382030916688,20716.561447619857,17523.810385304147,39072.97987885583
16898.207283906282,14932.483160633199,19245.55457937816,23147.213822153626,31913.53666384644,31146.26611541143,20769.61409371236,16949.44948370525,37922.71795422969
16696.70608744415,14903.220149757622,19068.47296852422,23148.822909056904,33817.926761534865,31787.5609615675,21422.104413974772,16739.952170398225,37217.2418302455
16647.24276893506,14835.624541935253,19062.363120954113,23058.64081230765,35564.6826620217,33833.592509175665,23025.245748060188,16783.723940838518,36062.08960556616
16623.123746000598,14775.513823969723,19118.81121660207,23487.78756701977,35716.15740199818,35042.317623167284,23653.584349719877,16434.87984025947,35598.41848300576
16622.72483803782,14841.08936343132,19208.192982732075,24964.3422363956,35315.26622261116,35543.214273245634,23490.093212672487,16454.155524753834,34620.76493744874
16632.34862611391,14772.072899929883,19196.61425357078,25649.624906755504,34872.95181659447,34912.46575714338,22836.06795233264,16984.576113448777,34525.74893737611
16584.414232182233,14833.663045937918,19211.48154305162,25636.77874927885,34133.91060263459,34512.02847468904,22223.804914050546,18467.63835074193,34071.50010375441
16584.66658233234,15440.425289327522,19217.04171529841,25222.078568484652,33246.79432282581,34468.66032602913,21552.636709229788,19550.68070770881,34142.747865568446
16586.795795532078,15979.95063922379,19709.6002534734,24903.954343526882,32890.02967240578,33882.842219953534,21171.521023321133,19525.196510858277,35758.66441067913
17055.816881401523,16095.445918937867,20203.668696467106,24360.222993919415,32587.58613177723,33709.150763664045,21227.370789506425,19054.838326842608,38530.00689017297
17538.483424506845,16034.630213506598,20223.03615872383,23813.66744568484,32597.11284941424,33099.94104727197,21121.44185710048,18505.667503030614,39301.84369068248
17678.714067454,15888.329074690313,20078.32997465969,23479.04189632589,32135.38685450342,32929.74885336103,20988.75800645052,17475.678848235537,38124.27791900903
17541.506397519268,15633.373681769786,19939.881822922463,23346.55481981784,32343.57906397979,32410.077223029686,20497.402649941607,17141.47481584936,37815.32778720785
17427.369000534294,15355.545112505952,19705.29638751105,23180.358033074204,32184.378756736656,32222.74965058287,20118.837244485276,16772.128961228424,37027.59412809519
17178.984600140342,15189.396966287548,19429.945425067926,23258.605348877336,32252.485962356062,32009.820711184104,20461.198936969457,16621.314936136914,35693.50696824991
16926.02371214827,15038.464001059087,19196.46946342758,23111.041972214764,34226.063204893995,31925.299175811495,21723.701616795737,16568.14417412777,35110.81450297408
16631.041561503742,14993.266068925635,19141.58823613261,23031.57060636585,35875.92311027655,34177.34201756199,23083.49272965426,16361.079371999334,34309.839990065106
16541.421076479273,14903.64721101035,19076.489529496284,23091.194382340127,35967.867410856394,36790.131224732664,23444.59773385556,16517.26920642391,33998.37891162767
16466.530811879955,14850.695845859647,19056.0174763074,24117.17843943094,35506.977865990055,36877.783230500216,23106.30824758191,17780.08819749542,33958.25265604787
16445.057707354572,14880.004101857796,19038.96821090154,25387.15657427941,35084.0279505788,36612.079551387,22641.362811423867,19959.132805576526,33524.21086518497
16463.691598065256,14866.260319004177,19012.44095616064,25669.211448213984,34156.900756402654,35884.148759484335,21664.199179001756,19901.950368947873,33258.377161820594
16474.16658880109,14824.999063018351,19027.63471685328,25416.928237488388,33492.533500195816,34876.92972640169,21191.864675505272,19581.95981899335,35423.681401537164
16515.025513912868,15206.704667115764,19256.861696535998,25089.37159379218,32963.3396737402,34115.23209496739,20489.6993629096,19324.376413521357,37539.895233080984
16420.93552839466,15897.361651909003,20082.141317357058,24706.19085965674,32428.232019592193,33712.42255020158,20150.575174009475,18214.142200593295,38339.289139945475
16667.209117574897,16145.531608428182,20340.045087571387,24142.853943659287,32383.109784684715,33000.25594229947,19820.370884564934,17990.762895880005,37807.98488453672
17244.845173049252,16027.04855565433,20223.095461288605,23693.262998193124,32233.05087071465,32816.18000930303,19652.789924097422,17545.20551861697,36865.03705448772
17418.926037925194,15879.840103695147,20099.737390178565,23482.706770122302,32048.066869338385,32777.65462540502,19351.556272531274,17540.25514707908,35833.113954038265
17444.480379438144,15651.664922536465,19888.908887589667,23249.372002086995,32161.86104728117,32498.602430795807,19271.17652751322,17210.868430261282,34778.45731787388
17279.453743653878,15370.097350968905,19674.784208006957,23200.55018514649,32117.933026409788,32192.99255286972,20341.08742912786,16857.05730481945,34224.849690725096
17120.09740886637,15184.883277330391,19336.744184467218,23165.992000567814,33828.04095005038,32627.155770612233,22041.302825841685,16615.30770923847,33751.50143028207
16779.44861043991,15036.000174449926,19239.38823343191,23115.67904181661,35320.14664030288,34841.47063890704,22589.07527308072,16679.42853910294,33618.339396258365
16651.8898353071,14953.069162962252,19156.83709173697,23044.81062777467,35910.373125224076,37114.4719177857,22293.802121507288,18513.019259033514,33006.70853623244
16529.037849544453,14902.275891467612,19066.444700052758,23209.065596009732,35221.44246775957,37883.9697024501,21558.10713706731,19651.91399612106,32971.84565142602
16433.34531683995,14859.361812306282,19082.475742810842,24530.623535841685,34566.96819531784,36585.19502707501,21080.75614617348,19555.13542916753,33445.271358539874
16368.462450775129,14818.367435894772,19012.683834868745,25352.71356133195,33727.65611899547,36223.641594535235,20384.793162243823,19282.53207264012,36592.73312594388
16443.19419652378,14833.726148785143,19033.29420735503,25368.595210286938,33432.76173236988,35216.70915230574,19913.474396854814,18517.57287903516,38165.56114658943
16409.600024461346,14803.020799034199,18986.682326247465,25117.76058783793,32678.187527674065,34277.753379566144,19629.855044903594,17584.062598998527,38248.95393335857
16373.99372497321,15022.38367172068,19617.52501487284,24754.126974227027,32295.184324095426,33938.745021203154,19348.662134327635,17109.94590106857,37841.13098826989
16418.447560132343,15708.326200211006,20162.3592152576,24140.499970789893,32248.985508419577,32771.112223116026,19158.22340561352,16752.817989893232,36545.58495520966
16546.505298406686,15944.353027864225,20345.44026352073,23743.33027489847,32033.562419566777,32812.88086405483,19092.306610316267,16290.555126917076,35153.35625518689
17095.519147718824,15985.092894609965,20228.34766479605,23254.23045926843,31751.63223832904,32291.846021178157,18904.529300347232,15952.585075159197,34478.28287687358
17410.558706492877,15863.556571817464,19997.641009713483,23183.727686216138,31882.001347469402,32031.7153892555,19468.291193058332,15769.787715476246,33553.706618713266
17435.988380318602,15680.309533623114,19724.05056115376,23002.714004160858,32110.91023609311,31542.759650281198,21672.89301623144,15621.07027196147,33941.608289588185
17401.830708725614,15384.987455850864,19485.283919650203,22912.13160476813,33718.74358170722,31525.57925106076,22681.66922533932,16674.195601223546,33392.649849764166
17250.570124816786,15172.766809265882,19243.389357098025,22933.66720689803,35405.21899592988,33437.65504911747,22570.96567788374,18600.532116742113,32769.166383730575
17016.895303201785,14989.426954740547,19111.81472072759,22835.385031461454,35611.183345845275,35818.76720949808,22152.8347242546,19172.17952512003,32820.81685952438
16864.346922030847,14877.161905365863,18996.46516842035,22888.856086029136,35278.61453171612,36452.3981232909,21729.051837218598,18862.52392555883,34271.120438628546
16663.988477289346,14800.404995807408,19006.548118039434,23334.16067050383,34518.33228708673,35908.31014322539,21141.6880035789,18079.52081248125,36543.263522578345
16607.156807798536,14707.632730631762,19039.81970825311,24530.611460756936,33578.97735982992,35142.54695902331,20815.399380815124,17506.14854824781,37448.98791008901
16589.17423373436,14695.785088812514,18994.776347057435,25146.794735129573,33004.524597309115,34360.32541948104,20230.995702899298,16543.970850700265,37576.792138679026
16507.36628019101,14717.31472924265,19003.547632526403,25081.908781943264,32800.74460405368,33336.672471430495,20106.56743702279,16019.667456661264,36208.85997581892
16499.25991473617,14636.03768664669,19187.077841299986,24751.18351822111,32538.859409681387,32730.68496122755,19958.373743406573,15589.438194715383,35806.57449765865
16484.61084267061,14718.694778582665,19893.80636912393,24312.215958671626,32725.70595068466,32017.881470644243,19679.945735163554,15109.107958498187,34523.09731305667
16475.430707123873,15141.071557477124,20208.206383041557,23789.263352545186,32565.54075807454,31727.193915403306,19728.642534562474,14881.603522340038,33969.477191602644
16551.24622195216,15683.153596444552,20219.326869315966,23337.9164298793,32524.97016065353,31508.961604044955,19971.88039391664,14538.601039127985,33732.89211418393
17120.085508877524,15841.211787164815,20056.11808463391,23241.2747853342,32284.18558305054,31230.938696956116,21332.954374466513,14561.148272515711,33440.5935175797
17596.208885292664,15723.722988471529,19900.509468658394,23004.25432582449,32410.980417762705,30936.66448704456,22922.76579602589,15991.56298920548,32721.22187311534
17676.296603705618,15569.279610697758,19487.734236352324,22873.940851891763,34341.974634105914,30895.232298332932,23594.254160076856,17531.0927729889,32634.41443474121
17504.90962368834,15354.151103609143,19300.83748030672,22783.500162840835,35651.44807166445,31950.395516802684,22938.919807359,17691.97336516033,33696.36906877052
17315.720985166394,15173.465681169066,19204.77486757557,22720.795241185988,35891.58520574287,34573.40797910453,22675.667950029798,17542.213891494313,35201.85877701814
17072.083683851874,14920.612071441736,19034.313884712716,22655.795356680734,35498.260626664865,35288.23655436809,22034.927762259005,16939.11105894157,37098.75178278939
16858.95295377622,14730.61608542729,19019.394773542223,22567.18991690919,34910.31828676033,35678.63226103144,21319.74093200112,15861.471720041616,37535.551813227445
16719.075835373595,14713.297913969915,19048.585573308017,23613.119474707495,34209.790834703126,34425.72149005231,20991.398039839238,15347.189043439244,37213.1899146274
16664.611882751782,14628.934946722913,18978.520586696508,24787.511997508762,33501.48100566253,33324.1391007392,20791.183084387554,14806.108761157204,36441.69940638515
16610.478187867993,14643.981099100698,19002.768621989824,25352.03778516983,32653.794257638445,32532.00206295156,20911.788667719436,14610.53356733509,35878.77684303687
16519.102843443416,14587.355676166062,19010.441114243764,25191.45262782212,32431.58113217532,32591.260803173,20723.32272232076,14088.67689072248,35098.414931822605
16572.4475435176,14535.995744198444,19272.86426665658,24831.342160183613,32532.75834779916,32010.29795802669,20676.703502088407,13976.71135002395,35288.06012631023
16549.692900431815,14547.333858898326,19958.755089435144,24303.938346414325,32314.117731178252,32209.492500533204,20712.787520759804,13827.134797250075,34664.49232074427
16550.169841653627,14824.106844505637,20134.51788909594,23829.687942799228,32075.175732905045,32221.165696869764,20894.82125221564,14287.221476401237,33230.567798434524
16542.759204005164,15422.838230941616,20110.789957305806,23386.872284561305,32007.235820737853,31725.986334364155,22527.96534773319,15842.253517930521,32338.81109871339
17051.37414795457,15682.977920991414,19890.472479894695,23127.159394287035,32457.056178670828,31139.783152503634,23888.501707469066,17052.843934112374,32410.937079321575
17555.32580002515,15708.226748646579,19670.890106384293,22984.484910847972,34748.90399813653,30740.28728004072,24401.26866755289,16836.197307381073,34304.116121057996
17699.918034714956,15665.097661459145,19375.935980698334,22893.126783160347,36037.37465221467,31917.98796420197,24058.04485359352,16613.482683750197,37556.01213049459
17640.591247809356,15481.021846891983,19227.49636123003,22828.07828118929,36074.195542708934,34616.055147354324,22753.381305851217,15906.130681039278,38781.25712261692
17440.37624079407,15259.253350811598,19092.235764403762,22794.088045070646,35743.46642328264,35553.163393793446,21879.727448318296,15262.531324103404,38848.31958303562
17199.518637508412,15023.854644042412,18982.383390757634,22616.207656235056,35117.05935664033,35552.449705700106,21680.783869176023,14869.140415378155,37668.49591438636
16870.84032749043,14925.982960148274,18965.73372211718,23294.865247666712,34252.42919626628,35151.0810614217,21733.519591160206,14585.854872298596,36505.07539518516
16698.00458902874,14838.518781510547,18933.61259258705,24842.361306579147,33328.826438423355,34509.76633071631,21676.462333597094,14078.391269565289,35601.93648027872
16644.779268356,14728.282547225523,18893.459676014314,25402.15463244639,32882.414476848724,33651.12817452054,21632.532097183645,13969.840496603916,34750.65412002687
16511.295813831195,14713.152844530494,18857.09831831935,25354.58373507141,32567.05132300921,32788.49525190899,21499.295548095648,13769.41248851405,33996.69764197729
16523.397443998434,14643.252868365984,18945.62706231815,25005.68987265844,32348.407522336795,32519.164088162,21311.01925654549,13571.856753427373,33735.77476466413
16549.83460053407,14569.801591649204,19420.48277116492,24640.645467276685,32353.375400769142,32053.003132981794,21572.67365229762,14320.628496993726,33277.94860422315
16561.582359789587,14542.284635949705,19918.43217152551,23901.859396706393,32279.12681779671,31737.577009881785,22437.437441824797,15942.38045832173,33050.992074634385
16473.75631999747,14787.47286114042,20058.20398066555,23579.533210022433,32197.69334851597,31750.38495368072,23931.701919642608,16595.70812471329,32849.692904124124
16511.192027141526,15441.793355110107,19913.77264232626,23351.663163090867,32623.375279404736,31723.279262973614,24434.699470332795,16593.695068173503,35744.07198644928
16891.030434799173,15773.684000224242,19775.436152239683,23078.647936356494,34830.44981666643,31658.171407909897,23790.82238162354,16044.616762071091,37721.78094599597
17533.979442349555,15802.430525132919,19480.567002730208,23104.223776246898,36191.87020307381,32402.97320676232,23260.67456765497,15510.341930959343,39062.12948050427
17684.05479611008,15718.947143647247,19320.849966832968,22967.03757473565,35973.9258788792,35490.39756782906,22616.477889084268,14879.428601693582,37633.422775225226
17688.674830073352,15499.935407985688,19219.511367353345,22976.893079439913,35578.22247854626,36620.849006716024,22029.074313393263,14396.138020638498,36682.04026088971
17515.810307242307,15269.710879729224,18975.588712312696,22925.674401194585,34779.44577519046,36814.520340910996,21479.649337091756,14086.394649125223,35584.07315676668
17522.598048072407,15041.84235578069,18964.913170827367,22996.297921569203,33880.54640290491,35825.06239517475,21496.70934190099,13794.5459809618,34935.61554148058
17518.343356488505,14873.13074241544,18943.921030237532,24128.487618054474,33320.689901681224,35187.47818737277,21079.435302427646,13699.178285564914,34052.47163172154
17493.708286419547,14730.135646656408,18930.443945588133,25328.10157238013,32877.997964142305,34327.76325247445,20890.03564840932,13708.265254083248,33756.10128543821
17324.876053880318,14678.546748734696,18950.160458490103,25542.066444556076,32539.165992194194,34097.68344884771,20729.87604634721,13462.269007941695,34629.02417666671
17213.480573069628,14636.22237330232,19013.939474369738,25230.2714560928,32343.669998008554,33393.23007059904,20317.708728760867,14333.538919881967,33103.093303063266
16656.712566963426,14609.311039364977,19371.78506166193,24894.030239040483,32362.177989102136,32927.951032953184,20910.950809016736,15579.148196222455,32467.06207976886
16101.247803279452,14629.996364385437,20001.40345544576,24427.55891495521,32246.767508698966,32678.081721205934,22770.462024627817,16144.38386618738,34032.60154791622
16168.554064957976,14576.443881770452,20345.593995230647,23885.124571921897,32105.700519750826,32691.89320353937,23704.96772572539,15769.778849064605,36746.610715631905
16634.163486297926,14674.450654265349,20290.343139132867,23506.080913932343,32854.20409216627,32115.77066583375,23451.86153738345,15496.95644798125,37816.29962327501
17049.72893970876,15378.25534175976,20094.80451526754,23259.547096565846,35144.99168202557,32016.51709740908,23045.545045695948,14950.936409285987,37966.03806613164
17193.518805885444,15817.09881499381,19926.554382670332,23069.9788769994,36100.93078367639,32847.81356396942,22580.436486718074,14856.049317672425,37052.09747956111
17565.77854121559,15867.090833735083,19585.32479260369,23109.13308950697,35867.63926043261,35591.08096024889,21830.28522467778,14370.799285642592,35795.017227253506
18106.378306561335,15799.844687694058,19366.522078242484,23031.23311099448,35495.75779379845,37325.25690325281,21624.361995564544,14658.624072399549,34215.10286663122
18481.0555245206,15589.492031974165,19214.409287869577,22905.84710670218,34893.64632802468,37087.270765529756,20965.71517855411,14461.047003298127,33389.29572892168
18066.1455442185,15401.98913682323,19133.110205247205,22881.280329610072,33974.51080575693,36483.244628685636,20696.71286578551,13992.626440987075,33157.86600524256
17589.45719000068,15133.343341173204,19152.915720713318,23302.925188826823,33313.78816285864,35813.23986586313,20731.58566120765,14167.464363543337,32812.3838320781
16799.45332486632,15004.698785966491,19065.13859126399,24795.733197078433,32828.98792788796,34694.77336687358,20690.217320506046,14119.998028584427,32285.641707656254
16479.64654216243,14848.555998098354,19088.95548357311,25519.355698811054,32407.32180343978,33793.12715307316,20567.59342558895,15577.83472590929,31987.054385658368
16807.096743752143,14727.408899408341,19168.085665448,25424.233186656827,32247.858167627313,33419.73495176873,20497.110511046118,17002.391542656867,32164.29331824489
16808.825163167723,14749.247538188984,19122.414456961014,25133.93551151995,32131.218115769356,32602.944802497204,22078.328742633614,17492.187813902092,35549.93828607382
16542.015498385397,14736.27318341172,19759.816813455214,24720.07690189391,31954.436321473306,32688.293889702378,23733.948956046537,17344.644104005918,37573.81577291981
16425.12647632459,14639.938872013881,20364.657342095346,24183.993450813614,31855.846101658608,32451.85322094709,23984.31948161952,16798.82778758365,37270.44238777478
16524.131096907502,14645.715164820995,20455.10465726275,23592.203298740904,32558.158627917554,31919.37459352348,23896.188609507957,16037.645116935437,36774.51641133495
16557.241739412955,14675.481860080949,20355.28672807858,23266.9676939757,34576.84439204407,31967.43634784767,23305.7154109327,15730.68001281651,36062.45529021877
16580.997608951915,15142.569491145654,20119.44450980157,23065.6245338924,35666.007132229905,32538.926404814563,22741.508318127173,15373.528495078024,35481.36697967963
16529.374185959845,15704.607809752983,19962.204643126064,23167.163036607522,35388.18848046086,34699.49165509664,22267.830294423307,15106.45177474241,34635.846806993584
16827.94032753092,15843.665317278676,19652.35003232435,23054.23975663284,35072.878665181815,36385.75349467144,21662.239824296146,14836.571187823027,33532.25279043028
17287.869024797365,15765.853390353956,19413.636582728366,22947.539186471837,34127.265248298805,36533.93341499339,21360.36731749845,14830.279685483401,33171.91029010496
17352.108159189767,15620.2332690343,19363.214672697097,23006.72365703438,33602.62692810844,36046.80938458342,21144.244251125787,14732.306009805017,33029.41816874277
17396.065156189983,15367.028406308453,19229.04040363296,23104.673911407204,33018.396934699354,35212.41972797924,20969.786102557504,15964.92505528433,33030.866018119756
17201.382511089396,15128.980667875705,19160.1288254635,24117.92217594926,32520.636690426032,34560.67141657225,20989.90258138708,18019.634196816514,32431.96085663773
17012.452339564712,14929.370141336354,19167.17089908154,25243.885548853697,32268.334481102458,33527.900602800735,20798.53263252223,18725.323627835183,34211.08706917161
16736.877844347666,14773.48345339866,19252.34756921495,25489.337284773665,31853.38442582513,33101.57581555333,21697.13297207243,18375.195006237886,36344.63742853703
16497.89573368459,14685.89358416428,19244.716922014955,25311.746073804996,31822.181592672834,32486.722751713613,23177.76310871007,18080.02035379648,37675.87445030028
16405.934879814053,14647.646409357432,19477.97617854219,24689.388766151926,31658.424490673,32387.832577299916,24348.67939347745,17590.76346968365,37452.8169111013
16412.130491848624,14630.99359716175,20199.847705439875,24222.431337947517,31703.131143962248,32113.445502264374,24355.561723122282,16980.762933026854,36795.76971022906
16316.903260466446,14553.434798033879,20519.395192800584,23822.529171360587,31893.437376262562,31945.76061049339,23829.59027236426,16508.735506355213,35887.98582542266
16299.798381276938,14544.837905160837,20441.075832390994,23438.973768779364,33915.511853848206,31848.888196059608,23243.81804830681,16230.519643011023,34671.43337023041
16327.806598017978,14537.111486346235,20281.53894050244,23073.061858299185,35307.96264080644,32252.754215271983,22760.657702903547,16083.820802716604,33866.332563130076
16354.286039722596,14755.512634929608,20152.7017624918,22908.09083303307,35155.11307714467,34278.58582644397,22168.51307491225,15816.098595538693,33457.72612073224
16453.289594297567,15372.258678536917,19873.60312674148,22934.9920418606,34692.72264804392,35876.371532625526,21952.16876047325,15995.181601911685,33322.40812090938
16994.949722049925,15701.987059013098,19568.411096996515,22755.637831669075,34133.37633272692,36142.56671024081,21813.07114774153,16039.565107424212,32939.29461871937
17459.54350464061,15751.676563727746,19375.28476277482,22784.744836275564,33118.895187490656,35707.17362318377,21608.08581611679,18146.11963822807,32616.68014306811
17496.144380721347,15601.859865608572,19316.19134650338,22683.298139521263,32647.98334124851,35461.339348275316,21490.81830326732,19800.451967899506,32625.71361270865
17450.093552849266,15432.19088847316,19333.420347888175,22884.158905724078,32249.645508067373,34390.069214970994,21132.229678509702,19821.103337298042,35005.37371053564
17289.253814683423,15172.2746748196,19295.408516929256,24178.23042937564,31990.665952999527,34044.534494282954,21102.643406867348,19424.985802007046,36695.340344754746
17050.36047053469,15024.117991518195,19283.407860940293,25082.294181058176,31780.149396358298,33818.78377928317,22444.53460886621,18741.967440554687,37843.98685011504
16797.094531573854,14825.305722054669,19306.264047659286,25103.46692610524,31707.92445649108,33031.8266636463,24081.950522398543,18070.059072724194,37069.23174690063
16583.884570254027,14805.283447378853,19208.71649742582,24808.300784786745,31594.082908162338,33083.78821143194,24542.917044453643,17463.64576880319,36414.25398938608
16511.22834299481,14715.8398676021,19726.262488243145,24277.450833155355,31550.139325850036,32458.27979371691,24096.931287271997,17031.028786198356,35285.234988633776
16484.77236820273,14737.451386748044,20361.60793202303,23793.658519527016,32247.206357614392,32470.45602471407,23829.17680941419,16973.4028218804,34444.61886978967
16431.879076060868,14714.50268545386,20468.474845630455,23415.394900738036,34621.84049560346,32382.01314894101,23285.067797148607,16524.436803068056,33499.18284303588
16437.421709115566,14761.743050334066,20434.355846986226,23152.69527653263,35727.3704668859,31897.334183464605,22751.333098427192,16402.0088889634,33743.33294556347
16377.965173444374,14735.102274849467,20279.09896554954,22866.693631875598,35656.27284364029,34057.09390747546,22215.47658798992,16304.466447047767,32937.89458667648
16346.384483625905,14937.593694333173,19959.18294764244,22727.253628588514,35226.89559412322,36344.61104793661,21927.828625803093,17274.498667236563,32882.220974212556
16406.043311890862,15527.16130004114,19718.760239730113,22737.500812781564,34541.13589391324,36781.544613088576,21540.278932068915,19049.191646962816,32719.009799954405
16828.64362055054,15844.052510470898,19534.25512517325,22589.574184394274,33842.69448862406,36458.57538583116,21485.494308135796,19810.758461234112,33852.89129275449
17451.841874567566,15872.046878536612,19364.164018790663,22627.781188717607,32983.265765168784,35419.61534298952,21006.53115595435,19602.390966400537,35011.66164100907
17644.539320957254,15728.569884774515,19310.362881728255,22483.55879163023,32806.21922170756,34768.59348019926,20972.099894744333,19031.297854561246,37246.31355330839
17534.157038771875,15569.509481382673,19286.0345360801,23010.86405555338,32425.352106011476,33794.15071902831,21535.673654237315,18343.507872827824,37529.207801218334
17340.789273142764,15314.05697777118,19301.41855005476,24384.150658810133,32286.84392441153,33288.8818530884,23441.099089527437,17605.887177329067,37332.698034339664
17137.40624484363,15094.763417479415,19253.314991383322,24932.8706747962,32218.092647663932,32790.20163837753,24166.194396359166,17089.281937282012,36421.31997289648
16855.1873813894,14918.87131612264,19296.86382724083,24773.7509783662,31927.62381361982,32707.65709275351,24008.473127917234,16636.88417681692,35818.90048595558
16646.555503929903,14790.545325852441,19233.872821929803,24436.793945260757,32205.889302434152,32271.499945663818,23503.55412790255,16374.878537879935,34684.83594991374
16533.325512605083,14694.818346561602,19928.77522279252,23986.81090110024,32906.59348774432,32002.979363931896,22793.861687045573,16241.995375203418,34533.741807240884
16491.96410064967,14689.159625031227,20357.143231971746,23576.752239343252,35077.13778372031,31945.05091525928,22217.792238428152,16036.296238452345,34667.567603318195
16494.838288781106,14617.525394762928,20345.773266679596,23271.853579612754,35933.02686946022,31694.426531498375,21751.884840731644,15927.47476304473,34591.82790291758
16490.92819988755,14662.49776995195,20281.18503690019,23070.97375927531,35768.3537155106,34187.09183368571,21314.20666494525,17748.807365244364,35112.05334702269
16472.976742085593,14596.320006213959,20089.407131947923,23030.242290526876,35439.94564508155,36277.926064737185,20850.646951259685,18806.30755413329,35081.17303222388
16506.833301298182,14653.247767372346,19764.990643110094,22979.43169030196,34814.173305676566,36968.19626037458,20558.31310106976,19304.32198901229,35377.04429659881
16436.704526569716,15228.768791658464,19560.089489780694,22978.97795696971,33878.29210818374,36508.874555175644,20447.717103647894,18932.952490973046,36855.792505856545
16709.227888451536,15802.119690390417,19360.605075360647,22930.238514338347,33405.26874366359,35416.31150785054,20467.182511500516,18284.257759193868,38259.05291043662
17417.06646754703,15935.124436833823,19252.66280491041,22781.659247203486,32921.52339701491,34524.588149012336,20274.783968552052,17350.919814326593,38678.65186520718
17699.316375384777,15794.227827289074,19134.78148085927,22912.541565736883,32575.706485096187,33508.937606983745,21986.538448984666,16793.00728574279,39060.9068039995
17687.68894359951,15687.255972125015,19082.95623365062,24119.313202723453,32630.650034647184,33028.98195941748,23637.487489043706,16103.121952353587,38499.12365136243
17524.188665963782,15430.162746704445,19150.458137175585,25028.365777959767,32346.14325017938,32581.603494069597,23773.88817459193,15801.353407422532,38975.79296329045
17322.62143532942,15178.349625171462,19139.009677361246,25230.847901820343,32348.748380151974,31888.134596452153,23288.0746249727,15506.76442322044,36447.85263721311
17065.88906227696,14970.162555750147,19142.893327282658,24979.183711462672,32292.941660591896,32167.081626733103,22910.42686418686,15222.257607176505,36261.62816875245
16808.909650079626,14824.94576615652,19248.728767189805,24598.86471613963,33244.20251580275,31674.927771106188,21943.800865502217,15100.831145687953,35543.76042727307
16627.53757697011,14769.689742397304,19947.544191935893,24018.462644988387,35359.49534764332,31392.01215520822,21412.58478684343,15230.994493042199,35129.11127603315
16519.79379676123,14722.566027090505,20219.500610521914,23656.49978805205,35945.62432446276,31394.435896053805,20993.330079399188,16655.443391753968,34954.93209888099
16454.990463956325,14645.445179760512,20256.41792984233,23363.38760398872,36022.89446221445,33184.43749509167,20513.782783957253,17707.354561781613,35297.83203685592
16497.321325862456,14636.949543924975,20124.26129410195,23029.89208265046,35804.54291593913,35454.30268115821,20566.817560232135,17727.18062896997,37503.01696163935
16567.95707503601,14594.446534331079,19826.02180974043,22893.84789118628,34821.723981082636,35929.36601933131,20257.753249210527,17120.44221571325,40218.29091592531
16498.59054943712,14594.73995007645,19589.91518956999,22761.379786533962,33860.8966487317,35788.48632044041,20147.075690518213,16472.406816372084,40108.84829105309
16487.512389717278,15080.340497582854,19364.87080508837,22746.580870760477,33333.401996313856,35024.85583564664,19849.274234498756,15982.950041282553,40340.52925776378
16598.884199120468,15631.905374308508,19236.85088723402,22677.6079482205,32814.614354061734,34119.93078662383,21017.008334241556,15100.587351482238,39582.26649277322
17220.88922909377,15909.26310719806,19104.89047734248,22677.056395819243,32599.9138692822,33361.51317506379,22662.15983648256,14801.51262550557,37950.2060898265
17631.120470407852,15770.829181273297,19096.28540022245,23473.657615510518,32373.2126825819,32541.191253087723,23598.975860219558,14273.589694807659,36802.38045197525
17689.899039287106,15696.174747309182,19023.42721558883,24966.879473044377,32390.448730396885,32276.63543381084,23127.166120488368,14064.063045644034,36233.65728607921
17551.371617171993,15500.478089549915,19013.291999829362,25434.259070119715,32381.715140860808,31660.22595507048,22743.60448853201,13789.043628024596,36127.18649295103
17344.88944748396,15191.289447001187,19060.673265969555,25243.72288939817,32386.22926550797,31624.294004199724,21715.181917032758,13543.167336616521,36213.88812265094
17114.517263035417,14992.915174045045,19021.077489047544,24991.785772333737,33412.71870652095,31082.61127346388,21449.25261785072,13800.504103053514,35522.16273133827
16812.253582150508,14834.459889680487,19510.41053678724,24549.282661091358,35480.973691999745,30814.117022287413,20742.960630588736,15034.812696262221,35541.700725744806
16673.504121474052,14722.834710358307,20193.32165200448,23913.638084574923,36034.72728144025,30971.118831025648,20166.26113866286,15988.682606017115,37686.97548261236
16570.605758107333,14616.226911356742,20345.748422596047,23591.970768144976,35960.5840716406,32214.346536691024,19992.51773767931,15873.610874423768,40155.15600278487
16462.78407623062,14647.835668640655,20321.70036013481,23215.075982565173,35390.44131884008,34523.59816066781,19746.975124538396,15472.385437108682,41113.56603460507
16470.59079565495,14564.03439097474,20158.865676986246,23078.327752550707,34774.71932343992,35684.77000774767,19501.879037731498,14905.56833487451,41006.77520091176
16528.803838189622,14570.070885027104,19915.037995231072,22903.519537707976,33978.054255796,35413.11913815614,19381.8065055374,14263.090093748646,40241.096579579484
16479.768686006053,14561.3010294165,19644.383357769177,22855.827072016433,33327.18156707514,34494.721568813104,19675.462949123932,13847.031833846391,39179.03524133487
16463.597106250112,14768.403219390619,19447.268709862194,22830.36162464924,32759.041840327114,33712.58281142,21127.87537498142,13848.702114326072,38212.82876121088
16445.308661688174,15387.440822131011,19259.53811145682,22781.573517789657,32482.886817236107,32581.267847411484,22355.949632187443,13375.477343865317,37590.31986464694
16919.115528951406,15755.301960626388,19239.020490553106,22963.42561300333,32391.06023437982,32261.90926836968,22787.8778636224,13243.012561554091,37180.83331951148
17480.04994951894,15778.618586547638,19198.31238698085,24171.809531510626,32337.663108264278,31426.038676536333,22381.057929415958,13522.267810616702,36340.887640048044
17553.537751205786,15652.181460139149,19144.96160317763,25363.671134716875,32238.115394069875,31131.802070827303,21771.696664113635,12977.635568783946,35495.66991731912
17558.77042489696,15478.592174067631,19188.10831747295,25416.699685637544,32265.945841760924,30973.577504586763,21033.062864275536,13834.882733895034,35721.519314532205
17319.577442629536,15215.892252328009,19192.132730917332,25141.724804661822,33547.552231916474,30506.678772843545,20747.455275406963,15395.96455408464,35922.21444286862
17093.179379992675,15004.257542078672,19295.82326662529,24781.243211303547,35334.81062582606,30219.62586721947,20387.192386677336,15937.000812685632,39017.982705749644
16730.62174045864,14836.915975302225,20079.038973429026,24352.059287008193,35794.55119963177,30269.74447374822,20335.920396247246,15892.79903173241,41317.67940854518
16605.875502295155,14749.546319688794,20439.252937629542,23802.601906593947,35603.31639691311,31221.1150724788,20141.29770758893,15215.441022614812,41901.52232061
16473.44639739215,14710.081090006748,20461.48031843468,23384.557846549447,35059.88014077472,33391.54170627385,19841.205437457826,14744.876266542635,41310.81020591069
16410.021616435508,14750.064684240813,20261.224190117035,23136.91550784074,34208.61210840422,34790.41609380482,20110.421893572442,14125.577732988148,39845.34562990143
16397.938084364607,14717.90756433347,20078.06776966509,23022.582632537124,33499.61031954543,35140.48998963289,19933.65126752735,13976.00156032089,38438.564386277605
16367.3222806128,14735.910773270232,19863.01577415973,23037.918762046567,32809.44209674885,34238.05490600642,20749.971281307397,13582.017581035467,37250.261312759714
16385.911661608297,14669.071672205844,19667.404192846207,23018.591479516148,32347.52691531242,33402.55260707637,22576.063625213057,13366.420604857627,36599.44968217623
16373.823959602349,14822.19970390957,19406.27523747642,22810.48077255577,32067.92986668736,32829.77518256679,23847.586193327676,13390.873151910679,36844.15538811334
16354.413016320821,15414.41467013676,19350.506525005952,22827.607285335784,32044.11452669928,31994.003812194587,23742.224924167393,13130.665039254116,36528.748508141114
16626.28936705649,15781.333085226555,19242.930927437104,23308.659433913403,31623.573840278324,31908.55638846645,23102.788213863532,13497.842329561823,36338.96495144025
17237.67655650187,15787.682695396243,19244.1467639539,24853.616515307836,31742.41729779311,31838.424782503025,22211.579250935356,15384.816166905433,36075.96693925036
17502.15018374626,15641.730594067529,19258.961260903783,25387.46491507527,31535.943184242667,31880.799650702465,21699.28918184736,16848.391979644664,37347.722520744275
17452.072153532226,15544.175760364084,19210.021497120782,25333.32897459804,32239.138697746424,31683.74450091464,21278.24298649513,16790.272543634637,40339.26204281722
17307.040126432144,15293.317326029388,19296.450245227385,24988.727223974736,34577.00587845196,30974.721052786797,21165.816352102087,16472.003180870313,41021.93114061563
17082.40214970921,15054.291300008463,19762.486329926905,24673.536261820347,35142.09309516721,30374.986738456853,21313.0927367662,15833.361281065598,40569.35701597654
16745.34185465517,14869.284247624117,20379.42417480352,24035.91659494334,34666.070190711594,31255.065793192352,21604.081630108525,15140.024689214451,39684.07604258063
16581.6354716984,14778.975022857758,20527.23941323344,23558.42162047895,34366.57391282133,34060.59049027695,21359.613262656403,14757.697246952535,38303.92673374763
16469.52329621846,14672.619674547112,20466.949355733137,23212.63189553476,33752.340755423305,36163.66610731387,21386.188278289716,14346.294201982042,37510.747696083155
16399.881590275276,14658.089319423174,20287.62311622391,23072.08083145673,32922.83451270296,36159.598309899884,21248.03925163334,14256.857008935149,36379.50350004465
16434.77606725457,14660.984983284588,20046.12704566391,22811.64290405096,32366.33439143336,35464.68706488998,22715.723044910123,13893.830421740016,35552.39754658901
16383.410443964609,14629.678040442175,19749.439639051045,22788.407535341226,31806.377004793143,34923.02331489808,24272.814902381953,14022.43730200209,35595.242331022
16473.855615104338,14627.37694034982,19504.701190101867,22783.332625870753,31675.845040121756,33923.33262075894,24335.85433885045,14006.839420487615,35237.84044453739
16553.12268803216,14625.682598628131,19451.067025212742,22751.017980844765,31293.366994671418,33090.41986515274,23984.314614215138,15550.88402773047,34511.98751057384
16521.177210083406,15137.623633131652,19344.01726659832,22721.624573220077,31359.790701229253,32754.275646049708,23294.95946340402,17242.792952488864,34682.93585468239
16810.007574978015,15755.978966790677,19357.08532401088,23622.83999075655,31314.721057485218,32443.644651328672,22545.60973588307,17937.766129658095,37298.85324472558
17554.022426086798,15867.490067757017,19296.297796075003,24881.793665826786,31015.44249639846,32171.19876477689,22215.789128268512,17811.22176674665,38697.68145665937
17656.525409093367,15761.844361043748,19273.190928530792,25138.94172821548,31926.00827026986,31905.0102115879,21874.236935301124,17315.51919228938,38608.103058978515
17649.982558486576,15645.157595071625,19320.900479654672,24984.898828134064,33991.94082762028,31863.998772103954,21381.377000065477,16663.20366803753,37896.410874815316
17413.30759128683,15437.079481537136,19359.274259951595,24578.28650697129,34860.99612859767,31905.37420709159,21392.10148784332,16123.092275361805,36591.2350165849
17168.42527549706,15190.945037065752,20095.645165743448,24187.42809016182,34551.67890710455,32572.635066911884,20897.72545326952,15863.711122972612,35848.47306333525
16873.834031572467,14964.181230524871,20467.50985616152,23642.835963168956,34137.35929476432,35051.30206069041,20925.78377372372,15405.664659705026,34898.84861660623
16701.12727391428,14864.411223397286,20495.962870276908,23197.17778061766,33194.362079194456,36790.39933215831,20579.543814414956,15451.15917350578,35127.58730406446
16607.66883533678,14771.243283260115,20341.686071656597,23100.19350855697,32408.149719936682,36944.720861920105,21652.08107393143,15219.562868264606,32874.7701986797
16515.213612053252,14726.785761172358,20146.160795150783,22843.599773280053,32206.104495776948,36227.47493969035,23583.66873813018,15059.717248745817,33153.07702602433
16510.793655836536,14663.24081878944,19903.601428973165,22746.949903962814,32127.765019245857,35319.56079170969,24118.85426048649,15679.356017572509,33379.910524408995
16502.70654180475,14683.077716144864,19693.206162005525,22628.887308416703,32065.737830982176,34822.656469950496,23754.533167873415,17866.121228297423,32125.76322016358
16420.38125067351,14657.285381017193,19491.878667300884,22659.6770607695,31950.91091825898,33825.48285509128,23256.61185852677,19210.058691310416,32732.706726124004
16464.23957879495,14656.978338797118,19425.406730757055,22648.327173297945,31639.079523879074,33659.29615078136,22444.037106670305,19016.63074408717,34725.87262381195
16386.31513319684,15106.37878576746,19310.35789771354,22741.60002299319,31462.190471672464,32915.94428796849,21589.857240132533,18499.135133215128,36028.58879052442
16649.290783421777,15691.866993848986,19338.632136500775,23873.661554054033,31277.77664593569,32884.028793237216,21628.06102755351,17726.20647701596,36350.11234667525
17368.72194760855,15931.038046558611,19284.811452110418,24832.917249747483,32283.384035476185,32608.10740738388,21142.229664163082,17081.85385062712,35544.32752797454
17731.913061940948,15878.499211652523,19278.50607949781,24994.36723981394,34510.24974157866,32313.333542217526,20961.017721884466,16579.74167405274,34658.13381728348
17759.83330588455,15768.931838840059,19276.319349764854,24794.598218509585,35151.85312517307,32363.729174479722,20753.4384239419,16182.538688729099,33849.23967397174
17619.56212976599,15545.808057514318,19621.205944013855,24400.809032256027,34974.59309920826,32892.97321973624,20690.69028594345,15872.032256624869,33102.16614036027
17383.579202114215,15284.451858226446,20263.000222482686,23847.081677912403,34642.94888829244,35968.10510946507,20657.363326006114,15992.153852700749,31970.65110961905
17100.157482246934,15145.016160499074,20516.256631157947,23299.371040343467,33802.696991068166,37660.70807368286,21292.262338776196,15737.205270225206,32114.91068421774
16851.21634672928,14926.373891622225,20394.232879256077,23186.3082215412,33101.38095588512,37678.4071263187,22903.37531007592,15714.145992958112,32116.08475496072
16737.436982799198,14816.447325876623,20281.81256478634,23090.023443220558,32481.949718987475,36783.69422720432,24361.54276222251,16771.5179932031,31416.094298310814
16570.04361897693,14766.020406110923,20091.414606116392,23094.595108957266,32036.00627644545,35708.61846255283,24584.92715528174,18327.39828899955,32046.221872382248
16553.716462983044,14709.315751943914,19719.816292525375,23097.873078453373,31974.88379000477,35001.281605204735,24167.756022954796,19184.852414879802,33422.98023685495
16538.44446201793,14683.153887817572,19531.583177809447,22999.98795526919,31648.624413807123,34376.413774722714,23527.7433470058,19271.073306233306,35842.887395400816
16615.36252302816,14670.912549402032,19321.818008943614,23060.354541736542,31480.353008586433,33653.49281813276,22917.86657100841,18771.05078079361,35536.61635600026
16597.86116069065,14654.970241043191,19213.720335038375,22986.375378182955,31352.494922796068,33500.32813663194,22293.491953942437,18131.394576920866,34923.37991599936
16563.448011968743,14757.960011332396,19191.570471088537,23862.432744760434,31365.971565055217,32796.52389236546,22116.529357698015,17234.812560462946,34570.34001818564
16603.92089407485,15399.000642894285,19167.319454401597,25010.96452971985,32789.827118555644,32831.6407525305,21757.32194098065,17043.55645079194,34267.5312249278
17386.563137898385,15790.47563369759,19200.049266331356,25407.54980735054,34933.39918378002,32551.34562861379,21702.685664746314,17095.8793106556,35661.872404059475
17816.999758261707,15866.901932832101,19224.43390535196,25130.953727475113,35543.44783768051,32135.0521792547,21457.405632834532,16856.375022179185,33914.40720678667
17851.384184075,15762.681439240214,19135.668480572996,24869.14011631116,35267.41001601602,32546.880815794226,21335.971814762157,16633.79414893092,33476.81422049786
17745.91702521711,15576.948929284434,19649.412747677772,24362.10434999909,34912.278033629314,34834.36213407889,21306.1418861168,16614.116963288947,34867.51283835889
17499.707029947767,15385.477789078017,20157.01121234235,23911.503129252615,34197.50831889694,36407.725326907224,22743.244814945487,17557.089151849246,32964.31829241788
17222.175590398772,15160.223358450716,20298.119892261544,23586.795119993556,33547.89243340453,36397.34530879849,24530.945483736137,19019.11422489686,32543.680908477698
16940.80232306198,14945.140834000054,20199.97393071337,23258.2578636756,32702.90366829342,36128.901344709375,25047.89016358814,19970.521613877554,32536.16649551219
16775.09703130519,14818.455548987082,20044.925960583758,23021.349040225177,32169.130224977085,35365.31941212569,24469.577480392534,20275.70463688569,34965.7671457359
16598.60178592157,14762.7748241808,19754.316211729598,23024.01674179601,31886.126292010216,34092.18788082766,24328.976277993548,20038.27781325777,37401.87036132528
16509.022383992055,14736.434947797045,19412.77873656421,23036.131618420826,31907.147240323247,33301.506525292294,23363.426373290295,19346.24276507863,37419.91204554815
16493.547936002586,14695.152434528167,19325.488766358245,22950.0417298984,31827.00400921356,32601.983624368288,22734.59509911748,19208.01773054722,36718.61710260276
16548.339799281155,14655.086671118896,19165.130250570775,22884.96854987623,31696.086559586114,32277.412184575394,22204.66411959093,18996.300053074265,36789.88729054911
16479.991145318527,14673.422147760602,19172.573166533446,23042.993259438095,31468.090788751713,32163.071701951463,21838.92420961601,18286.13257164877,35492.05230605826
16441.583694257766,14670.02612996783,19095.969686445787,24527.842110705442,32985.31589677984,31837.667932558248,21565.591520284943,18179.994443255175,36468.14864135374
16538.466474243472,15137.459507691645,19051.850405252157,25479.81251924957,35164.37842232153,31534.756557015808,21564.591454675727,17712.46057984622,34418.87414281335
16845.6654061158,15709.970879183318,19189.74532840637,25544.293093966113,35535.4311557087,31340.04543273585,21388.074370063845,17643.925737007918,34522.23453345506
17552.013519111446,15845.822135457038,19008.094263252875,25191.770904082878,35552.26346258265,31332.11226131624,21171.29551142975,17478.094851229445,34576.070537521504
17715.24917742096,15741.559430703253,19183.12188344451,24866.235485743662,34838.10958013262,33104.71748955671,21465.464859332278,17890.369816741066,35098.61225010419
17630.788058077556,15660.714933693778,19844.032308677157,24344.750874310826,34182.32858613757,35090.090027161896,22991.591252654725,19659.04884887795,34256.84900954461
17449.951499995634,15468.443182510937,20195.00643322782,23755.038886098053,33467.35740606061,35432.67001292799,24409.030002448704,20819.260939797103,36873.615149521924
17211.010692367607,15232.736118362762,20179.590984640534,23433.585896716715,32699.028356568982,34979.02949497739,24363.82545206344,20695.466921248037,39477.47496911916
16872.128012835812,15079.184331792381,19986.616873255884,23214.4249567571,32509.658950991776,34088.15626058418,23624.784658833414,20260.41725020778,41503.70893025985
16731.91970649649,14972.065573066375,19877.15739185097,23204.471408232126,32150.047950737033,33599.777797020266,23141.92908634845,19579.526317227857,39832.95824873249
16603.744172500566,14933.001087195473,19630.465731435208,22907.989428720764,32099.648726168514,33118.92259049665,22496.174523544312,18955.303182649128,39202.92058316915
16515.007572858904,14899.836275075859,19494.94546290551,22912.55753293505,31914.474707666843,32643.494607349265,22002.179954518804,18337.4511250901,38101.25158839888
16477.77429910875,14803.436941254353,19395.12895042021,22909.966665683165,32070.59114032195,32347.7320565554,21537.894533917584,18009.621940676807,37563.03964562271
16494.257125509186,14829.165139170394,19355.27382040801,22914.031892828327,31941.389535999886,31512.24885448762,21159.86270973509,17685.13812987523,36573.1664277675
16491.809471764172,14769.914909721298,19298.77690996629,23595.41773017723,33595.71259774688,30954.985469054227,21266.294374135596,17366.325572584294,37052.32837948479
16535.920549245086,14802.20381709459,19269.792142312865,25116.68052975636,35404.94628695302,30394.95172657565,20992.45967696625,17188.73024781045,36591.00862953293
16437.924477583118,15160.108184552086,19262.411934572505,25411.863932836295,35673.93902079427,30469.21462937302,20688.88674887056,17326.767535535957,36434.36396434623
16696.714439574116,15772.06521118644,19157.11405790698,25218.880353732595,35470.22132206187,30994.55467485684,20716.30558703912,18777.327911491353,36016.77824778889
17377.210075076924,16000.609765852392,19123.964288780367,24986.718465467144,34903.83191557019,33198.66593641288,21615.801171043957,20666.531148002185,37244.48618375483
17669.225054467915,15849.520996070096,19640.92359954616,24544.292543444757,34316.89673228592,35217.38425198663,23246.130133168685,21395.821208931047,41096.911229243495
17670.603098781005,15738.092411431035,20242.536853555015,24016.18404891466,33269.755004562954,35507.63234628592,24052.301562586723,20822.398085359575,42150.84991241769
17492.554067721965,15538.015888666092,20409.218153671347,23609.764500431236,32891.03983082749,35412.78881472874,23851.909446075875,20022.927544433795,42351.53744074845
17322.773114795564,15338.765506498532,20301.861937402817,23268.38264526166,32562.811431141723,34269.14395625984,23318.78276981186,19115.959935041672,41043.08252428266
17100.35554427034,15103.915605593844,20161.8063080513,23045.829650067342,32083.381725832274,33167.20125490088,22771.47619071018,18788.320089640125,40004.14095811629
16929.439969752035,14964.447920114593,19905.777301026417,22914.3374171762,32120.571044527824,32361.969971608603,22344.351315400647,17821.320495599353,39166.32501587328
16742.120513195292,14939.68252251428,19631.678471265186,22904.170773513608,32223.3338570142,31850.625562576894,21526.650087578833,17518.185387319594,38511.81263694295
16669.39738655563,14841.423364355265,19444.091196333913,22821.688356355873,31961.21465381131,31399.12111141288,21593.675612502615,17168.337950526206,37661.56320351961
