0,1,2,3,4,5,6,7,8,9,10,11,12
8830.57765757077,11250.593395540649,11826.809438536786,14649.843435426597,17379.54266797422,20491.75958791962,18541.0156800441,18793.26016255291,16009.754822826339,17202.540314790993,33837.21458740438,16780.968035561204,14274.515940928495
8764.005211241392,10964.266577679018,12535.836986212818,14647.421142310812,17145.53061639237,20555.015089053388,18446.320353448613,18574.12857150174,16529.130724098064,16513.70703180716,33835.05408062933,16912.792224848956,14883.966998306536
9093.668961131985,10785.795516717588,12124.917640815578,14266.984887306142,17184.96717534902,20471.228738482547,18265.38487829711,18164.429961339443,17136.890134784957,15838.636472291124,33676.44234741702,16395.87288118526,15660.077350431608
8655.264996575575,10735.95892616696,11471.45259361853,14473.94222593552,17059.407420732186,20433.949983208768,18109.18320962149,18172.858338564543,16979.157290365973,15795.305885215821,32315.339024755525,15942.190450640961,16115.00896109158
8690.855171969186,10830.828860489693,11690.412488428132,14502.878557594191,16904.83384076496,20101.714590490534,17713.999927663288,17806.384806032896,16838.181038181036,15842.096907883624,31912.011973303554,15915.807297697223,16106.525573192244
8625.893036294332,10700.91743119266,11636.094880179278,14577.23124529076,16872.15466121509,20024.89090334643,17393.675530108434,17451.458145931916,16269.825241599541,15954.500038933711,30880.382520897918,15514.717565807916,16240.318407928822
8481.103229585236,11142.553345026605,11690.107433954714,14403.487307444166,17151.864670207742,19855.711112329802,17002.84764769026,17532.929047322683,15713.228158078862,16160.953616164483,30019.937524759556,15853.174183916599,16167.125427945382
8962.962962962962,11784.010483184336,12076.93856804301,14581.46278414683,17659.572601366177,19447.282965104332,17141.269865466118,17190.877238425623,15429.412077198735,16749.37652158338,29462.99651817097,16778.206865811317,15959.17735732268
8954.168532135636,11946.601517250361,12249.51227453396,14727.021049267192,17916.049008642756,18786.57479184611,17230.537189814007,17258.41639925673,15569.202100730507,17687.194163535416,29300.18985495897,18124.96410321207,15436.083967974191
9317.118931208412,11966.828854407082,11874.975605826545,14866.281843419545,18329.84246491252,18603.304270714343,17958.627372223003,18381.769908256738,15370.882214442196,17882.76745042891,29433.765074302384,18459.58280119199,15132.278303243895
9339.746752279203,11886.290604492111,12030.286474145309,14884.426576160617,18408.91387248623,18641.880645288522,18972.189961984313,19161.332698553906,15335.409390006667,17997.505016665444,29231.852771280817,18166.943891924373,15148.564005509177
8998.261464499297,11887.224484424625,12037.97795562173,14788.370077650545,18386.718515845885,18675.708040303558,19724.435798104398,20004.751095370757,15348.500244973024,17822.81512998173,29535.689342457823,17951.82011059321,14998.587975358028
9241.821551151874,11738.790952000914,12348.279657469793,14940.764240534889,18180.98882268178,18582.12730711975,19502.86751675869,19989.88813436073,15092.019725515542,17807.52351219933,31219.859066316396,17566.38119103962,14870.58508465392
9159.618516996248,11629.827318645039,12407.496016150897,14911.74518911745,18150.433431286347,18920.324582950245,19275.194049858375,19880.79875981486,15145.00915215951,17567.28934960228,33247.386270254785,17044.727280234525,14611.70488327794
9184.510989189968,11521.9318540553,12818.307080161872,14850.077106393164,18024.30622419069,19696.15988866613,19129.758312493825,19141.510209954296,15623.049258528315,17179.28122459486,34591.13226203546,16982.39674114509,14995.769143622536
9150.518007252274,11551.086305103478,12907.206303128363,14614.391143911438,17929.438904922707,20105.52636984496,18880.57553956835,18757.374649170924,16667.82092296447,16810.407191536546,34331.60039411306,16534.162865634575,15308.132163216642
9093.403194836568,11219.11755224368,13176.42098071555,14273.430210404556,17390.4813457907,20564.09090148849,18522.970448089705,18609.659948204524,16985.413539159224,16680.821584108126,34068.439453946696,16227.7406250242,15488.825782723467
9075.241349484944,11359.42720077102,13001.374553845126,14040.173002716283,17175.6367599439,20928.181416489653,18431.8262487138,18385.076960778286,16961.884411116294,16267.425651974329,33180.46125734529,15607.612712366861,15951.53238937323
8743.96934046057,11359.873590734562,13103.944857703931,14005.054024615978,17085.794604235056,20365.80662067585,17833.66163174667,18002.995399331416,17245.148824578773,15940.826640220721,32568.645645734443,15429.6676672207,16074.226725437453
8894.158483940982,11428.703426800344,13160.248971223027,14491.38119536118,17307.251181682557,20188.873492866696,17389.46892860801,17597.66389276364,16479.797694254303,16040.881629534106,32010.674000316572,15326.141945607813,16205.540530494587
9404.715383613397,11435.771017479168,13062.40718538112,14262.77522186797,17248.826656245168,20117.456974013054,17114.568167424964,17306.677516802818,16498.089387282933,15818.305507571717,31695.7834405818,15228.150323598175,16172.18533166822
9243.879568590737,11470.929330093611,12749.045361733664,14212.174649359102,17344.212884886845,19665.809667925234,17003.167781694538,17177.636915501098,16128.758183580594,16098.728148548786,30935.6725146199,15659.624438709008,16256.148231385037
9361.262439739621,11594.234473376979,12686.850380284088,14612.208736075685,18050.4313114806,19113.730196197575,17226.632058005573,17301.84668403669,16271.27630314154,16759.047160523958,30164.362104639287,17072.04737287591,16027.062487156398
9280.355866627802,11727.657781765627,12648.817798089454,14759.472170076773,18157.946125076603,18677.4490156027,17374.436676890193,17716.381550572914,15899.507862742335,17734.419360692096,29591.17354483814,17789.513163472067,15419.293815550673
8999.602367978217,11891.785443968452,12638.355008970073,15143.138900220776,18381.454283097075,18550.728591966254,18537.283950617286,18560.704824275366,15605.132569354588,18053.01884435534,29127.34856205225,17959.51855459004,14943.098671599131
9264.300473866992,11693.997231291449,12571.744115940071,14843.28936509426,18269.141586272046,18490.481402151407,19783.218131060177,19837.62083152856,15402.708583123065,18160.881996515953,28932.604735883426,17590.356387241398,14171.396504729839
9408.398798911026,11862.050983531017,12732.631727233385,14838.098383644905,18172.71045492136,18331.459307898083,19744.97040762146,20278.800379051005,15191.463903258573,17869.084756156546,29125.0910560856,17334.819231172994,13644.820059488538
9420.96842989705,11867.412436281875,12784.402266803902,14692.98386506399,17839.152958105213,18352.697527784712,19299.36735023276,20028.092011612167,14988.967332936061,17560.22846566932,30915.60215052659,17232.681212623687,13225.767860588303
9857.701000601948,11767.962250481516,13152.745383246167,14743.421119981904,18026.09428631936,18763.91033531013,18969.1314309172,19728.265438972703,15417.408677776619,17197.28369043438,33769.39381328895,17396.46819815596,13341.396005167353
9535.523484314075,11678.235425056779,13497.275604443681,14725.620703840696,17716.204846948054,19790.31625414679,18577.26980096971,19236.591783039865,16154.810402736255,17071.264558986877,34328.9163347708,17294.23933463353,14033.75647567485
9382.455309294553,11404.032097690491,13532.237655413575,14654.819390314658,17513.97331093611,20119.864185976847,18416.787788576603,19194.24062889046,17159.669573923446,16937.22562956624,34144.72242688022,17152.421245816222,15134.09961685824
9284.965440958333,11278.03610958415,13703.482431413435,14486.927494885656,17274.618375744885,20485.75385250008,18884.99740240503,18668.247426308903,17224.439095581532,16562.77315904212,33402.154405745765,16272.118044019448,15904.714170541602
9146.869281966401,11330.551683399268,14006.043689912023,14325.67192477824,17190.40097082934,20292.752421187222,18873.293815901656,18619.088120827855,17509.12036616825,16302.608036826927,32956.34514458153,15206.108961019057,16013.297395675312
8910.483172086555,11556.114653743523,14795.300998620865,14243.774540311604,17325.265839970238,20299.819611767434,18100.175275692895,18213.21263440853,16767.723536942623,15905.833294034095,32538.163689620553,14699.023957753288,15653.779887648341
8995.656317779943,11190.351028546804,13381.800487986855,14251.672728833635,17119.111999034787,19937.922615017855,17193.993872692045,18138.871943743794,16539.25757161775,15462.732008428693,32143.03476052886,14442.290880402574,15135.962869396144
9236.774108732805,11070.34888042659,13327.429630398585,14126.523185526934,16921.583652618134,19891.524168273903,16848.148761076307,17674.350650864944,16335.539892765153,15545.913887308217,31657.283275238216,14933.688892291351,15284.542959776381
9218.150580066736,11194.036533753153,12952.281398091605,14089.09412749577,17426.530961307813,19462.935610218414,16987.326224577788,17512.75377257657,16295.49189497021,16170.52568742482,31072.0334239158,16058.918300480515,15419.640340492699
9078.757987468214,11529.949411299282,12768.160157158365,14355.291615063084,17908.32538574983,19084.08389042941,16942.54706410414,17540.46834627084,16288.18077931233,17062.63192301455,30017.039814413027,17344.06976249901,15644.967961158434
9235.94534336635,12003.399052139852,12507.134657734587,14891.091502994661,18200.114122069434,18820.651796261558,17589.40801814769,17699.67877699912,16118.105304977273,18282.55814008845,29507.475135373064,18274.775515244426,15965.921690274195
9594.79724345479,11939.629783344246,13135.329590644438,15416.983455309342,18346.225995675104,18488.25279617078,18595.23580790537,18580.969127952318,15769.174518254542,18945.142985081977,29292.13622224375,18031.600407747206,15807.663899898962
9631.969828299745,11967.313426663964,12673.892692060143,15473.10092780859,18260.864934830875,18461.865087114053,19631.541571069585,19356.316424133714,15528.193819578568,18651.95009381706,29025.50000413685,17253.988070467465,15513.351449834912
9587.908716797607,11918.463574662657,13388.118389629983,15334.137277792746,18239.396450067023,18265.07396726045,19513.218630790507,20067.561378475926,15427.978037628403,18202.791165076298,29626.38658559058,16721.402549285973,15014.973356592567
9677.177046134473,11916.651406786548,13160.752977331184,15095.361248441255,17781.22363621242,18438.500039722174,19146.2345735795,19830.15528129402,15404.233131944144,17673.95842169313,32016.216583186608,17012.54523984636,14291.286319023695
9528.809218950066,11979.785495543745,12103.796872805877,15098.138175315522,17731.771160663095,18779.42743866469,19141.162347302274,19723.908021417403,15483.861236151142,17364.77543323126,33539.54597167449,17709.38354479118,14200.872593748049
9372.57008149765,11716.3439650786,13297.750764919656,14852.912888747798,17501.096015054696,19606.175033964944,19072.711689177784,19586.486808813796,16493.223490023225,17411.36783087383,34363.46202208615,17607.485380116963,14343.744791141344
9302.445405116478,11738.874951987293,13063.276157179798,14724.754456633375,17394.967401858787,20127.1184557725,18923.406290216048,19229.53430500182,17366.28049686949,17217.671731560622,34199.66723142209,17401.07616818012,15058.183569788082
9474.516881052774,11361.53662737458,13355.592629666704,14550.63276981976,17528.172498620017,20423.287885911293,18581.492961714437,18792.45333326188,17394.240151652073,16971.878189741827,33707.00165152484,16848.001706865285,16162.60402381694
9155.548962402541,11500.129500129506,13445.8656263629,14442.21986557731,17100.44733631557,20215.998613074855,18041.495673370286,18617.983705703013,17382.7041740003,16545.635247843366,33535.72882614268,16423.558948122314,16783.938634462527
9070.573373824729,11303.808773312317,13242.15573811525,14616.850164907419,17308.516277863007,19930.288736406743,17714.5814689132,18534.144098947447,17169.60560382701,16133.956271456767,33252.39263990069,15345.606815392386,16979.573657942536
9418.330963127848,11159.512526965918,13494.415941965333,14607.339094069894,16942.30803539571,19713.950666790613,17165.253254908246,18135.504931950483,17105.593399543697,16030.174921949209,32837.53995250484,15425.6745370619,16484.510046337262
9556.964618231046,11098.506434826028,13359.927186553643,14627.051447170888,16932.804929383856,19431.60899416039,17022.771406477234,17732.723201630874,16796.8079585502,15915.294939067793,31929.40935402899,15766.17186645595,16007.725928541402
9231.084206266898,11365.815499503693,13753.212025369987,14537.451613778801,17287.186228125014,19430.928759878683,17368.32412291876,17691.999714804395,16804.97654563083,16205.912030570373,31554.938789026513,16454.504522431118,15732.38115948507
9265.02803994195,11659.987130534995,13153.84287321108,14645.067589922339,17910.779193986626,19544.312555404187,17137.17583563808,17477.175987083512,16722.482569877746,16987.85390204098,30238.701012719102,17804.97315674519,15850.986603294694
9196.340117910431,12056.806109737056,12678.914027084515,14993.02963439098,18079.11276634504,19138.302159365587,17274.022522967043,17835.72830781312,16420.153443912954,17975.315333400253,29980.032296206875,18581.042989317175,15562.965231719687
9415.825914792382,11913.428384499239,12399.59853572986,15125.699535374,17902.666094342134,19047.396121923943,18531.32062028967,18647.68365189659,15886.030908953717,18464.838517063497,29636.53395509401,18489.962051332783,15622.03144859739
9432.816756010294,11765.87079907631,12155.3818139294,15093.280354978002,17954.23066189587,18665.049839555726,19248.693593620097,19649.01482188972,15874.072751173906,17894.77018273005,29713.08259163556,18472.406454758875,15531.687725840711
9599.201067077538,11733.783853972687,12377.980551073522,15204.81429825921,18369.25442344878,18460.649017360527,19542.468746157574,20068.282849468946,15898.853995075897,17703.24066707802,30189.19648108295,18713.03407625029,15031.328297692891
9705.336380874332,11841.98588994072,13483.871802246806,15004.15364009938,18541.058169232263,18276.668389584305,19625.456946348164,19940.16519224087,16107.831264507018,17317.444981213106,32546.59445825958,18911.078501597913,14700.492009310055
9317.816730246108,11969.407562698976,13764.295402563224,14951.039573141921,18309.27809949227,18825.002299604763,19472.27092760308,19459.494149723705,16518.29780028785,17121.238945261197,34260.97387838837,18540.221446962954,14465.09565708081
9545.84102369424,11712.509129463177,14098.368084872012,14827.361207071013,18221.36348456657,19845.328157365777,19076.212439500003,19474.314827615242,17708.46186441084,16887.151801048174,34607.215762644955,18042.069670519777,14859.706772642463
9652.087477033427,11576.189869943317,13933.063990544844,14523.731395366787,17962.61251200703,20081.61222169203,19046.806122468675,18891.238412576364,18247.02095829313,16901.56571941148,34428.8643763257,16837.032789813646,15347.702599102762
9684.68974864485,11392.093171729619,13775.143283255215,14417.024886229472,17540.542408267105,20436.441586809047,18632.81766810926,18755.860235435717,18097.71787613474,17065.73486151296,34788.866878764224,16207.859346948455,16123.894406896492
9560.493827160495,11368.795214881013,13307.81519201558,14252.799570844232,17225.017470300492,20496.140382142625,18291.42651133983,18669.47747304256,17862.40052763912,16498.232844752205,33696.361484010886,15529.645119430466,16453.26773608656
9311.007057419894,11505.022025305117,13050.488381860157,14462.009175156787,17166.859557809166,20201.844854270672,17966.61186540692,18221.470816015335,17748.70394686565,16202.873366089765,33273.04719049268,15863.390851024362,16590.379619976888
9282.647702011034,11288.023707519817,13118.854930337362,14452.738583728838,17103.49025162359,19778.783929464,17623.279998508933,17872.67264558712,17365.221069574854,15647.406626858681,33057.53184014056,15753.89528419203,16397.255123787098
9261.683420774218,11262.345525954095,13241.429301325134,14385.661921426807,17364.165674441378,19744.90858374015,17187.575998257595,17802.032918417895,17455.420810714677,15474.104088498718,32411.586076787018,16265.507072524586,16169.88888567471
9382.412333971713,11360.57220160633,13334.523556672719,14320.319199181266,17854.446382384773,19481.078243499065,17116.974914829898,17564.812035179068,16987.30382789669,15762.336922484845,31691.049548563442,16224.76666947055,16366.666759778353
9553.469182863506,11672.916337401826,12964.732346612222,14521.386002147847,18477.52949394182,19260.6979291119,17261.0703231422,17452.783404789192,16594.431310743363,16636.478666411276,30722.2989929843,17116.622623856143,16134.993449652016
9526.226613906067,11522.13770153234,12573.625677293941,14761.876585054832,18616.89994815967,18878.31675790957,17346.70042899213,18034.902699309492,16430.11440976641,17574.590231854887,30388.41201716737,17542.50908235251,15810.658104340899
9683.288419495428,11634.077629894351,12313.778603435418,14811.654064318589,18398.36061629979,18631.31801102815,18409.683265722873,18888.360866666982,15948.0695219048,17846.69681874709,29727.39754599487,17792.805520829974,15256.50614082874
9515.584613109348,11654.203434269042,12192.054526272332,14902.241297091083,18181.383381779797,18656.793425119562,19529.070302294353,19590.353695027447,15700.21924163733,18090.017361398415,29825.842857552067,17844.59644564631,14980.28264630382
9696.454492364115,11526.3738252809,12693.459580651053,14924.733574472726,17979.7114459493,18302.316758404082,19735.123479381167,20048.070146636586,15576.71041573513,17708.852934916344,30588.461823769412,17589.005491913456,14825.806324071611
9803.169353316844,11433.905346194528,12858.885575706228,14810.535290183929,17914.253647586982,18258.85203226888,19887.52088831643,19965.654251564898,15645.517325931532,17172.959368611846,32252.34795471355,17461.430235266707,14907.793556966873
9628.163126414001,11297.973262643873,13449.462875996984,14794.370216907146,18278.753618671548,18856.25977820519,19802.965102426835,19636.7254493801,16026.289860831177,16690.49338609595,34132.63222640762,16948.20012995451,14870.202311604176
9659.587722278853,11268.222896992675,13510.014951834732,14606.235797274583,18125.633203128724,19774.75267762242,19445.668997695222,19475.946661562506,16970.55655837388,16980.03488400833,34954.21547007047,16344.81867884369,15145.218763570949
9576.30107912594,11029.744540783342,13409.077591293637,14611.90788907869,17829.718315301638,20293.56363649105,19279.972926732054,19124.013834504367,17747.050783162667,16916.24316299422,34531.65809487649,15874.921007198935,15561.168148706021
9482.793676458361,10759.091198253973,12897.705018817589,14268.189673697549,17278.400149657038,20468.177217489647,18694.27754388669,18898.719400174992,17741.400631816014,16390.31322224931,34254.262104662856,15666.001665505166,16131.435504110883
9343.109317938934,10999.664316884859,12622.43968304364,14205.572031963657,17166.929188692106,20118.146182800803,18730.12475728317,18512.6223404708,17644.608685009505,15903.501038068636,33626.82296518686,15672.365518563345,16339.788381792943
9281.253389373698,11161.4458237126,12743.888913105597,14298.323522524648,17202.520919394145,19844.128778130224,17972.676607775054,18036.607102692356,17526.908532037647,15828.703854187359,33112.68426224352,15271.485924384257,16170.251105246969
9274.796048920174,11115.705580867705,12695.1156222242,14460.288933369287,17431.604087130207,19810.060729423967,17859.227901416518,17854.41711080348,17043.21076035547,15712.202127900106,32399.761857702873,14993.533243941265,16250.660400477018
9544.134417030129,11099.128343706303,12528.60794833028,14234.932307114088,17345.40548907648,19816.5427313662,17535.679903586286,17447.297273292486,17022.94521426411,15943.065898912619,31965.709561962667,14918.397940415538,16353.692482495502
9422.818339260952,11199.084658111153,12006.918450011017,14236.735235737737,17722.758398912858,19565.066113947807,17522.05570248473,17527.67393093095,16789.572079639533,16091.847132391578,31411.488148295728,15571.849136033681,16155.352309658212
9400.929783950623,10987.78413885319,11719.711215680149,14352.753507524858,18156.12233264082,19068.942897151643,17358.77040351313,17358.251168632058,16834.704259285965,16755.29326780918,30287.666926011403,16256.528817642225,16037.871580711426
9655.612582633059,11079.25783334971,12195.810277384837,14545.418738936965,18169.27140376541,18676.54240314518,17914.909190212355,17872.482855359725,16478.53590209182,17541.69766297963,29864.04584586584,17158.605986795086,15402.556837347365
9502.748891249217,11518.73061459151,12669.983105990386,14981.921040607436,18144.722004439474,18713.234313478053,19053.68674814575,18657.971143405928,16183.417866526985,17555.88994864316,30073.219452424353,17303.713740841107,14941.960811787138
9548.098804387695,12214.226911223897,13136.29778383859,14944.444444444443,18039.925115660764,18483.311905402425,19846.449265435698,19967.305814629122,15910.000785151187,17599.52661294043,29359.239918829546,17398.197902084434,14741.9079085797
9646.06661713737,12246.653024314763,13165.192077139638,14998.981741071659,18031.69408019643,18247.728920280777,19782.51078751516,19067.66121110742,15819.857410126662,17621.987060442545,30729.2417007208,16937.61985335589,14942.502818489287
9594.75012102035,13092.814445140588,12794.068990556332,14874.17568747125,18030.169557031433,18415.10867724981,19978.8459047587,19825.235738987012,15952.115037320564,17266.86122626555,32745.51352473972,16874.06619026892,14760.744702232621
9632.497496232652,13038.95742265047,12060.612673531066,14920.305868211666,18134.365341639983,18908.84746469256,19555.55456322239,19261.629921403437,16386.382690861465,17177.719285244217,34286.730010988285,16646.727326843677,14740.893287051837
9683.714951510068,12759.167576865684,11641.657533488693,14800.997950135083,17892.078569345034,19569.635130943912,19137.347906244522,19336.76250408386,17211.513358630513,17454.363531100196,34744.256022634625,16749.34229384018,14998.40892746378
9578.039042519917,12129.20719454859,12457.763833291261,14524.446502995756,17540.7412674195,19706.988264502957,19387.357282094126,18967.867989207385,17978.42494315887,16911.99818255333,34703.19353043756,16227.754081818208,15555.023609140051
9713.683299601746,12081.332579319602,13338.73098549967,14352.884268283873,17054.18406865998,20124.711352158156,18905.263974413134,18696.859941956347,18276.617054421364,16392.493571265262,33841.689290859795,15884.690104656269,16103.969881161167
9910.306508137082,12385.424832852123,13576.648898374418,14024.284185524497,17092.7460357427,20177.317882341187,18395.75344040391,18592.656673044843,18527.797878733803,16119.54056293871,33550.05235347108,15588.538620110892,16597.101029465317
9467.16016038546,11862.566849151372,13152.905024279427,14381.454348845466,17442.699892919474,19931.48916629656,18098.079111662555,17882.664269192435,18076.071064324486,15814.249256336532,33050.87850091437,15530.242082838457,16646.323653265183
9825.880397019273,11827.116021391234,12705.729175130968,14416.57961743706,17276.02490548135,19486.087514629835,17685.55264199269,17871.32851302811,18042.574248354493,15825.495231364104,32684.089065597826,15744.740895536532,16542.28564719214
9351.321488978185,11216.795442333243,11544.983578702677,14312.319839392243,17368.552734198176,19439.01034232339,17488.5918811484,17427.763203980332,17523.109972306334,16097.861183089057,31740.739507282953,15773.455289180689,16532.08317475166
9181.335388270796,11609.335317045778,11012.892375109674,14284.103620415175,17789.20187876461,19134.939255970814,17483.488621263063,17536.670955174563,17682.535163784643,16415.766673766862,31411.068640218244,16349.010154138372,15976.642705689892
9368.129693765926,11840.410940873775,11347.439288501919,14543.501131881721,17837.79587176055,18557.852243999107,17578.109150734705,17285.229686542072,17143.161461510652,17216.923240886055,30827.781127538223,17563.954299508012,15515.9188899959
9641.582166323607,12776.152034400415,12123.556486050884,14752.44610872288,17797.80714915223,18416.273575161416,17841.38941201088,17849.652270984585,16912.28529959554,17562.78691067716,30109.229487487682,18082.30452674898,14958.50116411565
10118.290008312164,13361.054265622673,12813.646791686362,14869.762202690923,18101.44047763674,18411.282081564434,18729.86718449192,18922.77818464135,16589.50051809304,17667.97792175949,29862.5692251324,18360.238790848405,14837.174484902052
9811.775525124809,12476.920933345134,13121.49323222221,15037.183759877595,18217.574670392012,18533.18440064832,19271.257598444317,19550.263871309773,16373.330594734776,17574.311529608454,29509.03867230795,18303.560086784535,14772.330379304267
9477.458911179456,12574.288601602397,12806.10748502175,14758.679031800179,18296.006185392358,18380.340458433348,19726.74555690356,19866.226666867842,16173.008003995885,17488.03551404193,31111.519930500715,18407.72783874348,14918.263530188146
9432.277364766816,11839.249596379725,12384.126880825917,14836.11713521942,18198.86099172257,18262.626439232787,19734.471405585122,19769.214311830565,16176.125381544369,17366.541931590065,33773.14991181659,18351.962476215762,14838.685594954315
9532.620321674181,11941.731473936432,12110.12763376148,14638.274828938016,18118.8904675811,18603.196988697444,19397.57540575718,19457.600205967796,16952.941038067347,17323.828288110995,35518.367690074716,18289.179111228397,14953.953076152307
9559.588812718288,12695.895782197415,12051.113561866256,14690.205975300805,17780.58309060276,19388.068185447042,19209.68147885478,19270.13384484649,17909.91006887465,17075.197912642918,35954.59222290696,18234.826470870074,15080.076964995824
9825.425682339379,13132.975974798137,12136.925055341808,14718.49127919941,17349.69839928649,19835.68075117371,19060.1588556916,18995.142280548458,18282.606387361153,16749.596122778676,35503.701714069706,17374.242095082776,15508.81788767605
9705.06698236818,13330.185473514182,12083.055096472048,14614.791707928967,17432.420391101798,20130.414822168335,18787.758609387172,18659.714680315275,18287.648661091534,16471.569335701148,34928.93341973645,16921.428094761428,16050.879348242803
9619.47816224357,13187.307432928554,12281.99620156989,14351.612206360933,17373.986414367628,20128.710524795915,18336.35485046215,18644.867521314838,17943.11491463202,15986.64435896392,33795.01942467832,16532.1245113867,16617.511562693475
9380.1523218567,12239.85236472872,12659.880546156524,14273.124568436435,17430.484534327552,19870.289121612997,17680.892246367577,18419.289905643665,17794.733606262285,16118.076192628936,33269.74442712587,16756.33619015468,16643.74210269974
9515.39511720074,11689.06092203534,12902.97485398524,14115.645522359555,17638.48069075609,19809.880434932427,17507.058654312237,17859.70394463553,17494.431863423866,15819.941392315286,32940.80770518548,16827.799764245938,16467.368867700585
9998.31838955489,11049.601066048554,12712.375048427408,14187.91907101329,17510.469303681326,19472.30739656634,17300.500414441467,17791.257928815783,17423.773058847608,15999.741717066578,32314.862906803923,16696.888717394537,16263.309097719857
9798.78545211878,11740.396355780967,12526.110521238877,14175.265218725897,17988.048260919742,19016.385238498235,17435.63501571992,17755.275993861378,17226.101770070407,16333.376958576477,32088.659290812713,17223.73867123384,16184.972514182018
9666.427729375415,12484.631557505261,12200.050757566685,14446.947380280712,18320.77771348777,18880.12089185921,17458.34799712459,17595.54488971145,16960.743830406806,17234.568318484668,31285.213804265244,18049.648597309482,15763.437937110843
9423.039138656659,13005.291168495414,11744.068461185921,14932.47359397872,18620.603988775165,18389.398462583526,17562.900150935344,17969.28739740746,16517.305641385807,17872.2772965164,30921.8106995885,18787.841497759597,15523.088718567627
9559.55939971908,13038.491775164583,11745.85701658395,15174.711386372506,18559.173126614987,18397.431118245793,18555.135884154122,19401.985972423143,16253.125914952396,17834.345025281447,30477.659681095352,18760.20926677095,15009.595302791611
9623.44170925029,12763.104179419895,12048.512950005876,14955.062315197873,18395.46822696421,18310.808408953544,19072.09604834982,20483.159238354656,16178.580904135417,17825.163907974616,30237.663086033208,18540.564373897723,14774.819603515556
9857.875348466772,12513.408533336351,12056.326339586143,14802.287783740414,18292.339323866065,18264.089196487483,19328.495173421135,20448.614725304265,16029.398391111612,17641.37501602476,30911.38380121881,18299.41807773674,14738.601197744783
9939.051800253976,12054.584951732093,12174.485596707824,14885.890157593507,18249.5936234236,17958.73116811041,19501.467550519163,20352.09189448695,16293.07730799967,17570.455818486305,33026.4626638143,17828.181144526938,14643.319765174587
10093.565734010846,12501.261801651324,12475.320977166912,14887.4661666941,18092.998543353155,18252.546228616236,19051.943656368432,20079.80359757654,16843.743529482523,17231.270296673967,34523.93771745582,17541.682966328062,15041.577060438485
9793.526294233034,12541.2198066599,12827.770584175172,14797.12617656209,18014.375715468028,19118.574764303983,19027.07990439388,19712.594331737364,17548.540744591755,16863.114685655102,35137.67478835552,17362.303561913228,15321.329666000605
9958.016157478522,12186.768785909693,12981.57364528111,14602.968129808607,17659.015124708378,19529.538031271466,18691.092751367516,19429.30150125569,18007.83191067852,16786.343718822638,34390.705446792585,17187.576843934377,16142.644880730995
9892.907067930784,12146.994752444534,12992.268041237112,14193.019767041504,17370.132299425215,19864.92094077876,18559.17855994837,19089.37222865653,17820.499594766916,16326.882417313664,34242.26221126443,16930.296811298176,16925.735548459226
9384.234684393858,11998.138417146864,13217.516843541087,13927.875721265198,17118.560037122523,19628.352655503983,18089.71951460453,18753.11324776458,17708.055684694464,15899.237706504635,33585.51045011698,16874.16164079601,16611.646885651207
9472.062764408613,12018.132759647819,13293.572474528351,13638.869595572183,16946.145976131775,19358.56321184997,17407.770614491037,18466.48502697234,17687.393889528637,15801.201620453496,33360.833483213006,16114.854928471912,16628.521126116688
9563.324054867058,12045.822860001508,13435.508585604022,13534.084320996522,16757.059447497482,19017.7635488785,17473.242456884345,18075.117523835474,17435.55727735526,15648.25135758705,32859.05349794239,15153.178808626033,16187.872733213495
9437.877313022807,12176.954604001829,13343.118680583933,13571.721485398491,16609.53765594925,18733.309194133522,17339.506172839505,17920.47123858216,17210.91929411024,15637.82408598463,32629.89780118893,15087.707221388222,16127.047068436472
9564.633730918556,12366.378902077768,13152.996286051826,13690.751674331097,16537.469026821793,17933.029344252132,17578.19383658815,17806.438560371196,16900.92454999738,15603.163842834363,31784.263248963107,16184.163739314923,16513.1906028939
9793.43528786451,12470.132561625132,13045.421618039187,14126.659009036144,16801.56655117944,17711.476504941726,17221.488154821487,17810.27008063355,17078.412094389558,16891.584223077552,31045.53524004373,18567.791622341952,16472.078093473567
10015.546410608134,12035.262380124994,12735.224746645104,14659.528219638265,16674.975862340132,17075.614158403652,17612.122235493403,17920.622378779,16272.166023961161,17884.87992845173,30788.059248904934,20009.201109884474,16276.498255511035
9781.368371746963,11788.658651900112,12746.691917089627,14913.88984717542,17164.61232501012,17119.7327147267,18577.569001462027,18905.751822887632,16107.097503306608,18095.47821268408,30455.636957254566,19509.552917877536,15660.077350431611
9506.20021014569,11978.204565746131,12883.329576363407,14987.2341356175,18133.733020887223,17766.86755603807,19193.659268223873,19954.78452441118,16019.101239814152,18418.078171236353,30300.027305148593,18568.094802972995,15469.578896123205
9217.025005017089,12186.180210060806,12964.647696824357,14712.747386295256,18250.192114853602,18116.860004658753,19601.43637226971,20163.666067981765,15874.654180315238,17972.36317374024,31295.139713001576,16947.093744751248,15186.680631020165
9321.20053340763,12680.6148104678,12731.622973731099,14545.606939030376,18406.627944985044,18154.749055765264,19730.929413755675,19844.793363793695,16142.5509271716,17633.64940359799,33324.621381378325,15187.57979629918,15104.458555471
9756.892433955632,12642.008012427434,12814.210448366845,14674.160622382176,17729.357989692533,18625.226831467382,19396.667326642822,19744.7808000187,16561.19542473636,17175.816755644635,34372.82753128104,14903.242482122767,15343.689335515843
9910.341145595288,12058.355466479828,13238.851713507738,14620.81468404691,16953.558952264215,19195.320695591792,18936.341564782677,19434.047551215368,17273.394134970767,17029.90388514715,34952.952835524666,15285.751861655055,15781.766688605676
9924.07747423606,11653.908364811612,13311.601449951067,14720.845845845844,16093.632765693523,18865.740866995326,18735.207215408904,19256.98254272515,17658.44338302592,16700.315625102015,34321.87385638069,15906.114957731597,16339.124728763196
9709.453659351653,11455.700311534316,13850.364221367976,14371.22574603129,15915.126092755972,18426.951939759078,18413.34211981558,18726.44805978138,17690.726122435444,16425.60556559754,34075.71510949917,16418.853866645037,16856.798264743
9416.564864302694,11751.340051116338,13682.038490823126,14069.122415300264,16285.547222397285,18377.74237558498,18144.743283293137,18482.1629143357,17638.641125499256,16185.140338995214,33146.80753845092,16467.180614331486,16976.105791946753
9255.047537393044,12154.219492239203,13553.260260158566,14137.286432507235,16591.283031119696,18621.956483909078,18093.72716916181,18220.07328683764,17541.812605063507,16182.277515610842,33097.605038384,15714.45274653661,16950.881562323837
9501.399405896393,12022.2585363191,13774.137385248505,14182.02323097241,16941.354871871325,18790.723394709596,17522.220711123195,17783.854744332515,17071.562967290425,16131.392939736435,32691.428989228436,14989.571558392632,16674.24946259238
9628.481437857174,12008.939941546585,13718.912804100883,14169.41326629339,17185.71202925849,18510.089289998137,17298.048460841605,17617.162267380227,16880.658076650543,16052.552077844535,32021.18579707014,14885.34003264715,16488.95161948881
9646.176108649439,11646.216874610205,13512.834924748766,14013.044205699809,17534.515265881862,18237.39061899407,17257.29294286872,17379.73991663447,16981.853914648917,16391.50292020811,31399.6422544885,16724.05211535647,16182.55523728161
9400.25269489195,11768.6723316944,13359.42989059521,14387.378373621843,17447.651530258092,17762.14646712732,17234.27400442456,17220.680852911253,16563.94977955256,16921.137804619437,30660.34606549162,18496.3298800476,15812.60511172953
9379.178848570591,11972.40717635056,13230.32186329849,14748.59945807958,17564.142558151852,17985.22759191662,17624.522996841486,17598.329160619513,15896.404902171365,17830.740063615394,30700.831305644846,19441.4260813461,15376.25230089836
9341.077949828294,11949.913697010275,13152.013084746086,14863.554180993144,17418.041986347995,17685.677198910023,18794.79372169487,18606.85897841539,15676.389834731988,17787.540655150267,30104.480345825585,19149.10185757995,15144.89187145446
9494.43779005783,12652.613048565901,13155.813963849567,14827.763915390515,17324.80518833316,17724.113485100755,19363.467014058973,19341.936840263035,15574.417198339415,17826.83146559219,30156.982670744175,18046.162104133113,15166.120246886323
9858.553746334575,12231.852529583317,13145.522062815506,14954.51047416705,17554.878300946253,18006.807289040546,19591.28104584358,19415.798856967718,15770.306612817898,17613.837956402578,31567.52540665576,16860.366113239674,14817.44254976603
9899.673182249362,12450.861125465532,12999.452435823227,14650.493442791367,17961.301504975934,18098.062454947674,19408.4102980085,19474.265155696918,15872.436171414829,17367.90569126689,33415.885778995544,16125.541462190087,14845.599324290783
9717.121682276695,12161.293124954318,13382.563281518207,14856.370037928575,18003.2760030109,18882.48077799342,19360.9748503919,19176.799286585025,16539.80000241836,17383.20144513848,34695.53203003386,16073.496541354647,14635.694203957795
9551.915685395701,11721.107817846629,13970.844235788723,14865.201827820467,17518.45164823381,19602.271920716852,19013.222341662324,18657.964762228916,17147.52176938738,17280.94478122454,34715.80952747139,16179.934541274075,15126.182252414788
9427.821170501105,11997.851949316311,13589.543259325199,14695.929455802643,17163.83356366902,19868.8918162315,18625.83471579088,18495.40449756212,17583.12875796067,17104.642977782136,34290.27274195949,16539.773552053528,15558.09607008609
9310.764787229515,11866.794385432882,13530.423463985775,14520.061728395058,16844.800290486583,19504.79823610323,18436.570691040135,18182.66024119403,17485.48891891579,16789.533193949654,34055.38348745666,16095.578550034339,16163.677559794407
9507.812701189436,12449.161439153982,13721.978665656101,14242.71757570439,16767.950750413493,19335.735844866405,18111.676271818695,18119.651565223237,17335.905190401874,16260.047981303102,33617.40902879112,15606.13192053701,16311.87030680418
9802.760953119827,12624.194072927423,13909.70449859477,14372.295876834429,16757.410446153044,19324.48500319559,17872.74655355249,17651.046316445623,17188.376437016363,16184.481142295681,33101.32297685579,14898.805214811244,16336.648261468352
9879.170048144872,12397.256212340215,14000.711160034178,14206.719566227797,16847.161967408232,19436.8490266292,17542.06582479313,17449.46971920382,16843.91149799655,15853.212259657443,32600.889959516866,14660.617475635334,16160.778536025551
9976.934226395078,12055.090241609252,13929.49965795211,14161.904362884758,16789.75569142443,19224.210260924905,17354.99339496347,17183.990923612033,16663.51660973949,15773.111487932745,31551.743751889288,15178.497097465797,16004.136485534582
9717.741737244467,11489.399694102314,13883.259036816255,14242.394360416276,17611.014044737287,19122.023111637678,17283.62823974964,17008.014890592232,16527.24678263615,15963.728648803612,30666.986813934363,16812.702981745613,15753.342137863974
9607.194832801892,11773.349596908452,13422.753776841613,14309.857523830251,18261.661690278037,18554.075967946224,17299.558864654624,16786.53222974035,16178.27555975463,17019.825694997453,30366.36531544667,17941.456337879084,15130.010429552012
9231.406810035845,12180.648046653498,13225.74670038755,14671.743315435648,18506.12207706303,18178.54704724126,17405.521072759002,17473.99265750074,15871.024928036632,17549.219823197756,29841.242283950618,18210.108518773362,14809.395589045726
9299.156129282052,12261.012052689859,13122.061523444105,14611.375936290353,18305.8972856864,18146.53865588681,18689.0461908516,18406.319640578684,15583.787018768848,17698.208237736264,30284.933933328208,18036.96039907479,14668.747677827005
9586.246955365086,12685.752419085755,13283.236476353879,15005.442542633176,17878.286339814895,17989.562473451057,19477.05827017655,18912.11922091269,15458.273930294412,17391.078490110387,29813.176648651028,17248.512588861573,14688.968403746198
9514.66229244007,12468.13675323243,13379.895504819668,14960.081683538954,17894.487266419113,18043.558693951854,19675.13684326191,19104.066646274467,15402.045560204559,17249.795445672837,31772.30654359604,17058.77919503225,14482.232309364257
9929.999260642158,12428.689487202593,13251.06564570574,14783.917553517585,17753.287534323095,18030.26049684567,19074.156089135904,19211.52366688694,15535.146070248853,16886.255679334117,33262.425781462225,17220.939045169926,14363.157164655306
9687.707641196013,12233.508576131093,13635.412197893129,14867.087733679842,17728.723630810044,18850.933615549813,19179.788873815392,18727.584849436895,16321.154378583291,16748.454841169,34375.95644342993,17433.427367254553,14569.143621812982
9579.887143060316,11951.935424174591,13820.897275650013,14862.032588780861,17462.65873113227,19627.855135613023,19278.881692266965,18499.738011187605,17155.849000399572,16809.67656708584,34673.091720710756,17342.976289408478,14793.070097482418
9563.125023888706,11840.794798743518,13902.835671227225,14793.991404596103,17353.43069038558,19874.119117492843,19113.259361825272,18155.167636464397,17506.102254064088,16378.562897637516,34136.565015647866,17200.28445356099,15254.212239719494
9159.025855035248,11957.029602581786,13830.801662228678,14410.05516439217,17158.798296914618,19958.61775341582,19088.184401151142,18227.34176963033,17539.736071866242,16199.889379376558,33599.660192938,16470.29661360457,15658.38320224285
9570.670886346952,12060.88595691613,13917.830398704724,14158.906420427931,16793.650793650795,19999.263033481315,18722.463656517448,18099.223326729887,17328.184136191197,15689.109104092664,33082.53901777911,15979.767331954126,15974.268018992436
9500.720572243476,11935.749222635213,14065.957017167046,14286.811356498964,16755.365426157223,19827.709374932216,18069.757653484794,17241.085972410645,17117.354917012606,15515.272338948964,32752.36486924176,15502.182983926217,15813.69205369712
9690.090088437602,11564.009128534208,14056.202722641941,14263.607273095466,16687.437651107244,19761.2312088081,17654.58658876655,16972.83950617284,16844.62527147694,15429.700303730684,32302.162754020657,16022.573003507814,15907.591201444353
9680.847915793862,11159.254479541933,14188.638445747269,14146.068903774685,17067.63497102544,19734.07832663179,17310.971799917563,16910.844556677886,16567.03087556415,15345.688960515716,31628.24147992711,17078.791430117097,15883.968039645557
9579.342013278974,11051.963072302506,13724.294323997095,14192.441961059716,17874.059152172675,19191.982059939863,17440.35253808025,17058.610494311473,16499.753092416748,16074.111298582948,30957.931758277875,18285.0049474487,15399.234243266206
9228.969006272018,11172.430419036302,13576.425798609256,14481.038063898806,18540.777403964083,18948.66766217724,17257.83407847476,16939.233168182367,16170.907910979266,16805.61730355315,30252.0325203252,19030.400966685276,15139.382100321118
9261.719756612742,11075.557680815802,13493.876563652562,14525.384931867125,18253.276511074342,18836.311742164162,17981.668779597654,17392.69215674343,16061.831078252486,17379.968512135005,29906.007876430154,18718.109853924772,14609.034221728481
9182.265513899909,10984.434521596348,13462.399230548683,14679.929780236786,18130.248303584794,18644.678816088115,19132.87953798235,18609.49972242569,15636.462197841876,17350.04071693676,29620.685373925357,18316.651378514813,14248.889344148198
9433.650560256117,11911.96637528523,13708.534421677556,14928.501193987922,17990.921707606867,18669.637143880296,19954.60131975082,18945.86689056643,15592.918570675007,17358.74379668642,29962.089107024356,18014.59845337234,14222.27259355403
9095.658349222778,12211.38538839818,13596.232668181865,14927.808940340277,17985.990833927575,18391.213313193817,19867.571167694245,19136.475523095447,15514.694646670832,17086.39426831271,31218.82804596867,17794.41986699701,14230.41775823306
9405.150844070986,12174.37585832799,13423.892423975787,14825.569959367056,17845.0706250483,18519.710259182477,19862.2048139891,18957.790717165786,15804.686684768312,16615.731334384644,33597.220615548744,17948.286034612902,14293.943219666151
8881.406478082423,12054.379812369716,13507.346645676256,14732.73113458893,18038.661631517618,19164.14929429647,19355.860836644362,18729.99354741945,16561.01368370641,16690.77476426558,35002.35246696766,17705.553201999224,14468.716568906113
8804.77706720576,11843.699884942498,13831.60883547642,14954.425543688221,17558.177829272307,20178.419801752327,19028.182289661327,18451.33666572728,17309.460924692732,16679.718216944682,35301.6925650811,17311.054840924186,14778.58118826461
9447.051217884555,11346.957546963456,13909.58500733498,14747.323805507476,17071.462908795784,20681.418119536273,18982.561253062297,18306.354533894442,17880.130669544476,16254.101395749223,34428.497188102825,16407.131146720414,15279.939745260626
9410.98883275489,11050.736335619036,13967.14849654031,14542.134593851386,17004.249298057708,20355.49425066111,18676.02138796347,18180.453524939454,17715.67411285972,15756.710647401183,33783.76496525447,15923.16242996283,15967.985771453981
9330.56656880071,10995.86741379771,14206.284598116617,14116.215552527343,17025.46061488754,20304.088226421576,18426.55563883481,17654.308906806433,17468.193360883826,15435.832097659675,33371.23539915131,15783.068308326234,16173.181913294906
9745.759028755132,11353.233518803328,14071.254148616881,14080.427934838193,17095.003366834488,20087.860451714438,18343.880762181412,17291.039691501494,17379.699169806703,15116.486825239577,32874.72704217218,15801.619150272727,16062.144732782323
9813.005698075309,11481.061207747154,14017.300242493942,14327.386737188595,17240.552081365375,19708.15862232148,17559.32351713371,16908.229374364037,16923.089780597467,15285.3283990553,32290.49538017675,16529.43574187167,16083.6934652428
9453.21711062884,11337.329179219969,13933.987497857948,14401.81063793925,17662.55350994174,19928.49188784378,17488.344169275395,16992.29965044747,17280.619228570216,15608.14717167278,31701.10910677518,17743.737105806085,15880.382987987594
8857.753350440209,11728.791518986336,14029.255014757653,14158.24412447833,18143.612950165494,19495.51217884553,17372.68472959812,16990.817200796304,17157.673222926263,15909.477182072485,30872.981727251543,18442.42020651285,15627.061871268794
8610.131311418629,11432.779632431108,13669.804263773274,14441.066432117885,18230.198645193203,18972.68572335776,17333.69125538528,16721.799632733662,16982.72747382462,16886.21968193939,30591.050941705962,18581.154631034253,15074.93338317077
8801.017557934954,11084.923265904987,13452.043369474562,14412.953780328291,18376.22135754431,18758.581830705032,17971.472085735306,17127.759308683584,16467.417476641,17384.83810949188,30373.03346024698,17915.254470671534,14700.470126826713
9181.668315199471,11419.32162725838,13548.637935822675,14820.838627700126,18268.06897178731,18675.7926442363,18842.579890198944,17598.559177180377,15960.93718114402,17476.874694793474,29703.596524721517,18011.816794354534,14408.87342725613
9121.403959068577,11786.243026861126,13661.980140112648,14875.898240653805,18310.75637058478,18810.355807201242,19417.73412976232,18448.293730105856,15640.593558847582,17487.856538892214,30148.7964989059,17981.37851049762,14297.614746595113
9414.683683300085,12205.013018992599,13588.180994450111,14981.347872175245,18400.71710475014,18538.562907476775,19692.099090739477,18269.684785690348,15552.951303198257,17361.8392780404,31583.584091061904,18208.318184213833,14350.003808402489
9119.679001504699,12159.996878378044,13433.467361347073,14794.622869428384,18078.604242891142,18773.867112014654,19444.04483936478,17887.582097496335,15966.447698361764,17201.299441430707,33792.49202757599,18199.858142726094,14241.296622230388
8753.741136118595,12201.227210759402,13732.050510097324,14835.76700003205,17656.931100999234,19444.883314983137,19171.986552589264,17857.421789428154,16971.74928760046,17087.79920000735,35651.1110741646,17965.667144939183,14282.418145965725
9255.573655479167,11766.794392907352,13933.219948050393,14696.296296296301,17519.499018904087,20563.98894178469,19152.456174093877,17492.658008861545,17724.684605278286,17110.381382636435,35320.56445190733,16893.33467086092,14667.285453066266
8706.636308499375,11699.833153792933,14069.737787408001,14654.476769626544,16958.17324212038,20584.650077569902,18737.69468351683,17569.43773748726,18009.044937667346,16811.93248363062,35250.26432494151,16003.787878787882,15364.964665525124
8896.581387991311,11471.516193554873,14058.272928478387,14350.3900420986,16867.75081172435,20608.90351067087,18562.301132747853,17610.43369223559,17481.754493488777,16263.08922577779,34885.44255025595,15717.470580173818,15987.338934907486
9038.052343980144,11650.795003300116,14083.915802130656,14180.517626822417,17123.63885505117,20342.67364032013,18156.186471283894,17692.23281882364,17081.66884891345,15835.254177775028,33868.86696663026,15815.171926660008,16178.956235479167
8733.799232207662,11707.175705990654,14242.529126325677,14150.897028683545,17102.87338450544,20300.802138923806,17858.39195969365,17647.18779929029,17023.08126616424,15714.678848623455,33525.592200609164,16232.237613799261,16085.581630885874
9268.056417618234,11624.387820717948,14238.864310618266,14346.842188988392,17154.315033146755,19803.3437430697,17586.440080189084,17282.98451448688,16882.117942960213,15611.287314896861,32753.5175503016,16732.66287132643,15899.065392902383
9369.056810593658,11673.365157981083,14289.28067058448,14274.448196400344,17429.86443652818,19791.317812147812,17463.630453571375,16991.713727168728,16956.30021555947,15573.139092039439,32402.12603845208,17805.1681792556,15671.81959246654
9420.465575065797,11979.357973211523,14134.683480234053,14028.092413730774,18040.274668624832,19395.415530022554,17352.80069653264,16305.56723768938,17012.77845288551,16120.029028146293,31632.770194018583,18079.4801399393,15321.269817902254
9432.03270943207,12136.752873052108,13869.88305255845,14247.647526682955,18143.853566145477,19136.405588909893,17404.067214185212,16393.39962496796,16646.534622482588,16664.02582314809,31473.286398868655,17884.41681775014,14986.922539441552
8907.040407763378,12652.141141057786,13605.625485923629,14588.74274160256,18530.611906160895,18870.996486376273,17909.29180957795,16876.04759682535,15979.163562750004,17135.14061540992,30916.32060756215,17901.148572340793,14555.028716395263
8931.423789627052,12138.97920793312,13702.073644570795,14759.243944633607,18463.470346470465,18647.539319993466,18862.684109642254,18030.65249165269,15592.833829604573,17231.743623516853,30721.580396699726,17623.566114435467,14330.29136406835
9004.793822821934,12064.326191330241,13587.407039517806,14761.132284439238,18412.03278759752,18704.358859259377,19199.074082805433,19049.77200272879,15587.445768969174,16932.022259267316,30943.856123963655,17597.68583198481,14346.464423336522
9098.547079979619,12405.58460421205,13549.366819398663,14836.331802219518,18190.664848053813,18591.402289232283,19202.866570169932,19464.049968459956,15509.81064416307,16439.077144917086,32300.997452683045,17373.37484782929,13968.494241169208
9295.735654866976,13358.885592981514,13547.752914746734,14935.533779862788,18073.99711300383,18726.55636505656,19464.288721001336,19163.820862890483,16111.028952754656,15926.505112153514,34063.42117373991,17466.402064802685,14025.063396641071
9368.716034893692,14161.168398272688,13744.90870199526,14842.439863195777,17796.898993983756,19577.128584490227,19277.653376503542,18946.89367267881,16869.346683186395,15805.555724443075,35016.70068600881,17082.82583266359,14393.662873260122
9278.515888574106,13618.371829205144,13722.033644463807,14510.039762442286,17419.07294778599,20273.61277609232,19098.69546738097,18592.57081204869,17573.049913229577,15693.826054993131,35133.98284632974,16678.976120780822,14766.631243992357
9139.529511052644,15628.042207773855,14130.316804578662,14621.548342941387,16954.135197885666,20549.193771451046,18807.463031635536,18515.5894744099,17657.786660009442,16096.506765509015,34726.10777595182,16472.575049466388,15577.462594547455
8948.629523546175,10454.953093682107,14417.093169818812,14465.3970822696,16972.889647632375,20332.49354645824,18417.560324741495,18275.684466890474,17482.55490674042,16282.401197098843,34264.625995486385,15995.812681483525,15982.074523306688
8874.229324084397,11836.52688380918,14710.283760845956,14155.252153258087,17189.77200986095,20356.210458165035,18248.627137378317,18086.898850075628,17386.65788309639,15950.803037672136,33234.63430630434,16400.617283950618,15919.14049639483
9350.082394575464,11573.929601342583,14662.361012202682,14319.885263940174,16924.449346460944,19967.546029982954,17569.488223448036,17968.109357854628,17113.09398910464,15302.429538241542,33347.53726092242,16169.368029258163,15722.902096087431
9531.3103100482,11519.702995370444,14725.285081519183,14153.12944106371,16911.885400523548,19880.015432098775,17599.173967819435,17648.790144421073,17148.418795411486,15138.6540118204,32599.23098144699,16691.358024691366,15619.956065140714
9479.654747225652,12106.729213258417,14593.569180928114,14007.444012327825,17510.16814985917,19578.728310694907,17599.24783242064,17387.435637390994,16773.752756950358,14899.22569943695,31896.91340638043,17546.86573555208,15408.008427947112
9269.314694315917,12768.04874959612,14470.57155869373,13990.689204907863,17932.806368277143,19159.51030059349,17488.657350156886,17121.674963960853,16749.629211720712,15347.96110493847,31160.650482032524,18583.56942604575,15090.203722814675
9257.247118204761,13891.224095096126,14108.345568799527,14234.596561600778,18363.30519578982,18815.160573694866,17492.02471029796,17013.731912988616,16185.562087259,15992.790509246803,30762.476069256685,18915.924232155074,14938.484372298264
9199.389957963935,12409.916755951816,13812.627862789946,14634.55422327136,18261.83600127433,18653.955126732522,17886.86244069595,17517.883761493955,15824.067767535962,16997.910782054467,30860.314192620444,18846.51191755018,15000.278029187148
9359.820634305765,11410.566436609139,13941.24208328279,14602.172216694682,18450.088290613672,18604.700364644672,18804.92593153505,19055.10592608788,15763.549276722017,17509.821988690583,30446.436371448865,18684.181517689616,14712.558047657887
9406.764257651386,11119.459745154641,13983.046726966697,14467.472120713388,18168.99002444022,18434.294267329078,19454.30205339237,19726.702390333616,15508.226642612177,17554.496817042793,30616.593953755924,18343.194851852255,14631.294523239363
9271.086255648026,11141.59032374341,13868.985001515644,14909.360077228424,18166.751887811537,18356.713045411972,19983.757481454195,19490.501412853537,15604.516396180874,17522.402107605747,32234.066029959016,17646.087973809314,14492.678033314023
8946.847843874732,11786.133906844727,14161.542920948974,15059.698411786812,17972.85404598523,18576.81914836567,19906.58146943773,19423.454588438275,16017.50538709715,17032.50375113446,34256.875360376675,17392.07133582651,14407.539989134926
9020.686456217822,12146.464019352477,14297.083088678311,15249.278281302444,17619.496093046793,19706.556937074874,19595.507824561042,19179.17533472022,16507.77896858341,16779.791577598742,35020.15125234948,16663.80263182102,14757.36133207396
8984.639305477276,12527.306695470823,14313.995725387853,15209.164525894917,17426.495798439013,20432.633323998907,19610.21123425216,18963.37881231711,17237.980481557854,16394.411048277758,35025.48628607861,16770.97468209215,15338.583990252648
9337.444170564195,12192.497951928193,14229.070520555262,15294.646127952241,17151.253078672333,20616.39394190522,19333.788348281287,18762.533036579294,17188.822080320573,16196.082970225121,34935.955046962816,16366.981326634566,15640.440539050507
9215.786670195917,11416.688121421665,14005.577330725135,14852.606313813774,16900.27344479772,20600.143563314585,18782.46936598915,18381.044860245576,17330.231455718374,15932.974004439682,34377.912590935695,16518.132097474496,16027.226692044234
9200.871096262816,11177.06076413938,14376.125378040839,14459.077220713181,16905.340083996158,20303.363018242402,18552.732636784865,18073.42926836971,17217.0584187223,15891.77737734529,33885.624239403405,16439.608530462603,15960.011571332854
9546.861962940638,11318.272788991693,14385.427703395888,14416.151274711223,16943.80678226098,19910.822240387417,17994.141175566467,17628.24283874797,17146.03582799285,15673.10679551677,33142.47493125384,16322.237062159926,15793.885663149576
9372.053037896323,11665.067064167604,14596.210815596267,14318.139588690687,17048.704134846455,19984.284570167878,18052.338772492578,17519.074628402173,16976.11925937951,15693.092926925907,33133.94419467639,17191.23210744938,15997.743654295295
9378.450134515508,11778.524163057205,14353.692830980935,14380.034121610826,17628.911489190927,19664.653571660303,18001.887657335123,17142.482241340906,16751.112873791026,15714.286504495145,32231.326669930215,18438.142723589906,15867.913491833311
9710.547278619755,12174.36838710658,14066.73689013347,14353.001694504965,18220.623209991423,19125.65799199796,17974.970613614903,17141.743727340978,16355.007450040825,15962.452526557494,31360.246308470538,19316.05284573961,15573.331779826196
9452.865981604613,12544.556292036177,13894.922536812153,14685.33969010727,18448.06909295563,18725.97295708408,17935.23091420532,17348.318019582584,16313.774163091277,16938.994211943384,30953.82182524342,19930.92148391307,15004.01836989195
9487.027421128012,11769.429125152505,13894.844718023585,14952.92086675707,18252.288024773665,18456.20691835831,18318.194396245708,17872.47065665524,16016.404647234871,17742.457318779725,30986.067914525833,19685.020552115202,14756.167384938053
9332.422246233627,11701.081113923183,13873.469210689389,14969.399813934782,18088.78132934654,18831.85327876134,19103.041812035633,18968.191976393493,15813.643354816664,17951.542232008575,30660.762211486846,19057.46897861495,14585.297380093461
9216.44862758111,11742.928289466558,14125.686097154723,15056.291600061419,18200.2939892573,18976.588955925552,19624.28482906721,19423.841426835847,15702.951072991345,17731.89462428307,31025.23716699158,18489.35465220011,14408.182962970835
9343.514256713532,12065.267936891229,13851.447036050638,14901.271624207537,17836.73074858154,18853.77555976655,19707.78641873798,19573.652533280594,15749.396539807112,17741.734704352155,32374.35447186125,18004.222200544114,14346.682629238017
9239.352432093194,12210.236015484199,13708.253520717095,15094.598424151036,17685.878952722986,19274.638252990146,19912.469228440576,19192.918361650965,16128.398466911081,17363.154097665472,34350.3039848652,17841.634430479153,14436.187383304028
9002.75086712116,12006.984571534587,13829.467603972636,15024.940062275537,17658.528519934902,20456.10901319794,19414.439569206228,19133.123250757664,16756.878480074323,17245.92280086915,35070.214087437715,17239.256163570095,14438.692627569859
9671.40416688681,11673.14234560389,13996.293032483349,15178.078888219976,17770.136496182382,20959.82382424528,19257.14689415214,18868.055664370237,17468.039906937345,16983.555168991676,34902.832039083725,17170.035671819267,14795.72876096543
9239.852487024751,11255.238103424066,14273.346348675457,15006.536445224365,17593.189168934638,21039.269871843673,18612.608234176867,18656.896802616688,17586.46856115649,16745.299688354244,34815.46130508198,16736.701615099606,15298.422218780646
9134.678061105973,11263.623289751935,14082.649082184727,14778.88083319711,17358.411960756705,20905.11378546036,18432.24850390611,18442.670811785694,17607.47873560281,16281.196602027198,34294.28596752587,16654.145152803078,15803.498696808525
9317.210274162175,11822.442846569891,14310.02132357891,14391.220936874399,17272.335977371942,20409.4199750213,17554.262920939196,17899.771803751406,17344.31098835441,16051.95557801855,33629.81669349349,16550.269766482306,15684.142396850259
8993.676037858331,12125.874125874127,14119.164440279748,14289.68625967589,17296.773164450897,20383.721224222318,17297.815786107563,17782.237493558812,17360.13912876321,16077.15121291244,33237.536951109796,16246.144672767501,15989.937796771132
9720.312020146186,12224.235000771518,14014.512396389415,14617.133010068994,17257.50172154692,20158.871317271267,17355.073123273363,17319.452984703126,17039.45499790735,16432.442109339074,32823.4276778048,16807.73051067368,16044.609949684467
9714.153509430753,12170.123825382772,14102.749114504726,14503.533050689286,17680.04367321607,20064.97571951301,17592.752232932184,17430.098754905728,17136.263571968033,16044.895286524285,31904.96647292024,17808.801709935196,15714.773582197802
9734.917217126858,11837.589484042868,13902.740955847832,14347.673660261105,18219.695542217865,19750.766114626465,17690.64372491742,16985.626812753813,16877.472554122174,16466.183699895024,30877.433435227907,18613.084350767844,15227.992005991902
9705.195037435178,11766.714282908208,13756.914125738065,14478.265117842542,18278.634349061093,19212.468531180526,17706.7589755287,17198.67867974564,16355.147484487376,17534.56342246093,31029.429999562664,18709.368232195782,14966.401314339471
9285.503261631355,11782.362050536472,13693.19882371066,14676.651718829817,18346.608945089618,18710.69127068443,18326.40682320437,18372.519941135055,16031.1564721287,17963.001224446336,30486.493025837204,18881.725314237476,14710.607178990527
9322.922275042567,12155.244794756612,13916.601090292534,14811.870864181084,18500.38343657022,18640.649341096654,18983.681395209504,18995.330982963667,15906.009122847085,18014.393831014368,30882.635353147416,18813.624554020236,14693.487034040882
9327.916741127936,12225.806851334042,13833.463935463114,14845.374961810401,18276.915334886995,18629.955758629694,19018.976958647574,19676.351237152277,15841.409233684293,18239.246217421318,31732.766383637107,18169.238599576656,14663.62062236714
9463.843756563458,12184.505829344982,13681.74785271107,15011.82041593741,18230.021645875673,18572.219892281584,19100.575981340156,19431.349709815615,15732.919960132887,18147.84532067864,33482.96570769012,18065.559812686253,14393.288785914956
9645.85147718748,11981.406045518124,13691.74901118394,15029.597282872392,17979.731741499854,19109.45486027908,18638.207398962528,19274.68597237399,15816.525311241923,17554.6662865285,35252.458553791934,17668.209876543213,14519.261059968643
9248.665357308002,11704.798998875238,13863.535230598489,14999.511346814419,17687.945323286553,19999.435989662972,18619.26260936931,19067.07509755466,16244.388858952212,17255.57404544955,36493.69215859295,17598.266386046107,14663.024193370078
9223.875659987787,11503.465816850347,13864.889170518481,15054.975201132262,17594.439635286504,20478.42932619873,18686.66036218063,19041.093095324442,17067.349665308964,16662.844467681127,36378.917378917395,17235.480580116808,14968.683885541235
9213.61213612136,11609.302572341137,14136.916745165381,14720.519220849152,17147.819384291728,20343.084327265133,18809.747486494893,18743.643915549244,17021.0279957224,15857.77876149722,35315.54603776003,16939.788108878958,15429.430244890842
9122.28337502567,11741.657663265074,14421.914814871572,14577.347910681245,17198.404585288285,20308.345582550264,18673.756992560942,18449.034003393303,16622.40279219687,15540.741045817134,34999.40565228666,16829.173079162232,16131.378301338977
9573.413682092045,11754.548408057182,14380.062659634259,14352.187833511207,17186.35424610079,20157.804204136482,18311.803503354204,18036.529875162247,15673.354644701656,15797.615102270409,34959.818001134736,16603.157278337378,16059.251056081801
9805.12243994528,11654.808140882958,14229.819434694302,14363.832138374893,16939.829803175955,19913.838518907316,18028.22414067081,17604.30846305243,15452.157884957523,16177.843339969142,34278.67491497283,16832.011588847465,16026.367475414796
9707.402490518247,11549.474036314678,14215.471632802406,14373.309163817139,16891.66649974294,20205.229942486956,17605.789697743712,17448.893285569386,15657.949176369366,16257.605557379922,33911.32568276998,17402.49110808992,15928.36085662722
9469.64442594905,11763.501303155774,14360.19145901809,14414.288436285955,17397.254992674847,19825.765284019304,17369.73928553999,17402.428216369197,16363.217283950618,16470.68583270142,33539.55692103247,18334.09273362408,15968.502262209697
9561.99114977901,12033.935293278753,14052.105561366401,14265.399892646265,17806.209764777057,19185.554785752065,17303.941688054587,17139.08337331883,16845.743818347964,16501.90636787821,32586.250942606755,19237.620599322727,15371.652472565498
9694.539529948182,12433.753321210464,13755.315643694854,14317.449942137102,18187.71668019547,18638.73332608497,17414.600872388553,17162.54100211079,16670.399937233255,16903.022212942396,31624.31159682018,19129.321240008372,15067.849331006555
9864.954650102754,12387.413544838659,13889.606327232243,14531.666857776256,18402.230187176414,18341.14428082112,18096.114168699663,18369.562199549287,16176.236189254636,17340.54510836209,31415.272906357826,18641.60948037798,14941.123649524672
9725.786788244728,12072.17707156548,14035.921367508094,14509.399530695693,18106.168219501535,18518.51869481486,19302.739825258934,19159.85321414581,15330.855918150633,17834.096998610115,31141.899046559378,18177.305238043817,14915.952342444332
9718.474849032309,11681.83644765924,14048.073000224418,14854.845578145554,18171.53421966039,18563.037545140236,19898.61979764125,19221.566865869645,14874.596591767213,18086.64735375552,31780.765127267176,17815.658675307815,14539.554154195326
9542.690505883611,11675.861272762557,13907.866874425668,14892.196339111739,18092.04146613025,18309.201307800093,20112.221547681514,19452.206159981542,14860.316607183768,18230.684002354938,32935.528120713316,17997.023932547556,14504.400101204377
9319.238341907787,11842.55890053347,13917.406031356873,15103.43064871437,17940.668976138266,18562.465472317457,19696.889827736028,19518.05389239517,15407.407407407401,18011.260811679516,34955.06309633733,17806.346820124352,14512.978252814153
9238.106577752178,11876.13925560145,13909.353929005854,15021.050915412316,17995.15607436041,19394.08012746849,19472.94490884235,18991.284138557072,16620.844046585094,17450.199700474066,35743.32851886241,17543.990612147012,14865.131921855083
9499.416979801157,11700.854700854696,13960.684322044568,14759.091084670374,17344.015833529273,19806.788781143183,19123.7966387293,18534.122074968196,17650.854732959968,16663.056918224982,35265.51386070155,17291.274259671085,15396.968233390071
9211.486849168017,11535.259961612746,14221.638415914555,14908.717652920897,17214.1538786057,19991.679058079604,18978.649000368532,18340.273723811373,18411.26447691401,15594.837488292567,34195.183648162514,16781.705136082895,16155.535941943717
9690.00634004465,11657.419390328954,14280.019203774063,14525.568750449389,17174.772060710686,20116.889192998457,18832.781775326497,18010.630584682167,17713.238518911785,15056.679726148524,33218.89554224884,16932.630173110258,16592.490352500903
9460.849000198388,11855.648115504562,14310.120021243854,14385.576356889262,17070.481971039506,20027.93995424459,18373.786619412538,17714.003561992213,17187.86342135223,15511.241845536446,32295.547395703456,16492.21508009387,16415.0036658615
9505.845029419052,11561.105342102228,14051.35040639258,14377.148390220284,16891.34301449796,19857.46432770085,18175.873771578863,17704.078869540626,16711.44784339031,16056.381113567113,32903.56314094361,17194.804328137667,16224.082874456266
9726.161197027763,11678.321556246337,13992.172516610783,14477.930121692716,17083.013248843283,19549.28507735916,17921.747089083194,17426.410437232855,16866.0571459547,16272.421757499473,33195.003719548666,17939.825991693368,16372.123160827141
9505.032031487017,11817.5567286946,13964.980552933257,14557.28993122303,17574.611364054217,19253.293523809483,17728.13698531933,17113.7169961831,16975.250887349597,16192.489653857217,33078.05940850221,19068.92906782527,15958.566696778083
9822.939275128945,11999.865575522372,13652.30214827618,14370.48135282239,18078.808589500415,18767.15865169897,17679.218824805368,17182.069514603263,17284.381173720474,16412.079871911774,32691.83268077366,19533.2023943135,15842.997461565694
9847.07933241884,12140.99581041454,13323.173496277726,14609.937775380924,17955.45892203818,18276.385331393423,17561.880701568025,17385.039599523767,17432.561039959903,16641.140437797872,31842.297994843848,19707.191221145436,15519.926455952324
9850.867209287386,12008.390651800753,13388.124304815592,14710.760469940296,18150.970857317097,18272.458638335254,18199.22291157486,18387.47995990348,17116.4878721024,17117.139223165093,30460.400071962747,19396.26122099175,15328.400933826755
9922.653703041955,11858.801324027778,13207.689709715303,15043.062111784711,18077.79279980492,18366.274238321137,19378.429314485813,19091.407022105464,16794.502909244038,17863.719425430587,29953.39596979564,18940.151748043,15020.586122015031
9642.60369015603,11745.290407437304,12705.385620697592,15176.937614946037,18047.302276690854,18429.47645103359,20053.044816471356,19478.439036475036,16329.001256385744,17966.298871666102,30353.349327755644,18695.830693842345,14727.96376441582
9507.782745071772,12074.347647450411,12446.841261361074,15290.03915240474,17884.85484775622,18228.051930647725,19885.9217003933,19397.207469908324,16233.355032757512,17736.035740258994,32779.80350550378,18407.58210641592,14690.42424049172
9395.939921676236,12298.14921908228,12531.363012844495,15118.688818293946,17802.971972113533,18616.40694532621,19750.484638833972,19218.84038841763,16483.09460425767,17307.006351704782,34653.897055026944,18015.12076949053,14554.55186560504
9567.548060561001,12217.950824160782,13590.132618949516,15144.927503064024,17595.359131306843,19310.43517932729,19383.54571224284,18853.3961980197,17551.052782219456,16849.609423129063,36326.13598215915,17569.8954370631,14886.257563032059
9317.49359422315,12086.46564323734,14291.69366666153,15062.594282429767,17207.790270058544,19753.145522191062,19097.023725459538,18790.613443090253,18778.46291504351,16698.706718309553,36272.05672069275,17154.68520205464,15306.63592459073
9613.247541980065,11880.675095065697,14441.570155645892,14994.563168662655,16901.927912824813,20193.73716264993,18894.47667285598,18485.855101349054,19070.950048584564,16650.73884567208,35784.05143619366,16903.684511337717,16019.892826503728
9729.417817047022,11868.14539936582,14053.196151223274,14752.9822176917,17047.14014700728,20292.04029918299,18733.264320220842,18117.009117480262,19068.5522977615,16508.16900955355,34630.8656182074,16949.382961832354,16012.426135374824
9353.05104391142,11823.339004233358,13500.37160192346,14600.921658986173,17301.541620244814,20005.557827551995,18448.112487793434,17681.506235388602,18403.758483735364,16294.441080963465,34083.962321917534,16390.373495858727,15908.865975488037
9347.414411419193,11795.989929323265,13094.135485269266,14671.345029239765,17215.884427171026,19930.315085635313,18103.860893511694,17445.618716154346,18240.85299566513,16011.173069931534,33501.550699455314,16763.397754243175,15638.393769417213
9787.663474410463,11725.790317101759,12663.027931135897,14819.78579020522,17142.882944560075,19923.523096614048,17633.48764188585,17381.165545553944,17770.752494877634,15458.305084745763,33119.72639195259,18056.891800843547,15262.114959341096
10010.523707493408,12131.399362944525,12808.051635292739,14448.542535161492,17798.76325216721,19892.568385378854,17572.141158057602,17253.508935429094,17715.123445015746,15340.705133064259,32654.91449579315,19125.11437048844,14790.60210135009
10388.17607981139,12423.919047036326,12860.78705050516,14494.854232676915,18275.29325968687,19467.30969055548,17420.665995575324,17400.87139227059,17630.975640142577,15787.729127448338,32119.51440183552,19378.50614016937,14286.69181244504
10089.383145782214,12340.122806279443,13240.886375899292,14363.435501573875,18161.326644147313,18933.281471679868,17523.60373673757,17568.15479176474,17579.115859738435,16763.018545267892,31314.63055094897,19355.218385985314,13816.508433088471
10073.228140219726,12553.345070048972,13391.535848991163,14480.308863224041,18227.428323525604,19222.769085676515,18275.434866616473,18693.526412094347,16923.83551011296,17740.5504068676,31235.21666558113,19118.772016473904,13231.653130023367
10032.512794075794,12339.239342419372,13394.779038781622,14614.950803935682,18305.184279816887,19247.265962161,19350.88488213672,19191.00393462444,16455.213311025254,18380.2052555875,31154.018971677495,18739.00796475103,13026.98927463144
9893.410720176806,12215.20293984062,13117.703574721665,14586.538705840234,18494.564417410693,18914.093487975097,19865.299664915696,19761.049512083966,16219.147567728683,18314.13923362514,31201.007815868335,18332.800977247083,13140.303063400626
9781.263329799029,12112.86880606666,12683.500966355075,14520.581604417694,18380.878081461204,18774.951015056427,19735.964865750746,19575.309651392698,16222.12261628417,17856.611631712025,33747.481632962204,18307.40379693875,13928.479819056676
9582.932618203326,12063.509164286603,12737.913912215741,14438.550680515056,18066.112164496702,18981.029023572544,19892.372791193204,19522.11056045662,16645.712244930055,17141.261611153765,36041.585309696726,18036.803279134117,14568.7039923599
9472.87902405468,12108.091947101206,13042.6981794743,14317.611908151855,17853.07903818117,20057.786116989897,21105.834122506378,19377.35834812803,17593.364197530875,16705.906505675954,36940.76473477221,17914.51679692422,15116.323598016248
9595.84882761854,12085.717875084838,13260.5051257886,14131.7136708574,17340.012065419272,20442.744378321615,18657.11906572123,18955.73856638048,18276.733432539975,16487.054499785423,36700.423761848404,17188.598417524063,15108.748316023093
9828.178246358257,11947.936507936507,13371.985621377646,14135.492625622113,17161.514131211108,21019.04925734736,18737.227035778575,19022.472776047816,18476.482576675106,16125.608472989814,35728.69752246252,17291.74056570185,14677.807412617925
9759.140373277896,11817.004074688271,13340.748094449842,14592.313015639642,17410.244180467114,20635.398495958,18362.673155384866,18919.75498274777,17891.039975300107,15993.374451257829,35364.131679088976,17262.37864399611,14416.79633428808
9537.304776441306,11918.81821502135,13754.066545503736,14626.256605509676,17263.23978493064,20673.229807174474,17423.539561749774,18177.321091757854,17503.727824791196,15630.039564166907,34987.81980059147,17272.98567050955,14403.361303048028
9967.852194877056,11804.63772199496,13920.252604146166,14743.162060748507,17029.546021885104,20392.933030968277,17950.837449931303,17945.839232162696,17459.71001444116,15600.687058639338,34587.47023507787,17267.815827535964,14703.448729653479
9873.309144210776,11846.170364820466,13534.416641852,14433.165788916913,16957.67604585163,19930.87246696507,17499.004380724808,17738.526205646736,17269.01411655208,15493.534101237841,34228.644189780185,18434.084004030043,15059.823244350686
9936.622849179326,12041.97929710843,13820.901109323944,14180.72912868079,17177.89835610042,19837.25633639482,18430.78046701788,17383.71118538312,17180.528718436424,15928.266699996746,33143.6314230512,19205.685431929087,15074.889128610812
9956.702822277333,12309.72889171707,13792.603472314446,13725.995852623462,17597.311780205466,19379.628022238936,17871.838827798452,17239.17000107474,17005.930089173464,16797.780765612115,32305.579481290086,19407.882196027254,15011.438346930121
9967.86028250431,12468.815800856519,13441.66794409411,13758.13237403032,17637.204522096607,18822.80799331696,17792.7352528892,17530.09485339579,16440.624968308966,17656.420826076595,31730.86345627118,19120.528702231564,14335.544992407738
10135.592986969816,12506.093908158477,13193.730597855876,14051.398533950623,17624.371266262544,18592.619627024866,18017.571392085865,18632.981099282075,15846.356123410658,17967.46486099267,31554.823336791876,18477.38976307136,13896.753597401943
9830.02182625419,12095.123013297489,13251.295566717357,14521.52034046216,17411.66178069815,18541.281835992166,20263.018339359587,19643.349745776155,15526.733910515108,17701.986751822376,31714.884809953695,18421.125616848585,13905.601647180232
9970.167915245069,12121.922953960315,13283.763663306412,14625.09184169829,17072.675715981124,17914.253647586982,19463.874793995234,19750.24374056681,15396.81063672391,17669.213401521432,32008.89759068908,18262.403947752766,13965.506558677238
9826.085223642222,12123.969058962151,13317.95631528965,14527.896997498003,16605.414029426633,17444.54740633513,20633.39065755072,19689.98812755817,15329.288452925746,17508.602000772727,34525.49493484785,17765.554358429687,14456.910704465537
9515.527826883816,12108.58668096541,13585.102695941627,14518.229180944394,16107.33796105775,17398.34773531744,20652.63701084243,19195.73909286815,16091.386162328079,17282.48325105044,36405.91879391037,16815.8526105495,14976.949108055162
9720.9120552689,12227.93422307305,13762.956727500052,14811.256370342577,16325.038179992034,18022.00224014266,19944.81526367198,18842.31754497692,16939.81608077862,17587.01709970372,36929.448945257194,16049.415788048465,15794.022665512151
9708.406653751836,11697.951368808983,13959.23199003129,14761.585733528012,17101.613229255116,19154.18191678031,19482.69650674057,18538.861782188036,17494.896057148067,17126.214780956805,37078.80970883111,15218.328398770394,16163.47568991246
9693.085605015884,11582.4789219674,13863.832545935777,14857.76014109347,17615.352653142116,20137.648397646466,18856.898532037478,18299.05495406493,17362.946846765168,17041.73875942871,36100.742469297904,14688.790668047593,16499.328433816703
9499.416979801157,11613.200069682433,13788.466492290376,14813.644934937076,17579.519130473505,20372.762413156164,19215.342666505567,18528.390658072814,17160.560324413815,16430.63155787617,35398.88786858484,15105.424612177107,16126.138977186876
9514.29901924191,12072.0424768543,13590.137201039357,14702.783183905636,17089.991254296583,20371.04258355807,18553.31803108684,18072.204927628773,17008.536341649426,16146.947047893133,34828.5656572257,16158.422401298485,15724.41179459917
9520.66821037818,11934.294998173777,13695.46637535598,14486.581106994894,16528.478756470813,19652.71127217797,18040.23799907421,17474.745012985502,16796.68205065155,15834.079742536855,34154.72501191353,16796.02921832956,15842.195730483256
9869.738993998604,11985.513973469455,13966.40293544319,14459.768008070054,15978.806955849413,19057.41521084343,18024.406118667845,17423.79218718224,16680.294321839934,15743.015981777684,34042.06262679872,17787.203965111214,15843.414603883619
10071.343316062435,12157.2159800364,13861.174599953983,14222.656954392658,16278.733819194098,18273.539195014364,18040.98052544445,17110.093077370562,16562.557543466963,16183.120839623149,32767.371210652127,18110.46904012496,16186.297823883133
9988.51180400485,12334.560400974775,13728.94131728315,14163.766000285545,16922.515041165494,17887.52834850975,17946.21717160732,16995.54421003469,16410.54370466135,17161.609613163568,32341.851828684892,18073.602264685072,15933.531180696154
10233.03404414517,12191.927818876551,13298.816456629092,14132.983613565186,17220.271942925792,17798.206278026908,17765.230121912755,17440.39617040408,15874.899736820304,18391.772159642453,32106.807418050244,17875.38030911525,15283.353992830325
9982.019777537675,12178.436086040698,13277.529024204849,14665.384091015956,17775.90258396649,17669.436780648222,18729.650404882002,18508.029577510668,15551.388786324738,18759.832786325587,31762.688063897116,17397.065820394717,14860.946309006213
9826.397870115186,12270.617809813195,13433.212558022911,14966.895330585028,17788.49738937911,17817.631444318955,19867.91414419372,19393.519326905043,15254.579972888516,18365.56320332131,31279.70080445749,17795.20217659821,14462.546085087408
9837.850904904266,12233.513245238542,13514.126959279103,15073.074087442656,17648.95746833386,17674.731346097928,20087.198052110332,19225.19244166636,15186.716291533572,18060.2842706604,32442.597758148648,17679.867064019778,14459.966341844927
9773.455955710826,12230.948225712631,13429.515037638985,15058.230718860308,16940.07010817032,18022.581002658317,20205.283301432253,19279.681285488197,15322.913162797015,17684.116920163084,34518.6382334178,17636.920889826855,14506.82261208578
9598.396204429666,12150.23535401089,13568.738936459735,14990.320901688914,16650.08352943331,18635.47082611208,19817.75509313789,19219.004797597823,16010.720178346412,17324.22278112119,36321.18570500325,17072.81270254636,15037.98563527869
9806.269276626024,12227.106123254507,13898.762856929223,14747.772200821357,16526.335200665715,19131.7933571521,19976.40955472336,18800.045195797316,16680.323133504124,17352.397687711982,37190.28400125623,16383.962324339956,15663.9610679802
9725.541989225552,11700.157964308035,13841.058275862255,14952.907442117708,16209.029616991174,19988.56626127473,19592.91045250536,18701.91811527385,17078.972089424606,17346.552184302236,36350.38818887616,15726.057067441812,16024.893304791529
9613.852533411611,11745.676897941794,13640.145333026012,14990.213359137546,16661.827898157928,20011.8060540669,19446.631690817234,18510.22076696732,17192.832200281744,17054.333131883268,36397.227518069434,15448.201026877383,16139.48107304759
9677.902822796228,12012.867281052037,13746.729688131165,14983.458190494135,16790.39419570697,19983.111324883244,19195.16636294313,17969.98977930786,17240.051030728882,16787.874752089505,35548.7322772466,15337.378514960355,16001.787448748213
9731.88304544516,12161.126806951463,13802.002179000505,14532.621678764224,16972.94003245751,19596.374893204607,18620.681101706487,17635.507268248286,16897.28080706336,16427.075768579027,34775.16172426297,15546.150637732955,15964.714343012438
9809.063846513993,12048.986332440347,13916.997895447445,14422.447818086282,16727.05928850718,19614.649136696942,18392.581797283623,17466.601551800555,16890.01442087863,16170.889196373615,33968.841234306055,16359.744614395293,16164.798356320964
9793.985915930916,12095.94300154154,13826.91398902373,14388.988560653059,17188.477516440278,19339.54402145634,18080.727780081037,17117.102277773727,16659.02891410545,15876.357313121473,33588.04498044602,17310.378411391932,16384.50818934951
9750.497091642928,12419.105555191814,13633.95330825745,14455.178496015371,17567.659895930366,19266.992607816683,18156.634658479496,17046.264154172706,16586.440475039257,16110.186054492005,33124.9645767489,17831.951354339413,16083.985847546743
10001.11268803323,12512.85580120285,13608.046417059879,14396.376476245898,17568.403046358,18912.02586705197,17893.173966401373,17316.65052623204,16249.496020403114,16423.87728956754,32310.36420659526,18155.09603857611,15557.908191474273
10099.234443704434,12496.478848078501,13413.570890512861,14541.668405217495,17589.408018147715,18543.355608363752,17994.017926629233,17583.200289667944,15644.645267874035,17302.121994638233,31732.187025611685,18421.91553313111,14863.66661561712
10102.650440294765,12552.521643605021,13412.648956411025,14848.484848484846,17699.736551282254,18136.081786756873,18915.138897765253,18570.49449194895,15159.875773437267,17958.964497544002,31707.239800506915,18377.427274465954,14597.38572915919
10029.215276928117,12658.067968494592,13483.298254714004,14791.136558497568,17658.32491016708,18003.10504781573,20019.229905198372,19228.254360300405,15206.904908572884,17751.0941908105,31419.671315721076,18056.8974771873,14516.392452465514
10064.491132969482,12518.371418437011,13458.51013466258,14801.324582964686,17771.35634783732,18121.88244220024,20490.93933542108,19428.95998659411,15358.00963437212,17934.717492277523,32594.30011439714,17947.40476335754,14813.100961538461
9892.545688019783,12710.04811455753,13511.195954702327,14849.78391294228,18049.395381299804,17693.113433053524,20077.892424057383,19110.822613838907,15463.855921703347,17659.243997006357,35073.68050745907,17599.765512600596,14799.316744962873
9832.965127620275,12554.701292784326,13771.55826476745,15098.227988958773,17794.72895354653,18299.984528398934,19699.749508551307,18969.159824965493,15963.353464903783,17227.628500708903,36583.52229780801,17422.079494040434,15091.0255869852
9563.491669288114,12184.053808760089,13761.420491152752,15098.626951981987,17636.065099699383,19322.835974351132,19279.03629653797,18960.613481715864,16898.477044438667,17030.69546954834,37014.28488782438,16958.18356456882,15667.70927241107
9644.830276226196,12060.252716555635,13828.346779159765,15015.349786141756,16871.43536177155,20046.14253783958,18667.615131118604,18774.471637722203,17010.94661171324,16687.35732990876,36817.28313309277,16609.27466173788,16143.94294563071
9389.609619769275,12100.113636850934,14019.534006914339,15108.546337109801,16758.964250292596,19900.191600761013,18400.53969187281,18471.128188707444,17386.701928446164,16348.219590407734,35825.972075906575,16939.18560186026,16159.987017688403
9481.04024320863,12109.625010668795,14057.36173386176,14836.282690037404,16689.067464737684,20076.842476532922,18326.641219192246,18097.880811075087,16979.541285589883,16413.035857077466,35027.35554537856,16347.662411374211,16251.2077294686
9602.97418630752,12143.347089488918,13952.667204394169,14490.719572479691,16795.749612996922,19661.63233244966,18474.77790714672,17487.053184080185,17067.58107856026,16751.578354767476,34704.845464277554,16141.093474426807,16321.804360172986
9945.958435124288,12043.193222528624,14003.160330713325,14356.182306476807,16811.142312873722,19406.00527343288,18161.246369197113,17308.663613263445,16778.60405109514,16867.05733084457,33772.35110568442,16725.195238270375,16685.518021670272
10098.176718092565,11999.965150873839,13975.916819044634,14593.257356936434,17143.947020861284,19638.732982965506,17981.900405539243,17117.746592301304,16802.933050522413,16347.712472303045,33010.28500149118,17473.301277132217,16413.48275003152
10134.98222811113,12071.938182143494,13636.158518307227,14519.246378071073,17769.169970427825,19389.73065667044,17634.181957257824,17145.589049117567,16549.788477678383,15988.118653470583,32621.679293929217,18689.248510783633,16052.537402234704
9836.477705244095,12239.916685820373,13412.968181008579,14669.192980043212,18092.611585944924,19222.11479979324,17595.083786640185,17196.126825445022,16253.269888616647,16242.233134834352,31719.393961818227,18923.525538844842,15061.564639636561
9942.694371745049,12071.489058251995,13322.709314513633,14711.924077493604,17913.917646870515,18561.941202181108,17711.38302743058,17810.187545643555,16212.982308339106,17024.16430213721,31060.69544330236,18721.032305373792,14811.874817353306
9857.989503293817,11920.793251394762,13441.910773738851,14743.816014926237,17999.3945935975,18179.535013701283,18672.857835290473,18765.99330794158,15810.669877038828,17928.1739581014,30663.54839077277,18248.49487526353,14572.457133117287
10013.215326828036,11633.91240494014,13430.872106484918,15114.310170961578,17618.489433588595,18070.919265362954,19899.464937102974,19336.309625403326,15585.343519388434,18552.373050953807,30344.998480228427,17821.78217821782,14508.124347009842
10307.47922437673,11545.45712524179,13582.426170832394,14915.28471276758,17883.661660063997,17977.106401934583,20322.597733791794,19433.943883563603,15448.089286019902,18601.674432469692,31462.736086021054,17489.615624446775,14557.326111772452
10034.789236812103,11320.926839508624,13462.06679740948,15082.243863511665,17851.189679811214,17979.533510222278,20497.025864183262,19473.86480647945,15593.506867450918,17906.0191111971,34257.00026267402,17188.457460296388,14763.472095329573
9994.682072725376,11449.14431923218,13655.345783845154,15096.668604329285,17540.801541642195,18455.349490307646,20289.71792114342,19349.894250997724,16214.622612751413,17199.66460328459,35573.930519666974,16908.89503840281,14943.34142909578
9656.66174959441,11794.612781027348,13844.23579415172,15163.32162771521,17270.327242620453,19526.598116164383,19764.183989770037,19027.786323810746,17229.795532149656,16846.712095308318,35799.74148777225,16465.177705979513,15234.32719841366
9573.261703828759,12120.816616502254,13521.906282183898,15070.807370413559,17056.212164889017,20050.861743145346,19792.979628533198,18817.41562026589,17877.158496530377,16670.473536457994,35707.49131008032,16139.494813815701,15830.704637534092
9254.659136510632,11948.984834341598,13953.366070618995,14948.697938860862,16990.206550636653,20110.08272337007,19291.915998676668,18352.33126359712,18130.687044385326,16925.074049853316,34437.371804660994,16021.088245330186,15819.121321621342
9223.819251686346,11774.711530702825,13871.676425176329,14711.875248860397,17059.402050333687,19867.953578511162,18745.422032913568,17972.271125279778,17572.810150529218,16786.30848301807,33710.640912393355,15710.4984052177,15883.452209170055
9411.246507671798,11502.774018397971,13977.81980229441,14460.258843575084,16862.18413131527,19899.0478454203,18405.45914101216,17556.089061074865,17435.211883236607,16692.516270900378,33028.66360822052,15812.13135493048,15955.11570950168
9557.159855823571,11219.285303268767,13780.503612063229,14596.580443145718,16825.66346345429,19668.03045953111,18085.46224392092,17467.42563889104,17172.88927673057,16290.919329604878,32464.39067272403,16690.869034387615,16125.96296006967
9558.703425311425,10977.752890562444,13640.440136250734,14739.08667882303,17116.843409625297,19768.844128923374,17760.650178687465,17354.660651467657,16964.501230458107,15932.550992705945,32157.821809106954,17968.901853662333,15956.71003454836
9513.469735945746,11378.206690158448,13394.164204254035,14791.880115175252,17685.27644592685,19290.9614888144,17881.992817272298,17479.368662500387,16931.287946794848,15960.428422062807,31224.239883476566,18848.136127671227,15336.103901424314
9647.534710232052,11691.54767667995,13226.361264412013,14595.704496253255,17994.29768980006,18765.33410202816,17676.152207566087,17214.32301417483,17104.927302960845,16546.882568329405,30720.6920228594,18796.434450283876,14679.140889210084
9970.079883805369,12074.811089356837,13078.131967840603,14523.829652030605,17834.282225453768,18372.658111327706,17675.65274370163,18181.13916185356,17031.050909271245,17546.375632011906,30333.887767323937,18325.617283950607,14584.712398217758
10021.075355442992,12131.06363767032,13167.70588186805,14777.89691536168,18089.195848215124,18099.962229471763,18507.486551640588,18952.883415227192,16635.791128366123,18071.54400283907,29969.783607661655,18234.45973014839,14300.281892433952
10074.770440211381,11894.337448100163,13412.12751424698,14781.69304481149,18168.895519902537,18145.620660047844,19452.13179922175,19425.568896448418,16696.004011680343,18410.309912657336,30062.2539023784,17961.52715274696,14306.293960574822
10078.10531620056,11810.615359645764,13328.106030852843,15246.945946292419,17848.508255389694,18078.81085746869,19795.151838506696,19503.981828764678,16608.142135519072,18279.41339592849,31627.41650327241,18195.572959155925,14300.945384473176
9713.024941306601,11517.559597888716,13445.990716122082,15158.163239773836,17759.52789876445,18007.694541404515,19963.54429049202,19383.23057284573,16550.620323140978,17703.792826356923,34214.05876532318,18219.405618525645,14570.658156115314
9383.425571165035,11601.295780494356,13351.3131781747,15077.169254140103,17454.202418809746,18547.432382741536,19834.085695900827,18964.658889562645,17254.567509980057,17167.198390705144,35715.571987231684,17894.926224132443,14718.139991605893
9197.775804373128,11868.534964037153,13765.86301063326,15178.45819304153,17289.761948840387,19455.676424974652,19402.457318175522,18734.812976076766,18022.89865635448,17263.211959868167,36037.98835615014,17113.5078157894,15210.093134069746
9094.995325164165,11845.922061545341,13809.248798952814,15055.270455927917,16940.37396412205,19525.39674766793,19256.899377253372,18577.205834408534,18448.98581168958,17049.181289332893,35118.89028245202,16609.056940926133,15704.68592151346
9057.713805455596,11772.564763476712,13729.640710932046,14818.379113345374,16953.569604181932,19799.044127342728,18906.103601179562,18478.583192176768,18450.492013596744,16929.192003372696,34979.38897300068,16534.76736309919,15994.508434621535
9373.171613870616,11890.752044156714,13662.40459573792,14732.068843387267,17090.622373552233,19944.226248125007,18581.20549977593,18057.20057879554,18021.227488722776,16663.20304089169,34917.90064956112,16004.344007394315,15900.798709860204
9363.596828999447,11973.41954854719,13684.160298930767,14475.335364224258,17035.72579634157,19888.54235306411,18082.596306859814,17387.72506520462,17995.49262235829,16546.632910432196,34679.01234567902,16417.847377578924,15970.116262956852
9812.151900296538,11769.463237433289,13688.28611137536,14348.641500412563,16884.470716660086,19744.132744773222,17689.55295112884,16682.460712311447,17698.509962039974,16517.001816185326,34478.29656955403,17434.045031913232,15937.037947227152
9640.541471129853,11695.935687752539,13602.162886400607,14668.95757123397,17200.776178515243,19331.166985162243,17458.61189636686,16351.015547521458,17494.623946846186,16422.06063516046,33921.66925764048,19001.763928952292,15524.306331818078
9253.85680777683,11872.277241143065,13458.032367659574,14718.765056659973,17856.69046976236,18982.082770143144,17538.473136707118,16032.12856132685,17313.544219919073,16371.967934213826,33143.78840563516,19460.186142709408,15242.032225198387
9677.837608159429,12160.443622863131,13352.031788483286,14544.673578562088,18141.652720677368,18677.05454859974,17308.78367607206,16172.082396550173,16897.08339913344,17384.368556748002,32363.36243645909,19397.147087462105,14917.663069894037
9667.244380527165,12098.514742763935,13047.263746458231,14569.155630108686,18132.48094373542,18114.033624185682,17318.169635620885,16865.0742386362,16560.417013121743,18143.17778707145,31725.330468234934,18623.45718844826,14924.19801984408
9967.386148923722,12267.540117099084,13128.668465052984,14798.027813407356,18078.781111567005,18369.37923638474,18273.304217632085,18438.572351695042,16319.146058330587,18684.80811469685,31141.155489930665,18191.645256352585,15345.982521824217
9943.306249273048,12341.507329230066,13429.744616685352,14966.509329155953,17982.701340881114,18083.974061194385,19050.176523639086,19255.997928614328,16338.30514378164,18571.600014404154,31209.812789135303,18109.753086419765,16396.659843119094
9809.841127824684,12375.143585537002,13205.396087905125,15015.817109918677,17997.638217928074,18057.061322562655,19834.689218536754,19340.969413736933,16280.743125956315,18203.607452401993,32440.70195972496,17853.79843925135,17646.903795032384
10180.809178145113,12470.773893863226,13221.163871580722,14971.535608819488,17771.563421333634,18003.66092951724,19572.595259784917,18668.928697455667,16243.326616214154,18164.93408884445,34906.180204611366,17359.021416511063,18486.033156085992
9927.247600986786,12308.591827510489,13577.781467344053,14968.40171841003,17538.90712273395,18765.39874408511,19371.444607016092,18027.07840752573,16907.482418262436,17843.939794617647,36056.831335257964,17001.113288359542,19157.088122605364
9620.648101716843,11875.988478127063,13743.156108359692,14922.518932186385,17272.777800278862,19524.47275510645,19082.195393530055,17630.57494986412,17696.013534697457,17446.875450331303,35980.53437848065,16636.99002471929,18585.885630062337
9608.23623004151,11846.081725376032,13895.083415664634,14947.36632397513,17040.483611414853,19665.008291873968,18974.290185557795,17662.580662240853,18050.291305310948,17174.818364163304,35137.15602565181,16097.573650157641,17140.982930185142
9201.503099472395,11695.948110711015,13526.177024482107,14822.502637017993,16935.295761477228,19963.568661406436,18546.658828491058,17510.06522959016,18001.57907825654,17009.343998307268,33651.349756918855,15843.793804722698,15432.887408965224
9093.05720649276,11772.650682192192,13603.826753779353,14740.148843220464,17004.54191626223,19869.47552409846,18348.132920875705,17576.443499506116,18014.679883721918,16611.607142857145,33016.3740308991,15903.156789506384,14338.875247254628
9444.052745915453,11781.754963756333,13478.03783980805,14523.279607393082,16886.698315547186,19690.180428888023,17906.29354784466,17726.41038338774,17849.151041694735,16367.690000088756,32473.54574714545,16257.192485066547,14397.244095797949
10008.224458103638,11672.447262254354,13627.897676190838,14575.407635485795,16750.38907712072,19463.621839218584,17561.223901771024,17295.11431983692,17492.554941625607,16412.222568774898,32042.00148583209,17292.004926339265,15327.45028547053
9839.477124183011,11705.279070657174,13903.518781521821,14355.502965069076,17411.60116618927,19331.40204031648,17453.243814786896,16994.902734931682,17048.854489647885,16310.827049397752,31621.496190891958,18181.229773462786,16652.62956470633
10076.77940629573,12153.206799848651,13952.42052427712,14489.160372995375,17549.05018216004,18970.854814811777,17392.662290039978,16450.589652618884,17201.703405665023,16463.83872367594,30655.760475066905,18388.327721661048,17071.077235050358
9540.317730797862,12527.008564113785,13668.528242137678,14367.65398535523,17908.195121379336,18591.72185103497,17437.759283841515,16489.8840086667,17024.042034906604,17031.163523071278,29949.367088607592,18336.777246217305,17087.510104014393
9635.945364815534,12474.653981198335,13616.248338088923,14458.232314702653,17907.06547720123,17994.46957098378,17631.871387167535,17178.83663430867,16564.521069284656,18127.337939863297,29611.8248988471,18224.072910257437,16177.34718509912
9854.232804232806,12330.250408792339,13511.624336350707,14756.764748945368,18147.862816437922,17989.48332566017,18348.540953658612,18288.201084546698,16336.025998532552,18656.68867530886,29504.483139561307,18163.833600519058,14791.053853804167
9743.796445033056,12284.951741714027,13432.861947123318,14810.225685844263,17867.02045918909,18089.19734347146,19623.169917482694,19089.88368640237,16268.807906296668,18500.28177690969,29501.357537630684,18009.01878283103,13176.230659494742
10236.772343173448,12240.877625249324,13390.733255891304,15052.87000016818,17890.47104874503,17844.267394800685,19770.93018394403,19483.037101372407,16088.31466469659,18075.91856924902,31222.732935212447,18107.714239675202,12400.59586336526
10025.216259343244,12416.368607107783,13350.718916702861,14969.089549075727,17566.826054518377,17947.009952219032,19893.321457003847,19288.65625082613,16231.1416984997,17629.909718549534,33218.07475121221,17800.805788481328,12802.669325745725
9754.92854662286,12248.870111330792,13730.778673161198,14827.891502082619,17298.04908627833,18842.352370340097,19778.191445949153,18828.31768838682,16954.92490372281,17933.232996261413,34244.918863550585,17121.488843583633,15108.15101987845
9499.416979801157,12106.569196721188,13933.747539356798,14719.670848187427,16956.873196911823,19792.45874230389,19771.76622692032,18481.41126331878,17757.570879375704,17667.077918797222,34290.089496286,16522.722655993923,17574.484591491408
9391.718208632507,11940.412541594464,14043.019693242079,14893.925917108372,16731.702670161536,19928.68918120821,19259.84714873604,18176.014109347434,17933.277130497943,17477.04475308642,34056.507610381675,16324.491089077565,18430.75890517096
9791.390623051826,11854.815235667564,13915.744941632322,15237.667735382569,16852.066910617556,20000.91656567448,18645.202675538556,17991.220497319,17947.553853649842,17515.139726018213,33310.829891118854,16139.524681075673,17572.738531377698
9377.641662242911,11890.94083646879,14081.3063253948,15296.928146277502,16907.17753991993,19711.46001073538,18782.516921697603,17749.10460835882,17732.69374934762,16879.66904229931,33042.35150103753,15959.489525399862,16477.85032844862
9679.491195058905,11793.148648752722,14016.84473039982,14764.63850144869,16980.143478702204,19649.6593739361,18047.575052124845,17520.292425528238,17485.827813026186,16524.500419953783,32180.645907421855,16298.436969808707,15598.61316091551
9741.467196179992,11763.595315974811,13735.760911208905,14813.662112777085,16849.590589905445,19405.571718082458,17664.029106865528,17289.54105374612,17405.35464728963,16483.88540874302,32303.38938057328,17278.22851383872,15150.276483818145
9778.146305509492,11869.80150884929,13783.376437029705,14666.50925915115,17482.059507149203,19196.237649251965,17722.32809171323,16964.98304247168,17193.000181317435,16196.59748694056,31843.141810159712,18181.79663989005,15712.576766030636
9611.408446325746,12166.729883078813,13728.843009121456,14624.342549350558,17751.766963128714,19141.562745752988,17526.248204151423,17037.468327133538,17222.57408490576,16418.9113679722,30970.70043524368,18571.971995232136,16199.348582968609
9588.404405828367,12391.133324931423,13709.505584120274,14529.34335301485,18203.518517852128,18645.829309702618,17891.884181999718,16843.844388205067,17138.90986495712,16927.712853473142,30064.64135672022,18330.864197530853,16272.292081815896
9792.694001300863,12409.371888861437,13429.368742114553,14669.070752448279,18122.96344722592,18301.175635895677,17609.77127897411,17506.628809868103,16632.780879002377,18042.41959232588,29587.503598824886,18230.46784918277,15918.396204581331
10006.249305972959,12433.591691914127,13445.34887569574,14915.081748415087,17835.14902719861,18116.476790318604,18817.68340214948,18686.05634494178,16407.32947068572,18667.673320069065,29435.297752607912,18711.33246745992,15175.184055890204
10030.020116106944,12476.962025316452,13380.82051789217,15171.219260821405,17677.645799609578,18019.655915973068,19529.272467098894,19458.292923454464,16434.026246499543,18765.906302688636,29346.52944394623,18428.7311533028,14787.585092881041
9717.425330370817,12519.66850357859,13330.848484516286,15379.060619201784,17449.753246961736,17772.138115260685,19776.193351100137,19628.273364316723,16418.262274228447,18634.52313425459,31126.075570520017,18543.070782622002,14369.973785757054
9675.877825111342,12364.13816177667,13460.493546589096,15397.443503885745,17405.371480180318,17814.074409927834,19844.216130189798,19270.694327990408,16427.227377536587,18161.285460621064,32816.04376062694,17903.57955721085,14651.422027703264
9451.35009198393,12366.514832333361,13593.486247641742,15259.290414512436,17162.04696933273,19059.984747603892,19394.923092678815,18977.429574884412,17341.314275880188,17868.66775970068,33880.59977015616,17203.62400527212,15281.978664195682
9748.881314283086,12144.529914264498,13821.944071373966,14968.925865744062,17052.370282500768,19999.30199573985,19524.220996518277,18720.603258705178,18050.469325255493,17819.665605309845,34356.43135087091,16632.9802210761,15936.387809119995
9765.315176910024,12233.773690724638,14075.388740177763,15008.330638524163,16613.014305193097,20799.322129765587,19210.259694369284,18779.60269114262,18398.065733735504,17705.11105021997,33841.36746603367,16263.900729373878,16486.329104509387
9507.699484227323,11959.445547951302,13974.849727192588,14984.194663400247,16638.900014156545,20481.505052665812,18937.375770015035,18908.205655962982,18197.15920905377,17550.125682148082,33496.178540951645,16220.30636613352,16290.525873929691
9142.412658633952,12060.935815321778,13864.729211593361,14966.895330585028,16657.77533761886,20224.954125723667,18455.528143700183,18169.925569978677,18120.284843121193,17100.525196290364,33030.8702619685,16350.188099401264,16350.776140894579
9220.966819986003,11827.368629367757,13697.36660523748,14646.99561199379,16917.499440701707,19842.655912093047,18265.638389031697,17332.2492270252,17598.832132664193,16714.27653733605,33010.38159371492,16474.666341245123,16179.82446449466
9558.440171706377,12010.665303348545,13889.435390946512,14753.648825720167,17325.798151791103,19501.174796571173,17817.501097481036,16898.95582762975,17509.753359240996,16659.484230156635,32634.208442989504,17634.3081747712,16406.903356500352
9757.984268943803,11753.268067731742,13838.918034415254,14668.625946666507,17970.226671525405,19558.883648551884,17582.50953900118,17119.96473022403,17459.443867543552,16979.086665008228,31759.190836440906,18298.92517547639,15907.44979971796
10123.44231984595,12171.641299810999,13669.409634500224,14536.157488064937,18648.7208858343,19182.453614204453,17820.8191181695,17211.76841102776,17307.696374106443,17093.064190103785,30583.89477270825,18560.09330939933,15475.61857756706
9685.013182301047,12212.027998553845,13349.325353744032,14496.142740847334,18692.61707771543,18988.136669769352,17627.98043291053,17391.24408899636,16965.2084521743,18167.89033549334,30341.425162911506,18230.712060742873,14846.391053249356
9684.614330730239,12399.072287949282,13068.280205298934,14604.891600456816,18311.132033002523,18599.557726206538,18047.616861981576,18589.60514804268,16626.888405276353,18982.32147908662,30411.032454430424,18420.47099584053,14424.509957254575
9693.28555868612,12423.061996340206,13385.391749124845,15000.629653971675,17862.82471456055,18510.949888822426,19338.13259319739,19659.19092284687,16220.638602188992,19272.24283040178,29871.417855787633,18390.103785674295,14508.304672029408
9812.80809667147,12420.497632355698,13230.358603469796,15084.418708001254,17744.633178392934,18637.72331616261,20506.224804294838,19479.48693416357,16256.017791710068,18936.144427706688,30244.992879756162,18358.293075684393,14521.767800326037
9739.88753955309,12414.345490465015,13328.805624188382,15170.043434537942,17640.255794610373,18108.89007126896,21053.614595059084,19369.818969473577,16307.63942639824,18425.706918455897,31920.465924124273,17954.10969668396,14754.490937674942
10175.072291780762,12468.040113264227,13418.243552539912,15094.312561688525,17798.942195431748,18312.62162841511,20567.4994675026,19306.491194113958,16622.973507235496,18150.773737666375,34048.77901536417,17576.705836558038,14833.841106873433
9814.71442107884,12582.920654737154,13485.946499353426,14968.237947188,17559.941806362945,18852.288670922564,20458.01016060357,19509.32622869854,17647.73655128441,17807.386526766368,35066.47174097051,16692.368204869188,15221.184177374655
9758.918047025249,12211.981523667237,13524.579330871866,14845.522324125928,17283.686351984554,19733.035432958102,20196.399242554708,19496.60862529756,18320.931310601678,17780.450163190308,34619.406014437205,16476.996465871096,15546.477409628862
9533.346541592535,11975.156992093524,13834.87891207526,15061.636598228266,17019.32091408192,19865.16071120019,20003.712803712795,18886.1879107046,18024.320802376496,17451.97154213827,34579.000299898384,16408.07293304554,15738.592911374028
9262.840795603483,11784.269780417311,13527.263773681072,14953.400950253259,17136.297594987052,19932.709896107135,19575.576283968505,18961.684146243653,17924.78409487042,16918.18353243931,33816.419708629546,16006.609248305322,15756.22076764136
9496.944658862805,11803.86614526123,13831.686986363055,14669.563244119798,17084.632591857906,19953.392526321782,19339.179408032633,17474.59415629682,17748.80618600797,16492.625708810778,33683.45834572169,16257.985909237868,16024.751240057089
9634.959725468214,11781.678606261037,13761.58259712356,14501.366856244955,16777.589406545347,19729.66476418237,19006.366953956054,16957.58595414473,17606.375199809543,16014.877090983318,33171.327260097656,16480.430436542676,16168.471000810297
9804.400716416048,11709.581040941213,13892.63190419594,14371.364236353756,17136.558831949613,19232.039629586787,19008.061441469057,16652.57174715796,17314.88576699305,15830.929889853493,32337.405018166257,17202.770470148014,16151.901233004286
9582.165253344378,11751.325135063003,13637.501178276169,14598.38245603131,17815.89717894586,19316.19706639028,18863.04502853683,16664.340005020866,17185.897271940405,15985.461184784901,31496.916308230975,18357.584958792453,15759.268073404202
9383.956204755827,12055.158701702565,13389.871360533838,14618.73028757172,18198.142979792843,18958.83407409363,18575.677478499394,17240.353346013624,16807.43485212629,16114.644673651257,30387.54136451821,18561.186722705243,15314.312291046466
9568.172796482822,12386.093663496038,13105.201489790981,14575.435953942728,18217.48306602752,18754.080216491235,18468.011419367587,17048.923162947798,16639.58187791864,16914.967945179676,30033.58734383083,18693.055635807625,14573.777195223054
9829.45384340668,12167.601155718057,13171.978072023921,14660.714788931422,18136.57907692683,18374.421226830596,18665.530749403373,18525.60811636719,16239.988971769611,17674.26805984437,29831.720951330954,18348.69993276706,14371.98460151061
10178.956938087938,12196.983383975257,13337.514533250187,14835.112758305293,17848.76314870713,18330.810186494375,19597.218903827496,18759.00321722382,16041.699389324489,17786.780441243533,29621.18368558087,17643.98442637669,14576.007673518314
10010.821766346637,12210.315042495542,13353.330091824137,14875.538563210073,17650.40958013745,18281.285299392104,20481.548214881543,19196.371164907872,15781.780722049005,17684.572691861093,29959.939828271974,17412.684485231915,14208.16326530612
10052.827939711762,12262.152780812296,13462.308908803374,14939.059704435083,17667.28108281497,18110.344815750188,20791.83239068297,19368.921082276775,15939.20799856507,17421.756836629527,31706.51700219984,17309.40597678902,14135.368714640837
9677.555149145228,12301.72927245973,13311.727301146959,14802.906169146265,17636.454449521916,18201.910799589972,20387.949364869473,19151.71885390465,16171.08680809822,17103.008902044196,33746.04811485844,17071.759573047366,14425.874935486112
9444.568942956812,12305.443036729921,13574.107464062683,14895.263423446368,17603.867852681018,18766.299985185018,20181.354360723646,19189.289722623053,16955.163714124847,17061.29732201518,34411.25121742154,16757.80144008697,14903.732165442641
9577.522587764674,12075.398963216378,13585.455339300092,14933.532377591893,17135.20749665328,19599.4162290862,19896.789166915245,19540.815943104157,17969.128827252927,16933.327123623665,34748.95362478068,16265.194123150746,15443.409856635692
9635.181248135592,12036.659488991363,13923.853492215641,14859.318577837103,16771.25746683832,19871.64901227407,19505.980025116387,18903.73517757471,17914.424625549193,16637.917603439433,34195.531793648515,15872.865706613271,15976.89862032263
9609.91458929527,11882.871871907326,13999.316614229068,14814.523772917193,16810.079934078916,19895.268289527772,19333.60882169616,18802.21593045293,17749.98389623549,16115.448171864222,33686.47197045991,15458.691693074976,16253.442867066196
9581.86052883957,11861.816123979374,13991.032288613884,14440.216274159957,16842.59219021415,19536.997444647117,18869.4762322584,18319.278198672167,17527.29078339254,15570.258214543459,32895.461288878534,15298.365469933025,16372.817741702811
9467.184101409954,11744.658039199074,14222.453315453564,14409.59344551512,16907.185341455126,19414.3090122669,18407.778910742945,18180.48219542988,16991.777159144454,15749.899943993512,32343.580596649535,15901.9680178589,16132.273330775193
9499.93527775581,11657.593055535495,13965.106365160942,14415.72434867179,17181.09956479261,19265.24977825481,17709.385371250486,18221.180691383575,17030.771390900838,15622.056966511223,31818.250619676674,16843.10014294573,15769.140839808417
9308.36668572518,11640.277309509216,13993.126986723362,14727.013244221054,17589.144359070753,19232.256079503335,17458.206645612532,18374.497392837613,16755.20242353264,15773.301912415782,31369.612079896942,17927.864393966596,15568.226955260956
9440.340143047186,12097.236000881834,13653.275252989655,14691.1715842109,17855.398050457632,18757.427818012715,17729.200444103466,18075.578770645283,16446.829868171997,16412.7938319242,30768.489431106274,18354.811422612795,15246.794725070038
9614.163007153307,12415.550172912348,13458.84885946638,14825.350361272518,17726.81517630452,18573.92944334525,17280.160869702344,17951.153181798745,15939.961262659874,17076.672520105192,30065.840016157785,17950.023403617506,15057.568738240654
9610.151772301637,12301.341349164268,13644.726697224847,14665.1583075087,18012.345679012353,18256.088207251705,17662.453049069987,19494.55802138139,16046.801997642098,17641.452957222882,30158.891909286875,18098.01765344124,14865.418227215987
9517.065610005933,12156.953285015486,13550.649409884265,14794.498046132032,17913.292245070366,18120.803564126665,18439.582832089138,19596.178804644805,15947.065704224919,17561.679629006172,30167.60711854587,17661.61943216799,14902.078002746286
9537.882645963522,12280.681732113224,13425.377232247167,14816.71368640391,17673.228346456694,18158.521109317753,19443.960193774383,20319.693082849382,15911.089818532479,17266.485013623977,30264.24457022192,17271.66711746583,14857.142857142857
9387.214126863857,12140.189668539824,13460.306186868687,15045.829329162245,17603.140363631534,18037.01780858379,19565.769287561296,20241.067208242195,16104.740657534809,17486.511739179186,32160.92399068003,17166.144200626957,15172.172106580074
9542.573935722188,12260.205840115841,13652.267794823052,15182.144377546672,17385.233920197195,18166.139338668654,19212.1967716544,20491.020893786317,16497.897338526385,17394.242993577172,34656.87578494864,16578.54664357638,15441.029977895661
9611.851535973863,12119.90056040113,13506.452406512797,15310.290059797091,17056.130455103637,19033.590791382903,19141.499700543063,19777.25664640141,17428.097119569306,17365.497989093008,35223.493300033886,16317.345315541843,15600.531576053063
9620.082973633445,11975.090038031141,13726.596934412215,15076.278280291479,16638.258733312712,19433.684070413627,18914.149100482602,19445.293729677705,18039.61521160918,17063.143124415343,35764.194043099495,15915.958465783344,15873.724853671716
9483.856769126436,11977.796439110964,13908.86452981641,15188.60618415093,16637.72209832815,19691.627138147076,18641.091116207674,19185.06251163989,18190.356812576832,16739.868828020022,34916.44838190638,15737.95298022066,16175.39466057698
9196.83749093753,12215.73821480719,13747.387551113132,14990.379575868299,16658.058350840118,19387.065521395016,18384.943210946436,18755.424704611698,17951.637817277395,15863.472060346347,33840.73091679577,15691.48953658497,16465.394075225107
9011.454164796889,12094.438232776838,13679.24723080057,14547.649301143583,16876.388152930198,19662.455585952863,17967.24288117767,18386.985220231993,17665.23447468771,15439.140380517003,33284.484638169146,15796.320089056355,16537.303775292814
9131.371218863516,12161.010564427888,13639.281819258265,14421.805078847885,16843.822223439707,19546.346636538645,17736.16554643569,18356.354943924074,17539.823547553537,15178.796935685754,32741.611210776282,16359.508547008556,16503.716655092707
9393.334281178171,12142.030976316932,13175.052032066447,14636.074229365635,17077.59085882181,19259.713062464907,17235.985459962176,18291.308111273855,17358.30066512692,15486.066770587497,32644.90221009853,17156.414076912162,16346.511084934393
9350.755432756616,12218.812089215564,12880.451586531051,14554.324345499932,17343.1265414198,19194.555843227183,16975.023829325066,18020.8441714815,17277.939392631335,15145.269066177927,32310.195123920945,17674.026386809055,16193.973789398522
9532.464267019592,12467.800103039668,12809.031916302481,14612.944246734265,17444.45079135637,18944.35822245623,16924.371475943914,17743.295473890408,17372.35353938232,14013.63762965647,31895.78375661562,17764.212869701907,15717.52989125646
9377.381916989507,12298.305268801878,12656.280176681976,14405.859752693776,17781.0334976484,18550.171479102224,16840.743996028556,18124.614953088316,16900.160827700525,14318.861337707775,31557.853225634633,17908.378036311886,14977.732266626768
9328.00322687526,12118.465390660085,12933.651392752197,14291.654714135451,17865.608553990747,18414.30825596121,17039.848053181395,18996.898473015077,16529.777440403606,16227.018117564934,30714.921167924924,17876.61536463407,14731.979291119078
9584.435792999451,12211.296735779906,13664.576374929455,14341.171325730811,17609.627709645887,18531.301383298538,17998.915221259093,19866.26331379593,16062.090930165103,18056.170611671594,30856.11930110456,17473.78926193652,14873.225115668047
9589.11214804118,12439.417595895497,13612.641541345372,14511.755273447374,17596.936577461827,18736.080370031345,18639.23951668417,20320.42840477501,16376.126793931511,18058.263223279395,31197.179170001717,17394.683611034186,14540.15783581777
9590.666344695577,12581.21616548093,13549.574537261042,14242.841653477959,17475.656447407866,18381.889739040438,19068.119617029428,20111.43287819006,16493.014430604773,17784.734435455506,32250.918353709116,17641.51086871324,14736.35569278933
9547.192978038553,12534.817758940228,13423.221656485,13965.275789105259,17616.338762262316,18437.987492368477,19145.686357749237,19910.621376912,16937.182044687983,16972.377472492317,34466.40704594013,17023.85437114803,14912.795469162245
9639.65018843488,12696.872485060194,13210.291885543793,13873.565795053226,17172.302433689565,19042.66497503213,19065.24417837934,19585.745596590194,17823.956331136553,15974.38892214848,35526.92587834401,16569.348528674935,14919.234701329045
9813.443072702328,12294.601767343887,13035.284040259165,14113.223661747876,16685.2782587937,19984.408362390754,18592.975081504945,19002.242913116723,18280.4110737068,15760.989168482125,35109.96692100095,16203.576933311246,15289.758420307542
9652.823884224006,11936.616794686213,12741.116918040152,14339.808653178292,16788.04842288068,20111.330586829135,18375.061639286145,18729.315894552426,18164.079822616408,16327.467982124628,34462.21583215956,16215.80337532598,15434.021228845546
9501.418983279096,11869.8146686874,13114.654140041126,14545.036428011936,17117.844476361388,20083.511739099427,17990.865101976204,18682.68554500136,18082.55219627778,16642.59116699456,33596.7135973345,15948.393973101616,15495.816347182466
9316.853679799766,12258.080283069865,13320.076418873075,14613.260364075482,17240.314789197342,19848.17379773605,17590.801231437636,18606.29193085035,17939.444212740003,16145.111269063173,32899.10256208287,16189.383286665126,15015.74511865848
9303.92876099528,12095.91294899499,13494.130392177514,14469.332934537426,16624.918787602222,19878.329636744416,17278.219757044266,18270.377459985077,17673.741472842736,15709.019251174785,32088.166214995486,17164.02188921378,14643.212676265868
9059.596818664091,11932.205154433223,13594.568304983264,14262.633569019954,17100.132179076783,19490.267670326186,16963.805134325823,18122.77469362664,17553.236902459732,15300.29891844632,32288.28828828828,18061.996323688076,14503.111636558971
9167.438271604942,12092.571710452183,13347.326287910097,13907.577048499657,17216.57548747016,19516.292862148166,17032.28034929596,17675.143233875653,17278.799860957453,15038.143580631893,31423.470132273498,18623.4739100208,14473.799727423433
9323.645208284683,12110.667921440436,13141.833477409913,13466.586954864402,17909.900640738717,19054.73853140034,17104.999551137193,17608.292250751427,16982.24098844171,14887.601297633932,30813.02051518592,18150.407888158792,15064.349511569259
9542.451697688823,12300.472965809295,13097.580726015274,13508.476860571503,18259.405472597464,18785.08910938368,16759.840658629273,18077.15098483165,16858.321170102787,15120.407287989006,30363.864491844415,18161.48913737506,15292.45179165155
9668.151775895882,12202.67821824083,13127.959651522522,13945.45400662828,17928.72960444477,18393.84552159394,17062.577409296908,18940.675242532787,16398.23173462451,16276.171570197785,29887.942443768407,18001.186760032622,15207.193186061744
9795.906207019381,12359.251752331429,13423.074726805837,14405.460716624302,17882.37717225416,18293.263873442007,17848.135576729914,20053.47442680776,16149.226105949228,16804.558860581266,30108.991291381197,18298.118409569714,14586.79295496948
9344.817590542338,12286.840619233219,13429.268129507938,14674.617359027116,17853.394773372573,18271.868057611176,18815.509844537144,20287.098472051897,16118.50717679937,16833.03874567623,30209.291377498095,18637.68558363064,13893.101069418844
9265.015873015871,12506.36633638502,13379.2835657058,14571.456420280309,17811.555463309385,17964.13191300588,19056.61443648961,20119.051561289256,16437.21740157711,16530.20656613056,32041.670968402777,18296.08180600823,13515.201086876514
9209.23487590154,12431.629942178468,13482.060678860113,14365.735797723824,17440.881862322454,17879.833562972573,19268.95786260752,19775.871553542813,16737.068626749005,16491.408822185465,34514.880476781684,17351.460716748705,13550.399404193016
9324.444549079923,12375.925123215975,13709.378652641279,14101.063308662337,17177.00063182166,18092.527864176158,19132.254458627882,19555.11701450566,17239.253880595403,15991.748943774843,35144.5148535954,16413.736675358305,14767.014930158584
9895.832585425795,12146.65249912022,13567.451474816702,14004.396365398754,16814.625236236905,18204.64014065664,18553.769959501333,19215.391785226595,18002.57514687922,16306.538870060254,35265.45392741302,16235.902345267285,16245.205368100304
9872.76666188473,12062.985083410116,13605.966099397387,13914.954812448434,16641.549625158867,18502.298603177747,18530.841844529066,19230.41512618887,17867.125406548887,16416.501406290714,35523.75167584541,16209.885960203781,16630.143023892197
9582.951051877613,12022.554409655697,13576.261403394663,14058.442689120036,16763.12761555375,18671.13402964752,18386.246681834305,18820.208219230044,17854.39385148085,16025.614060789938,34228.02297101725,16298.176962262181,16746.345137180644
9312.8621224309,12139.737288631444,13612.862783978911,14431.742578512485,16457.59754152538,18949.31818940979,18027.551514474053,18477.49381285496,17721.40596336097,15712.819301636504,33631.95257209765,16259.540476721706,16690.26468042459
9069.346297131597,11999.825509570592,14024.200381694507,14299.906064429888,16151.076083116299,19436.373268026786,17669.295901345624,18099.945798792716,17562.956502496963,15263.572082436467,33219.12357882778,16515.684508569946,16298.914856885867
9423.488027815127,11805.690339489158,14027.590461115931,14172.87929885298,16179.247248745833,19928.71068289993,17336.895116462932,17880.464114787555,17131.807998842265,14961.19266649753,32462.863837073117,16769.183789207353,15809.05349794239
9481.02285036152,11795.78258605446,14069.246457940075,14318.196788046795,16343.86570638876,19522.102474725147,17316.79918891226,17911.146939327948,16998.983788380265,15055.471370966057,31958.10468861313,17706.36063367797,15452.10587781677
9544.434424079522,12167.089974032559,13683.830731795248,14205.066409846735,16355.34826091104,18734.44806454184,17132.9939734363,17882.371894983455,16765.64260081174,15224.416599821132,31080.47706964666,17931.799720891766,15242.234551332645
9484.542712019102,12244.598101590744,13405.48321434853,14071.79487179487,16450.467073902793,17858.503301180568,17078.642924042404,18162.647217883063,16206.595229791963,16144.66349922192,30667.32090284593,17882.329785611306,14826.0131719897
9445.98941814751,12340.322020021455,13481.433060773757,14386.906958043615,17175.560685648004,17266.673646766998,17457.62580818157,19037.44342762831,16073.16824098297,16938.798466996737,29873.788554126742,18316.329865307067,14880.812440859436
9264.006580265428,12355.298160420853,13324.893417624153,14288.942316293942,17865.79931338517,17300.847346896957,18585.049836783783,19612.435565376098,15935.774603392561,17256.320772693525,29533.15140676495,17773.781306241468,14980.457995920846
9464.416150053974,12407.605532647323,13420.147352758664,14718.768106253066,18033.418554372278,17792.843539244022,19298.5954491952,19775.31844386663,15943.32129049655,16890.929596327875,29872.65104947218,17236.817296712343,15071.262508253963
9721.206328989354,12459.83675478317,13274.014758228219,14876.120543980187,17761.032936014057,17815.796106429265,19694.542633104003,19898.11128682926,15888.58217744774,16478.657346644144,31375.836396192626,16522.91731507419,14809.243372917499
9663.81090116686,12407.761563217935,13318.042823600465,14864.98291006516,16970.981885312103,18317.673576298323,19917.383662439155,19743.586139831135,16441.212871287127,16412.632218137824,33355.96209835974,16248.076868246211,14955.81682477039
9532.977424702309,12127.12562798143,13631.81482205491,14883.148831488317,16161.038657333589,19295.020542647348,19344.810222305365,19191.37167135203,17209.625515565454,16483.2183398685,33653.73173968779,16025.961979421636,15129.264284851497
9592.48641940498,12097.325559982923,13642.1941843806,14777.745013872398,15674.440200727406,19567.80790062409,19114.680138643285,19244.21427076794,17909.198736634095,16800.578279010006,33157.8254377807,16303.564243592753,15581.08282032949
9332.329445939595,11998.904485923751,13966.012323598034,14848.874019291343,15602.437073360426,19843.72195449368,19271.308114288244,18998.22410377255,17831.05326629057,16825.226464034116,32596.492883541727,16306.013279971796,16125.544364435533
9333.535248644286,12018.945680994382,13994.80691843377,14560.710254709631,15818.360150151142,19662.59736240106,18887.412149642423,18674.557109563844,17853.107714859314,16436.760663902944,31973.291731720758,16073.651915887709,16205.249507732826
9862.618980303467,12037.918493132394,13873.538603620975,14296.628662041501,15868.025128353564,19556.793945648442,18317.347390892795,18184.349908138312,17676.61578129112,15692.797289297634,31907.237216420832,16010.084414711468,16305.489770507134
9872.14763725922,12014.537540468105,14128.047384090107,14177.812123180533,16224.97351462283,19960.84337349398,18116.81816450433,18057.70816158285,17603.42057089129,15137.654379997906,31256.139919646306,16429.587062743845,16217.799512694199
9487.68965437049,11890.461014815,13823.654239962818,14074.698526600561,16540.098594950912,19844.607618996386,18051.34256785261,18243.33282162489,17180.59843881441,14989.30732260606,31571.075071086398,17247.589969214816,15815.550819086937
9611.764793197332,12071.86415009989,13847.524500445463,14462.914077984875,17585.44034023463,19604.7263192717,17784.00252789998,18019.173802983798,17297.141765516477,15268.775317858604,30079.057029869167,17742.836452433094,15355.322154658803
9472.77233695964,12241.506219229454,13605.955779663624,14297.743087440063,17861.614949591913,19116.257951590396,17632.904075298087,17831.04603530478,16737.04861464087,15600.005286733103,29480.4115410176,18334.959743148273,15092.01642146859
9288.423282113632,12446.429584388852,13759.616814246529,14443.202305615443,17697.178119191627,18518.037778650265,17167.697560859026,18170.410848006482,16199.752419085751,16401.046352964244,28787.886002786898,18570.375607888254,14831.54755106806
9626.03971314712,12446.000783961275,13631.55844878429,14391.24154966527,17688.231934706775,18180.376336569043,17120.023419203742,19094.28121149691,16083.266065692285,17341.070244821334,29056.84410109208,18182.39458409043,14733.442010085202
9791.36893235468,12429.691011807266,13717.664167503646,14487.944002651426,17619.24724553831,18028.109089671707,17680.875353558386,19639.532908520483,15948.386487283846,17436.909495891832,29192.24198049761,17709.05600370081,14699.316566682659
9656.530227210542,12519.073380496597,13501.53745567597,14621.511472232747,17766.42061404668,18122.378675292657,18516.97275398079,19690.77153403265,15882.898701907106,17399.93068499287,29713.379239888298,17185.16728576293,14567.720322667774
9614.053610834822,12520.424889905498,13288.564178539942,14697.912099480756,17413.380298425316,18371.829832115014,19079.955292233117,19848.769005722566,15840.871358371383,17488.909470179733,31514.46945337621,16877.205233733595,14708.119311525641
9686.290895526954,12555.027476500043,13634.805894753657,15058.262810352993,17022.758640706787,18824.487368334812,19425.47425474255,19509.974435066353,16366.770076971748,17415.32577600318,33115.404003198404,16428.078786517122,15110.696903800348
9395.815802031988,12544.263185883448,13613.419517247043,14890.261126515801,16955.81903631401,19695.61834852464,19434.682907182745,19302.484391179158,17121.753502974152,17600.717084349817,33589.471921572185,16304.701324314081,15779.878245957905
9606.471953141912,12479.565268353359,13839.708502296342,14831.52191985365,16784.238410906037,20566.85320502692,19558.56407518821,19219.125022130338,17383.592315987084,17537.40765190174,33671.45079905189,16329.074311781878,16133.727223158108
9816.158435593665,12328.994738241185,14054.91843098673,14862.218163607753,16561.531716915484,20275.639557247196,19219.288732262783,18788.983923983087,17499.690880004084,17141.736714691746,32865.65161830713,16059.721581440846,16560.85899837871
9720.889539361448,12429.490212493272,13984.241329281984,14616.746532909368,16469.76107541913,20091.808646934143,18400.645072020277,18356.00282647347,17413.522713234892,16774.5630386039,32856.44106592274,15998.801234073599,16378.982598283908
9818.402348626876,12397.21469095962,14148.56622469398,14488.253244195206,16472.33896382185,19971.340414213133,18039.305117297903,18088.29666074439,17120.724679198513,16213.254715627447,32395.077741525787,16025.139600550849,16215.264670732897
9921.768709348618,12004.132208106541,13955.147808358815,14296.151988019907,16421.19241565805,19887.085635026888,17321.958060945162,17820.70941747078,17203.34191263315,15839.842342306796,31813.507931854474,16708.160837497016,16050.948566487301
9516.630355846048,11997.703208365876,14052.255598608128,14135.234122127444,16948.727435138524,19784.662981241137,16890.536150787317,17939.27646712287,17155.54727089168,15888.364716106515,31560.063208098138,17729.993316606862,16075.816398537178
9878.014887914735,12194.972155494916,14092.87530598044,14411.551923612022,17181.353541563298,19546.18549305432,17343.153074732305,17689.09111147398,16988.865323435846,15987.819430962545,30478.41963975441,18229.035486952464,15852.767995003966
9796.217576892932,12299.33608773079,13834.898408757024,14359.266578103385,17972.937202787274,19270.922359610355,17531.496305246492,17574.814595456286,16219.914796644232,16355.312137378203,29424.428249397017,18556.972830027342,15688.884620962208
9631.150385957637,12280.94855393227,13764.136311146078,14215.403840636112,18132.04083524946,18726.104213045197,17477.207816310754,18021.9059063766,15456.066630604953,17013.066670846325,29008.779083854875,18604.124213812007,15423.076954996435
9407.239071676086,12101.699351188721,13641.100499056392,14422.30615833113,17878.411002004083,18389.494812642453,17839.80568342551,18783.6439567946,14976.615470910257,18071.315895683718,29111.44848235655,18288.988668592767,15291.321089726978
9559.433779329069,12225.999894425699,13818.967867467665,14654.73472337255,17780.685770623262,18641.024549576283,19087.77302919957,19512.789380859555,14248.276098775015,17982.444471270883,28945.192603551524,17955.720286826207,15231.657554183656
9617.067359757417,12192.52834847713,13565.4494947024,14879.688605803269,17505.35739416942,18752.902318595563,19489.41905447372,19687.124969362834,14512.681760556789,18253.13880355398,29893.149786955106,17767.701236472167,14822.399622052802
9548.054844768012,12104.604101994904,13785.332238127325,14847.24891516804,17529.744716302677,18554.927714661604,19731.787253435323,19532.872585504163,15356.372652788044,18209.540139376182,31531.663119583438,17519.267728590505,14901.776361093951
9578.313452844111,11803.235433846101,13912.631482398694,14905.09972764487,17144.390465922068,19091.114924448255,19463.04892469096,19352.328005559415,16713.57384775724,18008.80668930589,33093.26016787586,17301.634824017106,15164.818220962581
9511.633436879456,11429.845254395072,13931.401823404169,14926.993234995636,17178.380423297625,19688.796472089118,19199.5340292832,19182.978445436383,17869.665180976393,17773.018858753767,33556.423478992816,17184.47112806279,16012.240126344539
9453.28137297362,11270.885925245608,14045.568388066702,14825.962591312118,17051.533312539894,20336.20793414661,19069.066572865715,18911.365085076726,17938.771867656185,17706.71969911755,33636.86116167395,16688.253429145883,16645.91412280952
9624.724356780853,11054.204105486158,13955.833080362603,14807.050967711357,16751.413327147668,20580.230560838125,19225.838264469112,18797.093354743374,17687.247744999095,17467.897086944704,33051.940559537135,16587.782485037646,17014.047284877168
9540.499849442947,11575.631684872274,14116.9776622422,14749.639139368623,16549.338952326107,20681.962943904808,18733.203493257166,18487.538169930685,16787.487699296737,16879.74578546599,32818.503019597505,16351.579039869352,16893.464948093933
9329.74342707734,12019.884937198398,14304.274556696739,14476.4808088481,16554.14466576666,20538.82266606467,18532.961080774105,18064.806050156683,16338.489437024224,16534.791795311245,31988.22226062248,16620.68025368452,16745.522343509525
9335.085224345106,12156.347259272174,14276.628929405773,14196.465132023432,16437.075850252,20156.519789214046,18150.722045617844,17662.430740896816,16163.716416319758,16197.913583362679,31782.54079590429,17371.556332679207,16568.17262142745
9096.757310575582,12040.790694355237,14248.528768067903,14349.65493092971,16829.479352218426,20084.379341828444,17579.561042524005,17566.22845463738,16717.694098182325,16321.996500615815,30899.287962351016,18405.959973204044,16161.677548427897
9329.12695447003,12086.919688070888,14211.44562726399,14583.144443710893,17674.361130588222,19842.364336469363,17203.34080405967,17532.024518161717,16721.740674932378,16571.759362613488,30839.829390158433,18586.489221399635,15805.517389813624
9951.981907128536,11891.802591544716,13851.025075863023,14352.626470440171,18108.20344931507,19358.27706284231,17223.64315304349,17380.636534807403,16604.48476530112,16730.491497787087,29513.171163260948,18423.157555233036,15303.89011979777
10060.573979087807,11520.278669186828,13525.166035289943,14254.85254988699,18178.061848085486,19036.88057430123,17076.79013704475,17867.50576794159,16182.752424091377,17617.997298788265,28712.181519710357,18185.993173630344,15236.5743299961
9883.889923590743,11280.066919107045,13892.890391799641,14481.461531305895,18146.963861681368,18843.986335418598,17412.905426586924,18878.060889598582,15210.930762937778,18076.06936853203,28765.093397497832,18009.598740380523,15226.86184531862
9584.005373292814,11332.854259080359,13879.678132159344,14702.320053609255,18056.712435189405,18943.798190488924,18670.562384591867,19441.28268009137,14785.621712887234,18382.788196612233,29006.27883908218,17836.168975382792,15185.961746867853
9565.668103765973,11602.629791845091,13802.254873026335,14821.962654266981,17803.501563612037,18821.03419092928,19343.041923893186,19582.81471204703,14950.304035995094,18640.086206896547,29700.227757655084,17904.208043539355,15183.410186979067
9030.74303805037,11783.02917624802,13801.947799269637,14999.57497800958,17641.426350499776,18721.91663610806,19598.4761766503,19432.183052446057,15488.028691749345,18482.635075208495,32228.456428341193,17527.7217440807,15379.452999049736
8924.725661890112,11898.96864280688,13894.9034885838,14793.285736646794,17666.537749255647,19205.391761073835,19350.58755140835,19301.995856278456,16422.422300191116,18140.10556446744,34081.501254149385,17113.641236046406,15857.53182482333
9132.849510391912,11866.585906559792,14009.854992255257,15012.100956096898,17209.454833322754,20165.392109256176,19237.553077773056,19207.463624927255,17900.701420645233,17917.897038519364,34438.14057834636,16607.275893589434,16507.451945394554
9289.021727521207,11612.748521643764,14231.174807312364,15043.046741896933,17007.051819992863,20735.15730138216,18579.021096661123,18955.648079458093,18436.865575761814,17603.51187584962,34400.481539374836,16177.410990256854,16947.062210438926
9396.360816833176,11284.39069133779,14145.866051319505,14802.863857462977,16814.10438040204,20889.280171266146,18558.007434730396,18524.420328739903,18348.473566641846,17376.2278978389,33514.41701270285,16127.794023782102,16661.879337867693
9204.392881016222,11335.063778274909,14137.763227586518,14590.092610633068,16783.70571707217,20713.636120472893,18455.079655518475,18398.976039029647,17837.939002109368,17253.776004549953,32839.364821705036,16107.600671486876,16424.907560395037
9808.955807183645,11664.473383999635,14220.13268628696,14576.083872034025,16808.875245993775,20454.83341620404,18042.30497926635,17834.944139872732,17356.563739142835,16563.63202352426,32526.208220523895,16610.628755087633,16775.65897377831
9680.487804878048,11877.818928654206,14158.266712215,14239.55916386663,16800.117925927436,20050.5155833623,17360.06589468231,17461.151662611508,16903.833475426214,16155.935102811365,31988.733875878883,17495.609233399235,16428.886710544142
9429.18405919492,12024.140134924086,14228.78475435834,14140.632948324386,17313.046148248686,20032.93653113046,17174.378730299537,17538.81022851505,16855.019757570084,16262.454150454947,32074.958312854487,18236.354655822448,16403.243081727254
9631.977501709309,12418.136126278014,13952.638053636676,14308.866863079436,17689.345973480296,19923.997077078973,17114.932789578743,17469.253676045286,17042.873033778273,16131.08938561872,31942.60208926879,18525.927125230413,15883.801080783767
9670.441523046054,12582.972799055453,13881.991000116379,14319.462956162311,18087.646975049287,19636.507645140377,16832.618741788418,17520.948768890667,16854.475664160967,16332.31905781413,31337.854110404754,18513.381457046904,15553.931174260486
9624.868902073595,12311.908032812918,13955.457697204389,14341.568323885478,17908.156012261454,19053.98885852103,16726.047003423795,18058.47430854636,16426.633136027398,17094.83759233861,31246.15396828135,18106.784269927786,15499.866130217759
9495.070797572353,12025.766871165646,14027.296082209372,14501.26916899289,18250.880244303942,18948.94823470994,17206.079321781548,19119.47447732599,16127.959321934544,18500.37149766796,31123.68838833796,17917.39849815451,15475.450805332892
9426.5499792097,11710.1426421987,13904.914740196631,14927.20269830428,18179.88305142396,18879.411129795943,18372.786423351467,19769.108183137276,15804.35900653826,18752.60882614589,30572.182933543347,17895.984037422844,15061.742938400885
9543.588340213602,11806.4766282268,13698.421863355541,14807.338325188955,18016.02056299353,18740.82711387197,19038.888165885044,19344.363664958124,15683.58330339736,18864.97298042922,31067.93734807585,17419.44094388924,15161.385035633086
9683.636500759503,12020.467758208153,13687.207877822764,14881.47245390727,17708.334027709763,18686.890479770747,18987.481922056526,19404.31948779562,15789.772807626578,18425.36111309679,32997.78420355978,16725.906483330582,15357.081010174583
9577.945839006305,12246.272600946202,13997.103004474828,14820.238629935327,17520.83295161116,19411.976122432377,19117.68642206077,18981.52334117045,16643.916730884765,17948.68288119746,34976.34224611979,15962.109928164358,16135.563478962315
9413.317914618869,12312.835496308937,14237.270309268126,14707.449889695514,17188.062814825316,20197.625301098695,18805.273069679846,18763.064111659496,17828.90243733842,17745.30388523026,35392.413164533806,15840.91355021795,16781.20954954407
9321.622453025784,12233.427260714705,14138.225740225089,14689.584225487622,16892.490732133305,20777.245668986805,18799.89740257704,18379.18115034202,18136.469983307747,17636.919704081418,34826.743985717556,15655.623110445042,17107.982794257307
9459.516347047558,11965.545403375569,14221.777343380376,14885.628909303721,16763.946751612104,21052.341219290494,18516.039182155026,18139.022633427114,18180.24376951937,17447.147977369994,34286.1405436228,15545.837961834064,17149.504151789493
9198.177025746361,11890.945405248884,14058.107819375173,14719.350605596934,16902.19268647109,20962.700096009215,18230.417133152077,17507.261883153893,17836.220971525436,17209.218887421455,34262.626262626276,15392.614347093051,17040.265843894562
9940.42365560069,12013.859071780455,14011.537344427685,14496.21880921277,17026.809165163202,20365.072282073634,17820.129618388262,17289.272013431324,17738.17980610414,16865.159833233265,33908.722569575606,16177.86506087453,16917.243341364087
9982.13380761374,11840.240095236284,14232.011807687524,14232.610997466554,16776.260565859247,19997.535295404836,17508.906778543613,17186.3392526676,17455.449835744334,16358.418453238506,33164.57984937241,17344.462864260353,16498.440607751072
9783.935157988273,11845.19346515748,14106.88089925938,14082.665919939962,17372.977084462098,19961.152828628037,17125.406238190113,17309.96811629335,17350.057373134867,16034.671278901016,32151.69936773484,17723.760235723475,16153.373397695608
9816.942551119766,12100.366229048568,13950.143503397154,14110.800932373264,17635.61988930328,19552.224042037913,16956.651128676327,17743.450661900057,17338.05601642528,15912.47626900797,31531.821226911663,17836.527564661876,15836.898907455612
9673.761024442349,12310.451745313836,13603.166677669395,14160.070481355619,18078.164037062474,19401.32592655278,16887.670666377126,17880.20844956773,16785.954180258297,16463.795515257007,30734.533272183493,17655.1724137931,15622.248638401355
10072.654187227261,12226.647064338977,13794.888837095985,14247.401499272273,17821.951982362043,18919.092736147,17048.98683980107,18625.103804689552,16138.535156529288,17505.070646957207,30626.538543793133,17614.814648720592,15558.84427148399
10009.04581800486,12179.67240912635,14146.843320843918,14555.497281952665,18086.580961134292,18889.218801548857,17449.25620802683,19118.293565761003,15929.960541393704,18141.166186412396,30399.473122842475,17141.629977763736,15355.2644835049
9939.6864726017,12135.51249447362,14254.272991494014,14767.806834624334,18063.42406663692,18627.862136565047,18678.624851239292,19595.38422476285,15889.209150097067,18610.03454311693,30105.621801569334,16998.03478753742,15245.107052316449
9685.386664761152,12206.13209045343,14158.067120709486,14879.411518649982,17868.37808011199,18504.916211365056,18920.306564335348,19546.207647298364,16008.778429681472,18388.094993273182,30853.475289764818,16821.22872379283,15105.462621598957
9428.700150416167,12218.902808654575,14497.016944257164,15036.217372770418,17659.833943099617,18594.0596807033,19109.09800538198,19192.018327674403,16211.838182051724,17770.094112129067,32877.90012311776,16413.348865165615,15156.089871992404
9565.980739549223,12264.252711875071,14411.988958934873,14871.070510376325,17549.682559501554,19446.626111821493,19143.25356674798,19082.001821472142,17376.598226271435,17338.871422936976,33922.30710283579,15992.42852988265,15591.89070074923
9619.638623170633,12157.416717331178,14470.439150969982,14711.645117985387,17076.851469556306,20603.858199724626,18872.46008316173,18894.29063344022,18044.36528229379,17231.540896648683,34424.34293350745,15471.058750029952,16313.194254885115
9788.119520486678,11931.919978809157,14392.036046922321,14763.481784442938,16665.09603284028,20804.131255161457,18710.515387821284,19017.534791249753,18285.06140031568,17113.17278088537,33957.31728592697,15616.008874544532,16723.844321848475
9602.607223290754,11994.288603377654,14236.568382168596,14646.80900976752,16712.238866371397,20702.532215914216,18215.97681085597,18467.09413979009,18132.743688962597,16931.501160534935,33915.37854147034,15159.00879934393,17181.641151010102
9493.61881604456,12034.519417976686,14178.34115883402,14604.415112053643,16897.28123817291,20569.05263503598,18106.728099710555,18192.1021410292,17783.29003179661,16899.421967484708,32606.696757855734,15256.450560606176,17344.218608310934
9474.691812690011,12067.979769421678,14237.31626275374,14151.050865591613,16707.358326177524,20307.796974549627,17652.539814429965,17681.92988717539,17975.26234357453,16576.145686675856,31907.894799265152,15821.605440536818,17018.705668677892
9747.435043259491,11954.008527477225,14419.734256604961,14137.315135716573,16819.605128863066,20122.973625897608,17193.9878210747,17492.108484453453,17469.008294783373,16342.176843885483,31585.57730600742,16845.968655498393,16868.501765509405
10070.998346306276,12054.436094629362,14595.449584552622,14342.344167659874,17158.96411448541,19735.884209092277,17206.754397813358,17291.96141138691,17436.415166172425,16173.484888682195,30526.22114347102,17710.548703350152,16647.21617427364
9739.892340998185,12145.857268851745,14466.592253029337,14577.000842987754,17986.713494195923,19327.026548538564,17291.672351844278,17175.53137541395,17044.149740463134,15991.865209203377,30261.667527894795,17855.628441926518,15933.67686722395
9930.080890057807,12307.902769227783,14209.300217855565,14683.942946513422,18046.820874942703,19096.13391428043,17001.424525514292,17327.340802215,16703.614626773706,16167.911237702509,29019.309613151836,17364.881219237268,15709.098958379474
10157.572860324326,12107.078296445592,14006.840082830908,14625.95546350009,18082.999325596862,18836.97636520291,17004.845898947257,17976.33468315149,16204.56871882921,17082.062704136475,29064.337306259644,16920.757211619944,15137.97061570735
10187.894175436952,12237.37466861706,13955.27617069205,14714.105993455278,18023.955861407812,18680.617221504093,17513.433006351745,19037.222587072745,16066.49288839464,17905.352469711615,28888.56711776617,16547.861148219217,15023.652834140721
10013.11310418736,12153.95259115417,13972.929632322226,15132.523798184347,17806.071249122197,18822.285941855833,18349.031681223387,19565.60195266145,16000.415950529266,18118.440736475113,29074.131003462808,16270.782471942732,14945.657412423212
9834.891410357048,12243.799577830601,14034.177884900806,15059.955543943897,17871.664584669754,18360.350321000424,19173.145488623257,19354.68191742192,15985.46988161626,17871.799590383638,29815.54371099267,16063.956743021365,15235.015765778575
9420.397915427642,12165.157882475101,13956.541480184214,15194.316942456986,17843.73761820712,18702.839256161882,19281.31261789386,19267.2323083946,16475.375689967004,17902.08626511471,31130.098698818732,15887.76964745866,15646.339555561512
9525.118185747997,12164.505203554223,14404.209825185486,15083.998884332366,17483.94689336642,19446.995134362518,19230.380187266604,18975.365665896843,17145.796650410874,17633.23725351684,32506.077468882886,15883.580530504976,16258.154754531573
9601.014270331385,12182.171424807664,14413.644369492888,14968.763922054406,17144.40953077208,20339.286514303218,18788.495223480302,18791.199235712415,17850.523781397267,17481.396514051194,32879.39674312048,15736.294696414798,16624.295166389635
9588.269199355493,12036.014661166362,14380.55844320416,14946.00689924803,16802.239059141484,20966.492042770373,18476.800905622167,18478.3481761447,18132.669784324866,17163.381705813103,32448.647563217342,15779.143765334975,16437.288257777804
9744.155866563671,11803.709401954617,14151.562084509602,15260.977533164114,16801.293044036105,20635.178953988227,18283.154818038456,18350.079573465267,17946.992836644768,16831.04355847552,31618.985438100422,15638.687159645799,16118.518518518527
9850.1768485412,11990.63023196076,14220.723136244083,15103.78817244221,16554.691780250014,20622.98157286942,17990.659715460628,18000.110283981252,17866.554464319302,16541.662334799614,31047.488546147662,15957.359166174067,15986.463333405416
9790.136210787408,12064.832203864493,14249.578414839798,14642.773362761578,16512.105345161646,20604.004523867778,17701.130659592916,17536.568877708367,17445.21624627095,16324.304692668895,31260.883583307816,16402.20156018547,16324.775135862732
9955.742894045128,12058.826910131911,14537.339207548332,14340.353989711064,16652.76316492963,20650.320609255326,17475.470632128567,17211.236697793942,17351.75659774752,15975.499842248413,30292.324961469025,17274.59405951587,16485.05074682283
9970.80385173525,12052.450090826396,14434.790224548095,14256.84450710387,17286.88961363747,20423.20900785747,17053.82435960723,17213.627795943943,17010.995965799102,16195.01740017616,30602.452098378213,17746.99090344162,16128.81686228128
9959.218370503815,12241.450740326245,14141.364614911481,14416.973547092695,17756.991243172615,19967.302903497257,16950.04517800576,16970.59830326475,16851.51684532151,15881.64375250369,30001.69572584353,17940.395730031047,15536.961338209407
9896.970557106413,12242.126325277959,13873.336540003203,14474.488271402217,18262.902705185246,19714.985655803768,16997.886831962172,17146.425169557875,16496.187506257942,16122.79828043558,28870.474190352474,17915.895148433166,14722.265388932072
9942.042491731188,12103.169138671321,13858.81902156059,14564.663366129798,18611.67598580287,19410.879189225332,17106.47511865568,17680.61550046569,15885.721112515846,16695.112942765416,28546.555080195005,17616.687622594778,14499.456340751974
9863.239272032499,12213.658881288413,14089.51052467686,14715.044401746001,18332.09414524007,18653.338649006364,17666.096757027753,18697.773748224143,15926.667336820685,17385.344855390736,27705.028702662847,17589.22098004919,14562.533081144153
10160.211242274232,12251.18395826029,14135.181849478256,14867.37548056559,18415.581191847705,18845.149501909957,18726.701000101173,19333.140507594853,15662.467866748475,18002.690989482468,27792.654320987665,17161.647702889437,14510.635157708026
10018.533694522224,11989.416804491768,13955.101127715418,15098.507331652707,18082.611854203347,18868.529864482545,19291.54783712651,19049.898785291105,15917.396002059595,18010.43707119108,28606.60167138863,16736.77944611278,14843.615926726492
9669.876683487379,12290.979392922043,13949.262142291036,14968.177497250323,17985.739300655812,18964.566369450476,19539.430794931344,19294.47009780343,16191.163277289003,17895.81280238304,30639.659585302805,16155.33952529433,14994.875808329467
9841.492045939192,12059.402515531297,14066.569271011855,15047.133967204503,17513.68504045901,19886.326666515022,19147.048243790126,18945.16568530615,16877.687043894737,17837.230173416683,32346.00406172278,15779.969902341203,15303.407256314173
9632.700177940404,11988.17159804125,14369.733995163546,15059.072571597864,17029.693987735336,20869.17641332202,18796.282527881038,18679.642551449,17590.58698139364,17587.367812792338,32076.595232351323,15415.742043027562,15630.247284809746
9660.344622661396,11813.132758649013,14381.712690311035,15150.638193516743,16960.774070530733,20933.99087493291,18673.521139113684,18419.433058848168,17508.011087356284,17277.36625514404,31329.102325325537,15367.705328252952,15726.951365866993
9600.838574423475,11811.17341595711,14267.127377319308,15058.62329418839,16870.993077727984,20631.783692599707,18272.603929848643,18229.571374156974,17408.4366185559,17467.096245177618,30499.38657369573,15294.545864449945,15698.018842136364
9588.235114494499,12266.447798879854,14259.474109430317,14791.890205963657,16955.165933828637,20696.253429666685,18178.805472339354,17934.880362938988,17276.173310858085,17236.119457236826,30291.145572786394,15477.038944923184,15752.641589466102
9621.223335558547,12078.913510665869,14443.983402489623,14443.859214510407,16887.308573008533,20305.982550206976,17867.452131537444,17358.387133741122,16800.08486419463,16718.589625385583,30978.010949821368,16201.025196736702,15782.039779618119
9548.77145597573,12114.563678068567,14139.751510451644,14197.042667023696,17090.929790108126,20194.831904298895,17535.241944150956,17292.298516791077,16799.312602278984,16610.814215965664,30781.53804204642,16758.1476497261,15733.518485855524
9936.58563666904,11851.72382090947,14130.791739898075,14311.69936917063,17633.72204740107,20120.19743279783,17044.623850314692,17214.870933670412,16806.449360370927,16561.534772212533,30524.995818739524,17241.337117061168,14951.443876617566
9881.645532538187,12022.560698486264,13798.341149607942,14525.854764195994,17987.650140660648,19912.3718706572,17046.15219825217,16871.531167957626,16254.515737140051,16666.66250731386,29645.296701756557,16908.99514246739,14355.6048198681
10364.82443134649,12234.934214439265,13703.02970524897,14533.911880581325,17806.44575830898,19180.550690744087,16829.707785072544,16932.630173110258,15906.696579432744,16874.433594725768,28952.47232568907,16972.027768569653,14158.916210457644
10265.477311486187,12342.972271796763,13698.284724910742,14263.90917971919,18203.637209428434,18989.30440857524,17134.494825542635,17914.237050395765,15639.275005004869,17422.41761648065,29258.220317606923,16728.300819903885,14230.548888794116
10086.330219556121,12208.079162127435,13880.789976797825,14504.631106385494,18015.140848786334,18726.357175572124,18656.239111772036,18665.16188425936,15454.637748061983,18250.531541667424,29163.65923223422,16569.61035139833,14338.908573812592
10037.74537171007,12089.307507600546,14140.252971917438,14608.275619793232,18154.708351570025,18590.142960383142,19355.55001320133,19210.043212087923,15375.849971167763,18324.864070466447,29898.463532344384,16096.932571334348,14398.957532913266
9636.00248292986,12112.248454497092,14159.028030509411,14922.727115537584,17965.605371453323,18868.56603988577,20373.001142529018,19432.79376850725,15464.316754374075,18606.32329883995,29877.197363368305,15981.916931133243,14258.413859441986
9634.838776892224,12047.813662541144,14105.925965394215,14959.74264439876,17438.53269180561,18768.88753588947,20409.61686636111,19274.67709215642,15812.545883836283,18309.702907336574,30231.08053857488,15425.94821054508,14522.991081495
9763.749518538792,12198.859950494534,14292.016223026798,15127.159826550105,17406.54368945473,19533.458413504424,19929.852744602496,19022.726106385162,16745.72499867248,17839.5061728395,30985.47160862215,14796.44646283075,14671.166929208133
9697.76860006745,11894.222904336426,14427.672510409588,15100.160499630487,17136.797462414303,20521.018471738666,19556.23655121333,18761.670656586633,17452.713018077593,17729.269516148124,29909.054443742578,14671.052226516942,15202.554067340792
9784.97124703422,11836.63847979629,14405.876962893,14963.528997812367,16928.990364126734,20576.086978444968,19295.198501132345,18458.353927243163,17495.933503728276,17545.051049198137,30155.06266033979,14375.461173335096,15385.757280734453
9503.397374615806,11755.906831821243,14502.144149045325,14808.99255354085,16852.189255593494,20688.55353190324,18947.06735469802,18292.925452900974,17422.26173963002,17413.876268999946,31155.165113490573,14405.851195369161,15586.542533931351
9308.399920243728,11886.880695703743,14476.686297571223,14603.049788628512,16882.650192911282,20439.411070874852,18632.535191945746,17858.984557049007,16971.943892249055,16951.5741965236,31554.008363935867,14456.544465550049,15739.597192811609
9564.303491781871,12088.775178687463,14514.965234243435,14476.770620496021,16599.271454235113,20403.102446305355,18563.465257098946,17569.59753099856,16824.908992760687,16755.855922768376,30383.611499616916,15138.84148637754,15599.898735238163
9743.8589645365,11867.672525598542,14372.99056740333,14374.814042871456,16964.563072448218,20381.200868969205,18359.315960756856,17220.874401316174,16922.887439253805,16325.739759666467,30057.504080059607,15974.891960848128,15379.055601647982
10006.298084420034,11884.685903415608,14414.217466364275,14380.523019622226,17222.066618555695,19960.79561682451,18060.19801980198,17325.895143477366,16643.09447981,16140.416510786887,28391.750297942424,16561.857503732077,14666.362829935319
9908.6659475009,12251.061779049778,14263.183395080678,14422.06381353669,17703.80088423022,19673.868103920497,17837.822105188974,17088.830148445395,16193.33902245891,15857.528267402391,26500.24930410091,16693.879892646273,14326.900407691033
9956.406242363764,12388.284807609067,14080.044259678058,14421.1041912559,17779.766265058013,19116.38773148451,17508.13764624182,16979.638596992092,15994.121651274965,16328.648162209282,25544.379509553743,16584.425825187394,14020.065979661942
9815.579224175344,12142.615849787659,13999.86507958134,14177.88196901786,17884.37112797596,18841.025272107934,17465.513935739073,18078.636246559257,15750.652035428377,17295.91541332341,26156.288813607705,16480.102168920188,14045.297880157139
9828.429823057117,12170.379838786946,14068.394791286359,14451.786695373745,18008.66840266031,18770.68492621853,18210.14609513626,18885.20929288315,15586.208202643353,17818.875854319638,27407.563060753862,16309.350466472355,14143.437884588498
10045.367178101713,12087.696032026364,14183.522026367797,14768.267461075064,17715.910582667555,18939.967973050156,19254.05470700737,19396.279543287197,15410.060609075608,18087.124871773478,28045.164557587443,16311.759821837339,13964.334816418146
10133.15896813164,11994.698226214272,13959.609434784088,15124.08068511709,17731.017452080898,18589.513218864147,19554.002273476697,19387.891961489142,15116.190767001803,18091.18239979451,28271.061798452538,15786.604836577388,14035.853391150751
10090.677309675923,11900.460544138707,14025.813220316102,15302.780707334005,17620.814543692137,18896.540143534028,19647.263520865086,19348.366036810843,15657.336138541503,17692.35380602337,27724.845774063815,15205.585725368503,14230.691491151032
9713.970836672277,11935.155604817151,14115.469372389549,15165.87427531297,17308.390309803082,19550.44269178704,19229.402020262733,19129.993627114934,17156.44001280221,17024.849440449667,26960.392886569192,14396.150832859275,14404.871998957944
9533.09481216458,11893.456685399868,14297.130124134343,15211.193508629813,17019.011130199277,20188.04868677642,18771.028875115844,18755.558371394858,17872.56635359556,16747.92889018788,25923.753420651323,14220.814283093127,15055.350343938904
9389.866592615732,11772.23269801213,14321.673475736472,15051.423607053523,16863.579520139916,20375.090857944328,18740.085432462347,18611.27102923303,18124.32067573907,16935.029128306844,26262.626262626272,14463.503855222516,15565.617759336921
9391.782022682171,11727.03944399249,14013.19674870703,15028.31802956382,16961.317576471123,20402.20458553791,18604.13854991907,18221.081026567193,18072.497118658044,16842.014128943305,27842.560010774483,14607.594138168146,15557.527303478928
9550.607576744236,11859.56691515797,13892.25335288646,14949.806949806954,16683.86986485166,20431.361879985758,18118.604748469297,17768.03978278905,17757.36632849294,16507.238066179398,29110.490443284572,15016.944738899057,15727.47391386537
9866.093665483811,11479.597642853276,13659.128602216942,14808.972994820584,16616.467000682103,20079.600149426376,18209.84802163499,17520.545368283307,17408.853371240944,15843.576027475821,28716.075882150904,15761.658031088076,15500.776003273415
9874.729891049763,11767.90073997411,13183.762374537342,14648.008395226198,16672.66327727806,20003.8345891259,17703.93577205032,17206.71510069102,17137.935750354805,15373.666907766801,28563.574536183693,15954.506246830415,15299.684327006731
9823.518831758043,12201.52314625955,12987.84067085954,14654.87638452506,17278.447897368096,19677.474825081554,17252.53898138709,17531.571910188333,16773.839250424317,15452.483827761893,27172.227129242587,16325.502971251037,14767.145868638983
9732.617375740048,12688.376975824884,12712.475422744807,14541.785375118718,17664.414233557723,19448.334627232696,17292.126197452486,17286.793481828332,16895.839763374486,15303.360915936426,25636.04852686308,16449.421615226995,14339.543943095903
9680.56346945235,12710.721791181892,13194.968401896906,14347.89818787533,17860.26180466647,18789.63445873901,17073.492626371146,17266.572402260434,16252.297363013166,15473.634777737989,25116.73170104556,16801.642062170256,14370.74048826151
10288.157418102006,12706.588485811673,13833.441136971163,14444.786536117086,17852.316766271175,18485.732427564173,17053.654425612873,18244.755858292236,16216.024857701592,15982.346632361368,25078.93326754887,16386.40850184622,14312.540165736511
10215.245782587472,12519.714776731476,14175.535113407985,14565.078750210549,17820.41039998354,18345.679397447147,17887.96506256824,19149.194290823496,15978.915826484515,17370.293028014938,25460.937425789863,16587.506630103097,14111.331569664924
10145.031763154742,12222.495572633818,14174.994144612587,14636.768799968113,17830.31015890382,18422.76926961612,19144.27686868675,19666.064035524043,16006.438619271134,17805.61186440025,26300.005379630213,16373.131903833655,14198.343491170499
9906.740583034205,12139.451084338625,13834.608881615544,14747.45320810976,17737.425129045972,18804.378122462484,19416.64956738826,19716.65224501214,15706.970259349275,17402.512113562832,27444.755059727308,15560.749611020292,14569.129143211392
9458.587257227367,12106.793457684265,13510.270228439522,15022.687350008657,17741.296843445656,18843.32375652861,19270.461194828753,19648.46641915787,16074.96743110003,17078.258568405166,28549.20218051697,15173.667590045903,14696.059592205682
9463.533861414397,12098.847886397576,13246.840999088503,14777.07769252735,17337.647122919563,19828.761639910656,19016.60718879507,19305.11871156182,16967.624086671705,16330.263243843488,28989.59212376935,14798.436655457825,14814.37534775571
9803.128264604773,12049.306648117785,13263.517356476075,14949.03611018579,17308.078952446114,20427.552078224562,18593.380743716483,19066.70914652182,17680.235080135237,16277.246203560886,28936.697959530316,14638.890812576743,15369.42070275404
10067.41573033708,12178.345124150364,13323.362804510307,14995.173333702991,16866.016772435974,20676.428659899386,18427.625916436038,18590.13614245705,17887.45804909274,16325.942739588507,28389.560646746853,14486.474797515142,15732.853053097395
9784.00606362702,12117.47946007376,13556.028596072416,14505.359314092211,17022.66580741771,20426.61036345504,18360.660007310995,18425.15517560436,17871.05931880657,16589.80657913314,27760.552437164693,14719.854037007117,15931.002618903183
9600.318555232225,12258.734524653877,13934.804546603915,14061.181624404158,17212.034006231122,20478.261227649724,18401.762935833234,18304.40313691226,17585.46376505388,15954.30358014451,27270.863965747732,14839.531839531845,15872.990843337227
9527.861168517427,12015.966718317588,14169.004354958879,13557.268366071119,16856.56390306697,20581.252210150527,17810.81897784803,17423.012921159858,16929.07892824957,15337.611148981272,27053.574651373692,15785.590827055928,15469.313188248198
9723.23662281975,11886.397645993067,13744.490360446218,13192.132441705193,17099.689036314758,20191.75498412644,17522.942268185005,17300.590130697656,16940.123740860057,14690.149861243533,27086.768291988577,16713.22169435047,15148.238262593492
9688.764143082251,12099.360288611279,13346.34542596267,13616.983576514998,17577.434800942785,19983.52860505074,17071.049694141802,17211.817583425393,16821.91868136565,14427.700393682275,26790.5119233754,17772.203945371046,14677.651216658316
10121.326159790971,12332.707345267974,13085.30449216723,14369.111427843523,18001.998000615728,19628.16935847127,17188.114626191636,17353.540055365578,16540.098594950912,14661.425597878544,26236.56313085041,17906.079887869957,13871.829823404281
10108.589318957158,12503.010723028243,12918.3161518443,14697.907320711845,18194.243572148032,19073.21307246444,17274.618375744885,17642.163610149983,16424.43185382524,15012.636366745328,25375.027067284962,17293.678044533048,13407.748376973139
10046.635910260282,12312.501154060632,12850.384946505017,14833.450559925966,18188.818065554893,18690.295241898373,17379.293250106577,18909.006329243606,15885.331740717449,15711.568516337527,25070.026335994968,16797.4878590236,13169.606427926434
9961.608257613509,12276.805506581131,13322.34944455945,14757.901804344769,18006.405760357844,18691.161734155754,18201.452261156042,19906.82584332374,15799.0135313729,16944.218214724322,24900.686589356465,16539.523110585495,12746.21759652895
9966.186953202676,12232.668720692354,13764.11028445661,14530.882184612869,18056.334604067444,18757.78530146027,18918.217338822178,20233.905121378575,15546.658250514758,17343.189011550483,24808.83767952274,16322.272770109916,12904.699140791468
10041.83813443073,12080.469195724254,13767.352863552389,14214.054940749413,17745.762137208185,18318.923012763975,19185.63792765581,20023.27701522548,15594.101586900513,17617.61139923123,25830.268549804,16162.733552037007,13463.188721518505
9787.450109723983,12274.656269361352,14033.558234737131,13940.594059405941,17715.323166303577,18534.945248524175,19255.733708273616,19309.55858874918,16145.239183756912,17132.474542898213,27706.192323958472,15987.191802753765,14450.3354879709
9752.07306837062,12132.688269047603,14071.933322156956,14184.637856200536,17185.182018955813,19107.427952550366,18999.183123697596,19206.398204302386,16751.912821225975,16653.37132003799,28436.263336823882,15855.0269062368,15533.218594121348
9678.38104863252,12269.254199219811,14158.916210457635,14468.538571459836,17078.890576158323,19501.323876199443,18769.905331340306,19236.252139915712,17329.18613107747,16479.59237973606,29187.97233213904,15735.986298627146,15711.716392498076
9534.851892935638,11889.960591004065,14185.785649162322,14865.93930722808,17169.845642320885,19686.755480500724,18921.5946712401,19022.173538402727,17465.31565362015,16367.90997242973,28859.24164244355,15500.083183286742,15276.48640129628
9559.030454306305,11866.930943678668,14077.850096115963,14766.34637492923,16969.355653441587,19600.152221301676,18366.28245242558,18602.8013643951,17291.942510555713,15769.98839543539,27995.54537355225,15314.892952023745,14589.751608970202
9717.701394440011,12011.098515289728,13927.09334640537,14498.630738049416,16703.567419747844,19109.560909056672,18135.991493886228,18619.473707950503,17130.94939053493,15481.192578567803,27642.83320998699,15131.333004507118,14545.08002330908
9917.675544794189,12129.886434971184,14051.467734042631,14176.094375045863,16517.631923394147,18977.93491079889,17538.580572726532,18159.315346508974,16833.931169598218,15067.8588431714,27113.200085408334,16067.68044593143,14706.489671511901
9799.175181746858,11913.946950250589,14045.698654220358,13609.279825326748,16569.05946458186,18717.060071335814,17214.782502513524,17911.744865914934,16625.424440091323,15152.331208574427,27232.59981380469,16680.805511356142,15242.915978148882
9600.718557098773,12179.98300112775,14035.50771620564,13601.06530988413,16771.484600932316,18566.399024151564,17328.95293590459,17724.108911941083,16757.062663356675,15203.859978121574,26635.823986162606,17028.552600418043,15281.383976283683
9594.114960614665,12330.81880461336,13995.946013466933,14002.687104473123,16754.797088771043,19011.864732875052,17407.27328222802,17426.96079072156,16645.334728668066,15369.440962271578,25438.831465733532,16981.64078056551,14995.73474244543
9870.550512832062,12345.3572514878,13737.542288848506,14286.711321807044,16562.112530277314,19152.87942633252,17100.516627031786,17728.407421140077,16220.051275355194,15964.94476933073,24687.81093848626,16934.309390930397,14848.03747098705
10173.11654805811,12327.06231073648,13723.805401009098,14542.49805810936,16210.342238569081,18998.691340145866,17308.039737422692,18687.673772011123,15793.796193873659,16694.893564711212,24460.694367618515,16592.478991852193,14612.045339918213
10224.996762608836,12133.856057331184,13750.077004258868,14998.867869051515,16702.608125885647,18589.605148042683,18121.803077782777,19392.860766926944,15725.233989747705,17636.097350460037,24540.95994609643,16069.53177207968,14024.665584752587
10149.68878364672,12321.370636697198,13581.108533341312,15257.418465130067,17679.239302694143,17946.477663885384,18666.775449995628,20005.81441656707,15754.67288335147,17445.746396763112,25158.474929161956,15197.036097078055,13802.435047411265
10055.5706757993,12096.85314600362,13592.832454004969,15029.875786359036,17872.14570540149,17274.714385023333,18834.40266910465,19940.453518212318,15906.06044571363,17752.481219238474,26131.36049020458,14371.616957309054,14015.605000180374
9876.06912973424,12262.428199528127,13865.120664581027,14807.382960518267,17917.08355761352,17809.74086629448,19147.976910197813,19523.184896923343,16517.235741138982,17481.82519955738,27371.07245258236,14199.337082095833,14888.721948688424
9786.338814130317,12220.349853274603,14380.004668269024,14751.875924467216,17507.502980501125,18656.057981202004,19056.600615210733,19325.683626585887,17524.863834363663,17142.998633446532,27906.097166160722,14460.391720040845,15853.909516692149
9742.56731644851,12019.684971637493,14390.486611689897,14802.133828796892,16735.03825716825,19952.178363187446,18681.628488301085,19170.69336411869,17886.38199401695,16966.668111571416,27661.51208530617,15059.446661802784,16408.555126332783
9549.68217526602,11741.226004424469,14214.24062069577,14989.704792146076,15895.040421647098,20027.537503000836,18642.428438723015,18980.88964464077,17937.314873200372,16940.237738291282,27350.42582606649,15694.832780298357,16530.271082483134
9522.294344745662,11839.963891113908,14156.291313099291,15186.458810794058,15902.617632405447,19961.106260646746,18145.25386871583,18786.22508356214,17480.745492994287,16698.554764887653,27102.541442382364,15324.333961152706,16116.28919984062
9618.087755635692,12021.91528796716,13963.659557060308,15219.97683523129,16015.806209851742,19721.512423156466,17868.49897894458,18586.671864121054,17520.412133361348,16382.57936651511,27735.81015831438,15506.095119047226,15769.099491648503
9581.86491383306,11971.239155330008,14010.825021263432,14680.149879556062,16155.127677191327,18905.266293396508,17194.106748065846,18088.893986974384,17457.5235960327,16171.84600653485,28258.374682115653,15504.023406262899,15567.588190409111
9826.710525067461,11895.655630995036,14185.215949917792,14506.180991202265,16711.09957357471,19443.880141369933,17196.708333855004,17742.579428739144,17193.122683518654,15928.620451454335,28236.27530823681,16018.675461752606,15577.140210923959
9780.85015432789,12315.724529561006,14303.100963079538,14248.184176565683,17423.833739427108,19307.03922947237,16895.96989910002,17521.0700653219,17553.700385187745,16150.608531009124,26690.692783712166,16041.442162164205,15171.398583982636
9712.215241007729,12394.56397716402,13918.74360999144,14477.973580759632,17594.47611167674,19058.78708254089,16933.983108759505,17649.661124730992,17164.410224320323,16142.282415085074,25307.695875188983,16220.510042361768,15083.529950722608
10022.39318395202,12070.132328474096,13580.083887588227,14237.192597804975,17173.392604049997,18931.931023103054,16826.7440698592,17667.209296381978,16507.034108343203,16251.186265290471,24068.470435661602,16142.358476771935,14895.475199257451
9992.815684495114,12125.500698922839,13457.436174521306,14383.159828899985,17045.05127829465,18785.847470955905,17262.72097484179,18300.13566413541,16259.970532947207,16755.26562719582,24400.56441368251,16462.56911084256,14410.145951652394
10102.96523472132,12524.004712466738,13658.588229598945,14654.445329799792,17220.82306851786,18503.416487156326,18209.82746152813,19130.72848768655,16320.725639196058,17046.135500337245,24923.07692307693,16414.446850251556,14123.861648423048
9920.817710700932,12599.203131016822,13808.634685838599,15006.456288453383,17682.92166414204,18219.16078583934,18757.293810466574,19658.73913491235,16385.945067509412,17377.532807277497,25525.366298117875,17027.42974283661,13985.504524755817
9683.249957046419,12576.972361035272,13832.685866604248,15069.171089779506,17818.227322330502,18014.152304382184,18994.849978681294,19622.784963744612,16259.504706531126,17489.789460383916,26687.823071037652,16329.447641532644,14351.628827725634
9904.182023938823,12348.531130932995,13967.008487338133,15053.481521652371,17998.328597654174,18305.589110774752,19313.669843337124,19483.730987789357,17160.96960039741,17751.81472450714,28331.901115184424,15677.117892762615,14869.044478875498
9896.668562854458,12122.786770461784,14062.81906513764,15032.07988102826,17530.178997607592,19411.14848187816,18718.70213456509,19351.670930904682,17631.86000879791,17520.409871587108,28702.876610152856,15095.109322010978,15724.760307310511
9982.13380761374,12090.498481088722,14321.222972467396,15111.201615190275,17067.999794894822,20150.389022428124,18519.01807311683,19054.054870547832,17994.41157653478,17493.511768836866,28294.934351140444,15010.170717268264,16005.93170053745
9610.563888550842,11846.7534874506,14225.069809486096,15068.393463440436,16520.70285412907,20343.908533220325,18417.54386191095,18972.469373628108,17859.922590104263,16874.969566327592,27464.672719374197,14703.122908822781,16153.847550416185
9561.440677686805,12030.868849739749,14221.830639676524,15064.893043901842,16474.065062247093,20394.334490309782,18141.399832767696,18493.058379142447,17797.387988429997,16483.15817448238,27114.275516388694,15124.67176267102,15965.119092566189
9738.717440129774,12124.253353827098,14306.204225911644,14963.019245470037,16415.410727175255,20218.79621708526,17949.876620582127,18096.705093614586,17406.707394679903,16021.979768710542,27376.699117975295,15782.572800139953,16048.276219929965
9931.70267640431,12121.376527529514,14398.184851518181,14699.878803668325,16532.020311364766,19799.086665354134,17570.080943878587,17549.39279573033,17333.445505519827,15518.721241422563,27540.39584620992,16608.28907560421,15899.093300222445
9875.284131924509,12424.274474478754,14333.37601502396,14501.973690126153,17051.938930899403,19713.812062237714,17117.49996159167,17606.350129235965,17228.548652684956,15396.341617848848,27463.788153087098,16916.025753866856,15863.129062821958
9653.38661091879,12160.998324142214,14019.648774145384,14587.797612869543,17809.048546858838,19558.52425651184,16951.062418808306,17595.349960028485,17044.712713888912,15263.324173891931,27298.278572672818,16905.774369763927,15448.835090117318
9590.2367333387,12416.379023595686,13743.285824631494,14612.244730674909,18179.34247393607,19377.02344785779,16976.045561651063,17455.121717634025,16871.39261777984,15559.692389286667,25882.39597622314,17280.99832926073,14985.323921655085
9586.878525393038,12501.178834269933,13583.301999944859,14521.890769733138,17684.25699285728,18973.38010759192,16716.626115166255,17683.144728266667,16165.895234919522,15654.902645386488,25324.046808881914,16967.228688518342,14449.5509624193
10066.54742419936,12328.147817663186,13620.943900987593,14418.166608976582,17856.99905510041,18559.935542923744,16615.320086754196,18384.999178322854,16069.595201475644,15952.323147232171,24808.454682001942,16796.945640646267,14303.086505143046
10383.083154857586,12581.12276811564,13991.127989002469,14715.041311574158,17694.315621210433,18184.70856820285,18123.502534816824,19361.18150964089,16135.87481223185,16468.074682766117,25021.017219768364,16379.948806483906,14135.505933617584
10336.327658984841,12501.013625101392,13837.557883918947,14926.542185622198,18008.686366319704,18064.741939199084,19351.881849169687,19736.616577279456,15842.194165306768,17068.519284056147,25287.09818202557,16266.197713631052,14339.00709968965
10209.067038929767,12380.66303937544,13781.735114129173,15006.282850507288,17912.691776601885,18059.824519057558,19922.45174300656,19514.82791225076,15810.231376727195,17052.71285624769,26478.213951902286,15887.331307470471,14901.977970607997
9721.995583070855,12100.013935712777,14088.549422747441,15108.150774308342,17817.639405916205,18812.738904358415,19842.289124720995,19445.84101446846,16222.517883991279,16901.378018056792,28299.171139116483,15480.009488518373,15460.724317473614
9773.742851417446,12107.22290132602,14131.84438454546,15242.604648812472,17501.287781659437,19921.934881799436,19383.45023947778,19336.89200411655,16581.93121533471,16756.37376543004,30399.442482175647,15147.619990757248,15786.09770427908
9975.611397655717,11924.59329662317,14270.541569631385,15258.26686222248,17017.96218107801,20347.99081465192,19024.730444588477,18981.984356283312,16586.98231048195,16741.857739216433,29581.83235567961,15301.008673383103,15855.530989882373
9917.046667717097,11494.457757229617,14381.214076912478,15152.63002932931,16848.94667167309,20375.105570164334,18765.42326549084,18501.82098273363,16042.914620315942,16364.359764043804,28984.685569835543,15208.843965838894,15972.85581504441
9784.267732442047,11145.344390694198,14342.372424192203,15139.908703029276,17031.41192044272,20646.879547369954,18352.337030444294,18417.676342210805,15884.812952781533,15900.006688637463,27922.84555790687,15342.242443733761,15948.768518561761
9642.434025375715,11108.255066732576,14198.297440134585,14932.749138540881,17027.895759799187,20144.09619607706,18263.098365255602,17918.988986420696,16607.774364443838,15981.556084831333,27161.445342208044,15686.891124902186,16122.47474747475
9361.532712789616,10955.581208914537,14459.486525806698,14646.444711669987,16783.449155654635,19995.373886001762,17923.373103989787,17438.513210997546,17199.87287899432,15578.820585785144,27148.49215800028,16261.00975785918,16062.185586183175
9767.69865584033,10975.508747630392,14131.351033479526,14331.105393307083,17221.934726543717,19810.969529288417,17631.70210808107,17441.714060893315,17182.022278578388,15312.36620222966,27113.14519727459,16821.12850678877,15739.507966328229
9692.247443215683,11241.712566510829,13814.475025484202,14698.104349730365,17755.36996153738,19792.453696891283,17595.607926863537,17087.151706354365,17097.057320167616,15038.28152530879,26297.459431450803,17070.31686148153,15410.604539477312
9633.809443558594,12095.32507993064,13561.456404979883,14680.05728887455,17899.42619747834,19500.85816716699,17489.20909688563,17058.528262069183,16437.032709016363,14859.128964271678,25042.72834609255,17103.3170151991,14639.439036216481
9778.273082691008,12514.029941432384,13625.357941995555,14637.283792889824,17934.578105312463,18812.0637549724,17504.862668466674,17438.650522191183,15508.010932448218,15077.752603232859,24711.165532420488,17000.661606619644,14558.98047949591
9547.57791542016,12336.776953323475,13896.360549376634,14468.475971142527,18067.860193338216,18509.7674529511,17772.433848614644,18248.948559084398,15101.99691785064,15733.447165950905,24353.574173712524,16735.52537120074,14396.120296268105
9526.641883519209,12180.655982322358,13850.540169735898,14442.187371191905,17988.731126926872,18567.37667822079,18700.703263544794,18785.031685233324,15064.9865704835,16543.979444154065,24385.12818348377,16808.96815236637,14186.074514645665
9568.625958900888,11690.941365159273,13888.755330575637,15020.435138921934,18113.781634731855,18592.004986737986,19423.72053276964,19219.957028090746,15324.372507334749,17079.22604388024,25078.358207449844,16289.91471603426,14464.544666469772
9711.659394110908,11601.307189542482,13747.40760653129,14935.748605030849,17952.081312684193,18465.71655540381,19901.016829444463,19730.50177277918,15853.786026812297,17297.524519780905,26533.4019972568,15914.842166363675,14454.539340851587
9832.89617182762,11139.509491853667,13881.056446348552,15379.344834859514,17782.119115452442,18896.865578630008,19536.56873118694,19685.929094658455,16500.385026358053,16843.826866106967,27292.39559230274,15314.766100185112,15008.565913891696
9885.227855535291,11179.351837091355,13950.54628706562,15118.216914693261,17270.484117842418,19864.073505932767,19794.201746721883,19090.68966030767,17225.389857878632,16450.305281403642,27181.00201585004,15324.837878819148,15543.949516992381
9929.127003173084,11263.91132382552,14112.473618549204,15181.436917718831,17062.066569225233,20286.510630068668,19301.13154877623,18950.971284478404,17716.964838349806,16282.478290499932,26142.360659124945,15383.665955997316,16113.176516389476
9654.759495378798,11425.673959092459,14164.998967273807,15236.253482855902,16883.28116922671,20484.37556869221,19068.569811039368,18799.27611180291,17677.355868145136,16309.911423329195,26120.734330710897,15228.410858019439,16213.018406188843
9182.066643849925,11462.049208626107,14301.087819710601,15056.405527028253,17231.11699115343,20367.71854956775,19015.247564876317,18601.057781885665,17583.494674117792,16346.374450272875,26623.275209472158,15532.860046187607,16281.28297390575
9304.45520852938,11540.40022234493,14240.631634523377,15031.64701405916,17173.398084171,20228.740555544744,18456.95592435442,18043.925237881198,17652.00424472528,15997.662230390677,27528.746961894205,16325.625353777215,16151.714892731477
8969.234173192548,11447.541721407631,14284.74653244789,14656.292156513618,16966.24726285522,19991.47537611609,18131.35448594292,17972.235496004065,17242.901413679177,15355.37634408602,28428.903139963964,17246.0569533326,16089.478513243654
9650.044097874836,11214.60085524457,14001.541568770626,14635.320273563178,17339.976513698286,20108.120420935218,17917.883649117524,17771.51280633868,17107.37847856798,15342.14195784763,27507.111202580723,17544.719034009668,15814.06771705941
9443.79029063713,11266.077899866033,13817.031673452011,14667.560425882657,17903.95555812036,19698.028369449195,17817.570579197683,17655.065891998893,17030.6857268741,15344.011572976031,26121.746031579594,17927.127952768977,14832.070438826335
9578.79400987415,11894.003130412226,13600.074570505754,14668.625946666512,17946.008153729737,19401.243934027996,17752.597811721313,17447.34153567425,16958.528410023664,15074.675349339015,24329.169690054332,17495.693566890986,14437.047900503165
9736.625514403291,12487.602528429352,13588.666544927724,14450.629337855664,18082.306622555454,18591.92750477136,17622.430495646815,17677.81548760746,16592.47781360767,14995.211205226147,22922.658339591806,17256.76054752585,14358.951147697879
9548.621715105044,12466.687666989661,13695.627239208381,14269.699320783484,18149.79014647546,18720.36637770284,17778.60369503082,18398.4674329502,15984.274155376253,15744.466017513409,23781.78744881486,17168.21376283983,14432.366487021622
9739.709069907603,12481.572334148846,13601.12180958417,14517.615765866873,17966.523728290453,18727.83898014971,18807.479275657246,18950.98053871328,15994.890923845478,16652.915746568335,25012.787426782947,16955.141798593588,14444.42049595414
9783.108365995806,12423.88805577685,13546.97160515806,14744.682389151092,17968.062351689063,18650.249377302294,19324.926579878073,19214.574217852187,15866.247532657278,16905.81404965136,26702.549732804935,17059.558936221194,14634.403510821683
9892.519442873416,12081.76326701093,13611.876644972695,14918.165988884548,18069.313139301285,18376.398580385572,19630.35375530757,19479.178704989252,16071.150891808893,17032.192850999258,27919.071961246085,16591.85878309678,14813.392640678174
9607.795431001696,11985.382697687792,13856.431243686486,15196.460442545453,17778.89847016659,19253.230509315075,19808.714734978817,19166.752173174988,16965.356413260743,16957.18269365511,28336.015472728493,16323.113613285459,15423.336701306504
9455.217466509044,11708.213003460196,13936.588248446807,15068.516370840418,17572.145965852025,19897.758850957536,19494.312544395656,19084.659369486762,17902.997381015324,16829.417163938608,28160.11971567525,16358.495002939451,15870.15279340328
9415.197773292206,11655.047422530328,14112.218143681173,15069.332356454248,17243.468670393613,20537.17165033921,19110.64865566082,18269.184089456718,18086.182876370895,16618.99108821846,27346.06672349556,16417.79777575468,16064.399702474637
9399.284280626947,11663.272254063524,14359.59245637577,14932.584747351188,17034.891319739185,20482.720347424707,18918.758176909567,17967.12698645066,17877.03621674145,16303.309282086768,27429.63894277551,16129.182281177453,16066.083228240765
9835.37944335364,11731.883585463402,14086.550143534605,14849.961304107874,17287.345888882544,20455.136535249443,18641.039295505594,17558.899446598516,17839.954553718682,15945.238294197934,27016.405071709905,16250.92931884336,16236.729596003268
9881.088457916987,11821.607998186464,14211.704334750546,14819.865826481182,17364.21397024731,20421.938233012206,18211.74368841181,17461.537910367475,17329.244999586703,15651.01452320731,26590.371690432938,16367.704404883447,15963.694345938888
9798.774963043177,11809.256409693975,14243.631668951426,14480.6395893183,17123.096438118482,20246.423425039528,18107.97673351339,17423.5295887744,17095.1526032316,15161.818542646808,27132.533610350347,16330.435083530168,15921.81867016548
9680.714945980802,11816.600098182289,13966.390555079508,14300.12905879266,17568.39847916918,19961.150241065192,17822.22619356335,17423.36283769305,17138.358613051852,15250.564234405569,27104.87671741984,17046.334920434274,15825.440748951574
9576.504680461992,12005.066313122426,13943.007085289617,14588.84010725642,18045.078612487494,19670.274001146023,17525.2738028687,17679.28663647959,16789.807861392852,14929.485933094451,26556.72876816822,17665.902654604462,15301.468408790943
9445.218307274885,12190.478348033716,13755.170899096674,14450.719657655593,18336.885923644975,19180.693374034414,17483.800796628086,17155.577963570566,16419.65432916067,14478.966272504298,25353.664575279283,17926.643297608574,14828.68453229758
9672.05449182603,12207.23984255676,13589.331020406413,14518.81796180827,18441.793365810976,18728.56084422177,17381.761339439694,17331.777796384675,16161.197822447044,13987.61427307579,24650.46530826674,17537.578290758956,14763.910314072575
9916.005419402822,12323.845662943224,13482.584106336011,14467.43106628254,18495.51776555996,18442.601231881228,17897.691511187055,18242.750384494942,15732.928982456087,14203.034263031284,23940.089204568456,17387.65955428973,14512.360599797295
9801.594579113495,12277.715666381157,13328.542282928242,14718.129938680459,18327.41724169189,18651.064737030913,18946.13847624011,18957.161981258367,16089.017583591489,15082.57438058746,23293.440268333787,16967.03463153076,14567.409017598078
9754.88069068713,12237.830850415356,13407.989258140316,14812.910974180071,18010.075335018864,18518.940169032252,19420.300136001082,19224.86807600754,15980.810740239469,16210.048535340193,24052.9435373822,16377.517868745937,14709.251257892198
10082.70640226924,12192.757111370453,13464.116561911524,15023.086546116225,18016.15979606048,18309.971481163135,19822.00858457931,19197.865439782785,16164.931232343924,16748.564411800715,25546.969330908563,16326.611597019759,14857.8948812607
9934.07537778834,12277.475572500967,14009.02506163797,14939.942731070749,17416.5632656633,19069.399454578153,19781.820831567242,19164.88166077184,16722.703438287997,16968.97013734364,27373.826678358444,16171.609331751682,15581.166643393168
10180.793155595175,12116.890545190101,14421.836937663376,15210.62725943639,17453.89258096826,20065.420589891095,19366.703554090367,18898.93582757708,17567.23393031204,16724.04527368989,28279.258238474642,15801.265208396024,16212.249337653155
9813.177585538426,11771.318595725517,14650.80763928057,15044.079223392739,17087.578931341,20498.37087469636,19344.538608891413,18405.44541178888,17907.438779078035,16319.123483181056,28919.51018180959,15673.502984325789,16449.914536496868
9489.372322567195,11751.295665257441,14790.49215648998,15109.568600468767,17209.575059311326,20320.40863255113,18926.00860656855,18007.724292164887,17932.291436470114,16126.531568480663,28192.518729555755,15416.755101534245,16203.513831618664
9562.87277988277,11783.487081687035,14630.132423170591,14907.23271096856,17315.62596443859,20352.345854597745,18825.28018029288,17939.50177935943,17643.0222329256,15610.506720650385,27373.86134467385,15588.565106323047,16378.32460772971
9720.168797510274,11798.51013279833,14349.121753547164,14621.153296551443,17137.180409786033,20078.480820991575,18478.358528461704,17570.816347862437,17310.76069406547,15394.889047114355,26368.44453347812,16480.107358600322,16211.133806698435
9679.956872546798,11746.549992339591,14312.724966313974,14827.08995917298,17215.773947340414,20249.876381197522,18404.076769124244,17286.76494193824,17216.785332501775,15157.505829575737,26238.939177912624,17199.087945623527,16033.60886607883
9795.62099712827,11824.262267016025,14065.490755261693,14373.184414615012,17693.82566918837,19667.77120682726,17734.54455815918,17182.02186507973,16992.213935350424,14965.055111505262,25997.9464613128,17502.185370116164,15807.246525272732
9743.937005160553,11933.840564303666,14125.06022582355,14344.54667028423,17908.13299600156,19103.893562587124,17648.766904728167,17242.109822759827,16759.191579577928,15182.579329605684,25938.425989259253,17317.61491287774,15679.209081317054
9574.049892534706,12341.763368207345,13967.506030604874,14247.130911760662,18362.863922379143,19114.859469279636,17657.10706253591,17126.195912091214,16605.01149509539,15277.826937148231,25578.095069323146,16557.760141093484,15359.301111463927
9824.285660018992,12350.82304526749,13831.033634524043,14203.67933634487,18215.41967322563,18729.372532971192,17629.122249257023,17270.626199197628,16091.99076868183,15469.577874818053,25226.108792195508,16384.966059279825,15329.625242722926
10097.525757140604,12251.3064036245,13838.205981634916,14750.732231198044,18177.781522809884,18592.627740317897,18232.49368318007,18309.48583580162,16170.893595525342,16145.061126252598,25324.098133735537,16370.1276901118,14986.864751614628
10140.183416643622,12357.563228954645,13932.064652371671,14984.571871559436,17969.76694950912,18529.55102391667,18964.33629354428,18799.371251818087,15854.169945303805,16963.102145909237,25162.91968010952,16325.960685587392,15143.232360111126
9951.912069663575,12303.051387153153,13930.371597162151,15343.0511841278,17867.934220445906,18382.337020664258,20075.185172053574,19259.676193188414,15859.463513337185,17751.381279011846,24969.90440996439,16356.068463595351,14902.335028958916
9807.989119594937,12261.392883159688,13721.460892715833,15642.14687585837,17935.990285270225,18182.385515718837,19994.699212535,19393.295989744453,16286.706459545967,17851.447828143002,25858.65045637296,16012.566197101245,15222.94194667154
9562.669293489185,12263.29087185479,13887.142315693774,15378.817763790757,17694.620301596766,19421.40699446994,19750.373637969158,19404.30636175293,17167.793881977417,17811.373888154896,26968.38224632492,15584.378624703704,15702.584640406461
9837.775470174232,12061.580630899363,14205.096441984919,15193.086668576121,17224.728267685558,20193.054629679686,19886.465789654598,19046.24981407112,17989.100472722042,17206.404262618205,27515.834675254948,15021.958766929401,16169.99716921726
9865.200192374035,12035.434823719304,14418.44360946943,14986.429956126927,16986.407766990287,20578.414792744614,19765.35358453076,18692.50875752983,18150.65981295063,17037.262868966427,27806.51932788359,14847.512721662408,16295.022957172332
10195.96279681583,11679.849396323649,14537.321917535139,14801.012937234356,16929.519011053788,20404.763130589985,19565.542002419625,18615.30329117418,18168.99367877373,16736.998832358262,27866.252533286286,15073.244282533906,16140.62340265345
10148.039396781758,11718.947147366951,14483.458555025123,15039.053773666225,17083.634647187722,20141.507720998306,19002.838986996692,18314.264105923583,17728.59340064002,16795.00331067221,27929.39802295654,16232.292568867391,16423.17708029672
9788.640018814216,11859.001961153943,14314.54860557762,14918.052078652885,17025.616419962153,19912.19697689445,18656.66269507124,18017.34683368336,17392.265594032266,16759.448904439534,27784.263187373617,17211.414745121634,16297.876767901345
9718.62695821209,11887.991936211729,14148.364788548008,14930.236940631865,16961.095658894923,19669.708150114646,18188.711506627755,17908.360278384233,17078.95261911855,16214.873866918022,27345.412984146707,18238.225966004782,16159.855469687747
9580.653004376205,11738.290060838553,14455.08132971977,14789.654467424174,17571.2184103818,19299.87028269284,17908.592410646357,17748.877782203246,16999.97250405566,15769.925397938623,26716.2456479565,18282.02088853828,15598.029713724049
9856.19554613651,11984.216224871783,14168.660852544172,14565.222460752651,18028.621905302676,19335.709838686904,17663.10532531723,17479.322709346285,17000.43489451589,16024.133972029047,26353.43501215725,17840.32141500098,15247.016437739247
9600.363917082825,12352.53137812496,13953.829371195048,14750.872596708747,18161.092686880733,19448.66567154704,17823.462111536835,17403.64010040173,16536.222521199525,16058.701878659924,25589.678486674948,17390.676004384422,14869.129638494484
9539.418942964097,12312.695411085604,13768.684384369697,14440.585199355739,17928.623466739202,19413.66715244633,18038.561318766366,17602.255594138664,16113.202870061345,16124.286189996945,25124.406805869043,17191.61604545097,14815.1965612283
9948.985042735047,12334.709205211871,13778.823355986073,14377.245508982036,17714.495401329445,18869.50983182232,18245.35726865011,18747.399358801904,16025.028344320424,16836.122990351134,24647.855825846567,17006.983351759314,14571.205519244748
9833.869141219944,12321.103083383317,13326.562504079677,14882.51109903182,17608.69882447554,18942.271318414718,19149.36602462042,19717.254853057322,15877.085060088892,17460.516651756505,24173.330139227695,16884.075578233653,14444.891052356363
9933.20513539803,12410.483491447749,13531.44281248072,15010.35323695346,17959.05925148152,18416.97846226284,20051.269809883324,19700.560004614927,15920.658343889658,17937.879371924817,25031.40814810606,16240.00451434626,14634.119580638115
9907.281129253055,12311.711952315369,13754.96312328599,15245.913507557914,18189.260649578515,18757.815756565233,20060.924287449718,19730.817776744356,16350.624493106237,17814.01723835445,26168.67536527947,15689.184142343765,15074.144920748207
10163.68625909723,12245.704994770696,13957.299416070191,15124.702482063742,17867.60221256507,19335.315102257427,19904.203614171165,19426.74020759349,17366.207722645395,17678.50895766647,27768.777949415184,15092.14265043039,15429.343413960112
9859.649453590167,12098.426807760146,14230.428213515232,15003.37715437622,17670.56199334583,20372.643398694647,19571.461417185932,19016.36754829744,17989.03541117341,17623.46683815304,28038.452154394196,15353.64078178706,15902.388754920741
9799.184720277279,11875.176507512431,14156.126476625792,14995.539865893103,17553.593285239873,20441.882732890077,19372.29665209312,18653.006020135876,18122.796117542544,17695.244759770612,28164.374938266097,15528.892213707288,16011.838174156981
9493.818218530057,11694.85753277511,14307.484828051247,15110.057700952902,17371.594053659774,20620.447980592293,19108.2448928065,18596.499835418723,17800.932917211987,17698.31499263005,27546.2474014301,15324.716096503635,15993.012249290985
9500.1655677099,11744.764685501816,14101.328306407346,15017.261432394642,17123.12870142603,20236.45382652657,18596.226218068114,18555.71026883222,17674.764624813888,17568.44074293973,27555.758672125463,15676.22320148288,16019.596875787332
9583.194944335306,12006.255123715831,14278.590370808544,15055.62953099571,17062.95629039036,20297.30664895089,17925.171563011903,18209.42321250581,17262.466739992942,17058.163926803078,27779.32311036393,16160.396936619842,15743.168197077051
10129.272223347803,11898.875129949252,14286.828674105527,14700.888244920834,17413.32692879686,20151.5400991384,17285.99629731914,17969.352689423435,17124.73372849989,16374.706442499568,28107.84196567443,16789.640650398072,15740.131802420183
9816.694008489325,11842.37613596537,14253.72376626342,14542.226510544919,17836.196974599497,19755.07973209018,16941.026759487548,17516.26899017607,17066.342582138765,16139.950819190019,28123.751302697958,16999.341600952186,15277.061261481602
9888.569491351107,11973.162039525718,14049.436817464451,14520.157858117704,18182.497041548508,19405.906926171454,17105.468481627835,17481.894739966345,16820.812151376875,15975.058874126365,27449.427751833256,17234.637967517287,15104.563122829888
9638.837135541691,12288.384364054444,13738.470478442128,14419.594171806562,18433.462746799458,19005.04689248319,17497.691228300686,17431.330480930523,16559.153913920258,15974.092129345907,26491.08821846127,17157.52416088444,15022.96487540066
9715.672606454065,12261.503139227645,13665.990970857452,14414.005516297788,18451.574834705145,19001.5295493369,17452.046433891443,18045.751148934887,16068.02753865363,16190.790928211063,25976.205603518076,16669.87468424693,14841.176470588236
9582.123142810067,12179.02369717422,13791.11125985423,14528.615279719457,17956.171127961883,18674.896929580656,17867.90088031599,19083.71759983257,15659.855784447635,16947.892582050896,25687.408453651402,16089.206618468706,14623.46242842452
9617.648021975274,12252.120498656775,13614.268192487434,14840.0896145263,18000.535787541143,18619.895854587845,18751.616584252566,19825.104924368607,15901.745251805081,17601.47741368582,25604.967372727944,15863.303011766866,14491.705635699504
9721.845044249423,12330.371726438256,13652.525129483416,14752.18889485179,17875.9575088014,18592.15429479455,19190.745996618112,19915.567063415,16051.026165478488,17897.57377981248,26034.573925684923,15247.081229443023,14400.970636665172
10014.759910837889,12207.133213165198,13605.236695795462,14942.439283508555,17716.025669209932,18682.788920390798,19295.997222185946,19683.55727413975,16576.58374710534,18172.805010329594,28255.77364742692,14964.379287735763,14680.827588517346
10062.993827160491,12251.494363373235,13979.795616656225,14885.972605863864,17729.65068389863,19222.03852561301,19254.190755992222,19473.803333202402,17266.73105876588,18102.588682948568,29931.44360610125,14693.33047064473,15489.767086552638
9700.389627838236,12064.630969407635,14033.168183689884,15040.246337007753,17554.249922538533,19870.97157978764,19200.47843613502,19011.690739578775,18113.630370225343,18143.833324527575,30225.604678745647,14536.659191226652,16140.592078336018
10099.830237630185,11888.463473009902,14031.044739503855,14940.692980469204,17092.408990561085,20183.182582035814,19405.54339448259,18966.299408735602,17924.212989074796,17833.798011333474,30034.452378568414,14268.526520911182,16558.651660452448
9561.483033887935,11581.308833873876,14199.929319376837,14918.6591643055,16937.53576409584,20310.230861999135,19091.31811099943,18612.08698321892,17979.65072642235,17715.622206891516,29617.94157494937,14240.175336385073,16381.91175887154
9804.147189260459,11853.96789622618,14333.84475422141,14958.125944188418,16974.589333685657,20254.465087686087,18858.208365301896,18325.195419023235,17716.00096161684,17329.31261389641,29379.738395113854,14417.633700524202,16089.475066705369
10171.247418663355,11752.168966099303,14211.510584650328,14610.031435929342,16983.81094917326,20035.348348965115,18610.49738395688,17851.745467038618,17397.00794887161,16931.164018529405,29317.46754851724,15134.166067618613,15993.460870352901
9583.938834557424,11612.949538412795,14319.431172452112,14451.03808700574,17174.207042514754,19951.016884350203,17841.513873406246,17672.584457713634,16976.9576906268,16266.733223058305,28882.097540486226,15647.496927338434,15541.23863144553
9760.690332778,11710.943757900317,14165.761279739776,14520.368748405937,17884.030639184683,19733.193645172392,17349.365599345598,17714.976049861372,17085.775534118613,16069.822331388592,28767.345848459026,16005.127037653614,15298.229956864498
9698.39180706272,11885.204077649596,14170.381477887873,14491.00365185578,18180.961475944237,19425.192407520248,17172.63287063639,17557.53994484841,16671.554882937002,16312.867639897824,28109.283708563245,15740.06954953886,15190.20847331349
9711.217296047644,12247.261361939381,14134.814462584312,14638.509399899718,18275.28285231961,18992.475889632908,17224.668982474923,17582.964341434483,16517.671278632086,16083.25153844686,27278.36737884414,15356.716557604517,14968.505963615185
9878.989224151044,12272.46588073234,14013.266998341627,14560.869872239791,18280.87283281657,18506.63152143777,17523.993603366212,18374.955400697898,15974.906907620913,16243.58080843113,27463.38724805347,15284.784375815649,14970.411205502269
9572.477939097344,12417.523097853238,14126.818580704725,14427.194816674775,17789.404922767393,18823.192335085758,17671.904403353314,19225.780732654493,15834.671279551208,16739.599808211347,26356.125356125358,14881.22295179661,14713.03748379218
9679.233444564961,12208.010090949212,14078.122922552828,14609.891678448774,17779.346518039074,18492.142568088322,18793.11293467818,19978.951227178186,15798.010401617814,17353.751335023186,26419.32841932842,14594.834456659672,14726.232956576247
9726.276152769093,12223.976231060895,13900.832171913607,14649.35304516221,17879.86234454381,18563.99937203661,19393.042701081664,19995.741030513218,15771.989007209535,17867.941370065335,26277.466238741345,14666.529129108332,14910.30476792306
9878.85236334467,12144.311135842529,13727.01537138411,14744.546398975623,17668.20005751444,18466.12034237711,19655.09627425381,19925.23242196445,16510.721247563357,18209.15014621953,27448.75085941471,14580.476242471841,15103.283599446539
9841.429711264123,12251.699309028469,13998.42251068429,14981.952980023227,17574.800003897606,19334.319041968054,19317.884168018863,19477.16062640409,17429.646849724744,18084.01008366421,28130.62135348149,14422.606170871304,15724.821838205864
9925.930716062554,12199.94347125506,14344.099184318939,15073.402333483336,17229.940642127025,20006.443296298374,19135.3280455013,19121.54929626114,17937.697730817483,18206.30428529725,28977.756830708422,13950.689855524322,16206.99850825957
9747.932311052149,11880.397566203896,14512.553318741499,14914.644589450056,16958.515385299634,20232.378585833543,18889.54164221761,19098.64197123401,17807.269473126216,17558.213653266354,29943.966799194826,13633.50197816679,16103.050381401305
9617.648039914971,11741.580364829819,14538.780879122782,14837.27832967658,17026.236183827812,20265.63373796598,18778.868783145743,18999.851359025673,17804.564418012127,17196.618120797637,30804.168394246106,13669.911617999269,15793.127556643924
9683.922658490912,11935.1271546509,14373.220575468624,14700.132565963942,17108.67737870532,19911.29522359175,18624.323788985133,18411.734088999165,17627.43561872057,16806.114831437008,31656.179630701914,14070.16676497042,15692.180134966644
9805.79359924385,11590.10549420464,14407.040397055427,14683.889495985944,17039.564867340683,19896.640608441336,18166.14611380363,18196.85647899988,17343.58077182991,16332.408767063685,31230.602580770992,14942.982544945586,15841.43766730456
10121.650105389945,11480.225618512513,14352.334069229048,14602.404628311075,17215.78010466899,19628.56323207532,17551.380475994913,17883.0754871259,17533.52360282863,16097.373695299346,30007.80163847335,15502.76338327905,15648.206506356652
9937.196951149155,11532.891173414573,14209.790727531858,14658.44064755851,17550.125740916865,19529.313532534154,17105.427497168548,17549.014070716454,17381.540978729736,15853.841016712762,27776.981328170597,15763.289846189784,15057.652987698037
9732.434772850936,11847.511070873132,14240.631634523372,14824.558675832519,17801.84883135695,19216.32560762324,16920.331469408415,17753.03823985383,16979.738674823035,15956.194306617217,27325.36261086634,15842.842977756905,14516.080506276583
9673.068073097627,11986.586702871537,13969.813850322818,14738.304558570486,18086.41123084124,18858.39362508576,17188.2445086575,17758.609353584092,16559.427389313038,15865.28439672279,27078.157735213157,15589.566533370013,14458.464457318
9606.869522558023,12438.73919429582,13867.654672733988,14835.454750946237,18219.033252319405,18510.89777803193,16992.6314273256,18457.541759243963,16323.232323232316,15864.613051910635,27556.837675299757,15140.789470273688,14104.389825829041
9729.878676512171,12490.97495110663,13895.906432748538,14748.590220497066,17791.864001039572,18735.378138625772,17107.45536662069,19418.50230269008,16014.69308520724,15759.794941902861,27904.660793172992,14703.792223585288,13787.129038572062
9738.094285206416,12549.370386926614,13600.214663237964,14690.187292806268,18054.13940619643,18316.32705161879,18098.88208932786,20068.731916169032,15730.167890673036,16542.853229337074,28187.276602671216,14530.945776907598,13949.36803620882
9584.580711113143,12576.341769287783,13239.078123869878,14838.892231458629,17809.15449978763,18593.477817350857,18993.415010718236,20048.678710847253,15898.150654988936,17200.715281779572,28920.883479358312,14431.299790064431,14449.985551719428
9634.313233684037,12884.371652187745,13171.760668791478,15106.020732279045,17594.68180257515,18868.761830098592,19433.984455588903,19845.46253964836,16577.197256165884,17445.274035566432,30336.41575770297,14215.396146993478,15287.445574909341
9777.575596749944,12602.152362366187,13129.80088529361,15139.5125383248,17256.261235814258,19480.66087848483,19182.70480215245,19434.187077095674,17598.44388425904,17516.71399701926,31645.940935457205,13866.985812527026,15585.994735018488
9938.870827678886,12643.315082443862,13231.833503274884,15039.351109572184,16965.69429378054,20157.361272869144,19207.870274968463,18984.90362538727,18142.464467352045,17335.166094224685,32527.41929342568,14072.188595111998,15708.699878434922
9853.975878871557,12027.931204616196,13190.50841681001,15097.719441669251,16697.88542868128,20001.362219606042,19046.880866219217,18747.35952873345,18042.463994957074,16918.763833397228,32760.87235943211,13828.755547384924,15607.606736553571
9490.48625792812,11901.48899367372,13392.752680328816,15049.07718169535,16985.982793405863,20380.401869684687,18663.912395130603,18567.847971699564,17663.47399016641,16894.090456438917,32477.05626682116,14199.002296870514,15279.607151502576
9659.655991708994,12007.522551516653,13952.17449260721,14817.238874612058,17113.09577852635,20334.681454089794,18438.007728082728,18329.885234933863,17363.336660823352,16335.770727461164,31930.62061056911,14459.500150557058,15036.420573153062
9991.702049146408,11910.640201661712,14198.856574695503,14869.818439993878,17266.064508818577,19886.412965234704,18193.280217031468,17856.45053733259,17203.54689947697,16006.332068251488,31089.620959063603,15214.144338058844,15111.271444604768
9903.978052126202,12097.531123778672,14489.618887824878,14591.060617646168,17456.04075185774,19881.84893714556,17698.65770140885,17503.43007573401,17088.436643432444,15253.280174223302,30404.031161270497,15198.208211242465,15070.199377012867
9979.560705465108,12069.340053474396,14104.9937022211,14623.670850144019,17971.357073634703,19902.598422834824,17491.087257840947,17133.785938397745,17064.70279861658,14922.676511021546,29732.542238465758,15324.998670504274,14934.747249205564
9799.511952351138,12410.79021909714,13728.69523614008,14658.384709281667,18164.967562557922,19582.079425732234,17144.157159802922,17068.231420812663,16810.193936848,14947.381245187993,29569.392418961528,15499.063179346122,14716.70131905651
9646.88396563315,12397.98384457274,13101.050790468553,14463.213285009935,18462.14489509236,18951.99652205251,17211.800617884146,17191.995437841488,16170.952362418548,14975.632211199903,29424.40298258476,15438.780314755475,14447.638727470716
9810.644298808791,12288.811626615136,12805.79710144928,14214.730059726577,18439.0624202234,19005.367631868216,16857.891710092288,17829.70102409331,15827.921505174823,15605.892475329953,28970.913016945968,15229.845884409542,13963.110236932958
9809.058384484053,12281.043349113526,12853.285516875603,13946.656103518852,18412.595114436128,18810.459984638594,17215.9165857372,18801.119831107444,15614.677352575725,15946.947916763336,28644.640521445734,15490.67210768752,13794.19739575516
9735.566994273468,12401.34015453066,12908.240648096982,13923.48392568949,18426.238178539268,18815.60102845243,18229.789025728944,19802.767763320022,15654.235875612296,16738.334180780974,28051.725905423024,15536.927911761277,13830.688334161548
9733.247632952649,12585.146466470398,12997.502215776325,13940.479330790531,18153.63446900717,18466.50961124028,19143.36272587395,19819.00418937456,15687.972985168033,17032.85656089945,29022.817598710735,15168.684870948866,14416.534776499251
9534.848049084465,12663.75883485028,13280.722871876278,14099.334560832314,17981.33407360065,18795.690397076247,19598.22264793531,19607.324952045015,16471.770831536396,17151.701580696263,31571.034326450783,14451.278423629494,15242.694985919232
9700.884480735702,12389.505105985969,13488.416610602293,14226.263739206612,17413.704276146316,19221.654897934462,19285.304556210234,19166.234673866384,17264.327621778328,17199.779904364535,33686.37133792244,13942.757333968466,15715.008479924854
9946.947727508254,12377.776118777374,13500.56570210743,14515.220205126183,17275.960077004234,19770.228982156572,19247.600444183718,18818.749019465882,17476.086624046573,16910.40549743716,34219.6156702605,13918.670485150249,15848.78048780488
9880.362284322335,12139.279257597507,13722.735978961271,14914.147268545243,17226.193451045372,19838.373356760916,18920.341654752738,18520.86468754205,17426.979638442488,16577.782769107904,33511.96538466886,14098.507232233229,15462.826288447188
10064.397710688285,11939.71761159444,13517.119692820532,14957.429239221814,17116.6960445062,20204.12718668118,18801.430897948456,18448.346378259994,17399.10758106717,16508.51760000252,32186.829058469608,14280.080583925688,15511.504473747284
9808.367354792214,12120.723223600167,14052.167110367945,14761.64452680342,17099.677568817042,19490.182611401528,18555.7823807315,18054.08955616525,17085.2314985692,16285.189774656934,30784.077377261103,15271.331143278334,15404.7587190937
9937.697456572374,11975.703602896125,14408.198670698419,14425.721286174634,17101.336977925374,19105.18611825493,18018.4789295133,17406.943439090017,16935.701224417753,15780.73846609924,30322.15979634898,16144.291612970525,15260.133441409384
9880.73934881763,11908.368685292155,14265.055326092508,13927.861278893732,17154.04908871496,18725.841591116736,17794.42293362797,17289.214335659795,16901.705637947955,15501.65534986771,31121.16549630164,16658.207128451086,14944.125014959789
9819.878750964419,12061.801850330809,14309.961197454415,13559.189960364312,17513.521531511167,18283.34045111388,17382.462685453243,17399.049497685755,16588.071876950416,14795.237656878087,31690.614120895116,16326.017922567067,14528.971240466752
9895.43133951386,12019.89690085672,13890.60577095053,13603.176080328994,17906.78921620618,18040.30788111388,17187.41264235775,17369.53970820319,16396.563586651326,14549.051604928301,31346.572724845606,15932.816507753976,14477.171225365259
9811.238193915575,12140.531380730796,13636.909768996335,13810.108411702558,17983.91331467692,18267.996408065133,17321.646418090106,17396.151610057674,15846.477748549189,14732.753978641702,29949.301525392344,15613.011663519595,14576.271717326877
9939.279492443786,12374.484617125263,13305.567308402642,14167.520365213351,18038.47166401759,18852.4759480358,17063.92639821511,17911.174155304096,15448.537560268855,15013.300295514464,28148.49623523839,15315.079105775021,14581.905487797667
9744.973641609604,12461.472043841912,13576.605176272531,14126.49800266312,17668.418189278116,19231.511433766293,17423.806564216557,18818.087163468677,15449.757254167831,15667.85411919505,27495.482924028885,15448.531238758544,14663.239029130504
9710.722684363554,12208.46974448058,13734.514795226965,14625.864787230788,17289.708628429897,18692.301436262802,18140.665869281565,19133.037830449968,15550.63612069597,16542.913177995848,27398.632686794204,15574.065270224115,14935.467927442105
9737.954777835794,12386.239249413606,13633.805265964655,15053.854785832118,16588.112225830762,18246.713595782214,19231.255157292064,19333.33333333334,15728.525062401617,17225.733827649918,28875.913127375134,15235.816908882762,15340.440926999176
9609.090041674934,12470.98003200134,13618.55252372576,14878.262149961483,16247.980340967568,18046.941508582633,19402.07474065742,19277.188169325913,16244.331618170077,17115.787465616937,31770.09471862996,15020.46168085395,15640.781808989648
9970.92025938667,12282.662379882375,13958.339425373155,15051.141815684357,15912.277691999774,18536.78348526895,19474.567594129698,18878.18753873208,16902.650138160072,17081.45468048837,33605.26705133897,14657.601812668407,15865.8303838503
9770.60204811801,12312.006053525236,13856.135303334651,14856.96587207136,16182.979991009253,19123.845327834006,19144.660337751924,18709.10835870697,17038.84555520181,16822.38966248563,33412.23875340733,13812.164403042423,15787.45766084201
9837.63075010077,12182.901976677327,13837.835525333077,14854.561291904918,16993.408382190803,19465.276026972406,18833.13538650714,18396.28238066284,16845.451985324707,16566.627149131495,32036.675327690842,13155.235844921963,15828.589993502272
9835.22750802146,12071.938901207193,14084.891537271315,14877.632833513842,17522.764227816107,19727.208402064454,18217.584140555206,18013.407781042046,17098.10785958899,16263.254559231358,30416.52252520309,13046.346146758924,15913.061738575205
9916.561369452698,12231.38209848808,13976.137521773626,14797.26937932274,17166.8197077466,19681.971975770437,18081.59056424182,17818.104962949274,16793.461372260597,15893.278604412515,30410.79479098242,13807.914095805118,16074.065344110788
9986.993446541042,12100.882635427404,14171.70174231378,14516.767636247832,16861.05574664584,19449.013526963798,17970.263649373013,17440.632702233717,16859.370180785114,15669.06637722873,30386.140263201756,15587.261529188747,15987.954525024636
9862.472792981302,11987.709984226802,13990.428160056681,14288.991129478087,16605.326695890777,19027.601568812373,17576.605918316996,17140.923221082747,16650.353125842164,15536.500010343745,30869.697737418137,16674.062502886733,15627.683533616908
9658.394884166964,11814.532683458348,14210.27713416165,14248.806847315906,16703.785641208415,18876.454527462578,17143.733710688633,17111.00967599996,16467.056992907485,15506.257875274347,31230.826878091775,16886.00535368633,15029.896619167364
9895.7144017451,11956.861461506827,14024.210221837382,14474.937897449603,16748.882159087436,18264.416415443568,16839.59274168338,17024.7216627307,16170.314777667614,15181.14478812869,30160.699467043618,16252.30457303948,14459.867142946676
9821.676587301587,12164.360631440642,13645.505067779908,14365.111965613187,17042.96502487178,17892.175455061213,16844.530024425752,17007.763573140295,15607.822608723,15096.019232353474,29030.14544477467,15526.24785507114,14209.508134924079
9772.98955493869,12516.698881448667,13681.986165797673,14389.805280420169,17298.369677711005,18420.734112675298,16711.96002343933,17672.311535744724,15290.855006239433,14865.101418675868,27494.349685584057,14670.390618010457,14208.970168217154
9952.352238640415,12539.170096475891,13890.45958902215,14342.820673781129,17748.680410066834,18731.584474123218,17105.562162535356,18468.89153232593,15390.172756206224,15284.6038191355,26749.950314115842,14452.47921462951,14598.899002041711
9664.49163959587,12496.733394538316,13637.167083417498,14794.101217510324,17603.74560809722,18720.844519263766,18241.012179622285,19218.078914183057,15295.158415962629,16069.658283159291,27244.049830052238,14225.031102858075,14767.832804420224
9709.447040470684,12549.581719492398,13485.648520688123,15052.00713725,17102.784380496414,18554.425634011317,18698.852842713775,19359.492075738246,15569.341492740834,16860.099252445896,28695.5590052125,14457.677389915592,15137.250648863199
9513.189002910649,12613.349627325784,13497.590233104125,15082.953342700432,16680.686695364406,19052.7445409317,19077.029151732924,18866.94386694387,16141.700487120654,16997.70306099423,30861.924718077396,14106.464170166462,15468.63141944449
9686.541189644167,12787.771617848302,13769.863440366404,15243.621090731813,16744.88742131766,19992.92600722693,19003.997186307937,18731.777235177342,16785.47217286096,16935.752234793054,32204.588366325108,14192.922956413768,15767.994569453484
9727.570327343397,12546.042693841975,13852.963010187948,15231.10947298258,16562.128973559506,20445.707086422524,18665.43305160919,18186.92188781069,16989.025485000235,16672.71159622144,31270.683296959058,14090.508231121377,15715.928222544115
9870.970378543852,12245.654830428059,14149.14429886383,14891.808777659433,16361.798513658337,20439.58863006481,18374.466568934997,18129.42244902731,17050.295507052288,16344.73393884311,30577.67071497874,13881.173316246952,15663.677573886016
9658.773555369396,12477.06142356348,14246.568126312946,15009.498932943425,16897.48783039155,20442.69965897375,18181.360188299463,18020.255226616846,17207.52448751319,16202.780142047734,30246.067019400365,13825.872439334029,15666.951291479538
9909.575126966434,12400.586300135723,14147.687925290113,14957.90085080172,16954.330629323013,20156.751432331926,17840.95307890335,17687.257271783543,16945.746418522427,15962.63434727129,30646.800427700506,13850.879284463132,15780.25682486281
9813.827625053724,12300.443414902524,14048.663446244918,14777.769538693681,16815.333576342804,20129.085908015106,17857.13578185333,17627.923400280826,16685.532393270267,15906.595502311824,30893.837922423932,14511.703156526792,15846.773260813367
10007.628793631497,12418.826001989879,14104.491269335409,14627.85365849705,16961.30453700128,20372.643398694647,17044.45325857601,17022.578144358846,16480.4681649986,15545.44163861072,30948.309420531652,15497.860937241427,15194.153008756277
9936.034740856247,12322.019729408468,14034.525924863918,14503.480504987105,17244.464889149414,19893.095473335197,16891.373015108195,17072.211312582327,16339.207544199819,15182.841819675525,29888.136263604476,15668.13699581667,14327.813691603875
9913.646830703032,12263.241498031048,14099.300595242978,14535.339813751834,17565.33387815644,19407.102766106873,16648.970442751328,16978.339129904198,15970.468656098034,14981.704053056554,28344.341571248962,15827.315758072262,14278.184453623056
10033.591639959755,12386.447313255925,13712.525504405514,14600.743476361957,17806.455700599967,18984.30870744732,16623.650366402635,17117.913005492363,15621.181656646997,14937.584756158602,26896.143409971384,15541.20987776833,14527.599756346566
9751.041651243599,12644.331674687617,13820.681099164543,14495.455723134133,17894.484109109322,18590.37087117142,16629.323970204783,17635.010932175537,15269.826221367017,14816.523579773902,26850.9355686967,15062.265915395556,14361.235481898588
9840.47449649693,12521.371970617163,13887.090719216272,14547.775945871455,18020.905520905522,18662.842574888462,16763.346609964832,18547.693043628715,15272.63705446676,15187.547938393222,28148.266251440356,14542.609282401936,14394.04235245978
9857.9981984846,12431.536859769192,13742.607526881719,14921.725373685475,18093.06406699565,18605.450267652413,17879.543863982537,19245.714599447285,15346.473323162285,16047.047161059634,29195.064181720543,14467.132052072086,14487.944228593282
9707.859444174559,12596.470321248464,13582.167321260962,15182.110730507751,17722.936297790082,18873.75636081154,18683.3832183538,19230.70092221513,15375.894909019338,16698.27644426877,30465.109424046004,14402.363321344099,14644.341397042639
9773.959217476195,12366.561523367089,13730.481519941544,15200.046633351,17423.306307789688,19099.145614606536,19169.367912660004,19002.38742706857,16213.440285342522,17013.754432672693,31903.12310503578,14470.740762312784,14940.934603700984
9885.671561693225,12499.197954605563,13915.585262031322,15117.416186393672,16944.382313624967,20125.1409628846,18890.575225241853,18734.481488995585,16866.17978419848,16661.376658361773,31658.906149123166,14260.660082471113,15276.800320293274
9991.72182348958,12169.26951387516,13854.449085064936,15247.81096879726,16734.398587256826,21013.76446356381,18913.365901217403,18562.23383908858,17075.238785618687,16479.2149382425,30014.770931650204,13947.569169629951,15673.12590434597
9769.905063232369,11817.786875586853,14071.266373758357,15104.04164148876,16771.81436322375,20732.884976002042,18789.570054690583,18307.348339912976,17213.30920817791,15796.254082028667,29686.209420757426,13178.50078439397,15682.553369498135
9781.421532812536,11666.155365927518,14190.88440176723,15396.639856823345,16701.40802226429,20562.637895313714,18737.689918349482,18211.246655973664,16949.455125462107,15890.409220094238,30025.294250888608,13403.193457128751,15728.441350189412
9916.024493781904,11363.380448014947,14102.802379674362,15035.730498809722,16484.179123425056,20195.847461738747,18662.70509890723,17875.44602246355,16707.5027165795,15933.817062221804,30086.414851001125,13761.578126282004,15607.5352536981
10037.738359968964,11044.170419069851,14233.685536373527,14721.847324219407,16528.784216100972,20171.112412282113,18038.431905051177,17473.244615478496,16772.51584932503,15848.601966953453,30628.1782540553,14757.026530076171,15308.032918277628
9783.373550675526,11086.61472014479,14108.22155922315,14588.32228370139,16878.674526196493,20010.76689009868,17682.907224660907,17319.435763893234,16853.89823676288,15431.930402973325,29569.6173089375,15189.101347040743,14878.849590129721
9756.243597925184,11607.711154503553,14207.920917849982,14504.61473432396,17410.33209236101,19737.398701062924,17193.292698821413,17170.78820083112,16794.13939766665,15078.675728256143,27869.170579029727,15879.175013532562,14332.000861656421
9796.296296296308,12281.732191376961,14012.335382365962,14505.686520429674,18181.183489646257,19686.905632772494,17078.261346927273,17256.435238698385,16242.680258501223,15087.57879659142,26383.241957940965,15650.732624204376,14297.633374373387
9884.592959199397,12513.15020561125,13778.392482740664,14520.9698312882,18264.577147970806,19011.26163909853,16765.35129527573,17400.005379223523,15979.791211466136,14741.856912365314,25333.968984249874,15723.908605380584,14350.73043475383
10038.280345607436,12491.614842374049,13537.163211429463,14588.496193979649,17975.54706905109,18830.799782160117,16651.955505404796,18658.77991186485,15487.90691712886,14558.278425187993,25386.009092792356,15276.637418746584,14163.515584722476
9894.493189296196,12042.537021583685,13765.268489546048,14529.593455213291,17901.968586048184,18883.158947106192,17040.804298029212,19213.953540299015,15633.687114179886,15260.614150136766,25631.245318619567,14402.965448234483,14119.65119073011
9710.343113290093,11773.587089548297,13820.202614646872,15051.891201336377,17760.096818904516,18869.638930124056,18236.849797216426,19390.372750093287,15581.16675051786,16177.643004898242,26846.150118987935,14286.27855927383,14088.62322816097
9558.735150097042,11572.204937033977,13619.712943338563,15177.379934808121,17687.723282571384,18771.80075200003,18878.091567574444,19666.520913148473,15660.764062485976,16818.992711531322,27609.260235765578,13723.4637747571,14577.843297381465
9328.680535814965,11325.495957554767,14011.883214446285,15347.05746348939,17581.048417701615,19155.659155659163,19251.91892515038,19325.52141288961,16700.670605140167,16859.759265564502,28567.860137956177,13780.115046257923,15041.808604353888
9734.726179170628,11601.362986509443,14072.446598529252,15299.610242043886,17377.050329114983,20378.79970801994,18882.305127485106,19074.391430641062,17428.490586389093,16896.474377619405,28894.736119843903,13635.836922193492,15548.745082078423
9781.303504205185,11786.797783547732,14132.826516989802,15252.7028386058,16897.266358996836,21029.909579138995,18663.332977751725,18805.135259293143,17768.80415439173,16349.839540790483,28246.71277875231,13668.666411754102,15771.575177010669
9761.286384740288,11947.875125907394,14224.146308565632,15224.961938959928,16895.180394866817,20991.38837822411,18461.694233144724,18635.703432579252,17374.65962576227,16199.022502543085,28578.48094853277,13727.444596254903,15662.92578458664
9587.939754900406,11863.560905102262,14228.951170481136,15216.423428803571,16722.345474035184,20829.777763575938,18515.318578452076,18539.2102716923,17464.69796243272,16068.740629602325,28303.6438237324,13983.572862400404,15533.52062771205
9359.057841275226,11927.226012831885,14033.638365527147,15102.059019657627,16555.665608297833,20715.20800859268,18441.80236771034,18092.66258220723,16994.80948764598,15891.59097960393,28741.862866441777,15134.446338939239,15405.461541546652
9395.445836692845,11609.6768483421,14149.40625446704,14947.161292900248,16666.785820673223,20579.856754923512,18149.274686433127,17697.99659739822,16805.36034610109,15872.131544695822,28547.3414354586,16195.98318206417,14929.202951996314
9887.525717781265,11286.520599723774,14008.790142326408,14637.35609981943,17150.56545801174,20132.788049843522,17788.405745781856,17652.9547339376,16678.251461255077,15352.328644821491,28141.205631580193,17251.72710954945,14587.747906751307
9649.27440306589,11497.917515787498,14045.615061838142,14627.16928078731,17623.282300147388,19900.463439798343,17049.306904301193,17445.220525860295,16822.357222952327,15117.488602728821,27331.042654340734,17629.016179740815,14379.299588905493
9831.521282678368,11706.327313742078,14021.430668714103,14710.355524667924,18099.259563340027,19586.493219393742,17011.224695585246,17258.966455457958,16890.15398371994,14860.0431744153,26983.23815642863,18235.222626034512,14346.093316928474
9783.5617873087,12040.369584895703,13744.11580411793,14892.739434990965,18132.818248926924,19398.25917044143,17092.61710990136,17111.173287173813,16182.672055871757,15046.238593294243,26416.33915940044,17895.332375088612,14550.91092694383
9633.58109821741,11970.634319725734,13809.711381389547,14720.580507715491,18116.563080820044,19107.10609499573,16892.60264169117,17884.156938445358,15072.209617408314,15231.826884030323,26665.341602743003,17303.632937072427,14266.131945976034
9433.782756978766,11954.363720763426,13842.68489562707,14686.788563174407,17952.719420360972,19117.875872725686,17271.48312308056,18710.19769615872,14204.314917216687,15552.20120109957,26750.988932477303,16919.240038441636,14288.579363129887
9409.788807419944,11925.643428239393,13843.606370536036,15117.3066913277,17788.162960582722,18998.617104595825,18277.269196123965,19190.081851939056,14214.440201587453,16087.287721684505,26726.053415551145,16845.257676701916,14427.973890263851
9596.246774978303,12225.985458067653,13587.554931937999,15221.935803788527,17649.197968338158,19175.961428774306,19015.906174434152,19076.55699548674,15174.906113793579,16336.855101455407,27482.38765230835,16788.67326883814,14629.309392875279
9492.983492224184,12268.129752936946,13713.32914835739,15337.195596503278,17349.398115781438,19862.725661590222,19280.05514506154,18848.358063054857,16567.003982613634,16585.824082504823,29338.657482567916,16816.688712522046,15435.505303085209
9119.823934638758,12404.689335188506,13936.193141973736,15292.724986239988,17146.32691742919,20622.548951916626,19266.85221762835,18372.87047071844,17805.818890176804,16483.640155145105,30609.422315397154,16534.617586450022,16228.410162450211
9740.169337555286,12376.238020166466,14144.463342644998,15174.263034378495,16788.674625895987,21051.836210471978,18783.53185068574,17983.893385659394,17991.842385210126,16713.86364021144,30705.476581890856,16674.456891930735,16249.367994602373
8985.689082381201,12262.006818667462,14288.392322271467,15259.113300492609,16581.339123274956,21275.552445121433,18777.695120604618,17278.538533751354,17273.06638134019,16359.273168166437,30342.343912497014,16437.71644488447,16143.991906944575
9300.89073054126,12079.118648230655,14180.459036804918,15149.752983710281,16739.389343795898,21233.689700549494,18919.01276276276,17355.704444724273,16382.922347105183,16212.668012941613,30144.21713667975,16118.69179120638,16355.404640633838
9569.461718003862,11961.157228979357,14179.33655647826,15120.070822397716,16799.265485295913,21153.280980496264,18546.224096660546,17416.337880888594,15898.440831765827,15955.417995746588,29868.125437214552,17367.97557110986,15921.846409640004
9607.268067296402,11909.58653165094,14021.099114944096,14978.965100192225,16824.123845582933,20461.51312014955,18177.361299777363,17571.488372392567,15644.556905241883,15374.968280969688,29451.479995634512,18798.24370864908,15650.251587890798
10045.491907523166,11916.188661708768,14108.424855584863,14580.878576233377,17221.344298390206,20189.06771324075,17836.11442193087,17467.351011355153,15846.982605965122,15160.037283266834,28658.371942182217,19662.921291903273,15331.711479221583
9925.138131175021,11923.815449014606,14247.896345570744,14592.072782738489,17865.78297181434,19849.797203423837,17606.79902270115,17067.420553334196,16222.046235025588,14782.46849403341,27701.1201926659,19854.079861819828,14927.827721047617
9845.528399892897,12349.162538874112,14074.705303863977,14536.388954604949,17845.04991134356,19619.470580934765,17433.453465657956,16757.983220084854,16238.657839420483,14792.042528248301,26811.598972107506,19402.301551596844,14799.82274897385
9983.847352161163,12591.607223186173,13792.907426312247,14651.673226435447,18067.47392587524,19346.459949524415,17406.32835437852,16726.90482199052,15842.05070210157,14693.517635388594,26362.274590967307,19222.6326039266,14638.126769456758
9690.593357735974,12328.530855614412,13810.609077138959,14541.408223423321,18079.587078523036,19204.017298060175,17461.840011936794,17330.14037435063,15216.091583764539,14822.386949123129,26540.565129539693,18352.05021063842,14167.638649506502
9707.904507188485,12204.142045570787,13856.11469275054,14724.895702274529,18042.103430046333,19183.954780307966,17794.50206111903,18197.12091027797,14775.449406740816,15322.041111766084,26570.076880954395,17824.619993569777,14173.92927533609
9527.588497968134,12132.634630614122,13829.513750640397,15051.220979476819,17857.76866242131,18802.952426286745,18537.892163990506,18685.318032751984,14571.894006869077,16189.387733552923,27000.447326620775,17070.89806096202,14094.569265729091
9428.880565959222,12217.813071452825,13702.285950912068,15408.256443578079,17938.348392160875,18935.739804370685,19177.994419283325,18858.6034128212,15086.19114504492,16563.33357181383,27962.93974225009,16953.709320631002,14413.786147486882
9696.702357769609,12387.691524800402,13827.518259826182,15248.017670500732,17466.652013041723,19688.93567800675,19367.517641873612,18807.163375486547,16123.521862073996,16694.50865624921,28933.80570151096,16682.209252947607,14646.927209331378
9672.188185224813,12493.069152931472,14120.545337833675,15449.240826219633,17195.405990785843,20616.957779079014,19295.795037586224,18798.49000545891,17144.186996458073,16813.803962483824,29665.656013742006,16510.241124779564,14368.43046745104
9627.354395957114,12507.527791553312,14012.96169614748,15086.407519858985,16786.9308561069,21162.165112901137,19213.259945979516,18371.61502639271,17377.272624059096,16398.629094723707,29071.322129765602,16484.78938266687,14370.02849115355
9760.12138768192,12245.176834812799,14087.247825333314,15152.44829877185,16731.372089285414,21163.503248950452,19094.84308262037,18044.34469258499,17410.954866409473,16162.566853386557,29056.445411793422,16245.376076884746,14564.269532145066
9569.340501179482,11942.632383935825,14225.837345155662,15135.856001564214,16747.323391513688,20908.490958474733,18909.156943624697,17762.55223550279,16567.526087720547,15991.274172773998,28648.480188120982,16332.027834619903,14724.935912778956
9753.90553021927,12158.08127513366,14496.863740435681,15066.880378575384,16922.16529859007,20630.889496477568,18364.921872257048,17457.045841569183,16178.653634994627,16024.579432690485,28592.7530811143,17299.244251487376,14986.861629122286
9712.216084039801,12126.540634837407,14622.418668685756,14731.0863907556,16665.810445643652,20327.16465117346,18286.555946662247,17285.650390130322,16151.168933949897,15798.744688934106,27983.4329265777,18048.740280046513,15317.712080271769
9908.77199634424,12130.590841554647,14812.653987144004,14619.85335589397,17340.15792095762,20071.570176069043,17684.99571513864,17062.053885827023,16037.560135430085,15323.292120879567,27288.148525272485,18637.98279271176,15143.942394420405
10054.402597927014,12362.050789043704,14616.459824319936,14389.500003690948,17918.43067635501,19871.401636909453,17392.222475546947,16934.216592321045,16411.308389962975,14849.099705454755,26148.346960323728,18735.891177449306,14476.124876511618
9906.799661714997,12415.97012484907,14248.87088847103,14516.824229279144,17871.54272029504,19433.727173755487,17542.74410763332,16832.119388434254,16076.480934063693,14554.047476784728,25608.47166657958,18482.721176397998,13586.566877915644
10004.602116973801,12420.743570695819,14058.95835987013,14387.14079183463,18158.32904682944,19096.59738417577,17584.307907133938,16974.188809961142,15773.09047309447,14506.857220917487,25830.541441617854,17749.683315296792,13130.372212027334
10047.067808236503,12364.076494795458,13938.578784951806,14461.7706123353,18095.417392787804,18896.528971262094,17480.15187817619,17775.18771962859,14993.875749038472,14351.25405937239,26274.915033027122,16968.90295843078,13397.001401520467
9559.610637708167,12333.942909421028,13993.532391135743,14495.336269710175,17921.020635138353,18971.679528036984,17740.827652996602,18747.97689776329,14992.242616278694,15031.868476678019,26734.604644326828,16238.086432011549,13929.423868920792
9775.317164963331,12309.027113961338,13961.476834766972,14804.17435932254,17907.98547484459,18755.29609671257,18543.702021538425,19206.066729370512,15095.087327517653,16179.40175658067,26515.755273265397,15815.634736570853,14765.107274417736
9767.491710587065,12356.113981499271,14016.209963407724,15165.278251124148,17568.686874817504,18872.324342345808,18917.31301932418,19260.427063450938,15386.918111529758,16877.012156284338,26723.797526584935,16348.81320949432,15694.443665579369
9829.364351005886,12497.800705814341,14324.259846637176,15594.485103206396,17264.566411620603,19751.480137583705,19348.25957571454,18955.955876981523,16467.195678980606,17609.115974410957,27392.88239544529,16468.87966804979,16486.80977698892
9642.404809531185,12423.266524567005,14500.243825772228,15734.193966964433,17214.888339621848,20576.96920894416,19354.51010196037,18764.469925580153,17051.349263938784,17251.580763420287,27775.11855739581,16383.801249726988,16370.366497663787
9718.338452440172,12274.201176950595,14448.40355885502,15489.566743600919,16768.93754010553,21397.03412986933,19299.321592509394,18590.518894312274,17234.986264155406,16545.00212028836,29129.48902858282,15497.083520999211,15968.265804954834
9775.29141085666,12101.559420015597,14089.05627214542,15662.89499824487,16546.341550089564,21356.44944522582,18859.528385199097,18272.02653535957,16932.905369309246,16152.418377903643,29911.801978579027,15098.647178468385,15605.193465982333
9313.5386711938,12147.709041828422,14075.898604280705,15476.106785146681,16657.583880737347,20706.23498669141,18474.366412711228,18023.755556720804,16607.21232871264,16095.623513711333,29824.98838629149,15333.21965855687,15318.381617567917
9719.332201242365,12203.224021189235,14303.68350399699,15372.551213615136,16585.90860286503,20343.34392769887,18471.499841987814,17749.56446822518,16626.299495661162,16053.413793570197,28846.648450252047,16158.568676036051,15367.790191739183
9891.738239537779,12250.830149900361,14348.894427515637,14909.441292752206,16661.129589156182,20132.97779762451,17796.86460615101,17329.74156305262,16558.52195489254,15896.089850634171,27097.163373398624,17302.706978829527,15474.653518445442
9850.744940329689,12299.37412051069,14423.198011390297,14601.321242805361,17355.191283015098,19796.992105537287,17351.037602319422,17109.984048537037,16498.321830250003,15837.739541505462,25512.65821670394,17807.798216024938,15404.290749529959
10026.035254572842,12294.200133816204,14391.22909739374,14626.130308937327,17978.704790842625,19658.03961696536,17300.633341283738,16993.209597102763,16239.98136675039,15672.641273000097,24578.624418417934,17722.669041904523,14914.326046575095
9922.178427492003,12403.59162547986,14070.424278680617,14591.744104801615,17821.302077628075,19212.436871398353,17229.132226951544,16782.796102775148,15854.247222916258,15409.606297633722,25022.776125807723,17380.380707922337,14583.469219802382
10087.308444684013,12469.63941879844,13910.302626863002,14655.11402985596,18070.29888901005,18640.23249212134,17251.24792013311,17270.02120798634,15325.777707225916,15248.507183865988,26078.105008753777,17085.320854209393,13898.415307531022
9994.183419140378,12414.08520077675,13976.161638409905,14805.960303078895,17764.380372199674,18478.547379375676,17082.887133068994,18223.44988383625,15229.586358903629,15412.752844543023,27143.62726215393,16873.906675036622,13538.744827885015
9900.552236558948,12416.46111516313,14031.664665496755,15004.766554186603,17519.762319879643,18606.51590700395,17318.44657193456,19245.53368271166,15304.49284401622,15741.830242894162,27031.09496392365,16849.90085224274,13644.096976596064
9946.436423002953,12530.23127232517,13951.861252340725,15129.0511439437,17630.91468172014,18920.395528173492,18382.65922599981,19492.95045006377,15412.633974970067,17007.426604689488,25704.718759848532,16353.428745782641,14381.759419647184
9618.065209213883,12370.334769741321,13992.855661711683,15196.23913964699,17446.606581580756,19127.37707238554,19263.428514491603,19506.312279181773,15707.57924377626,17606.31997510824,25615.23809523809,16308.703806756126,15072.26677981287
9578.899189782971,12428.155576792344,14201.029306860724,15236.397991677182,17151.61826508852,20049.723380481286,19373.358759648116,19189.597146279055,16615.971983603882,18036.360241779264,25447.510330843656,15637.494539296125,15801.95609211374
9653.083494709326,12289.063136657327,14125.638664331347,15270.118988761966,17138.559831435698,21337.94756958636,19409.846808373633,18773.520830343907,17041.02545356017,18223.42928784266,26302.183839291814,15227.865186658799,16211.95751038027
9480.646454746335,12346.022626542755,14182.728543628624,15503.172688227363,16944.161177092694,21156.150096704227,19008.86087044649,18831.35703184598,17166.449527035995,17879.565803352074,27730.466125233987,14814.165763937452,15881.188677790386
9801.822236415795,12173.599500092889,14238.2325871413,15425.421168896439,17025.22987940912,20784.672095656355,18815.67075891827,18296.066243369285,17004.944223122387,17652.19597285793,29015.756108608468,15232.850336675474,15581.560451404092
9695.376040957844,12275.096655266923,14172.949248692667,15313.526603231905,17018.643907607515,20401.596059038526,18557.490269182337,18280.836203203406,16820.517151891963,17813.259878260975,29385.653013728483,15821.24850927034,15513.427333558555
10099.634631653926,12283.916870126091,14236.11411742709,15029.777779561642,16948.177794895793,20173.66192980493,18166.209337310716,17715.65692254852,16609.516935882617,17979.502484699224,28081.712270919415,16781.794469284036,15692.82001299545
9885.550652067312,12191.736625907435,14257.469177823157,14722.301200567761,17194.875677734486,19999.29676902478,18056.723372762517,17406.44625482928,16837.447277720345,18113.35830626421,26404.914085895638,17255.632161663074,15322.340605445635
9730.597365258069,12265.10205645066,14086.654781901007,14538.351918621787,17776.163539154255,19832.628182894332,17561.44081887357,17053.122551158787,16672.13654811171,17640.956466909265,25150.367393277807,17218.065354333165,15002.26195887154
9764.335044959766,12238.53225763836,13899.08535426547,14571.980213400644,18053.891787225122,19686.82684341342,17295.564256767764,17096.44789893295,16164.238166943782,17431.899269322046,24422.972652673863,16964.405499536453,14609.643470767314
9919.911287819092,12464.178885564561,13852.308996918762,14629.653011597466,18107.167258121972,19322.518231637143,17298.247605811765,16884.076433121023,15806.077103453743,16869.144364231273,25026.781493136983,16500.37082946178,14286.116123857815
10318.02065854824,12529.32621978378,13844.818132606886,14428.534935359794,17911.021830806585,18807.319188843652,17260.648266187967,17469.21399466555,15396.677293108363,16896.071829405173,26555.189830877058,16283.770114375091,14041.962046909568
10248.312232454786,12560.83984116365,14047.077561357662,14490.173742757454,17946.358146340117,18807.779753383023,17144.486359380197,18519.345177596195,15183.086893551623,16687.79719156537,25982.067833719575,16040.918670558218,13916.742137111107
10054.755730870533,12540.980128653084,14050.448876210317,14653.490251496123,17910.949744133868,18446.20963580336,17509.747431095748,19092.044341785535,15295.405980788688,17014.526584581326,26302.418538757345,16397.181426446226,14291.376076298135
9853.401113531836,12366.412213740457,14062.187174707866,14819.195303654036,18055.031084796323,18326.614439248522,18609.816141815158,19356.196235708114,15212.716418065296,17428.07434716435,25309.388122467662,16024.574945674243,14923.705058731246
9492.286210810751,12395.419943418272,13750.243823018132,15077.63040325373,17982.597179090597,18813.504452092202,19371.597147988618,19262.699952127834,15848.227821860553,17970.29326091446,26305.272128789115,15447.12125632264,15306.76526239429
9736.412282558607,12176.904378759093,13795.270148126883,15400.650457346554,17714.519304042304,19632.030000045852,19570.376870947304,19159.512964681784,16798.762919409688,18129.853770125163,28238.907914180167,14939.719742742573,15977.277509490688
9773.484196673147,12148.855079770972,14050.202620026383,15200.148362147373,17269.175623373507,20435.600946958577,19237.833763198025,18720.66109230392,17289.952473481113,18023.40551970192,29629.05422888849,14676.914212495121,16174.094883157426
9831.168585635149,12149.772910679412,14074.088462977354,15143.312009356103,16900.586337350902,20467.207995003122,18944.132262123123,18658.195580525236,17106.336856919566,17653.75319894495,30355.473612333928,14706.232778069147,16333.778891415843
9939.665367365216,11980.375861501252,14190.023076345102,15131.915066221412,16602.056586216648,20545.02789813782,18774.35215153136,18307.891840354452,17048.890048107573,17331.973441651633,29791.14482264877,15068.587105624141,16263.070787893483
9459.281056613223,12040.64978342883,14297.580364538147,15125.295149429949,17004.39011990752,19991.093697425073,18900.576936062156,17901.554340888906,16789.64555231331,17249.92320127356,28973.083863169733,15698.905659871898,16483.10739387081
9515.668151694477,12220.223458500395,14394.74435171361,14925.064599483201,16933.454178260054,19896.137404124802,18793.406817428542,17738.464418626263,16540.597371565116,17285.996098299558,27582.39744722547,16065.921118279979,16317.838479267928
9767.315494451872,12137.793253334685,14569.917591621639,14721.508474216727,17182.462355401796,19987.594623478424,18462.51172849332,17379.68507800772,16457.59754152538,17191.011206291638,26941.824828444667,16670.96324196137,15840.86401610318
10114.589793872223,12064.901070697335,14346.784642621973,14496.73137997746,17417.14726153426,19638.18134532716,18090.101078792417,17266.8918369338,16270.08560257192,16479.7858318203,27173.309820006252,16400.883074707133,14989.21534996718
10022.269497465106,12339.226768103974,14218.9805386003,14611.853508195953,17663.203152991762,19575.670697047513,17712.610311600976,16862.08102651355,15963.703738078422,15633.581518980971,27146.03951387948,15790.718785676983,14645.07509179775
10265.424866490346,12515.213690058907,14115.2986366099,14680.817292232528,17763.493231816472,18761.348329017448,17565.194125820908,17128.737921724234,15855.292302308015,15662.706235926007,27161.17969821674,15650.006936073893,14546.246196180266
9997.799179766163,12510.635320459005,14096.705697405961,14508.493779022496,17932.842962551138,18388.233380684043,17169.932545419564,17464.670123904507,15305.802222914494,15444.868559675082,26721.08323377141,15432.900347068797,14509.940751181064
10025.2383689257,12395.603391015049,14133.28052259266,14260.767128451611,17719.408621083876,18346.18603429423,17271.325624266803,18582.357649062193,15279.983048283013,15374.926239814675,26399.374566173366,15333.45537265715,14715.675215455123
10024.82485312267,12260.683686669085,14054.705329460485,14493.276281583998,17955.402364572925,18683.371524610753,17775.33136439098,18889.358489606082,15207.8705547443,15745.562341953957,26089.0589972582,14891.539401704144,14839.600681865106
9630.805724101483,12204.881558629815,14042.387882006205,14619.716892157518,17866.593735797283,18187.50188232793,18883.96225804991,19208.813078660096,15382.80565511749,16579.81788973837,26383.594894329337,14541.963783914614,15335.05528977531
10130.778263431404,12332.02416715391,14092.632787826582,14800.101004755463,17717.74793370609,18696.71330253487,20000.92341806614,19118.22589668943,16006.420287721681,17034.47950532683,27772.636242023138,13960.654085556505,15579.128544970712
9767.318752655097,12329.660452072629,14170.630426576065,14945.994090390759,17306.52939769948,19571.543799831772,19881.841052410502,19086.04111240646,17073.401736385164,17306.647976539934,29745.972036698684,13497.04733619376,16185.333058811948
