0,1,2,3,4,5,6,7,8
3174.981602862213,3971.0317585827597,9424.14266854535,6289.436093332837,3939.629649679221,4686.557836783648,7641.591082465401,6834.875330136276,5334.729488175828
3401.059154034363,4191.529617231844,9590.355735754032,6334.032602987796,3928.8535027369658,4621.745186428989,7782.863549319342,6858.846627215116,5296.097386322951
3537.533641560214,4577.590614596863,9373.327836749313,6422.047408934109,3863.1528022649068,4649.4221605681705,7723.300452661419,6750.629492888636,5229.559403059276
3615.496507815451,4495.902548398291,9882.672177876428,6825.132781762274,4060.297009207413,4651.66265018791,7630.224163557495,6742.6166135459325,5310.48862673652
3790.781726457727,4497.073167617808,9421.817608967818,6637.279347910055,3811.72869934568,4570.473853408633,7391.905711231778,6759.892202776098,5393.027621553364
3824.08077185666,4614.64005512624,9665.771143542821,6886.2756102489075,4049.434200681508,4637.739453793515,7104.761413172283,6686.651053652323,5172.5429747657245
3994.095728137401,4411.429686254637,9626.034700876464,7045.947168847884,4024.905250837384,4452.277215680364,6999.115485138673,6611.038880855552,5172.70405025573
3832.9817644318823,4445.3084202470045,9596.74514353274,6941.286012901839,3725.4118195221804,4422.668204669266,6694.313456669966,6575.361409485921,5270.6492028017665
3369.4572654383524,4496.647473708977,9778.159131560607,7164.621960419884,4244.170202751541,4152.683410090398,6725.2058299270775,6592.800762924626,5230.85712115956
1930.2388734574945,4618.86549042731,9629.253283492895,6602.1111223814305,4090.9614707970454,3895.636050000537,6811.043581699604,6501.942611824004,5200.740853744667
2293.1061013002645,4592.068698464765,9737.777044689097,5741.135705318257,4118.006080258782,4323.89066552967,6908.340550302448,6512.531040361499,5089.972592718958
3971.024586729216,4738.623318767591,9737.78426855432,5228.738120089707,4568.425650441638,4429.377018695752,6970.5628031343285,6484.816450837519,5127.0422972360075
4678.162000924001,4837.106640944907,9440.423939218277,5504.818974555704,4100.500644928434,4266.871893782077,6957.128326503992,6431.874886297941,5124.422346525745
5029.189354807556,4535.424242177876,9616.68252612956,5441.192579675722,3848.577244989084,4290.817423652463,7001.959643896447,6413.823087975144,5075.894058219352
5011.646168754156,4744.131165679758,9820.433662984127,5935.991848455374,3676.0026930772265,4597.857801277686,7065.695730338166,6521.858463739793,4985.613374233738
4799.538532770056,4595.098392888756,9530.179597538605,6244.375811442815,3417.075651058939,4819.6463514427005,6995.603733815111,6560.775889722469,4983.867751572881
4040.7819401098095,4544.708162622905,9822.964619204144,5957.999829553892,3500.22514759173,4864.582845540158,6931.501393866986,6537.348375645965,5000.870232207758
3398.880097848103,4585.698025456493,9668.125298318542,5995.402680846348,3315.0428895940076,4767.793055604511,6889.398734327724,6672.493122976897,4896.0008006316275
2808.161413038935,4558.652692746034,9892.6494865208,5529.032655519696,3394.3973223698954,5002.581643210884,6893.635131316095,6820.331697683249,4893.690255399722
2488.1423716307927,4631.767791165563,9776.06766333244,5431.88519321331,3535.512692806908,4848.975285800756,6918.470226588642,6802.451195633814,4980.775096524798
2220.9431894034874,4529.56752859236,9276.440616793554,5511.178100718241,3507.0806146498444,4968.9652908743965,6756.042520498205,6859.416320772126,4924.623029934749
1854.0328171313565,4161.714461150533,9334.919016876202,5563.391945778393,3645.626732624158,5045.063561865199,6804.647573756494,6991.868643428573,4792.248827958151
1718.5870545612436,4146.063775097489,9215.991267856925,5485.161839629769,3675.9783228058805,4878.239878612319,6708.3630377968575,6986.525318050334,4892.080417258958
1832.3095517121135,3801.721374843411,8944.62025329119,5378.755136609538,3670.0051204729657,5028.69745763442,6604.369553589751,7009.343369395928,4971.3352518473275
1962.2187323179057,3732.420076025535,9480.595058545754,5339.185534769748,3861.8276823798465,5092.751178002031,6324.22825489734,7107.577199570925,4845.1949038907715
2493.2025391234997,3949.7706702696655,9443.722017457882,5342.033832176797,3675.156566200859,5122.834318912753,6411.2955083743145,6938.046756826987,4992.699448521339
2740.173419720853,3950.6601474209383,9382.139060682895,5362.752972098492,3912.2726438644377,5171.48500628479,7045.2427516890075,6986.741641169822,5082.652561527201
3028.671304135459,4162.2231889765935,10002.573104885823,5728.039528926943,3994.7447698896694,5151.7452235449355,7563.186145672473,6936.209066307453,5063.017352826225
2963.9625127525214,4114.555531891349,9576.308841223014,5587.462730881408,3805.9539042789606,5169.334428760969,7813.692993422036,6991.025944595386,4972.0333983559185
3261.2824025440837,4345.889369298687,9928.46762595729,6106.256407167745,4075.4521873417643,5158.93583519876,8124.6429585113265,6866.557973848536,5058.666146209594
3196.448040468877,4510.208320547212,9812.790994487063,6365.141026960766,3831.008182017528,4950.282185766851,8047.775759532073,6864.866304463623,5161.364147532395
3246.434591229241,4416.016013177687,9666.150734548059,6741.753277668039,3787.881654900884,5054.661109484848,7894.094825477466,6772.628785910998,5221.917928584985
3382.9209824285276,4518.219086315914,9954.10583175624,6799.97208725578,4198.236189170335,4920.761507776092,7787.782915422926,6759.6140376147105,5240.116482589293
3320.0814485817245,4703.489707035806,9656.648853925246,6801.820205565878,3742.177107905682,4792.3001646684825,7404.87663189831,6762.920292982228,5160.111755856437
3610.2822826022225,4317.412890123537,9992.721759538521,7163.995527643355,3914.2669296515483,4620.564550091962,7233.5884093459845,6694.965241934766,5165.723663568696
3098.6939445733415,4637.490068303076,9905.107399955486,6846.202031259502,3967.6784796959437,4318.009394695316,7109.5467308463685,6630.990795472937,5195.942989467247
2036.3392958489399,4567.046547342673,9857.87545787546,6598.945550305017,3800.475059382423,4232.929526232589,7019.5447665257925,6561.531903290335,5202.4021074947
2603.033344364333,4590.962705340173,10101.71836622884,5868.598216623736,4095.799006516937,4612.236010742685,7050.305418151818,6660.723130262504,5154.647647964444
4190.253813663484,4763.0912844957065,9791.93039132204,5097.068572183606,3708.81867680909,4822.366526958343,6977.338914621838,6558.5503185795,5238.585938661316
5442.61489602669,4711.531439849021,10012.370898029809,5334.4372254169875,3575.7684958667705,4841.305130801591,7044.526736330347,6511.344928436899,5215.217236826849
5569.713908982338,4825.119548111108,10042.46635351191,5577.5271259383635,3616.6917123946446,4365.95255174533,7017.474470438253,6531.7636477056785,5199.288100327895
5684.831653527661,4914.61810138052,9593.426393048925,5688.568857291745,3443.6890240634416,4646.36389028546,6918.989860743939,6422.043379304258,5107.685495256068
5307.971666212658,4840.263515513401,10226.71132743169,5862.857141906404,3396.064519485016,5000.772611229657,6978.181533656682,6408.9144960589,4970.989885922116
4829.006326119602,5034.516783358576,9486.841826819005,6065.02153208501,3324.695571372954,5052.8395061728415,7040.396374644606,6415.906488693167,4956.000553221846
4123.283410873461,4728.831608284683,9966.63487189032,5847.026533262309,3289.0954285904313,5176.3777719690825,6936.749795506858,6615.952530649073,4985.921129724508
3265.3672099853275,4818.752637036669,10176.071341989618,5570.7913755792915,3366.4829394916796,5172.263758317503,6941.124391323593,6668.707564844452,5075.345060628503
2939.9249148003987,5072.43924613813,9694.504524633963,5479.458963176326,3359.7405669758864,5177.085659001261,6805.84285101383,6791.914651784274,4995.856980502731
2690.5706246512095,4595.3024022819445,10148.154750677246,5155.300230851558,3446.5437659008803,5222.27308577591,6916.63443557153,6757.376449207235,4954.777058872173
2090.2159696302674,4976.567469247525,9622.465766742009,5213.47494275124,3526.4844600474667,5271.035171297917,6798.298294623827,6954.767740717596,4977.431368393261
1916.1021607293358,4708.479193343328,9439.769049195915,5210.373134342723,3499.904915910962,5366.251397809582,6769.353221770212,6908.745799280486,4847.964071094398
1609.557627455984,4467.005156251311,9679.151754265842,5411.28303956519,3772.8428655920634,5178.423366202835,6814.526739738014,6931.085544874621,4919.513220455655
1805.1813125339288,4593.168124087276,9429.745035107935,5618.627483266278,3581.20994710142,5100.800870453658,6608.024449513879,6902.427593593963,4914.475105956677
2065.134099616859,4403.366157491713,9793.684618825964,5786.5506021030005,3641.406341723337,5175.489435710778,6443.438127311231,6877.3090511199625,4992.451912495131
2681.792449556136,4493.286298229138,9835.82732073913,5992.355928255299,3829.682317796606,5098.523388837085,6518.874620739101,6833.829875846943,5019.0864877733575
2752.0627749067494,4388.28756576885,9680.71427847525,5996.414610147133,3639.1193858755373,5032.888406561471,7136.149729133549,6796.17738617685,5198.2665462394325
2963.846329285963,4689.280964428406,10112.582586559534,6190.971244958763,3746.0799619725203,5091.145943955936,7592.227537550859,6800.379030027703,5128.71858196414
3156.578068264344,5059.973008824924,9853.40551910413,6230.127855685137,3744.9645018720935,5030.275793159644,7800.535115314245,6861.501501501506,5030.731203211336
3229.0410596126912,4885.416850294685,9916.368265042305,6566.984957839042,3677.5916545992236,5071.345666522929,7884.333749172379,6788.123333503831,5240.090968161146
3381.8914234183812,5357.873563150534,10039.565236836961,6944.4350798847,3788.209630366816,5075.178738751228,7861.085151945889,6763.498265290372,5217.365853944937
3413.8493168776836,5055.089513883969,9784.216934595233,6957.687832189221,3593.4965236769,5121.454361982246,7693.076504822911,6707.013255198791,5226.45547608369
3602.390382878184,4958.559581761409,10004.393655055677,7120.102032036984,3782.459389213775,5128.030282200045,7482.094319842345,6651.712931414081,5253.863494391483
3757.9183171908235,5003.213258921021,9972.317626333803,7164.44982686651,3917.22509478188,4844.595035979493,7096.901080045459,6642.062239510496,5276.198118810347
3848.389882585542,4929.091252701236,9941.97484918239,7357.225148161412,3664.534809723812,4731.1625644364185,6980.630198285528,6575.375234570845,5169.123709262334
3015.7572063906146,5002.836059202501,10113.283669421442,6943.491425515856,4003.007975592551,4229.463056447911,6981.564089963575,6600.578912334905,5195.879065641917
1850.8099533988413,5138.980246716935,9944.20980278342,6460.826330976464,3724.07642644215,4516.742678065993,6873.035144632274,6524.955462763594,5098.873381464008
3137.3830475564664,5101.841871116309,10037.436722202961,5811.29732659469,3666.084085567748,4821.633368746811,6939.280293523597,6487.879299067562,5138.315031949872
4820.306799757812,5412.747862014121,10167.66244122864,5115.956229326417,3822.019574105703,4914.806815454761,7008.249810576346,6456.475209338903,5333.714949192314
5509.180431249851,5199.318807062753,9880.210080865687,5105.890476178393,3464.1414217773804,4757.590324501321,7039.667958805632,6456.198281619835,5211.5841277876225
5952.7800949840575,5163.928147270647,9988.799264069656,5140.138418939699,3458.011162797149,4461.79446708023,7160.358077482901,6427.274002491246,5182.115369005188
5600.261830357845,5392.611671424962,9883.30395135406,5350.310541000695,3301.897204924572,4786.968469905698,7191.492694406719,6387.315972586351,5145.891644427085
5310.862095910284,5229.1510790704615,9821.608903693132,5274.069214005392,3304.0381559264465,5104.049892100329,7077.92917351296,6446.290562154581,5111.016792144579
4623.543254988644,5327.026752715213,9908.168328596741,5012.119128670735,3531.125930619071,5109.318343768283,7169.389306299715,6512.036848725879,4999.229465908979
3866.1106293956527,5399.4992652075,10050.772981048987,5319.147737924538,3379.906116849648,5152.364150186885,7009.420775402848,6578.929775829221,4881.058719502904
3198.802517617722,5199.176755049059,9944.323957152783,5978.913985623716,3317.053538189101,5197.392240504755,7065.446173733679,6636.264862165162,4922.309884458165
2736.0649415274265,5607.202149174437,9813.081354510125,6241.553735329177,3456.1896867029513,5075.902010904767,6913.662999399874,6828.67997922313,4976.96845592263
2357.6748528868907,5067.971972219427,9550.263450184448,6764.7014549293535,3363.151361071279,5187.3396457139315,6906.115539782951,6809.47208673817,4906.202643261989
2018.9898646414845,5105.108627507018,9354.930092472317,6774.823725628008,3515.8691860130057,5191.2629975901855,6821.80659379437,6823.913086051126,4914.131052235321
1541.95276684407,4938.185966976898,9425.859986367735,6336.423451271722,3398.520750145453,5149.8418400943965,6790.953234150101,6907.3244291710025,4861.323650154209
1608.0441630439243,4458.851479863487,9207.239737532313,6637.14180363713,3488.629873329093,5129.000820482388,6732.553421051473,6896.406416011878,4883.4650702161925
2085.4133598857206,4684.6886834195475,9660.982600297957,6435.360280959048,3450.6408302295195,5032.021146107268,6698.085835199407,6914.220147393391,5015.315487096274
2347.1751174104993,4377.564979480165,9596.731469656126,6425.601986050951,3512.12958376901,5074.345719612947,6376.35896422218,6828.700014285428,5125.847077485666
2811.4739272631523,4699.381685645552,9792.247044800926,6686.1612722325435,3610.729035499828,4943.636381023421,6815.348661000614,6839.132267362809,5037.517451968197
3027.2209928295247,4585.85264210105,9851.333236924713,6738.114862502397,3629.4875085743965,4876.006841489642,7524.517659944583,6759.603767866183,5079.719425786635
3265.1300158187814,4725.552417728484,9757.391779295247,6717.108316587152,3560.0122950540267,4930.0513609257205,7776.510458940295,6840.607600448262,5170.72128096313
3406.5289346949658,4925.001126188794,10072.908145215608,6966.7541746758125,3834.5041332598717,4808.935699970111,7899.766576361955,6767.499423184077,5181.397687280041
3605.010514055045,5075.898786430264,9819.650982260386,7193.43305746512,3542.180322723958,4876.988134782319,7889.228602851557,6749.668779317507,5168.6857349539605
3605.2157917158197,4907.3202005642825,9913.806663304254,7637.578202872824,3524.9324217908793,4936.382867721871,7853.387488072602,6669.121197378457,5172.867855831664
3667.224464989779,5139.36535519835,9963.828562862376,7462.642817668125,3597.6487807451927,4945.844906210237,7550.186823349603,6599.993049807027,5161.3242811504715
3866.352349520668,5089.359100449647,9775.724376640457,7833.084596109712,3466.726686173006,4965.339716181836,7239.543825406745,6697.935879766314,5157.223291283585
3833.475588927747,5305.066479777231,9907.093588877731,8192.198559373499,3671.176511709742,4788.617394117152,7103.237351301064,6663.5189377641445,5240.498189271424
3852.178181751686,6180.417505431931,9879.715614503286,7893.37335405835,3485.8281884716066,4518.288829904799,6943.95596547603,6536.041828467633,5278.370115988543
2574.7418333088103,5991.788487466482,9799.93736740195,7503.172728432837,3585.663851732614,4228.935660286024,7014.477298079626,6502.003429806812,5324.083372141097
1847.325102880659,5963.872618414501,10084.989842749095,6651.722946281949,3840.7624269418916,4689.059067493759,6997.222828411836,6404.3206964918,5185.606557387514
3847.0260530370297,5692.514145320668,9723.35630203847,5575.078122483167,3584.954052314493,4906.831926009607,7103.384363905335,6392.607899129922,5079.114889396033
4996.016032663692,5349.706855660724,9954.951742465806,5071.936716848592,4021.830401679056,4892.710497852497,7178.907418569868,6418.408305329573,5130.243438771286
5649.283928268979,5167.44244633966,9955.784994971631,4923.799976855206,3930.604478137373,4588.248937807718,7178.047327487582,6381.355050541133,5080.336861168159
5710.602212360562,5365.426277074563,9644.654362657264,5030.272068050504,3742.304156645293,4452.928110652287,7104.972488311714,6377.224888861548,5138.014129615177
5506.253566859628,5458.075989423705,10020.33566090898,5127.212852047556,3916.0932709613867,4957.238995875773,7117.023051496681,6358.912981819655,5224.607033674194
5000.952392287012,5491.136399153278,9708.439561797919,5269.306343380418,3723.3087829345372,5103.928760382981,7092.91925508836,6405.558839544309,5189.174444923249
4264.048514115752,5442.22930813524,9659.751846288695,5558.301000342918,3621.0792653666635,5161.720401055372,7082.2640041445275,6370.158220942236,5060.040237006349
3493.679523673204,5440.610099587753,9778.166694495958,5769.163386627341,3388.120218023946,5085.992625400793,7170.369837170176,6495.4730327838815,5064.434918956816
2926.5489019960823,5558.695727468005,9645.10492867154,6163.956295616548,3216.6340128493935,5178.861204891236,7035.649402947465,6544.48474563401,5099.553722199788
2896.948462824979,5269.942869441023,9724.658702855682,6444.336133986252,3412.5743443057763,5046.545955129049,7123.342072144114,6596.3027288108,4934.9374951011605
2440.359524876447,5262.677130086676,9799.768738167902,6654.2698963332805,3319.008314635116,5067.7551075039455,6999.129308082944,6684.83829225834,4954.092152230141
2274.645680892915,5094.4633179061275,9446.346284417334,7248.321005099937,3438.6220594535766,5078.141435028122,6928.303729592011,6767.538332283134,4838.100951866102
2252.074467781831,4760.709577434412,9608.232893706716,7336.01649946937,3582.373518075248,5001.710009983297,6962.9639006569505,6788.639185324685,4813.538325031131
2030.270198188927,5021.611678274613,9138.70590756714,7597.806875163883,3535.188998761102,5073.577059807628,6851.702571230022,6763.163966671395,5010.767124859012
2156.6984344988964,4568.593755343525,9389.278400587205,8067.576348278102,3524.870617231464,5052.5495487721,6679.5753220620245,6755.714444603332,5119.473466379981
2624.5675735673344,5017.758953745254,9664.159340165192,8003.387384453136,3531.2627024679246,4969.349608787116,6442.585348776094,6671.011064731405,5169.292010472965
2732.0540445311763,4902.915027574985,9270.874909038324,8100.734372171875,3519.321103612485,5157.51598094021,6706.197413741376,6692.8661725371385,5119.866492066361
3001.3684767759164,4649.51614473828,9797.697814551522,8301.652411745281,3715.076690692319,5044.051130385841,7381.527793153025,6705.336426914154,5203.484987238918
3233.233575208682,4951.685396677594,9650.132558643283,8028.854417665975,3572.181860634832,5168.837158536401,7647.601364223243,6698.2907115062635,5221.526398678373
3476.714821713529,4595.5976106158705,9865.526638392865,8256.950294860993,3681.594417665385,5058.554954319628,7895.3326592619715,6611.335083101105,5256.33902707045
3640.6816143217056,4903.611686220383,9865.655602988329,8276.621584052462,3910.146504603053,4881.803850941977,7850.15081513451,6547.644805747758,5234.93776976145
3877.4256872968263,4834.14335959274,9772.676039627459,8448.694829569862,3629.4282485667177,5118.712848651121,7676.5733420887345,6624.287769746902,5238.918766984741
3870.5605123896216,5131.16626447468,9788.712376770613,8450.90903125701,3803.831531841321,4919.683155175617,7567.610790380053,6480.106191648875,5241.664655821811
4087.4881202913266,5095.891126200569,9766.412847440315,8620.334924914265,3918.6347162073207,4806.692893541668,7264.555715808234,6521.682683766139,5315.925396685567
4075.105996365838,5010.238763620997,9631.128030088345,8942.838313993547,3543.039243462284,4689.772764138577,6983.573881731071,6523.581968289371,5425.787447645277
3727.801649839224,5554.624614922638,9851.236163841073,8563.532895792423,3867.638663591258,4298.406118643821,6980.851168719587,6545.24219118937,5436.085228741423
2446.560159640329,4851.323492466329,9800.973654066442,7900.1317011170095,3729.8741465113662,4258.777650041912,6938.843823893978,6460.756924434232,5448.696942801579
2056.814051053831,5531.069010638905,9780.538073070327,7018.945242439266,3830.007026098785,4618.342516950267,6960.480282274047,6447.040160514484,5276.016297521676
3853.886498468036,5161.489591713073,10026.077516494877,5853.589727431538,4074.2719004861615,4656.519193119317,6980.117710289022,6432.622022443965,5145.4934974749
4949.954810574211,4832.910055227162,9602.658025588053,5210.707280489213,3541.1293707363006,4656.1319574971885,6900.677298979874,6376.711154519903,5115.373815223179
5265.561063869722,5248.460064211128,9930.990370685311,5125.765149626324,3882.841239575511,4281.77332066717,6907.398751625073,6345.81144829303,5311.0803382722
5423.394697920241,4498.8595016987965,9682.64327870606,5211.230365459218,3630.1070340771284,4691.19685049055,6954.598169678877,6320.620011558826,5217.465424522264
5110.6053857650895,5069.9196615312985,9616.704878049908,5473.148532667129,3358.5375752234095,5032.061936858688,7140.8120325214895,6288.447154057283,5226.264922996281
4810.722014778931,4754.488890201909,9759.403526091693,5460.238615353833,3460.537369586334,5042.411772804686,7353.940590231996,6418.536601403888,5277.935794838537
3667.2438571821476,4804.961816015268,9567.807055714697,5875.546436523979,3206.217589302166,5166.4738025594315,7325.337744692585,6485.257499698588,5239.090628880525
3226.40627856028,5168.597140811267,9902.823032815983,6231.776261377022,3259.196633063611,5047.70739031225,7411.94459249719,6625.244149622257,5141.812044641889
2515.2311624149884,4739.035809514597,10038.896051225767,6203.119084026279,3442.4667675759683,5153.161703763342,7323.8742882552515,6656.137758466358,4996.012456196256
2243.7623879347007,5315.258075486448,9480.148802022528,6738.619507408089,3311.0253538376687,5118.983432508326,7183.04556594956,6645.335966306618,4922.110235982412
1782.4253220369487,4411.24365436137,9728.038384889644,6809.073003733474,3522.0519005151987,5058.764859678922,7134.711021476156,6816.937096595304,4975.117821405678
1632.7506871743094,4622.226635491334,9468.451301295701,6972.380339391381,3470.3053393000887,5156.636740780776,6970.859501721987,6737.18897234104,4833.012071606304
1790.8276854309938,4231.450212485049,9236.030112622531,7187.081579718655,3525.8779277720096,5094.101339766591,6860.571204194532,6796.388779828124,4805.387570077525
1905.8869862625431,3886.372807132835,9620.066390660555,7340.139810518495,3568.6591276252025,4995.154954437801,6758.497864056121,6774.058112884597,4816.394869024116
2373.7024858037394,4280.360365936931,9371.45279138605,7502.707507937955,3642.464764844752,5053.05513155953,6413.981549829911,6811.931782019748,5025.528587257685
2625.4654889927274,3936.593341915545,9504.314176867087,7571.021797187833,3639.0788397495903,4900.587064782124,6837.384669589091,6714.342471195869,5054.875446259401
2990.6101118111187,4136.286531738228,9792.401822509453,7327.6118408327,3610.672830986688,4902.272412230328,7531.032140693396,6713.9342448780935,5126.433994875092
3200.412461205329,4260.817415758975,9436.949868773865,7668.222262536761,3578.05635049261,4975.226053752344,7822.185905191433,6741.795588586717,5237.352126856279
3391.849749465643,4163.836156957912,9959.107088372604,7659.44472571893,3920.6128363129915,4842.076043725683,8168.0585665339895,6788.967286722259,5275.1899667735715
3719.062121360971,4799.600199900051,9807.173559731402,7615.345953780063,3687.060398766614,4863.877529317364,8244.771154819036,6762.818438113853,5286.060342767177
3583.2973050871874,4457.277214970814,9542.693317222363,7668.6533560949065,3875.7783824329467,4940.360452001489,8075.565735459397,6634.206084876305,5259.6185122073175
3917.970279684245,4686.718816177143,9984.159825203376,7723.816305890983,3835.265270483731,5138.490749050101,7982.498992707012,6608.288562417787,5239.458264951784
3810.4030944682795,4837.6641251441515,9490.822528959052,7751.554186217276,3591.161410562854,5072.008689060309,7657.394796970328,6620.902755124399,5271.685218344343
4042.7920319102877,4469.818145297669,9702.116430967508,7948.5649967457075,3779.517973796695,4891.977850004151,7377.124587269348,6474.8431967047045,5186.296215105647
3813.3983841192644,4975.7321288969215,9787.962397623714,7748.106873658241,3599.7065201358096,4705.435015279633,7276.7114423045,6484.453450952473,5246.531133572058
3074.5798950518097,4814.197927437815,9547.56784508664,7227.858382746363,3572.048429967731,4379.9200941126455,7093.313064808942,6511.346870835909,5156.424445289922
1806.9202029419653,4829.648479649839,10010.743126146725,6076.409522761457,3843.308948408734,4538.607489455535,7081.821567223679,6500.433181719732,5184.177723135769
2971.0662043890475,5259.908563702991,9676.264410636035,5173.823224487903,3577.160377374869,4826.213943598065,7148.962351389487,6470.606092893734,5396.537151846475
4300.94945610907,4808.443274112281,9690.14693060521,5185.3091406932745,3598.1536570232383,4781.0274894969,7106.471074639572,6452.9097286504175,5237.7489882021755
5129.305865546249,5091.345008789697,9878.679140102364,5109.3792251550285,3619.622459338776,4485.635714703647,7202.852832029223,6358.869734193667,5236.669293406883
5282.45826844167,4897.059890335588,9402.99681532557,5232.795888282214,3346.235516133946,4388.552649753555,7261.745757230598,6368.464200902334,5304.5917137210145
5165.325350285427,4960.527131177949,9856.588584536607,5395.109643469263,3388.941039911005,4608.043606090409,7287.844621958558,6383.301786720466,5299.107185110912
4872.969584985294,4814.258039075923,9529.292598309079,5731.493261146531,3233.3986240294444,4733.577883520211,7246.03953695518,6364.041307209353,5079.91381431667
3971.2993280097116,4904.122813770502,9474.224802653796,5644.618592111094,3349.1847639636944,4663.69305730992,7146.32285771603,6599.9125781641515,4979.657518715477
3297.369211621822,4676.672213836964,9835.510316257887,5541.638834782151,3140.033063205778,4744.24466952609,7285.876720266159,6726.1652843384045,5055.4409269027055
2752.948397176116,5043.27887519209,9328.024003594564,5569.451051228302,3223.9520093630213,4719.278865796075,7234.653024212814,6732.898296024756,5076.540446381522
2100.220547699102,4813.515854437646,9582.303200770133,5587.219276609248,3255.22914939528,4746.0387955785245,7200.404224306076,6823.309995015114,5091.674893233951
1915.3120837376396,4999.603433665047,9537.298304033027,5611.345323763624,3369.0540297971634,4819.802958443691,7269.583201561069,6867.872398924364,5074.638445283555
1475.9536305730269,4644.651303125616,9062.47989459767,5463.689845846444,3421.530465185231,4824.601737571089,7148.082170316129,6852.574641517902,4973.2396103095325
1626.7924639466137,4465.60427587098,9577.599123097358,5469.524877022598,3681.4232277325837,4894.861162673302,7212.255170497402,6884.412323043728,4962.476609939149
2005.9853198931517,4344.745913320345,9144.142440950205,5418.093245182658,3513.2054667486495,4945.55581775315,7117.251638751401,6946.327218084549,5000.118935015482
2383.1622610477775,3911.0346696424294,9083.376659215979,5969.09013231933,3602.6383291269226,4893.390666766164,6890.751277965713,6929.643387607153,4963.141694069988
2675.1182418837575,4366.092868396712,9693.398465611725,5987.240145105635,3700.48975227451,4843.681363218284,6704.260472435067,6867.1006737585,4882.067859963785
3010.65111235257,4082.0108046941746,9240.065446496194,6255.88922255589,3600.329730528993,4845.417535746331,7324.757411776649,6771.665155495729,4960.3817432006845
3002.9071188188423,4307.191148040239,9405.704711553592,6593.306483068913,3777.9987436511747,4662.952679937819,7888.723855122873,6767.90999480643,5170.892606482241
3437.9948079322958,4581.956449672047,9487.966205034105,6546.511239899781,3771.5391175443724,4732.867883066435,8237.653487988708,6712.530370268349,5128.936984715337
3498.789887617851,4310.340629835173,9071.38460003277,6993.384585504842,3631.201816324716,4651.709244163377,8434.869146561228,6731.832945277319,5203.124575323279
3600.5862966535074,4656.403886583277,9521.32428681195,7066.779033857932,3914.395180886809,4636.024261858578,8367.362544272044,6717.22451961974,5269.931147194772
3708.9845402976225,4831.532327811518,9207.426206519538,7274.991054742341,3689.449490092588,4697.041420118344,8336.552680989651,6692.582613623743,5236.3494295152395
3765.2753867881315,4509.537156414786,9427.449163917023,7202.739502915407,3720.3232740046005,4599.550294853845,8072.628631352902,6616.735287287601,5165.741011400175
3804.7744556414823,4832.735013934823,9525.878954904767,6993.059720879119,3863.3452333365503,4593.210399556428,7910.872436724356,6609.866873707771,5061.839307886242
3885.5233262735405,4643.284638235503,9270.614345303522,7107.419235056224,3623.3907582733355,4404.513678508942,7476.775449791639,6572.334257686405,5046.739337703396
3702.8602408834113,4811.534035841516,9618.069982970663,6635.49946246313,3957.425794588916,4065.9111949246535,7442.171046606702,6615.457194370771,5135.495825340614
2663.5104000906986,4651.739214466001,9676.264410636026,5749.074457929043,3714.789657992794,4086.0754310839184,7314.064369626728,6526.108336090823,5095.694805358386
1772.5378964503616,4748.823641613557,9344.927094446988,5331.477694869154,3871.2762295835473,4317.729545580895,7177.839207202686,6531.530988064529,5144.299961146152
3177.3501645561146,4867.716162076059,9538.801944390701,5621.882930682191,3991.8096278477,4401.896463160162,7363.169525827848,6507.504020291853,5130.129787786148
4273.357910887897,4849.307109758887,9528.962359895939,5862.213709114783,3611.0760548507087,4412.0480198127,7385.253918535415,6472.937362455082,5047.149045801729
4942.645650542227,4577.234684761564,9292.487409360896,6024.612808351987,3641.1250627157788,4054.2623991179194,7369.397243134939,6419.3619708307515,5087.513614542642
4947.014702923387,4957.82540898161,9676.417680797289,6270.6576634690455,3584.9116874099955,4460.5582277295425,7416.653038348957,6486.66842555302,4992.136017825623
4871.542903785327,4760.745100058159,9177.11968779677,6122.145670661265,3397.614406386337,4668.799176745326,7336.879489491606,6380.30892756603,4945.460307865387
4479.146813346698,4655.895176611197,9362.236345070001,6104.694711151483,3388.7952781945824,4670.708576248995,7378.977448652315,6440.839974824775,4930.285817405426
3609.559961463339,4693.702958298789,9454.64415364183,5692.685128760693,3284.3107322075816,4849.251492673018,7367.540201409069,6574.259264475889,4963.208549676605
2983.8745828944798,4607.488446083392,8977.690527274302,5481.934247452215,3270.8737187415454,4659.279778393353,7229.291724111411,6690.246254377782,4935.481463345561
2501.2133347168606,4490.987955455934,9571.082823603547,5448.909013097072,3344.7000269034174,4722.685950774774,7295.021157142615,6758.3475857426,4975.237242120802
2055.790608614331,4765.602173137992,9224.86609529297,5513.115740931235,3522.6213078370934,4687.579223031635,7236.0562495367085,6836.9715959223895,4980.327286660872
1709.2776032313936,4311.191973711052,8938.607966617301,5448.71794871795,3460.722413210977,4584.772383802671,7275.920429299324,6887.195073233558,4938.821749532198
1495.164190921495,4064.231513940981,9369.001719407146,5370.83094094837,3657.2839506172822,4713.768236552791,7185.9674615587655,6941.087888255718,4859.474093560267
1766.1165799754601,4044.366363164306,8797.472075249854,5716.848443763571,3670.380600575139,4659.949435063701,7118.267050738365,6958.065027745133,4885.143960382506
2059.3070875556746,3603.753564259803,9153.730864949399,5967.517328465521,3576.3482781026632,4579.20747117582,7110.0728608783775,6886.74438244069,4863.039668608326
2512.531021236558,3881.754192214477,9359.577943815117,6357.990094626178,3641.813093854481,4635.509341901049,6779.315505263758,6886.789161701748,4771.171335049801
2623.411660875321,3834.349098175152,8932.845643256973,6808.614772810533,3776.7524245578,4563.745271377976,6783.940332691115,6886.738759248722,5008.931907707062
3057.467665927276,3966.508832911673,9696.498560449025,6687.002593105587,3983.654615027694,4576.463508770599,7527.621694960775,6843.289782985358,5136.400551697409
3028.9290913307677,4027.996070378526,9142.114147978464,7030.150513426529,3899.6227490939123,4573.418825207878,7937.07220734248,6767.991661102441,5097.780118643682
3486.7944361263976,4073.2632935317,9497.27214729022,7077.17469910636,3900.0238948626074,4446.585872821212,8284.445130293843,6804.797650805469,5066.6379791182935
3522.6824902970593,4172.370636094239,9749.294553456955,7211.9172493277865,3677.0298278814103,4537.442231443996,8337.905166480949,6773.787524650833,5177.418227431912
3779.4060933281903,4099.924503452647,9196.775089671622,7271.896362955074,3601.253297067263,4437.841215937363,8244.912432862184,6804.59011931565,5198.506289308176
3863.9499071035143,3974.7920814602985,9694.020203857835,7369.478540661509,3687.731464826941,4579.125633529029,8214.368976813226,6766.166937650558,5181.758160427721
3770.023681183389,4124.546776196317,9348.011582008716,7374.77778162033,3554.782673919715,4618.80819881426,7892.767172053091,6600.745854422178,5205.144618110415
4156.400099041357,4130.7525071610835,9405.121000609992,7556.452169115113,3573.843282758012,4372.472472472473,7640.198805606831,6675.988067939808,5248.519595562158
3685.596088755172,3947.22493793132,9654.190540385283,7358.166974947774,3588.6941047584696,4259.1276138222975,7504.269975518985,6608.435200636483,5058.498663018434
3522.32929438739,4050.5283439345358,9257.676867999122,7118.434603501545,3422.1519314985403,3831.675142175077,7321.836661172164,6687.692157518341,4977.831777641976
2066.806414841869,4135.102670180239,9822.526751333446,6292.401349628468,3639.4037570914206,4164.0366898670945,7393.773284478652,6709.885672205389,5021.460050616871
2422.269725181288,3977.1345975659497,9419.03930442369,5459.958110898049,3490.2885542617987,4458.693612166039,7351.820347961319,6656.573489408319,4991.538741820713
3879.3229010838118,4031.4290447113726,9470.75403608738,5329.523302234178,3636.6542069239763,4381.124355233019,7226.4562752707725,6575.90818509575,5098.065927401727
4806.618753323376,4037.8110605067936,9598.916553292152,5064.9066456527435,3628.962889293733,4414.0803338376945,7316.072918083936,6493.132081121106,5138.94739004056
4936.839854483529,4184.070229047905,9183.994461401247,4978.598858709639,3439.749385880983,4065.4794822009612,7401.889176098372,6488.505379536473,5064.838842317669
5089.515429013373,3993.3046924383293,9476.782937281912,5134.656282490368,3427.5243522616015,4358.651625172253,7473.813070944347,6460.820818184701,5067.5270640719
4764.244371535475,4478.49414229173,9345.374398426431,5160.867534425611,3289.4353675796847,4763.642869923063,7591.992617390145,6437.871876653364,4911.654231405539
4085.9153740549873,4041.3210468189163,9228.604066297303,5246.98776708498,3298.7213539122426,4757.800949625306,7609.269888882427,6595.296811019692,4935.006935889499
3459.004263731196,4118.845800456993,9488.541140133375,5436.397316375696,3258.9029271454388,4839.738004853556,7600.06563340867,6730.741729631028,4814.862923519621
2686.5682449642154,4022.4408778217708,9446.697110462079,5760.952223508018,3389.2433544261307,4760.697802191601,7540.058503108818,6675.083256220396,4834.3300112583265
2186.7665379155173,4016.537753991314,9371.804335715851,6188.8946838718575,3237.1625006976283,4754.263426650177,7505.07120956813,6744.386676089496,4891.826047458038
2155.8383913456382,4184.392590027702,9439.740036465086,6037.683252822976,3316.72012501028,4746.998548238299,7474.7425075320525,6838.640712305721,4943.740700526802
1816.756751178858,3495.516610598025,8880.715442927236,6410.978036189837,3432.4249276052205,4631.851914188026,7475.055872271435,6846.650631224608,4993.55253574918
1813.510456022754,3840.877914951989,8930.122394224958,6737.286938666906,3441.316562064461,4565.197475001396,7357.743090002205,6784.325328546158,4927.542963307013
2299.195551931486,3692.8930015342544,9259.641995602718,6622.018311001371,3425.1411808682183,4603.4375783579435,7316.328985112214,6892.15121163476,4896.544209734256
2575.914485046264,3713.8436386143217,8826.299413091592,6896.076333289581,3495.60439641343,4491.679673607278,7201.7026574436,6828.237655218003,4850.156700544969
2946.0720044929703,3760.310189838571,9303.90452315489,6802.744504107575,3805.9566080588943,4570.827948063782,6857.950732504059,6809.363520957639,4723.850373679544
3089.7962977956495,3860.958833664782,9226.774752973419,6849.293831294672,3684.762603454932,4650.4309731926805,7005.526032913962,6801.4543303964465,4818.857501930092
3219.292988811746,3823.6364213826573,9101.199681083428,7155.229246253049,4123.445827167694,4635.016464562399,7635.446452417965,6771.069168247418,4878.064438983619
3594.2828249306413,3789.153594150828,9667.795676790705,7576.43830777927,3957.272530371946,4703.3738463594855,8021.859169445502,6724.523028704658,4894.636383316712
3502.182403295815,3785.570590602037,9300.768290047467,8265.067211731068,3878.88684773391,4673.476595253943,8213.645007511876,6713.286713286712,5058.478904066377
3843.4259678040758,3938.7788582406524,9548.008914181719,8577.24745622561,4176.0976038807075,4708.520150600681,8331.582178419018,6653.686516458514,5135.690020624776
3873.5355966324814,3836.2640045793505,9528.760968984197,8615.476942290716,3776.5717125495594,4730.90560060984,8312.68371130066,6742.767372601212,5048.920266551121
3848.713913711384,4023.1659901894386,9154.407274631634,8693.288633630564,3993.9476177553033,4710.682599559244,8140.542501067742,6643.42503518245,5020.313132644589
4230.06901199546,3943.0614113654415,9532.751131702507,8462.078582489186,3902.713528937857,4721.4209627390865,7879.284882396509,6597.237174807058,5037.555508526744
3892.7469617323213,3994.4894193481778,9407.60042463791,8058.656694152167,3622.558395641339,4480.301202687996,7624.779915249738,6548.159807602581,5157.376406940442
3663.152852796567,3954.7991090306073,9444.187853728627,7547.09121916641,3761.332189477926,4313.341320573709,7588.63012767263,6567.463854575171,5165.1198171048745
2682.376464081025,3972.7888572657635,9626.150293734847,6618.367757289966,3492.406179358373,3983.23528198062,7474.097526272335,6530.809958977606,5034.281084335113
2165.0278341184967,4336.127428372598,9360.35704560148,5716.31610985579,3587.4928604349107,4248.715869925043,7458.747313115609,6479.305915965503,5009.515320682725
3706.481910194336,3961.5833756407837,9804.440968624203,5354.533872872905,3829.5187114496694,4417.840115761201,7538.450600539534,6445.559458964266,5029.807783070824
4878.725738948211,4383.344445645341,9345.942738466105,5230.280678060013,3626.3209342358928,4461.598028189674,7455.398796160388,6421.605741613537,4983.137494350591
5342.228182612184,4110.474447426805,9176.255541924842,5433.795913006521,3828.269006203214,4227.892028972731,7501.192676417287,6407.405118324342,4985.958617600795
5231.009657863884,4315.48129497908,9690.890318481457,5556.700934140731,3558.36701311079,4268.585302656216,7491.143468070504,6377.790763763149,5006.6436213991765
5144.922872965313,4397.240471317732,9104.025827003361,5662.512166384919,3566.926571084954,4650.70554418563,7465.744381908233,6348.645650408297,5057.78502072752
4511.025508474107,4321.534294180436,9332.852385601458,5550.2821251990845,3466.789535256096,4795.857055422102,7545.362709722504,6422.6643295227395,5040.755646513412
3974.2861164462265,4502.932021742095,9445.977812175119,5467.618823116141,3260.905045265136,4929.2700161578505,7452.582475211573,6509.4827246780405,4837.9210170564065
3167.103548361162,4411.007318842674,9464.012293929176,5576.78550824968,3485.08198807993,4863.4088200238375,7422.504060487938,6595.610678329003,4912.6869987768405
2861.3686720406295,4120.246990458411,9665.491551528741,5901.150557052447,3410.2130466074077,4901.818322015047,7455.382643026556,6648.327367849237,4941.749680886533
2379.026404884904,4206.869161288757,9239.372888333168,6193.256809086736,3464.707892385419,4927.471179460967,7331.200007125929,6711.497215129188,4965.7505431606005
1974.7706233503898,4279.646703768308,9303.405799088014,6251.52766047528,3854.2254962144443,4873.452163265169,7363.3727994500605,6759.506497678302,4784.921148429177
1707.300288415343,4138.945185134226,9390.286157845083,6434.610238263114,3780.6811836962593,4920.275748091534,7266.400220700878,6728.075170132108,4826.652662302435
1641.0246383939268,4051.8329274548196,8768.473502126155,6962.304770415168,3788.131276808788,4947.824426135323,7350.532412504613,6858.215342666504,4761.491850932675
1803.6058449426378,3931.962072950336,9218.708608491534,6871.675425920326,3846.251369348742,4898.965395526872,7364.890737439754,6777.217234295338,4809.448040114219
2285.0914628134674,4058.280100204977,9298.859478701326,7178.7699559981775,3664.9424098213676,4844.963335922839,7107.898250041109,6823.392960978923,4829.301449561779
2490.2691044596027,4154.701503148665,8994.12756488287,7263.4394075032915,3832.6532587951683,4752.188952979222,6776.922489815307,6708.735928867388,4922.853229784065
2754.400506425429,4147.690633455861,9442.222878274537,7358.148927771094,3544.1429852432398,4957.218933481212,7025.0853264351035,6727.438520231914,4998.286653796007
3048.224369734139,4165.437710509769,9345.729565599338,7413.276563386815,3738.4949584432748,4924.888325854678,7511.837363495686,6756.092411580283,5003.812088824829
3067.897699773011,4231.036923227188,9661.641078618317,7446.504791016752,3785.873463409296,4866.881483089573,7945.758730545714,6706.452113394064,4998.10694427731
3346.5396026167705,4306.786791779398,9750.303268062347,7280.039530333992,3560.4034126781826,4946.734487315862,8080.2516220771995,6639.038634911091,5055.753084359476
3473.021233475192,4641.289960054642,9447.488833453746,7271.28433126215,3818.171363484769,4850.080315755658,8166.78875853667,6649.975314308708,5078.585575974426
3452.425522461687,4347.258081070424,9821.261951238843,7232.491347146122,3853.2767659600017,4818.1834674144175,8097.634013778423,6625.537409529029,5079.51875355294
3735.894568339801,4562.185836080202,9370.601389812966,7353.997267351204,3796.7610752499404,4897.034520411324,7738.720973312777,6564.000645726325,5083.745529955773
3441.9652313710735,4403.54591001237,9394.039918028971,7783.734303451177,4087.45359348605,4749.085834346934,7542.865934651709,6542.458868109034,5223.439713245756
3712.6000487109627,4316.8884348167485,9772.303169353314,7246.479412492428,3892.286503300742,4659.962380519028,7371.065332643149,6548.4365305084675,5412.592547777206
2898.378134505226,4285.769359645787,9151.305523997593,6804.066318723928,4018.084183003273,4435.862620615416,7367.959711137005,6447.194779114659,5333.07289442637
1681.3487718681838,4234.007390740445,9616.394548103166,5931.114798388995,4031.6824197021006,4117.304680302195,7231.721506330069,6398.140106227406,5165.720522511929
3220.854541714255,4453.061949477855,9340.501357985671,5444.315601039282,3958.395987182081,4412.2246148964805,7211.002239268307,6414.126101847171,5071.491439269285
4958.08192066027,4340.526800040385,9291.851851851854,5348.024788803519,4210.4123519930345,4402.760919426124,7159.362154081589,6409.430167283391,5094.40142012767
5736.975746432009,4537.575812549431,9775.713368758657,5647.285372246404,3727.47235469794,4415.055019516633,7221.4228698129955,6313.288946632767,5138.3314915100345
6006.605186432817,4238.1372381072215,9430.88700425545,5845.370609526299,3562.3511625465126,4228.795313125968,7344.818626160958,6291.110188408179,5114.784604838228
5965.350635073247,4588.655182535743,9765.462576906508,6124.106148586167,3628.221146984508,4566.790702972719,7311.812630009281,6330.568129075049,5074.71915206494
5746.141720468514,4197.831828846166,9768.670293523512,6153.471911934257,3401.2729323812964,4841.418221911825,7314.150170004941,6223.99659619612,4986.183500486984
5046.260560379074,4244.844618754691,9273.43290644351,5678.455063408444,3368.7297579884225,4914.821064914153,7306.9076155426455,6372.190967689067,5013.34574689903
4454.616489077549,4412.3372718142855,9753.386151078768,5612.473060522701,3258.0494556490066,5017.107279873606,7249.032258064515,6466.493312430005,5072.944187557776
3973.854532422468,4035.2459495050484,9502.157005646957,5628.276314795908,3213.933628890182,5111.654441727792,7205.228385054141,6502.504807025703,5040.006997743014
3412.253693889863,4257.584351939286,9174.521087887088,5884.498480243161,3374.1689463037933,5056.173166634184,7246.814690718149,6548.6829977541465,4943.321049916545
3141.3510780902147,4345.55385701898,9640.382924806869,6014.63861393807,3275.368641238208,5292.691981079706,7186.224764019689,6629.347044541651,4935.142004820723
2747.071988681115,3817.8830818120705,8990.397516927676,6173.804626463514,3590.619733017676,5098.115057404007,7131.333144488208,6634.688774823558,4764.183410324346
2280.6352506613525,4028.7787231967263,9166.785386645513,6200.953534220451,3629.9682015878134,5159.910421711361,7045.172065200813,6639.3998218942,4760.601445111643
2073.468285508881,3770.5942340057572,9209.737938954724,6444.106767655194,3531.9917327949447,5270.745010313125,7044.7139998813245,6645.113867778231,4730.980526448114
1550.7989233486126,3712.060201174152,9041.09734106265,6480.515035145211,3789.326585508449,5216.132874032559,6888.324424510591,6682.116863446806,4827.330028553883
1530.0216760491578,3663.569039095008,9350.939982688305,6730.8577646917765,3572.727460719796,5210.7390300230945,6857.849546409747,6658.928557150693,4896.562168791271
1923.453887402089,3752.8095110236827,9004.833668991067,6750.936327900273,3608.817287115725,5122.785499303242,6505.8898084423645,6592.763430457719,4961.976822356674
2280.7111198483776,3739.076682373032,9389.902770393997,7329.411760702818,3860.0245175598966,5119.122387360324,6671.761028134771,6677.644408333743,5102.726018709762
2209.28373969688,3704.6612647252364,9509.533470023118,7512.242411980662,3754.8516495225044,5045.3772269251485,7295.213253826456,6651.185691858507,5231.4005846722
2838.247289293553,4077.664707783657,9189.157386640198,7962.279935549586,3955.1847472842333,4860.458277378899,7617.88526883176,6660.020154424894,5305.712010013084
2650.300603529141,3998.5336803228824,9405.631719396999,8122.249889262761,3856.2566681908233,4877.423658847877,7806.428958246402,6552.638893286752,5152.032595043345
2990.109166828639,4590.152167671551,9449.394871452056,7613.998562775449,3885.939563127622,4865.572195577405,7734.214666366743,6491.945944397292,5141.39737791296
3118.2807971581456,4212.350563533692,9416.295451425192,7574.671241489584,3968.751492728512,4832.7104798395285,7717.632531094829,6431.346608099748,5200.567356068671
3465.063001145474,4739.817114521092,9709.52924486389,7145.097395470179,3788.7581515388206,4876.226312470194,7348.235199400202,6379.731862407574,5269.92273258632
3542.512989125856,4512.158675912124,9581.515373156022,6970.38884697731,3904.522229848243,4727.025049476391,7100.088570362964,6444.166865026695,5326.067615755442
3234.600402648967,4564.018885291334,9693.14661819929,6227.341808652447,3968.333841058711,4417.224006014365,6855.046935119547,6393.933746817122,5356.234980440545
2354.463011781194,4743.720924688036,9809.093028604182,5515.833822953121,3798.033825462486,4384.761721607577,6735.214534209508,6334.732795165797,5304.501465686867
2231.5384264953764,4593.647080381044,9158.14663775635,5387.556900043784,4265.8448148684065,4850.607845202195,6629.59705527867,6421.016900366828,5288.091404033432
4148.2696515194475,4979.292602861657,9688.460192525225,5469.444537277076,4034.3314057633665,4959.152685807212,6879.456695968578,6370.72335309807,5466.451504460133
5396.884995132806,4682.0365519830275,8938.635901376423,5423.449540991284,4018.841171766691,4826.101332078032,6983.415602239226,6198.926424762161,5591.550093330245
6021.685697832833,5208.619411108043,9165.132647536548,5556.265636443329,4044.237384215679,4503.039559170668,7174.344644283611,6199.013416597222,5304.43618811724
6264.528506327966,4631.6975938334845,9458.270353668973,5669.760585050061,3542.7523294865764,4510.5035497719,7242.877417057417,6146.678257501114,5219.58842978572
6012.384998289468,5103.109140161393,9089.459523235751,5690.155725263826,3714.374425424423,4860.26530764352,7220.933779230208,6178.8761202548585,5246.993166928675
5610.166319538775,4832.681551098738,9387.414619564282,5697.105380737002,3396.620401296419,5115.825409746616,7220.205044566966,6200.597370699978,5136.019671774661
4792.5393975663255,4821.2626214281645,9571.625489306285,5706.4075272586315,3258.8203252870935,5134.577215886273,7160.168099389705,6312.652794661862,5047.4547898342225
4088.489815081576,4857.60037324407,9205.262878897001,5946.278388522611,3313.553887052772,5137.4538338750945,7055.424532066863,6487.687628074115,5105.152874095357
3490.241476720321,4875.7033929625395,9567.156391794497,5941.1406270900325,3174.300644904496,5266.876355138771,7041.114131657247,6640.083732395793,5196.54808487687
3077.202504174219,4935.028787090894,9249.575069279992,6173.283094388872,3243.7974460280348,5281.827760122826,6860.719874804379,6573.80339513822,5112.948607522249
2575.198492820336,4886.527878415088,9073.559239368848,6154.156655435482,3502.4246776786013,5275.153027438786,6749.531817663424,6627.824822911758,5074.676214591239
2177.1998790444504,4752.725388234844,9343.894799660193,6334.261940770774,3457.2846238897923,5241.997678667556,6717.784711677688,6719.968723176254,5085.678453494544
2024.016821768368,4397.4107440774105,8817.17929336977,6624.448548462134,3613.399048768505,5142.105701699162,6677.479206046759,6709.229780196723,4931.861827012018
1636.7750062988152,4273.178318091341,9207.260578352152,6972.360896082409,3641.3369891630737,5088.759660861263,6775.7473982289175,6648.226149500896,5013.807132107083
1767.0507493274504,4062.6942854030654,9360.618142779593,7080.77931650936,3672.8856127722647,5016.734019358689,6729.809914673999,6783.0136335347215,4953.2540703609475
2145.3637273739446,3943.7448253285443,8940.156216641997,7337.96088108773,3818.049565774527,4977.934685905239,6524.853244131997,6732.954527459845,4945.033038123802
2180.0170913339957,4059.436905418487,9512.40781233714,7515.244770779744,3683.079292115004,5030.9318656862315,6878.9131660592975,6650.313796528353,5011.1675719847435
2579.1272660963728,4064.7385452594267,9216.438356164384,7662.71527456079,3801.4602711835996,4971.387970867216,7496.079383464089,6575.594366392711,5186.59792121856
2636.5220025751714,4010.9172896641744,9315.131087968039,7788.529820540262,3952.8222872714045,4985.503235717989,7932.764182417851,6573.357702696613,5206.553426215952
2942.082932210622,4170.5395850625155,9619.331514715364,7739.034014179332,3789.904035899349,4953.7670848876905,8061.652947625633,6520.633089837244,5175.899650500737
3087.830854362757,4449.518321704843,9223.911936742314,7902.122570701121,4052.133610089946,5066.874306742597,8063.315078460694,6517.872824534163,5319.597776233151
3316.1957850609497,4269.272689686975,9722.494833961746,7543.027713018957,4003.954964283161,4985.581568190265,7887.5409204698635,6605.186187282665,5311.4461808906135
3491.771785192127,4581.234427476843,9349.752350309574,7760.335336033825,3909.165339482708,4866.606826803725,7701.936001038424,6542.03030679438,5417.667670496122
3689.816631835777,4663.0943704587135,9306.187236799478,7684.732919177788,4073.4539151296744,4760.575969352791,7433.654566792701,6443.164587756145,5352.379230328784
3683.756458235333,4544.197673118005,9837.157662814025,7452.749787295582,3935.0059223485605,4638.057244946382,7163.375951668419,6443.259251068565,5323.989010263519
3313.1484811167065,4867.156283484355,9433.03055987108,6713.308485427758,4057.515465835282,4127.945474722701,7100.648084909462,6462.465625182843,5497.516932051578
2019.1451484559827,4728.211505780113,9732.118832645423,5889.249300582634,4117.366499734007,4441.4177131412425,7127.195222250772,6356.2692329796255,5365.986396765516
2424.7024050409327,5070.7519909314615,9598.471339834785,5365.553808753481,4025.6949734586065,4778.3619581726825,7182.695236158491,6326.868332734033,5315.893281862237
4150.18095087892,4875.605028121285,9448.613640963365,5115.285907820791,4349.283750704893,4826.368905592811,7218.63492079202,6366.76787990193,5340.476475716744
5266.9569453302565,4939.480029048661,9684.315746958024,5186.220683855019,4207.602986737232,4752.930927796287,7317.275412053466,6332.496561891847,5345.016242784461
5504.06913022445,4983.9455282796325,9209.893572515604,5225.7606422925755,3859.710196989302,4408.35450372153,7337.856432198483,6237.6904412273325,5108.338969417765
5700.200439559599,4786.069963739282,9597.116015588863,5370.753802721949,3828.984302971808,4597.95922331983,7295.040504440787,6229.072261114045,5194.15547643468
5363.88011579518,4889.575949104865,9700.753284917735,5383.420741227997,3476.4851485148515,4920.8028701611765,7378.240558281343,6265.730988686316,5266.140690304653
4887.536472596854,4644.9801648914845,9050.19425199363,5500.695671717981,3436.702111481679,4892.931235998262,7349.002176297591,6392.067927368915,5136.602557271924
4290.4575313943305,4673.546857076643,9689.639883122909,5553.344082484611,3391.2830308027383,5146.066344990743,7267.419612666051,6481.690730278299,5060.937568648127
3562.2274523978713,4494.91630680292,9461.267356108525,5786.44236337502,3208.3250774527096,5092.520126053158,7350.401565714312,6665.81108500055,5027.316373226369
3225.07265721684,4499.232574877599,9209.086862841998,6218.148049260454,3427.3824711788066,5165.627344080793,7251.894591321325,6758.5598634051485,4977.715855274141
2870.911924906579,4777.56602884864,9666.709064462357,6410.005984896668,3360.7255486925756,5328.086969917035,7289.279593080535,6715.737157427483,5167.86802751715
2379.6449919225397,4362.092996622867,8895.95616566487,6884.176541767639,3483.65217395044,5085.833568188875,7218.899673773971,6787.716132857246,5087.370627850515
1979.5969599792302,4141.446350689141,9117.294880295736,7085.805890112347,3702.99276759225,5072.8890024286875,7211.465197244493,6779.944864605268,5000.594512844555
1583.6900650974,4064.6162135714103,9229.316634414361,7039.714576666937,3666.9593265549443,4964.661319725194,7206.580565495586,6715.695362683904,4966.798765414096
1689.572744177442,3555.641542376481,8672.03410149498,7397.331560771349,3883.5744179328085,4892.728533777224,7155.387379420612,6823.678758073304,4972.033259790251
1988.0520306739686,3703.73813018097,9572.604284879122,7403.305911893186,3738.931994523049,4960.508381353708,6974.582425562816,6783.13068038026,4993.981135470298
2542.526959440373,3624.3944473170823,9177.47047333707,7619.073565087746,3798.5171534123365,4795.26458549185,6757.767975625432,6698.225285738893,4926.0614892995245
2454.364815571562,3825.2720113306827,9128.882441851016,7901.269004941709,4058.0262694166963,4742.447342457128,7064.002040458047,6680.559915408182,5109.240937270479
2751.595944046392,3799.1783788290404,9801.8142049281,8067.765344161304,3722.9748442502546,4788.176836721345,7886.082153867579,6721.717891648113,5028.6226701302785
2980.44802452588,3741.5079729992417,9289.082486637226,8168.421371965805,3848.6617301385613,4603.538494458417,8253.565589943068,6759.346602726153,5039.100994111981
3018.189794493693,4054.3152521472302,9613.115497470697,7893.8377253844355,3938.196248965972,4715.821502001951,8584.084582273434,6702.652483629349,5254.209480742434
3408.050149890878,3889.766551318899,9613.16674067974,7835.963562059002,3701.8471054353977,4860.927467932899,8524.367841909028,6623.725737703104,5212.057984958162
3224.565810037038,4280.984883368716,9257.062519221477,7885.001394542721,3822.246501063285,4761.139528507278,8514.932254196774,6645.150421080299,5115.909181132507
3671.33969875865,3921.8119207980103,9817.204188828926,7836.268959830891,3723.7314868147137,4798.30443797404,8348.5779625524,6592.522025390134,5227.94959726367
3671.60948086745,4268.157508202456,9310.472114678112,7403.092015637604,3738.5612223034937,4633.171208793797,8016.5461712944225,6652.081682407303,5143.423521778509
3558.530493905947,4059.2864295313993,9435.922445919281,6874.564227173855,3940.8294841500506,4451.317345205976,7727.326068172983,6662.0979695174665,5114.4354941823285
2877.8429021429565,4173.2299446142915,9780.548689987996,5678.127736755192,3772.0027011808666,4054.5844746995926,7699.809258144742,6568.943307365887,5023.936357968107
1761.9857408281498,4186.890075433079,9219.202803430833,5176.18787490232,4023.2620850671515,4210.901881356977,7592.383994811195,6387.67058127351,5024.990424622101
2945.500022690966,4222.707202534671,9623.783246196417,5130.913317446499,4390.263221107939,4568.08810894242,7578.587682235014,6501.399258817565,5117.428532661333
4210.729821169647,4489.552099124497,9546.61657813242,5388.722654079868,4292.1353228788685,4693.834039804551,7700.117946280393,6546.813071658345,5129.007766596124
5049.97751374563,4183.494208217655,9118.918451822858,5358.87244190997,4721.892106561214,4658.213581073775,7636.226484854299,6432.828441912779,5044.341232980034
5201.534429378744,4405.2081462982005,9471.482611672884,5472.54858730033,4463.717492530868,4429.286200843189,7704.069483004635,6377.881673972165,4989.988883602936
5298.004158690169,4244.641731404522,9148.880670347144,5376.820454200617,4210.236798364095,4778.701271135418,7766.561715947038,6397.609011554447,4975.854698486924
4993.218903416436,4456.327328614771,9143.677113353133,5363.9987386979765,4192.2099520180645,4994.627057619779,7693.382647470935,6479.585623386325,5130.459763300045
4377.910995334945,4241.272909725062,9486.28358371909,5488.520164609054,3731.5843573303923,5003.547540376349,7813.942930842162,6486.815923969505,4892.486118363592
3722.91835481192,4345.995694734324,8942.214600469619,5885.428096002622,3556.888338389158,4992.321506617886,7760.982315685145,6589.050889901851,4918.6859022469025
3107.8503054904236,4395.618733690426,9556.126311348455,6036.984300535715,3353.114710437661,4997.389258290805,7662.233017352762,6633.813443072703,5078.436628995076
2946.113147062163,4358.849973523862,9253.734301322322,6086.600202681139,3308.224740532121,4934.318457640047,7682.628686894548,6827.062117575836,4885.897117606266
2289.1789487259643,4574.171265608656,8606.366272285317,6494.4000685237115,3289.6420607481205,5138.929194498061,7680.965992138308,6889.330753328504,4813.456433518454
2063.3708286532565,4125.291177601374,9307.07294062055,6597.201087591896,3338.7956326427875,5102.051934056995,7697.091073960138,6864.058293126426,4852.80491541886
1672.6588269773226,4385.935355981546,8763.169839473989,6813.847074184008,3450.0300112450736,5021.344199471247,7633.767493799395,6836.884035570783,5098.189952310038
1586.8580422034404,3747.5888341041427,8855.594526430346,7107.065429079698,3731.784599125714,5109.470919193742,7625.947232620605,6847.575549998256,4995.656445260123
1907.3827996559617,3610.846644804119,9376.295860197684,6861.418443045081,3732.7194670622307,4968.82107376725,7469.098674039039,6812.18093842944,5068.286325603756
2189.222021411189,3701.5457531753796,8862.542591447578,7171.528516950122,3847.0395880841543,4856.451971077508,7284.464104797422,6816.1535051404435,5010.203945768251
2482.991640915747,3585.101867891363,9431.709038411345,6835.396900955783,4164.184822232289,4806.944859998885,7188.762592082845,6850.698372336961,4901.5619356235275
2678.379033004923,3596.2487171386124,9137.26264864563,7075.820056403059,4088.8239984885017,4785.087351410701,7865.0472577047385,6806.646856310098,4868.0522860739575
2785.9540309355853,3715.2895982459754,9156.178101620255,7068.907228224094,4162.5932370262235,4919.100115064843,8385.415821433126,6790.876367753178,4956.273322717243
2978.5611040111216,3865.0641733989933,9649.688890205052,7205.767140855356,4033.9173749833794,4986.886079040183,8779.968353454009,6769.16815367906,5039.471679036073
3206.7023629567293,4005.7157457455314,8827.340006271896,7366.480129652031,3952.1531701914923,4937.087336694479,8853.542834506423,6770.868834044022,5073.770846870261
3298.241001512477,4087.0793809794136,9215.678021710286,7529.13400364152,3955.1280587114197,5123.299274065771,8903.361738865087,6697.943798644232,5131.038099239191
3357.480123573443,4099.149235591375,9311.05104713936,7679.636228389063,3880.4579001330308,4936.073072356054,8786.462434756395,6701.803477182797,5285.023727870185
3583.755807907341,4306.474099256393,8995.485228157779,7563.572422795135,4029.6233601354206,4865.122283766121,8517.597199189238,6644.575870698936,5116.40296913329
3532.712077694581,3941.960361549263,9395.00265816055,6982.756170749852,4052.007543010776,4793.6488746024825,8255.495062607371,6650.955433063619,5099.475914881648
3346.4943426596615,4187.328437354944,9113.706039858393,6039.4002363199315,4062.1215968830957,4450.159812658453,8074.803335646502,6587.98732630718,5185.861791686103
2238.2952888203863,3913.181999203504,9411.960464195248,5152.218062550737,4343.86914056719,4023.1792379531157,7842.917814975315,6572.028888158487,5320.936080569715
1837.8774971156843,4080.274508403901,9603.668290882168,5233.703055069075,4209.91397314921,4315.487034193349,7773.954999029828,6605.879746224658,5131.600845913855
3441.396602303193,4041.2204485754696,9005.85955629815,5444.005855153493,4680.232057495597,4501.699554885221,7774.518999034488,6593.764189063485,5140.443646280222
4699.007747313823,4171.511202483808,9671.422719161335,5986.946207992618,4818.857501930094,4586.625681703127,7746.896514170168,6559.847692397889,5191.528111535373
5090.3772529788785,4085.6633173146934,9237.770975186457,6276.2438964417415,4653.188140551603,4227.1126760563375,7775.654048656502,6445.226066552071,5127.012050026787
5169.482055330886,3894.4194438077484,9027.54036087369,6300.085896191334,4846.6342298975915,4541.17811230977,7779.302293715222,6414.6270545832795,5019.996467570517
4964.734854293936,4214.782683918487,9412.020209183669,6064.802098547438,4198.396040489284,4905.2991265387145,7737.492977102744,6487.57003289459,5002.298905434646
4506.374639562681,3948.738826739799,8960.12359989212,5722.255904731353,4018.236230985521,4884.104424991182,7683.335549254138,6475.102373649446,5020.460688696508
3670.118401617655,4057.83847080692,9341.449186028558,5336.410472699473,3848.1485439698545,5056.730436805321,7722.661637379522,6614.850737823299,4999.87243088884
3196.520028033857,3773.104128103546,9210.976197716383,5415.984100528363,3421.585098099861,4923.0966209705675,7762.665337465413,6794.852459383217,4977.719475390762
2723.583922647413,3986.573696862391,9128.299732843741,5400.1286291418255,3521.2354356261644,4828.62706874901,7640.306973640308,6897.593084722509,4966.08885401276
2398.3829566357304,3816.2149858783887,9264.051145112298,5302.567522643715,3384.930917618001,4979.674075327721,7666.868805692724,6951.4066272995,4895.65573419372
2342.4653962598404,3760.5524891342006,8823.459399602529,5327.203532651359,3378.1818851995436,4944.699491358554,7610.828331044804,6980.638344116626,4929.1055669599355
1706.4285714471207,3622.4885773426417,8758.03750089764,5282.947258047312,3667.5020616478787,5026.473219922163,7590.346785218572,7054.734639963509,4841.449923979403
1729.4768448961731,3455.8949313378007,8895.052409338521,5287.453711070701,3664.401388339703,4958.746806319693,7649.538899917144,7152.830804611936,4862.5215314552615
1804.2527292784057,3635.5123410666038,8522.114450303934,5405.390319762795,3776.9623768935785,4961.54878873665,7431.3318053586145,6926.427406865819,4815.2654584949205
2054.302743739801,3672.9103678508436,8798.686154129848,5412.423490750495,3959.78094803044,4958.069309125334,7286.3317351122205,6911.165879980741,4792.2698680049025
2185.4982324959024,3719.126694403762,8995.991434551943,5772.0528551857415,3878.280042743334,4743.863812074305,6953.71487095637,6927.014982123779,4782.119095874038
2533.034322217392,3790.1378074282957,8896.551724137931,6039.022286068394,4415.905948333516,4798.310378857721,6987.58470934373,6913.141500293874,4841.637657558056
2514.2356525666646,3736.5360936591987,9334.969664556591,6273.024664475125,4344.915843768801,4796.730979773711,7764.032496307236,6890.97461652385,4860.765159635084
2760.03105432015,3692.527406078383,8910.112399886562,6557.70316373365,4506.07655604767,4679.321844990432,8271.339964793628,6889.051275708466,5053.7625721021195
2878.0193976289615,3650.0935154695467,9282.568768227455,6753.0400185892595,4804.598808170016,4718.347668363466,8517.838353544277,6839.969097280463,5094.422593685131
3084.6374339392514,3606.477541467653,9567.746573581351,6727.943030113528,4518.465373107358,4733.112957919159,8478.97114666451,6853.6534484753465,5117.393850784695
3169.6211304353237,3595.404586266732,8967.486627379634,7139.3180976884805,4602.308422821241,4733.958903233723,8485.875945053529,6787.4283756037075,5187.316651802493
3355.5057372059036,3679.903259899448,9525.034776071287,7078.6465040730145,4576.184507224844,4824.447423904518,8228.61961194057,6773.533407601762,5169.439197434283
3540.053757229884,3706.819277965815,9269.447462473974,6464.2753091305285,4436.983903098447,4616.473979754666,8035.071844732949,6743.286931841934,5149.444985899209
3391.2259605356126,3657.216894022075,8992.966511248893,6015.418389549436,4745.907576416052,4416.184638406862,7743.059893394396,6683.08410424818,5271.958051641304
2728.296856630347,3834.626384462522,9506.602381213497,4981.735460951147,4500.636596426477,4228.450873589189,7548.7887400189475,6521.042614474878,5314.503643615473
1646.0777300128361,3751.2545408131273,9094.734931009438,5496.87220406195,4534.084922966114,3670.71800846025,7389.317406896856,6555.701843698266,5382.452492152458
3275.469490923525,3855.357502163443,9335.648511553769,5905.713821941191,5060.5771639802215,3885.1439836344716,7355.997691147057,6539.011085565161,5371.844005943072
4841.793344883227,3944.2485319642774,9225.182911096248,6240.743165872755,4781.763482535451,4090.677356683306,7371.391039425219,6462.100470629044,5314.756041524356
5331.656345751224,3868.787710015782,8985.889915846576,6357.138858724164,5009.66914868912,4016.708600920793,7380.870432722283,6431.996636091461,5154.170159190288
5574.970305620147,3990.0922293983976,9510.92896174863,6537.233915592766,4948.256621271315,3926.7663449124802,7263.494003148177,6449.5969017094985,5190.055911888858
5276.088982063824,3717.6251004234714,9081.02651528187,6411.73483279201,4558.752778246478,4314.892747921336,7341.9586400388425,6468.4262576662995,5029.995504294506
4847.438062051704,4029.522711415386,9099.057512631294,5842.1047195931405,4418.534047718641,4591.873440864817,7352.709285101787,6430.957993196525,5067.809517714668
4376.311509066624,3800.3667880549856,9612.493159610729,5749.260480011242,4070.8914800665025,4812.591346268125,7337.045140611716,6364.912397636926,5038.644903650681
3242.2189380876,3849.110320284697,8793.756397733057,5437.265730209831,4106.313986899775,4631.016702206705,7327.3057045487685,6446.9084363763595,4928.8461448320195
3007.404976114888,3809.2657379862703,8970.522105361568,5113.020059931859,3911.8858494941783,4658.058320055922,7391.085523413429,6548.8110542436825,4862.393154141187
2499.7042981953755,3926.798991848891,9100.996140808444,5267.626864214537,3982.7266624771564,4548.952771991987,7321.754679050032,6700.2984418103,4980.609611494733
2131.777947444888,4004.315366830747,8387.256462254214,5177.161276333186,4184.998782032961,4530.648896000153,7218.439078361307,6728.389726517066,5020.750678953829
1845.5623404736536,3664.1277042707043,8959.615112061072,5108.454979218626,4252.960640891676,4567.372166723392,7189.913364330762,6812.294256656535,5004.2977522418205
1566.7495796084704,3794.317619705778,8498.94750177135,5331.829800074503,4479.712433762229,4504.861218129827,7186.809110231928,6781.658904633896,4940.372895884205
1800.3824429503893,3496.7864072867606,8820.01654351749,5714.141327004135,4745.820639777719,4586.104054399204,7152.537904767472,6809.529019567762,4757.193813223393
1947.799114875228,3721.7381409259283,9118.295748563149,5679.779507367184,4464.179150696399,4607.725953112903,7125.583679963269,6816.039399687202,4749.83728222155
2531.1236241534166,3712.7838789836933,8528.040154192242,6278.595242228787,4895.5513506128655,4551.666322208127,6959.4519253335975,6843.0285602737795,4769.624260103451
2699.262887263264,3770.859633541274,9416.967345306175,6294.44475202266,4829.8092031425385,4677.197484874607,6753.972134894412,6815.6381222029495,4869.118903856157
2855.5271623276885,3841.624928804981,9050.942145406758,6383.717653889082,4834.3855456796555,4592.417177963388,6621.40969160846,6773.079572924967,5030.296979502825
3047.2924092027474,3802.943848709775,8874.042020316769,6869.665175683616,5157.211931050365,4522.388974747991,7034.520165946505,6672.012050817323,5049.056499494159
3100.8811059281356,4014.266052989669,9514.194422959783,6802.110948294074,4952.584701594995,4527.666070551014,7397.686019413216,6734.402019624904,5142.091721098081
3390.751755116898,3943.866561808406,8934.35094242854,6935.737450918345,5232.085558041534,4459.299815462279,7664.02616608378,6749.270191372042,5103.583206536715
3380.03351031235,4195.106855674504,9130.76060681994,7104.058010235335,5386.018960859877,4640.474760514964,7800.800858130863,6701.817542258877,5164.363793054389
3577.1968936723633,3926.2055426304896,9291.667071045278,7080.546731512953,5187.039728285765,4671.081605440218,7846.934258749167,6651.619471900884,5291.548066116688
3520.521291431977,3927.277407670131,8934.618355716635,6930.654563375784,5482.363822142176,4582.719056349165,7800.748512973379,6583.190043396379,5362.139716288419
3816.5515734430387,4178.898799180533,9512.53355301144,6217.787488778077,5539.470496778147,4669.467917641418,7782.178268192184,6653.318848077408,5304.311823973951
3374.017237818271,4421.921947308612,9102.562433552474,5508.019819936195,5327.313933129286,4473.502582701394,7561.530613381057,6633.384037783357,5268.065966064522
2307.297648019898,4399.185689823895,9195.274385628223,4963.067147115062,5517.315139625888,4119.431434838746,7534.763800417574,6500.014035560496,5170.977538952969
2047.369820101417,4204.653605851393,9569.353593975891,5114.620628103852,5456.36152006937,4170.649109862454,7376.876728511981,6458.650891364777,5259.036456041709
4036.9681007059376,4179.185511349135,8944.676621971537,5266.530064043328,5543.271297831828,4299.979585129363,7313.950694964114,6565.934544235594,5227.7014275527345
5246.8464952135855,4263.173960143658,9384.526182255704,5412.427182645842,5552.316852757047,4359.287978737999,7196.586967067581,6391.795829713996,5187.05063875561
5813.559322033898,4110.433094152032,9393.05895798597,5523.62657985204,5520.196381533479,4092.0738855750906,7212.55549860873,6382.468152070989,5196.590604985137
5776.847120640326,3949.7358891322433,9064.028591795835,5041.751345576064,5542.44900964583,3808.2071773479834,7130.031989351111,6414.769936279273,5298.2210477206245
5506.790368507982,4016.3806998806726,9475.372380588162,5401.144398608389,5323.810046201713,4199.689463509338,7129.335508395074,6354.191429219014,5109.267278099033
5054.656769598102,3900.198113869591,9292.781038457111,5892.650760141001,5165.788993596434,4361.029488462923,7167.019882529817,6331.224771588952,5158.883529355728
4448.259256833309,3932.8138616180427,9247.68679605145,6458.944245237112,5046.138434075029,4456.235528397702,7192.925082356179,6387.900447575698,5073.604505943211
3559.887957496846,3871.7259126943477,9657.820668414,6606.689936009307,4726.047655797981,4586.190653112447,7143.793716280576,6479.33920802138,5142.744330948919
3347.0752274691768,3768.100851399153,8908.124661142077,6680.033127251016,4918.249890193744,4632.005826417729,7169.581725622481,6508.673224903924,5198.594507018884
2731.6198076648275,4031.67068555998,9335.877142007326,6462.642919437038,4916.989142242729,4800.219804239119,7171.4889399058675,6673.247089914554,5059.194556096855
2433.232715250827,3799.2132845429924,8970.778261602954,6430.543432580092,5003.910076311724,4713.569892014648,7114.455688950703,6692.143496980201,4932.002315204532
2024.0846821913765,3832.2605628889623,8263.559600964674,6440.801509934487,5246.212965616798,4832.248873671303,7156.14871120137,6826.538850262811,4807.792945052914
1619.5572117317788,3516.9624516948807,9410.401439548341,6587.595626377108,5114.6441046308955,4896.263231444754,7171.322626860467,6775.701417187065,4919.803385724618
1643.14206780195,3530.7138344184045,8720.400079855315,6688.4027710856235,5565.941464415331,4688.600942771892,7112.204558307154,6815.728869855342,5032.047408252932
1953.3186361409232,3712.2228583451983,9162.341711163259,6802.138859550696,5763.6384336551855,4776.796294331454,7120.921503843636,6738.385836966918,5033.029302282959
2218.633607916701,3598.7638548465293,9445.68578761566,7115.228976235759,5478.695181776416,4704.847984472542,6789.781691162687,6720.424057168849,4921.956007590431
2631.4603640671785,3776.342516572402,9039.0159849607,7272.778457243738,5796.801764184878,4667.0297073424435,6900.018676906932,6755.117773547033,4903.296694793615
2602.0820400615416,3767.0748716580856,9695.163674987858,7520.347773688855,5833.39176860071,4679.378118718522,7488.020858453683,6722.170474162903,4911.0662885985175
3147.18042528322,3764.459551570917,9358.35443364732,7680.898871400827,5884.45478257172,4603.263532327395,8028.250930257551,6743.222262584699,5005.646006721903
2942.614385516575,3739.3258930938855,9415.534933436575,7906.5431265793695,6084.904720511178,4730.760420103272,8215.32446523765,6682.990534768426,5171.462932907517
3436.4295378625984,3682.996833708665,9836.201432391068,7840.287780623343,6166.243725074277,4820.238495215996,8223.595395618213,6587.234108378459,5170.3621766188735
3424.3043039480813,3684.0236676061963,9335.351528980927,8298.037889273879,6172.837123782517,4848.811491224933,8213.763772286351,6621.625767904879,5352.141195795566
3472.29264456893,3748.118886208394,9437.717406916036,8099.169381759467,6040.80090524139,4902.431682964287,7959.524555576443,6632.471804869828,5397.335456283511
3743.882355406564,3694.3318371581445,9608.922278419413,7416.098927072144,6189.275858171377,4740.8080893223205,7750.9840151249045,6620.060820695887,5493.455407531163
3613.183687581544,3740.9048360197344,9114.768951270804,6545.483627120313,6341.6146738783045,4509.378833634521,7440.572999535205,6433.702233572999,5337.1049886633955
3208.2603068544604,3709.089954482521,9705.164004740174,5556.667669075477,6276.539434680057,4243.279711444508,7336.206558719457,6525.9768344784015,5296.780484460039
1815.3117317934295,3899.535298923386,9417.647011697223,5008.215504639752,6467.275692912433,4194.8482404272,7295.3199234291005,6483.139940049524,5157.940797352144
2838.767407551733,3743.3193712500242,9517.200047944389,5046.544215726023,6490.350089492431,4601.801283719732,7369.564364319413,6497.729947872877,5118.605121935201
4575.814740785179,3858.8432292777343,9746.435345766908,5184.21847998874,6537.969210837348,4567.397649354836,7316.506845826791,6528.972291819354,5210.047784141802
5465.8367583537665,4082.8836139294517,9197.959698644272,5277.065522000544,6735.5029180216525,4540.74720796711,7453.475072939983,6366.990239243674,5165.228136386815
5770.2045036370655,3743.1760836262047,9710.692207525037,5309.558958561007,6395.717091403884,4230.524794075051,7463.509252390839,6322.245349268924,5169.568153990411
5628.049592348963,4034.7793375439123,9585.63032296228,5256.896795570879,6464.812867546831,4365.002406684034,7537.939508968075,6354.924278769269,5250.9536585301485
5414.455585112429,3732.6266855919202,9022.90397254789,5681.269773854436,6034.180247790152,4685.007895995941,7470.052652638327,6409.368182508694,5197.280024864195
4701.6355089240105,4062.024788188856,9612.52006630752,5997.1426551106015,5655.7613037891115,4857.556686847453,7381.032541620934,6342.154906333996,5282.11120758001
4084.0021669972048,3928.7397600296677,9151.867236889135,6383.520958620935,5713.819117902191,4806.828793217039,7487.7976656992005,6471.833283523998,5284.494891028211
3327.6406194131814,3997.992752277562,9571.927641281558,6675.77609972432,5460.368354190035,4858.78976491396,7452.137349411983,6534.324417505823,5248.805909387643
3350.5805240311815,4131.8157876850655,9505.614735640178,6772.422181810175,5357.746636139291,4927.43904020988,7356.230261269024,6587.12256328043,5152.574901058067
2830.508013594608,4155.00939930979,9002.705360739927,6999.045311955409,5622.979172616508,4938.5115627159075,7320.194440879144,6697.703842086016,5174.4791715814445
2735.235878099449,3958.078156897055,9866.437421387125,7245.818987534913,5642.562052239745,5068.917409644203,7286.453321174417,6807.3406702926695,5036.9983424254015
2260.2169700698364,3907.6123115006826,9034.342085743958,7342.089724025731,5905.065711604301,5087.003317716471,7239.988841578703,6849.016353483141,4922.466799260666
1818.2910448264927,3690.353445818875,9103.06628764564,7508.972564278992,6037.513504578467,5341.7207487396,7275.551459832656,6790.854135221952,5045.088663368821
1785.1194777363623,3613.9720758122025,9708.544735218973,7438.1595534437065,6120.863387092421,5293.645011872672,7239.748462635413,6803.614841948175,4960.74616977317
2201.720267666202,3640.1984424870707,8875.910967242557,7574.408530671588,6368.436576208579,5215.963833967043,7103.471247146473,6821.76469819287,5034.099281293942
2282.4282096964976,3678.9724948629355,9355.30579759122,7647.338152623297,6282.606948033312,5117.228637239033,6799.390774586596,6837.859168581378,5074.115669750097
2544.343606120643,3641.632842678431,9523.31895126634,7763.27339939715,6640.849219722251,4976.022566995768,6902.629180571581,6867.504875607198,4944.203810078552
2713.8523756087247,3613.073657558727,9166.624336956173,7769.641873668934,6642.179557007989,4911.565469447284,7668.05171919993,6716.15642324926,5007.893572570622
3133.2017484882304,3683.317327322758,9927.69992028384,7762.555281724019,6411.206816394072,4722.44241586793,8019.5099622744865,6753.394448397025,5183.489475853144
3124.778928209619,3719.844386715955,9468.379121048394,7832.679657494191,6673.948643395672,4425.184725262458,8245.914687462482,6655.028629795184,5265.43076404246
3480.3092619527342,3746.6177423240006,9639.35135493198,7982.905913306678,6673.248747738822,4345.400505663695,8363.232912072415,6679.616791230671,5380.5317159650085
3508.0528856753626,3777.435361084921,10098.271604938273,8036.0352472457835,6503.576350455913,4378.581237648464,8357.030015797787,6585.391989213709,5352.462241342857
3860.4992261454845,3986.2399645504465,9148.755157810705,7975.4656159229635,6749.9910415807435,4549.231829421539,8076.266148178672,6572.97012417715,5378.215654077724
3882.3179275606376,3907.038099048103,10006.191503665099,7038.473726277643,6570.529485489382,4802.864779658186,7907.909543172601,6542.721661684363,5338.521251474642
3785.340659051083,3959.371910934944,9720.74911937119,6077.6145023165745,6644.938271604938,4758.381199523574,7589.914417191173,6517.420330797865,5379.503933543761
3296.6273072466133,4106.805085367369,9372.95243619788,5440.494484777642,6803.204139925663,4654.357029974098,7528.737847970675,6422.953361937,5302.325927178026
1827.0593524293427,4066.991282886901,10133.776683521739,5058.512966253125,6586.462755768224,5184.198994320469,7355.684275424428,6450.623300508182,5428.633634207438
2916.400485430755,4424.524318850919,9489.455539377957,5272.894307222925,6950.995615850878,5191.19726759533,7296.084015236174,6480.93732564627,5357.7648153983
4520.0664605548245,4372.669505230189,9692.188385916783,5496.6687720625105,6745.784498903333,5068.413427201304,7337.983610815191,6421.286517205736,5433.268736201168
5255.905101376605,4530.713524552119,9495.033917165088,5825.663947332181,6676.506646647042,4683.206802930179,7360.713355381855,6319.78710206695,5233.383462919329
5490.089642666103,4535.851496282971,9143.473557482006,5531.986669268436,6733.569184648833,4168.365850849381,7390.970889352768,6325.45546267528,5468.937968540195
5533.527454321555,4329.15606175393,9621.271927975316,5421.153086664292,6476.421776968225,4514.205629129156,7506.6793689689075,6359.825193872177,5245.79451851239
5163.951164651794,4412.5502499744925,9200.191516249473,5595.0073180607405,6306.849287241445,4862.588659739304,7463.531179200134,6298.7736145663075,5288.452037662067
4465.23716699155,4289.066814063952,9182.628836297188,6083.973615702808,6097.836476971338,5190.8170188843815,7474.403968115534,6430.324250589013,5266.94101740316
3795.8650227818134,4251.360668318633,9851.972297500748,6218.248755617964,5846.978273761389,5237.045810739117,7483.298160157511,6518.216248587488,5203.380828329481
3258.9902909270236,4328.468839650062,8929.901913145484,6594.6988330197355,5673.3826032624265,5417.3733757619075,7500.7408961230485,6593.729466853051,5203.187348615716
2698.1966952767084,4418.7082945811635,9316.938213129257,6903.9449993237595,5606.893169034256,5365.770239122774,7451.30639930195,6674.252816648951,5118.231805462234
2630.1601861615222,4498.874281362116,9435.52221359302,7004.556882733846,5673.4916655265,5183.357432297736,7322.279811595579,6795.683197869657,5090.793459668736
1893.2748040072725,4291.046266351338,8885.565274976509,7255.812481362748,5825.650239394853,5105.639049436146,7314.0147703420935,6824.282509881076,5030.632340547289
1852.0671026061368,4127.540777763281,9529.42760942761,7384.8265495089945,6122.123688633862,4858.747957074679,7257.482692138897,6846.007851624556,4954.134045887208
1692.875433064359,3617.5734885025736,9150.736862436459,7544.255474412809,6386.006100969449,4873.254656130986,7199.428735413639,6788.984591800008,4895.961583745417
1860.7349343669239,3701.99534026223,9450.826906341183,7615.102164547503,6302.766835363086,4886.839640337998,7103.778516414904,6776.867842967093,4863.140920314253
2249.0760585345806,3505.3890604977482,9897.21134835508,7730.34402329731,6440.217362486896,4994.193094642993,7001.557494391791,6877.143538439603,4940.919928028193
2572.6154863723787,3626.3942103022564,8941.116266118808,8579.244984480145,6492.474917376527,5321.123883029528,6722.286932693435,6801.193893919174,5004.035672959776
2728.8826988096894,3523.066856903325,9763.220308639395,8411.40138987345,6428.39541320124,5450.92888847906,7104.051469413677,6735.573794066902,5098.012479862426
2824.9867091972346,3496.8262842571576,9339.954665446352,8712.435162128948,6558.930536101152,5578.526591228582,7758.391612072368,6701.077904006625,4998.815692935174
3102.746849660382,3679.7422515333874,9016.099068137197,8471.079409210888,6570.969484567348,5596.628039313946,8179.847581544662,6764.68652712902,5137.89723001399
3110.135187618826,3810.7776062804614,9769.605357296907,8191.394528078259,6573.321183958529,5365.83437606168,8367.171062737027,6718.240625962335,5083.565330973752
3283.2201037329282,4047.254904940742,9159.795599192646,8133.316919613384,6874.312704610893,5449.38359782634,8550.41572451711,6673.119563887729,5217.125938122349
3454.1704657647474,4111.236451241189,9695.094868068423,7588.29129717602,6857.441387097122,5327.359474955988,8407.859880631115,6597.610747554616,5226.298828915138
3514.759810133391,4342.857142857143,9627.599525042095,7209.42813489706,7018.903389685342,5037.239483301419,8196.814353517586,6674.816068109266,5191.513475730895
3794.0895787754985,4276.808754403436,9194.321809607818,6177.271010166077,7120.489950966144,4679.503546677668,7913.602024431893,6711.012367022299,5266.677227046313
3284.478611493422,4701.976965205964,10050.411374392788,5436.8458987717195,6941.188438358391,4403.386964356072,7554.174958731226,6571.321590640305,5361.478804020816
2481.9574092087296,4381.288247523567,9380.670112383694,5178.876190051822,6795.266733185929,4094.072549592627,7464.248472278191,6488.27188347025,5348.607072626577
2076.5428664242463,4871.765234265103,9354.052358655299,5189.919655294261,6646.648516250966,4673.457004469986,7496.589161164778,6519.534467700646,5243.595999552712
3728.360892497394,4887.281301074405,9879.570716242564,5264.805719288948,6490.948089996138,4751.76566152625,7475.092096156194,6444.2963890461215,5220.857341904255
4834.87865074127,4946.564704327828,8878.352991414109,5751.518481884454,6369.634564885472,4677.9490154699515,7544.842254085002,6477.935151451496,5111.543889951961
5288.451180754497,5005.0097364849535,9373.434219448432,5907.571489913655,6368.939837573966,4233.443748697389,7557.987736828025,6430.9313737537595,5184.777714566341
5400.038782237736,4947.129192220771,9616.19527567669,6290.121045504362,6467.779207100716,4357.783597289771,7644.120680522368,6395.76314299541,5162.516842768084
5218.734576529751,5040.212387528771,9113.254270560376,6624.154874049157,6892.668509790071,4616.482379537967,7741.814719662409,6361.126995571692,5062.824856233297
4726.943446194476,4854.695575235874,9698.732364917376,6719.760165474888,6914.507010276279,4654.860524104546,7604.908662643795,6489.7053665347385,5077.37702268959
3954.282372276967,4925.2270344346225,9250.61977575436,6914.513368789462,7155.628429737513,4676.777210659274,7665.921954558315,6505.112198054816,5065.219899682784
3303.7909078199,4805.357030101226,9480.734761638327,7058.543495053058,6916.302128900557,4838.616530042336,7657.116478984483,6530.5625554235985,5110.563865695957
2888.8752337827327,4930.243121304406,9679.755959822382,7302.798943604129,6845.217934256532,4870.969455064697,7547.793092248243,6663.5031971867775,5099.03314891503
2357.3860694078758,4838.594150217623,8812.535607284042,7743.531190376848,6815.767300435944,5076.344093044003,7546.9120262286415,6832.970225127088,5014.8804279434935
2085.9928090781673,5085.533095379267,9293.656063903281,7758.170120563114,6463.798887920348,5193.1102485863985,7454.579485687722,6840.45584045584,5006.0147331683675
1812.8699603231478,4686.8008684281285,9082.983609786774,7843.844994419711,6371.002805443324,5099.213084475552,7430.601783078693,6868.297756376603,4937.6303606770825
1706.8985278641417,4352.805465573686,8716.663519458378,8056.887871240731,6297.32380552053,5163.58166111247,7312.982879790133,6924.250549117627,4898.552821501589
1921.6408581528647,4200.209523505238,9326.298075661567,7861.046801740581,6310.94344355495,4913.811702562958,7320.130801245061,6802.392811686298,4923.709525604308
2269.884818069409,3576.1609957452474,9025.595476260894,8187.189844182662,6756.7504536218,4820.651633634788,7263.899551733836,6871.032702414488,5055.927194938453
2718.8192082966743,3538.8333754710507,9143.304270064835,8125.071914624761,6822.993811344053,4715.004535765077,7114.1704728301265,6837.343756046257,5137.659960848138
2703.0881603640714,3649.697603637271,9550.769504580989,8340.366592298624,7113.9858825938945,4674.204264111555,6801.306373588307,6842.494384605137,5129.2622032768895
3174.6463868957258,3699.2540820806407,8904.858727797005,8613.769323505625,7531.587215563423,4782.381862550639,7215.175341756477,6761.148502137908,5185.859949017848
3142.740035551092,3999.4619219425417,9768.582513483547,8481.254038448249,7289.8270951136055,4691.751919324545,7750.244973832683,6663.52388915726,5070.49540809727
3413.756890137169,4069.254269346893,9400.646937986865,8610.57471622326,7467.991498667467,4815.404271013825,8063.491581721098,6715.246148455052,5185.936649011815
3521.373020592412,4197.314003556693,8949.092167758463,8703.103643299684,7461.705570051745,4987.071439087339,8163.655224798745,6658.400237445206,5429.343274711621
3532.7558293736,4429.369245692226,9859.787222063364,8437.339962719167,7257.459889038834,4851.340531973481,8220.568631090977,6654.320133774501,5397.9891618241
3656.149609457212,4293.2005393734,8981.712222753138,8260.822185517512,7107.868125039445,4840.731146658512,8226.30458420026,6700.642690085834,5295.07560070938
3778.3444696645124,4420.72947287205,9214.974369399974,7638.032534252466,7040.150909872995,4747.056310472223,8019.998694131016,6585.354558557766,5419.218180379364
3779.819970219135,4442.530299928813,9548.002405391295,6772.842808166364,7016.705562959294,4542.252342704151,7699.474683477178,6552.860313563741,5402.318614041944
3271.9813916352455,4152.395399813405,9007.654320987656,6363.239706044524,7041.713965320476,4282.8896243409,7380.43648129274,6464.551210642291,5323.167615032149
2125.93263612934,4498.769958496388,9630.92076139885,5748.244818698708,7101.549366750713,4105.621181534115,7189.618858388482,6449.061797881091,5460.264705503155
2368.1669808348697,4275.636859216461,9273.286041274516,5751.906817798288,7099.158301540841,4312.889123460657,7326.249271770826,6415.445903133566,5464.347508277821
3550.1863296503752,4375.04358765345,9143.258617582496,5595.249476532493,7240.6093507508485,4459.381699107124,7254.6998361964825,6487.901892667629,5277.3032840214455
4661.888411063332,4529.91882918823,9645.67502376929,5638.772472454635,7195.813249297764,4259.908099389205,7366.286006476902,6468.244961051113,5274.815621877083
4696.121018137481,4289.885763838754,9074.835840000182,5862.19336219336,7368.384542112265,4072.1487326268,7388.257415747614,6316.295893002602,5302.960021375824
4860.720718531268,4404.84729313107,9414.414021574288,5935.173248807401,7080.104217692873,4419.0195116857185,7358.32537408469,6355.129906522239,5280.21978021978
4575.148274904922,4555.606769157886,9556.216618295473,6142.302746677174,6810.865479262482,4543.807825718616,7367.826718109909,6303.384011087814,5277.7737756107945
3900.929271758652,4543.917054520496,8917.10283992458,6435.828762304011,6489.828114394732,4695.203744959948,7432.218147894306,6456.691798520407,5139.5347121026925
3350.5175892655902,4437.09249992393,9690.787044138784,6574.7511555293895,6088.122972599812,4721.767928548243,7483.860187151054,6612.204693895395,5287.497675075384
2535.5418065938293,4540.491398020376,9308.843012053165,6778.775386658753,6246.16643540755,4738.822667002791,7511.137258684898,6550.935886332497,5237.560575790177
2474.9775842414183,4320.668194033543,8962.93066556855,7291.395701285627,6147.824808415745,4834.676676209652,7738.0289553219945,6733.532240093919,5081.39223548122
1746.6306973583141,4537.788140503554,9324.599283672373,7670.200354616162,6169.940100796654,4757.007239243074,7650.358371383401,6779.078210817352,5069.689523407128
1594.0214906264307,4179.5726521143315,8373.323476402269,8389.050441115369,6416.721286128673,4798.850872726323,7691.480793475918,6737.557824491158,5151.987235101565
1603.9601930333658,3954.2933321987507,8926.481487645078,8545.119042041888,6365.658006554835,4853.964581697815,7596.470313538546,6839.344377995373,5081.241085853506
1881.126138467542,3703.230483492305,9306.461115807915,8881.612515045079,6508.030486155955,4888.451492227993,7498.036258646682,6868.828443868411,5035.581734736601
2162.9373581084355,3482.402089846031,8531.205302354247,8821.502084294434,6887.523673523127,4920.602257932665,7531.1776995421305,6790.857524190855,5031.686787070075
2472.2564646215124,3454.618190150119,9671.15598529965,8538.096888722952,6737.13005979266,4821.387233123557,7270.112861598777,6792.778696443282,5050.970959704176
2847.7219060714306,3439.1271806268273,9064.943101210429,8660.624664892111,6961.458500309719,4834.443105033346,6911.39828725489,6745.475603050165,4992.232222472085
3042.5246245041676,3465.665422833188,8906.415097951602,8320.030667227305,7206.446585886349,4742.393861432507,7171.292164775336,6686.807978426895,5164.392207532319
3356.2476861911905,3598.0897684059487,9585.251869962287,8108.362894618037,7252.991557069727,4623.640643781466,7947.088899463631,6766.841771691974,5361.781384036755
3510.427253460649,3662.9317161174827,8877.451284506815,8015.840279568049,7643.505692796044,4648.455725832729,8371.488865997775,6726.94935719737,5362.463885646605
3599.1249902062823,3765.4056058920164,9415.116879310746,7834.595357001796,7523.537167822382,4696.953689771907,8563.662037415,6694.125344574228,5263.840116120313
3763.420627376206,3931.6339982487043,9358.957691966876,7856.395229569946,7627.900953024485,4691.891150867093,8590.47754183221,6717.798606354916,5249.400613741703
3744.327194978964,3882.5735957951974,8902.339732992677,7677.6738089808,7528.997187417931,4804.93371555303,8420.517405391045,6641.033996931729,5297.893966552539
3985.832530489939,3997.8396668228042,9886.191128142442,7028.9687285663085,7360.646424310016,4768.82192222926,8167.199581637488,6626.754576241548,5467.215377277256
3802.7234044998377,3913.0752921517214,9041.936336938217,6651.621120603793,7506.5651524796185,4609.806395364874,7898.313637564131,6522.420281568547,5457.677158838911
3734.5656702536044,4047.222453414712,9240.733185245634,5741.433121358343,7311.035101456766,4555.698579390149,7532.73360972518,6612.772127989843,5314.455794130593
2498.394734273235,3846.6740105884937,9751.474360247748,5459.9367355288605,7309.856518239026,4191.15881816856,7470.588250854491,6755.711487324864,5403.12799233961
1788.5882347929164,4214.478228234539,8779.02205767075,5331.48680338515,7229.144626170681,3945.1307921310236,7350.397597587963,6604.125240944187,5474.101792257758
3375.755224986286,4003.2544125277695,9478.028000082728,5472.057565557158,7210.673519862592,4047.301322992118,7335.180056267974,6554.538588036203,5521.669548709164
4716.451817041285,4232.001112965241,9287.54661305423,5538.365759529307,7666.924120718686,4151.33522224856,7411.628933393,6563.261748670814,5471.726712903462
5082.97578450256,4148.2812371895925,8977.199493409342,5681.63738482141,7490.487468308585,4003.540321982634,7554.898150565077,6532.63779396456,5573.4045644006255
5279.81926080469,3984.9331882198294,9672.863941684116,5728.400718252915,7316.078273415102,4012.8797327430775,7613.770640642749,6465.066763999149,5537.80518977551
5041.629267310921,4192.708592261168,8832.072416522073,5842.9598535651785,7641.862274338679,4449.157513273251,7773.997435557327,6390.152247218186,5465.113289279929
4621.734210951996,4056.784000009239,9150.081808716346,6296.562627365631,7181.498463894929,4693.52308295484,7846.05382742585,6499.65358052861,5304.1321382265105
3766.047628013553,4155.600509713752,9624.254262487133,6653.542256727781,7035.5612138400975,4909.881074686399,7917.380928777798,6607.729588575304,5366.253671087159
3127.556906528715,3837.2654026715477,8618.45235649362,7078.264238652328,7062.975153489819,5083.953457245047,7808.623174343001,6743.411479447768,5305.2556971574695
2475.1627269612877,4232.837679372842,9620.72272023755,6992.854353668605,6555.549712830041,5055.015190008174,7874.457458835247,6777.300254049601,5245.934497024839
2178.418747185523,3976.3476511444,8908.472305223795,7552.488915610035,6627.500859333752,5003.2648903428,7872.009205109975,6737.337815964625,5269.502561265402
1725.1575618735096,4223.764404060614,8519.694811087404,7416.625078341709,6640.2935156399635,4885.08288931128,7780.60614104234,6823.017354032963,5367.4436087842105
1507.7723149989256,3795.769165362254,9262.698395581869,7495.299459421277,6727.461835049542,4651.216256733636,7680.621379082553,6908.180073700477,5201.654404123539
1671.850644401908,3632.048807157859,8419.120033208563,7439.69144460028,7100.664928927482,4593.19154137636,7613.780921022726,6855.310880299634,5275.642924640177
1987.1319161678605,3594.8754588538736,9144.07833753939,7380.539236242584,6993.51329282565,4654.828564214489,7575.511610305513,6856.651187613632,5172.916827753293
2362.85199280141,3540.1795577452485,9020.349786268776,7359.965997665788,7245.908215857346,4736.525878201023,7526.770193011228,6889.677235514896,5030.764071347747
2526.301885834099,3610.2449076010494,8940.852506587542,7210.498320753953,7349.559975324262,4976.599065156075,7239.697037231639,6866.752964500205,4851.373442987935
3013.8735945239073,3654.154256568827,9405.042725479294,7516.21098168302,7280.666545034359,5100.859736633238,6840.784040212802,6834.142613925545,4895.84666492454
3046.884639431303,3662.9941873387565,9048.713150869564,7721.461018349023,7484.398660269867,5294.070326033794,7143.635750736769,6870.230647437732,4928.370653895699
3202.529026100973,3624.453982128625,9260.142791316877,7700.775271817148,7333.259284239676,5340.880567966509,7865.9382248439915,6828.261274534705,4939.282636455254
3560.2945269671795,3606.617406613317,9532.24193483825,8029.399841262728,7515.8413412575,5275.277042267333,8296.285900404013,6845.758617947776,4979.513189700608
3415.566282880197,3687.17383013392,8927.941166101995,8343.091255027715,7473.785228308181,5312.299044961574,8631.444792028735,6738.213784007178,5121.12245716255
3785.9080986059903,3615.2655022817985,9384.362044081032,7874.308569421414,7332.511225557171,5173.241035195357,8472.776366781178,6707.83575752063,5169.528870160851
3534.089691485937,3672.3753836161436,9334.84631458849,7542.6219360418945,7668.199292563515,5026.977768852908,8453.958251532607,6653.148152967828,5127.6354183337335
3857.3709207829315,3875.5468598952707,8893.40898729475,6252.27706759376,7615.365635943917,4704.597779678943,8289.133586105212,6605.455269609718,5204.9899833011605
3679.5355665198686,3707.7788870263835,9568.03421640651,5360.35712497462,7666.980706196394,4448.489624376149,7973.986387740613,6565.982067359661,5252.521420523172
3234.284761426733,3943.1693891821647,8944.22618398542,5099.776824239745,7942.110857318552,4320.741458810976,7657.782270812849,6625.118594319334,5225.751255461636
1833.4284576019058,3798.601814666072,9462.681117780021,5393.231866874941,7839.548494432824,4255.9823866161605,7521.905784661558,6597.054233650524,5356.396448086371
2877.8701979081347,3986.037032504931,9478.354943148435,5358.250351278421,7943.50497086835,4616.783803328147,7486.0376688813985,6467.388698849342,5338.940812413922
4367.377950130699,3945.089963868865,8852.553036922505,5875.364401483432,8101.1250912075575,4904.185232465199,7579.618902553622,6506.677981999608,5219.4490787083405
5306.330339524574,3991.647968039458,9542.195988372232,5969.465823660839,8064.365985269765,4719.939853576729,7543.822585064119,6462.609343189844,5189.168796747888
5354.88556025121,4124.559058308702,9209.97627748926,5596.19742443098,8119.025060644339,4299.541293435984,7558.8027561704275,6405.392841490172,5253.667671108924
5477.564844517644,3958.0967829142996,8683.092122729924,5660.336010492765,7774.650237545261,4401.295062167362,7565.846417646341,6348.413262359188,5298.571915672892
5087.378302316447,4214.60039267398,9557.558092427813,5504.995221961601,7807.559116064867,4637.836276592596,7623.7040889257605,6396.194110631204,5157.338999146908
4533.22770912771,4364.707429427256,8766.86156523662,5524.81626632512,7656.770399726621,4737.137849585342,7613.903253834334,6503.789081148117,5041.137679486473
3754.6930709116787,4168.800611457087,9183.021496809977,5528.19133190548,7280.483890326382,4857.090294389894,7576.499887905767,6531.823816521278,5017.967711301048
3235.2812509929477,3808.6697402856844,9224.653475596708,5495.199245199247,7375.094677324219,4915.951774634758,7524.381677643078,6617.554668071971,4950.794145976132
2673.996986432732,4002.194607420365,8759.15187332904,5767.823361218284,7312.673123485755,5159.4192550008165,7541.384719801876,6717.824536353667,4882.183849410173
2356.1513959361805,4050.7201929055504,9363.29807488913,6465.948493027839,7307.199199183435,5342.341260985896,7540.729998481324,6777.16010865218,4943.04329257074
1735.071480551401,4165.089015625097,8457.364794658746,6870.87133756473,7556.743711129679,5369.214893282586,7465.0775225406915,6815.115662647676,4987.1781748069525
1728.663763519058,4145.395994039819,8807.53519135568,6286.624945823382,7748.28152808411,5413.721849858922,7477.127987590754,6763.06101964341,4915.9425866672245
1916.1932717488276,3837.015025839997,9063.417600555988,6118.907435776281,7836.80692909314,5151.658127899401,7546.712900603151,6843.988932908914,4890.8773586255265
2167.649439387499,3667.9745577778112,8377.223323902628,5923.959471598847,7977.494021670731,5108.123014637712,7469.739622887497,6904.686527980303,4814.852463626624
2470.052580923822,3491.8649904790045,9087.854073253338,5647.002162339285,8026.872277871067,5042.751847335381,7374.567133524515,6823.282178791023,4875.076605174039
2887.8410855280404,3743.7440553393863,9141.796835595293,5541.625008681569,8069.2855224659825,4885.542456306425,7172.630381460028,6881.468857504318,4973.995114859831
2886.5440179387665,3627.9984759034432,8832.258525402482,5771.039257202236,8098.523910971365,4986.827526855282,6812.011168458952,6866.708563430155,4834.235504626053
3230.163212013804,3715.6434186087968,9645.053272450534,5967.106468784658,8205.028712894808,4959.742157216268,7235.297739422908,6822.202146592048,4902.501014725274
3351.0366351000216,3784.710893601596,8930.682433434138,6286.686066567758,8354.170869140544,4994.182513907798,7867.357409986397,6721.153270454408,4856.479701539293
3498.6099151283597,3860.039065662924,9503.505426936903,6541.788066057953,8228.979217361431,5125.509609022988,8236.37323396555,6757.335876649184,4957.81078430715
3599.603770437106,4135.839103198154,9488.739791557737,6709.309887596656,8480.711841464878,5210.315965683204,8434.47131319388,6740.43334787424,4950.4221329214615
3727.894817611354,4109.50748404658,8524.964616527237,6327.409293860272,8524.211511344498,5279.368268721894,8487.883896607695,6666.283472429523,5100.668265761622
3773.776306859563,4156.403392015066,9476.898443277098,5382.935828673591,8475.252659182655,5165.419373055602,8335.601519049262,6649.334199832956,5229.695860149494
3967.830533473172,3981.8311777354775,8696.500821977032,4952.836455123809,8764.052746465075,4757.771948234247,8152.956373095262,6662.8885581470095,5204.132770339834
3747.043199563807,4157.230619562449,8784.129114059266,5550.069630208632,8672.543557123432,4578.977606891137,7788.32581885793,6586.043951264796,5289.529417841833
2625.7192536607863,4048.3197891500104,9397.401875882071,6077.840385446377,8751.702201976792,4027.75398928551,7575.188615510803,6556.614828478551,5196.677336870202
1860.0873511919451,4233.883843745091,8777.896361166982,6474.559311650793,8925.865351157045,4322.206671760059,7372.914979223543,6484.505812323251,5142.4936556772645
3665.63077176736,4275.175195475339,9372.775400806924,6911.157785639682,8600.523215582441,4598.882357210245,7402.416454728089,6567.273039730517,5231.594976401582
4753.781529095953,4395.756035375045,9060.016270471246,7149.927270124976,8843.237172331212,4464.038169724933,7414.2914035387175,6552.991119218356,5336.06959273087
5439.1694334275435,4546.646552786331,8949.72835085682,7190.1780233271975,8708.426919500957,4429.389868840666,7492.5317442357455,6378.321256038648,5338.551826900657
5483.338491001828,4227.785285254804,9389.735351371164,6909.30109057649,8645.07162429024,4254.356008753196,7451.2751891171565,6477.351172809119,5233.931767760516
5318.758317279228,4472.247384591218,8690.200132675132,6657.462588647103,8777.899980054135,4633.664172860454,7613.941981605039,6467.482387122747,5099.768112685844
4971.7471183915695,4227.670486687556,8916.579276724386,6720.904147033779,8439.773373908309,4973.899614957255,7598.88386354141,6513.6944497045615,5092.162753804299
4291.535689315747,4399.715778595261,9069.775368379287,6305.780297690134,8280.173628727658,4851.466640759681,7595.466773042029,6554.046224808224,5200.3398533666705
3551.8216893693675,4177.150695669212,8668.159604221692,6131.519274376414,8013.027863587911,4777.568137582238,7674.235262644839,6550.205273469291,5203.02413578455
3096.652962092091,4115.530504837777,9048.943718755037,6018.594934338838,7830.423458875891,4873.379858273239,7523.062582210295,6616.481897816105,5152.791161883981
2606.7681711574673,4340.264287615067,8718.153496764637,5941.023254294861,8219.598583234949,4666.495079396704,7556.683446473694,6723.959923802878,5162.916356851303
2116.621838886235,4266.297642570644,8583.606458662147,5731.9954457331205,8110.831632157095,4747.312453644197,7496.20557343661,6733.993545370925,5246.636753259414
1766.9527771666333,4245.310218197115,8653.569161841053,5303.912934905911,8339.142592256632,4829.229889761498,7431.910169321258,6878.761878488344,5060.033187398788
1656.6683610809444,3898.1585670970426,8131.129729045786,5313.739284611896,8563.699323861927,4757.41930599421,7259.752376593627,6852.0554735351525,5074.85559934114
1925.179318987815,3535.840076281161,8582.257129290067,5036.387719545262,8340.508054849286,4866.734537221738,7319.032148235536,6967.401914890966,5224.175878527092
2333.306140207755,3568.9413113827936,8388.945581434684,4994.2775784258065,8615.254396980077,4810.088241136326,7174.22176700772,6899.31131380136,5164.622189699752
2474.0067929606125,3442.2020285851077,8206.222753212216,5110.243144779068,8515.59976804331,4825.83834402843,7122.191549727779,6871.9034263810145,5094.816004613223
3029.2650554906572,3500.22112420747,8924.436848005971,5143.626538640595,8716.529250098158,4807.3748902546085,6903.227710141659,6884.242856143961,4995.786461548028
3020.0731595793345,3530.4522253690693,8524.340585646549,5449.681572214735,8935.38003640362,4679.0827030126675,6674.3318179337675,6870.415034520384,5074.91148449193
3379.375349592726,3568.376690611668,8725.95547515067,5307.217952613264,8995.273613206777,4760.48392122605,7295.772495173981,6823.478792069913,5070.3542605978555
3639.86547040171,3613.0323695306965,9287.134386558138,5550.164859019598,9425.121722314092,4729.971260981241,7831.976204067474,6817.11667105787,5105.99723542219
3520.550029309244,3867.332753391775,8836.383235901025,5537.849783043836,9359.563214303422,4696.536576075706,8115.064884658165,6807.251997759542,5136.5504336389795
3749.1245399603654,3689.7367619084894,9127.177870072564,5193.880808967555,9240.015383878022,4806.834718114821,8438.10072571641,6795.564641565227,5256.186858865548
3846.831482165632,3822.4650290892187,8814.67723075876,4833.636625233709,9324.393110555475,4721.349959839158,8326.131040538798,6692.389248205833,5425.467141939036
3937.356093026783,3673.844062724317,8824.84933086856,5963.651471490114,9152.257348381732,4588.882428643583,8108.338330863137,6732.5413356664585,5433.24993109471
3874.740211516148,3675.9441048096887,8863.828025678753,6444.375322839926,9066.2910570491,4439.335185694076,7877.813234673099,6646.907021338309,5357.843796860379
3445.5963143325525,3663.1195153945173,8690.310300312773,6661.909817980448,8982.260374266181,4162.1294362579865,7532.123343791973,6539.205511283839,5397.128824928097
2297.986381402334,3659.72488626408,8983.099411380237,7028.461871229175,8999.213534522189,4101.998134533723,7334.62431901379,6629.577881003544,5441.5004193733685
2360.098997952764,3700.140169787367,9004.586236334188,7070.729053318824,9016.915005036764,4481.000990399986,7335.838953512456,6507.562481017192,5238.869149102462
4118.553767780487,3718.836060294695,8553.851969725338,7080.398461224008,9176.543326239098,4491.159504239263,7312.27846501573,6571.554479769315,5193.735668309464
5060.765096997989,3715.726165771021,8907.271121577864,7207.626037728742,9525.114598800123,4571.050438870031,7415.028226762498,6456.505502356244,5272.851526977035
5460.888652278747,3713.2255421758814,8784.384276393195,6744.108245528734,9355.836026531495,4174.186709070432,7546.581334298227,6490.981549074239,5166.513532620262
5636.227709190676,3923.7573926394816,8707.054988025537,6400.2346986659795,9247.763442717458,4260.613595963648,7661.3556665411315,6398.68183160057,5204.893452105007
5192.2188405128045,3593.944875398584,8679.2265214082,6250.648743935934,9169.780887616756,4586.200660114087,7673.852535252858,6430.159153862606,5232.208135006685
4609.938459229237,3989.4506659127524,8551.997103453934,6027.032727669747,8872.461529826836,4578.298557416041,7652.741696485518,6514.658828772643,5216.4746021882365
3782.218835626982,3587.9031704388003,9034.641741571095,5720.609505855746,8491.597692500633,4644.01352690045,7649.211613597677,6585.157962481083,5114.88235135208
3047.16560106727,3689.3267419513704,8421.015712682381,5364.701637442299,8317.716017262726,4684.4083144778515,7569.824430795959,6573.523772900866,5048.278548899971
2529.004143107716,3670.203865308675,8817.246814322694,5424.054777986124,8278.81360247883,4579.822822593453,7514.88466303294,6685.431504403213,5076.05905639784
2089.7665521069766,3663.3215625085545,8983.712145874557,5142.880243803838,8357.784108350515,4606.966918948963,7409.65986644387,6845.901398035522,5029.136578926936
1809.0086174756862,3699.4891161854325,8156.144261889079,5083.454904529395,8213.977657421505,4499.164734480361,7298.649969290581,6885.309315419056,5088.48159133352
1645.706292599213,3560.2538214924643,8918.574324319752,5053.569169260355,8400.415584844783,4534.731333506382,7265.940168604095,6842.176801370633,5015.196150353193
1909.809493931733,3442.733566698845,8308.989315513274,5007.280344431176,8769.529369635333,4528.936006111367,7295.222742522716,6933.466127191615,5057.5942868148295
2123.652830363132,3404.4502617801054,8449.309524578342,4964.777450042813,8618.754538852578,4643.994334829626,7306.182981558092,6960.778428871171,4985.67666637342
2470.78241752947,3498.7717032887945,8792.706946788718,4961.489882485252,8721.946012553644,4661.97636816031,7243.393325875165,6868.011707641275,4990.421308641292
2546.1279248425294,3630.4076572280146,8439.024072040387,5197.230170613252,8735.748353997893,4571.873850722095,7193.533839802961,6782.814698756728,4923.87538831412
2928.159856651692,3613.6100520245523,8971.380471380473,5176.7361986922315,8603.716919287637,4686.3218605772845,7022.2628948166475,6820.048020031802,5040.717926645929
3004.7669224290826,3901.958083613638,8947.861944303226,5503.810344872585,8690.1297445859,4635.064377840331,6811.587286140231,6773.777931813718,5227.406875648081
3273.3884887958584,3611.779589728516,8840.075665066153,5758.407981283521,8583.074322262206,4588.099550515229,7368.471245265816,6794.7859100557225,5136.677176248769
3507.0219161353384,3775.3671523023777,9238.177624725502,5919.122712059614,8605.559392984387,4737.701806154088,7797.310115980966,6696.418537707977,5232.500611380387
3659.9988115139636,3532.082418822317,8833.04374649216,6065.4014670542665,8694.10236054656,4694.327527782726,8152.635092715169,6718.518488147475,5216.434161120057
3837.1651800855275,3581.441656710472,8774.122415378975,5222.317212207287,8561.014240938812,4705.924669454675,8316.80550724197,6682.072858159408,5377.697572873839
3776.867691215387,3570.7758970085283,9133.131168183085,5051.69994079018,8769.493531294547,4625.96207614217,8222.669184802891,6615.617303481638,5301.403396798292
4034.6388242249386,3497.5616204345,8728.940901743255,5977.093125047303,8899.240592253202,4315.076554821783,8007.765167292537,6641.078175041071,5302.912543712456
3707.488918974703,3529.224330726778,9312.31243539125,6542.3209902090475,8766.818361149904,4304.58308476732,7736.889010480332,6640.320083002459,5379.849881776633
3287.7105594386885,3567.017816171869,8868.405211876317,6935.596019962226,8935.240306304058,3973.188527178054,7430.193325956354,6681.031117806683,5325.887556536153
1802.7000290428286,3505.924283420801,9086.5750208286,7095.228427841112,9052.215343020664,3848.20048141873,7480.566749409066,6586.447415940634,5333.27374476538
2839.19376174568,3464.52911583076,9345.297785983095,7341.747044087955,8936.521871053963,4239.900703627095,7338.309729982232,6484.435397023129,5381.024428301796
4296.203355174499,3494.641154904825,8584.917011039966,6897.0579230162475,9136.893694107634,4273.937263572701,7381.390898858036,6508.379565143866,5386.815881242472
4985.570806976247,3504.4092341894034,9318.328435507523,6792.487967202028,9044.52234901943,4185.5581734233165,7432.722429137274,6458.1234076864575,5274.86200661337
5235.56245895621,3448.862076836179,9148.371813167249,6253.823999202251,9235.286405068338,3968.6760656698093,7504.814349882831,6377.111969211409,5224.095326969841
5273.1871288224565,3447.8893241338974,8549.45773627563,5780.031579322753,9276.403956007758,4339.179690757038,7448.009406862664,6330.9977347412805,5336.6784473221815
4736.034249646036,3517.7736648473347,9372.641032795564,5949.802490691179,9252.194731251459,4575.08961097625,7416.886059515247,6410.253594814898,5306.4527547691805
4385.672677879325,3404.7237994131,8793.46668866646,5548.515596627935,9310.025158913044,4656.395613458279,7507.934282419219,6500.646290548389,5176.9571207199
3372.0628538536243,3614.325114944314,9182.630607414716,5357.660810542092,8903.892803293544,4822.207781762615,7503.702363595535,6501.845596625084,5144.339534494168
2988.7511491659766,3436.2133616067877,8985.168017854021,5264.126609395147,8650.846220641684,4827.9072905794965,7554.541748315038,6612.596489979356,5241.250669849697
2489.996165938194,3628.289923370789,8862.035235123925,5118.493776942445,8516.284726023689,4795.886144303748,7686.954350833527,6669.442598012307,5181.343714909573
2093.986633240796,3526.582801381498,9077.13876203588,5091.145536171611,8160.742616092552,4755.363853017466,7796.086121640491,6734.884535684196,5072.704365923088
1740.454634985127,3666.7079565630297,8761.003734422995,5279.383125488454,8450.0,4617.648179895683,7780.972400171261,6817.578467540507,4961.686564317575
1576.2496616909214,3364.399206746381,8880.78811720121,5523.201411168056,8488.310415885222,4655.849134428944,7707.081211229446,6909.52981971193,5077.251554031952
1924.3965823869687,3623.4437355352916,8996.17374742504,5316.941553567444,8832.368970764514,4644.01817793499,7628.925388801756,6811.4994453925165,5086.742090398258
2184.419135167621,3588.9626895003016,9074.131405274242,6417.4826982676295,9277.616379903673,4623.225041161682,7507.233528810461,6857.907717980726,5119.75802692857
2632.739272674349,3712.878464325922,8761.255808628157,6666.715961171499,9234.016987237883,4702.485965830163,7276.785535902922,6934.578800775523,4984.047215641778
2737.8095806917454,3746.531339683406,9326.767972898138,6689.606361769196,9785.20278723757,4638.848145307312,6980.901716719761,6991.353704782341,4826.173294553213
3037.562748483741,3829.7884780755394,9058.715380575692,7108.147625239205,9744.755347969116,4551.618381043321,6710.824402785122,6841.319831651069,4859.7120040244
3215.6230843315802,3784.6101455272783,9458.375353352521,6851.832834897685,9623.016833331025,4626.876276756374,7132.3256430655,6842.689591849565,4877.041724621416
3377.22979369316,3742.4693750598153,9145.350217354242,7026.130307504212,9685.131414806212,4601.361387648738,7740.385616608713,6906.69115209482,4916.394047361106
3634.127174266549,3596.1666414298456,8915.14520595973,7011.048354321997,9498.287290760622,4655.550330162346,8141.017099529762,6756.230250338085,5138.682053901334
3591.0740495920454,3728.9763294852396,9420.46762478399,6398.8117287300265,9411.586559199295,4691.155960629671,8352.98419961285,6691.42248708349,5247.546672314612
3890.257056128585,3527.8971455337673,8625.787574754906,5967.965641644369,9406.685078840626,4664.966677034079,8544.774579593519,6688.901272517723,5196.395314586454
3674.1325399533466,3864.3698714027773,9132.774296762283,5227.123771111671,9281.489028198472,4717.319472868193,8351.864023979882,6571.452158420955,5089.693996059563
3975.569387279092,3637.9580459419317,9346.833283147653,5866.245634331656,9409.526330247907,4564.87623556067,8158.087934964488,6613.631591669798,5191.171192823071
3538.5862881875637,3706.191147089493,8794.535039445404,5959.038188847024,9318.996415770613,4473.057745202549,7867.246343606343,6531.82428101596,5228.213289780328
2741.342124789353,3704.109654957006,9722.927410532893,6816.925027684872,9308.279287137204,4214.597072470583,7571.498739469282,6518.0585909898045,5184.865107553015
1749.2605233219565,3770.2003506907026,9239.88235517142,6905.898925948841,9490.676225730978,3849.4155822136663,7516.623834500479,6464.702847546273,5279.85271336449
3085.844144577247,3791.9748749256896,9172.690796719397,6853.062868879017,9328.370474564046,4206.7219659763105,7390.229495211855,6446.330989540865,5349.183818034809
4282.119340873105,4060.2594918623786,9613.6863948896,6714.663150612423,9592.160532239346,4232.24081336238,7477.504759434976,6371.8386656449175,5285.6319560102565
4886.891020585688,3935.0953592319543,8788.327135198253,5944.525802349162,9492.113980820766,4084.8040258785145,7543.25785473579,6356.325695682441,5220.968842181753
4929.132519577603,3814.0924972785324,9543.794105211064,5585.642017273636,9174.769504407832,4250.064861287177,7627.732547607179,6374.575636468558,5200.107180481109
4909.399404276821,3871.412964541695,8921.072717561256,5258.10958696456,8976.693766937668,4535.064935503596,7699.181065123094,6345.016147890788,5146.825790241755
4443.07686790743,3975.941739429684,9015.8392937233,5263.47641547324,8703.398523329792,4882.290514224031,7719.5424479928715,6347.098948965486,5066.2335128021
3796.187382113214,3758.432471957498,9579.910489736381,5268.829645688899,8438.409216010068,5043.29652209987,7848.235556018912,6517.589637628526,5176.034755540546
3081.4780767590596,3964.9465795475976,8823.906219915321,5535.441229305284,8254.265989318743,5048.901215307874,7802.703169042394,6610.986976030915,5180.854533014106
2688.6815687042817,3877.1317666512496,9343.0079145356,5737.636430025072,8147.465102929095,5201.391573250869,7816.110375459158,6742.775685663066,5109.21554846128
2035.0277154859884,4035.7964877674663,9038.76079418715,5840.3657729077795,8470.568916356906,5039.419107827973,7748.8690761093485,6802.419234616231,4958.587415705169
2060.0456866633635,3881.4056279512374,8707.499743510823,6386.1174970087095,8596.166349654306,5011.15904300066,7669.966843475674,6849.140758708673,4944.563266680692
1575.0746099876585,3968.823024821959,9133.090514035079,6350.935233656757,8543.341017747778,4970.284630196882,7602.2589240567495,6865.909085795115,4977.570744470091
1655.8754025176,3572.5702965764767,8581.376703243508,6561.47650290713,8856.698557039563,4770.617283950619,7539.202045200306,6884.079213092956,4938.605425109087
2076.819073199219,3432.7679402271965,8868.36704778657,6594.803855140965,8845.87903954938,4689.415449356245,7646.43972305454,6842.06553842157,4969.683119161713
2283.792240644505,3449.3547984610045,9305.934739184811,6661.53163539901,8723.279327834194,4749.274158224881,7581.3444389231845,6913.095952558638,5008.585794512201
2623.3243122456856,3439.572710738584,8666.80413892074,7142.782424982938,8939.534086078602,4655.225424539293,7540.813745587433,6940.079739909504,4946.526660917264
2753.915738754343,3609.2794464631625,9489.52913353751,6792.609213620782,8817.183802596304,4903.906133894592,7142.8403048869095,6828.001139387371,4728.831608284684
2906.5868476606333,3460.9830375131005,9288.008376464662,6965.231835945249,9037.586916953236,4862.359031310483,7106.154667256414,6856.0116097550235,4769.39766774593
3195.790760617746,3705.4619195093346,9109.809970432088,7373.433501558964,8963.992060252775,4866.541471318337,7934.677274920568,6853.048957570209,4853.955113744894
3288.7957034426886,3733.267002585551,9669.899573024568,7267.650944407587,9105.224020084424,4906.824305304218,8433.368702242195,6842.251673000725,4993.128539370855
3620.084753009321,4093.7013218821326,9045.134838618997,7528.305516020607,9354.308825112434,4909.016342930276,8736.73566500119,6781.301997698661,5110.505630269065
3497.676183309931,4069.752102340034,9401.94039447265,6981.183500743116,9104.519826486983,5076.996235349311,8837.370032886116,6735.002448425935,5190.089510946473
3840.3630957168193,4149.79225428345,9216.54960077013,5813.012921854331,9187.161343225562,4918.77308108497,8677.261289895383,6676.870831311735,5184.470738048951
3749.7556354381786,4283.036285224561,9277.740145328322,5411.363234345291,9209.101764821695,4814.0467993914435,8541.975818710005,6659.225016188932,5270.161549620383
3734.4105023983834,4147.478079196204,9613.678611079134,5345.991479443602,8886.105435106312,4572.932165330916,8332.273819978574,6529.940698300977,5309.745940931674
3389.0546129051886,4279.813621692225,9293.574077485848,5680.521824383142,9027.080479860862,4138.827318038042,8025.760650371837,6558.997468149079,5312.178772983717
2014.6520146520143,4443.199552485591,9438.111588348233,6044.528335678047,8973.1917010257,4340.799168590146,7943.901046494447,6613.200075097451,5262.678537600369
2234.3315127053525,4408.2371753996,9675.745137929634,6586.195613865568,9054.730406246716,4600.669405152122,7873.085843525349,6562.32117909553,5218.097335759947
3745.967897171467,4370.531539588291,9005.526982530024,5851.789156411724,9092.100186676216,4669.912387934986,7870.479972713589,6496.7606602678425,5139.20804444008
4511.05537664462,4581.2838526783335,9305.153074170323,5493.204594104036,9105.559536837995,4484.195810212072,7868.266230607199,6500.916009191077,5347.898843383003
4826.392273927316,4536.718380597326,9442.433529767468,5236.379838570156,9410.15089163237,4152.8353709510875,7909.492581662615,6560.43121944751,5255.543875896764
4762.963202197124,4551.604176873646,8995.393585825419,5617.839131050926,9172.557002885527,4687.405198242924,7928.203143215351,6497.973278070098,5209.608554958502
4685.268575199315,4500.229531751999,9595.639248245387,5897.564807541241,9099.429593255602,4818.165224113262,8011.445689482237,6435.0195456630545,5193.433526798822
3918.43386695464,4829.764902955634,9020.500394407705,6241.43188704273,9013.775866202648,4873.436540728646,7866.240015956543,6481.052815983084,5319.727720293612
3397.051443340917,4510.103220147907,9295.091105355252,6631.670591593521,8483.458198353868,4960.914527373046,7816.317388773741,6581.311055037345,5255.540407483148
2853.265479219677,4555.506425508318,9554.763131277274,6751.354245401864,8441.938835824247,4947.579797583252,7821.511622398122,6734.6319960739775,5056.76133796226
2528.975816289121,4629.5773916339185,8584.54106456889,7138.528266514395,8338.926408816735,5017.827292494083,7803.444162555649,6810.244839384758,4978.193895559191
2374.9309110838794,4682.233913366488,9532.829193111616,7115.629852774713,8105.401098095332,5027.445411128145,7721.706254892652,6804.8290532873625,5026.568018942789
1949.0289457393922,4545.738433432582,9038.254683423595,7065.196618063706,8246.13503214514,5063.040516669811,7664.895325596169,6953.795046035747,4987.1489712877865
1796.5563859208473,4472.384240753548,8485.065484626743,7385.611765145383,8149.725328895356,5096.796153961403,7659.899626925322,7103.770752520965,4902.376496184692
1768.6742307229397,4106.588473491637,9635.694884065748,7279.952659406313,8467.783148208635,4995.451591942822,7539.339177569242,7022.893198085498,4934.696906764742
1881.3586988443465,3853.5602306988026,8763.316424628425,7454.805580709936,8533.54009296136,4988.770651246688,7538.836244680491,6969.211072257566,4854.655498402426
2181.0403701095725,3594.0515009633414,9264.406040120617,7479.438058748402,8626.181535225864,5162.585473021856,7450.540725996249,6994.565127676729,4906.18944804296
2311.8304460460536,3605.471777099814,9485.231574064326,7468.085602931226,8973.214694932954,5096.133186547811,7320.841481537042,6867.579294243414,4920.552257313203
2578.4498334896753,3789.359665641037,8894.123094422046,7775.540003983469,8921.520372844743,5073.912227207105,7088.254549963356,6864.685719323241,4888.907119395615
2732.6610048899443,3633.784085534179,9830.82179431535,7520.395108416188,8871.99059388462,5045.461739044265,7457.563705245901,6848.46356873276,4828.2124413097445
2894.7780664502734,3832.7422469923063,9216.065122067033,7760.797523120779,9173.05858167422,4914.818061705907,8283.588295482254,6827.004076265187,4838.654338734199
3190.5949191073864,4074.2383874534103,9320.642313828623,7994.994739412552,9006.323908318016,4927.055115556959,8679.896419773222,6749.579181677948,4876.874022696167
3255.3587102324555,4191.624374096763,9849.08839905116,7400.003822104202,9090.37578363788,4921.040591859915,8893.140270342676,6825.153741920972,4987.2009609027655
3401.5850173858416,4129.475177579529,9110.040455265755,7105.924418281717,9017.176533293085,4925.977181166775,8992.08254594883,6755.4104710711845,5052.584864431525
3481.167626953663,4359.530594922013,9314.479864796453,6142.279153195298,8804.805445667473,4806.685402364536,8885.08170504286,6683.178721623918,5186.916676734976
3583.155318446528,4303.445802621739,9602.672694229988,5364.514268936782,9153.11674611642,4595.828759859978,8569.281738867769,6732.959650762504,5148.425025318868
3306.482442032115,4439.000783820933,9081.38279779359,4985.5415753613315,8868.852482502387,4473.414670206605,8171.745064823448,6630.142992321756,5108.7960503899485
2133.605579420013,4346.908194415009,9729.559189697111,5056.249987960602,8834.77761389004,4045.05279542249,7964.472610821524,6638.986232899194,5119.318660646272
2152.1718184509555,4499.051327332694,9221.597227652244,5076.580729812558,8657.988858155537,4344.492656698997,7766.793815501945,6602.499713572889,5182.993707480277
3907.684113885153,4609.462706017503,9292.016507261034,5282.649985548535,8385.327938552975,4633.423417401989,7660.570026553205,6583.738853392319,5121.483197648849
5136.934379824026,4498.2043747959515,9807.09143975735,5181.801367037645,8518.770632933241,4658.565879273669,7751.764741221347,6530.209624901822,5070.207054713071
5454.131166332314,4745.977271472364,8939.085750669397,5551.734320914831,8600.458167756988,4465.301895294503,7782.38970192466,6539.305550027133,5058.792578270594
5544.943135330512,4467.984319232346,9708.532892660698,5792.5794565795595,8783.831180196144,4139.4706356412535,7737.6366153763975,6521.256319594063,5043.533103662682
5344.401040449534,4662.79515196126,9605.726470132226,6352.198524313641,9058.086126414524,4502.090660559508,7843.439845073831,6491.551667731125,5220.2061797158
4772.535833830965,4452.541101203584,9018.323047423171,6801.234306863117,9013.564667907514,4763.21149035746,7900.034003331947,6468.56419832263,5006.206062539036
4256.101772925709,4563.180973083156,9988.846058531848,6616.525542460511,9322.971608486812,4752.053485427708,7867.795909935965,6531.403972802531,5087.95072428222
3461.388171779513,4628.683981428177,9234.329990052489,7107.0219091457575,9116.89490188667,4854.465420262708,7926.917708388471,6594.465979631671,5155.014099252405
3121.6901373067963,4310.14898734701,9427.425338953062,7158.80483548495,8575.096067369803,4953.9232418769025,7815.104082992986,6762.449151525396,5144.206651682463
2710.3217456201073,4588.970588235294,9336.96922159309,7126.11345522738,8560.629556690865,4971.798294581168,7724.746290081358,6792.414165580912,5038.565540951699
2465.409117597649,4530.655562241941,8731.491279639426,7521.469330253357,8155.378558476638,4859.13443595146,7644.3591587458395,6817.135431170523,5068.27604142763
1921.2730102561588,4199.459497814793,9219.805942537845,7153.804044533261,8229.908476756755,4874.361391694728,7591.630743708818,6876.448914148085,5030.245648104046
1720.9333110386538,4237.147053693309,8750.35357471541,7452.573434317504,8484.469580868325,4828.311199587143,7611.518947091925,6807.194110598179,4905.3871680612365
1665.0112497381656,3478.710305007975,8873.547425353354,7740.879021195629,8392.508098969036,4743.182859841569,7640.303003655141,6930.903536049179,4959.919192187745
1808.5973123921174,3620.133773736307,9340.745244963124,7466.472220794377,8838.00609928618,4573.359842789847,7631.29256751696,6848.179373672198,5010.072254508773
2258.607486519133,3529.647188991839,8901.059768675512,7952.043090649087,8875.008391728183,4648.980223692868,7646.7744791466985,6809.423503220431,4950.466575039083
2586.176370079194,3494.358104997597,9280.966295139791,7737.544041769176,8967.631023239237,4721.180011826192,7536.183175832953,6876.314719668687,4818.8552677294
2815.0352733686063,3681.9561989850063,9436.0847882732,7549.890871528304,9306.88848894132,4739.367288020569,7183.147615812905,6937.930007576457,4716.227966960247
2915.2977712483325,3824.8456370083604,9085.016536680836,7848.754567980808,8857.370835826854,4986.477994159679,7636.278099301404,6836.526633060505,4932.84084355364
3163.9372856895225,4008.3371755099174,9716.24220780576,7614.522417153996,9089.332030188327,4845.885310516082,8318.850197222324,6786.518015219262,4935.647455540088
3267.7915783215303,4295.991888048787,9154.907677957108,7906.915475611805,9028.750645825814,4899.306615360932,8617.156019065782,6838.96280455188,4961.854747817577
3368.1870876208063,3769.735609083546,9091.605574923837,7550.720526319054,8791.003014044945,4934.612108782623,8838.003629057728,6730.1427279142,5069.6300937528995
3551.119008629199,3924.53328658465,9650.664924844148,6782.563275358337,9044.231969563834,4711.039298429011,8739.323204506143,6714.927179277288,5158.250594742482
3515.5417047299507,4079.962072428262,8874.819087508997,6419.218464156293,9004.729022808122,4599.55614028093,8620.384828220687,6710.5688435897155,5068.433571466158
3683.774599682189,4267.88709374528,9324.575823922834,5560.045535578125,9045.28968704143,4345.580700508596,8406.856414431451,6744.020037846927,5084.534944825066
2917.048315308239,4442.497709368543,9443.462478752299,5452.569486799066,9235.334294718688,4008.8378090415717,8055.493088918423,6674.179588648823,5091.480593303134
1868.0499524970974,4524.506737725339,8695.686327335043,5404.0071727755885,9104.540858578723,3898.5218014842458,7964.337052197172,6597.8809231121495,5177.816651932108
2913.554008140747,4417.623282859906,9630.403972198948,5410.8610517007,9362.55366217913,4320.084332661221,7864.394659123652,6554.65435390111,5202.902927637296
4631.407993994053,4590.6257406102495,8835.926090103272,5408.255586571598,9199.945552272675,4495.766067716333,7831.424209690328,6477.788320374611,5165.902074749266
5534.18799763142,4545.028726814457,9076.083368145344,5446.758306535154,8840.388988903986,4647.310618675463,7936.417680874113,6510.544166540224,5151.172423069372
5947.500655744465,4550.259520099778,9118.808360870387,5403.407872932883,8877.352281112371,4211.0154203335105,7960.341367734353,6467.201047292387,5223.480223975761
5814.576967175957,4319.343505012264,8593.02663351514,5980.2897977293605,8587.217672524877,4328.871532300834,8057.692012899505,6518.177542519416,5207.873278906461
5452.641575448587,4387.568399418314,9132.109447725426,5964.969067158668,8501.922602951034,4729.03169757995,8153.933960484736,6411.127293652275,5071.4176308104115
5067.450096235562,4351.403604526767,8813.531264622916,6365.534748796759,8478.026533996683,4822.699053419257,8118.551550966744,6460.434513179997,5007.614226039456
4195.945580806524,4317.037263096621,8891.308822717254,6863.533597172461,8321.229691602117,4781.8109421543995,8150.748571744776,6590.276371178466,4916.232028862944
3480.0634760641597,4219.656858261572,8973.890916744407,6477.524355603791,8546.576261074362,4752.321808683899,8092.849290908651,6737.649772052781,5044.506637685898
3322.9205987891437,4252.563197309282,8531.239985806538,7421.717133286323,8374.653633362346,4763.839382078935,8077.994067561045,6632.854489284307,5031.111095618252
2665.167578291653,4328.017668012068,8661.240365906946,7543.768200634356,8543.657647284592,4888.529492570832,8064.848500343585,6836.501438300435,5033.9636137983525
2414.6919340283785,4118.7445332020125,8618.456049511518,7406.5780796515055,8567.788444242198,4763.14726742639,8092.358608630271,6905.244325621794,4945.644860541976
1862.7947873868004,4178.759169399729,8260.115624552389,7671.477826667123,8237.168246399335,4791.7644527506,7942.03696919104,6956.378234642619,4962.9483440416925
1663.8921894744562,3680.640608518668,9103.002394746378,7520.063647099701,8513.743720732227,4839.506172839506,7912.393162393161,6902.819019059968,4932.106541214459
1575.360950417804,3534.5321582781175,8453.173151890032,7637.297785303108,8432.269163915962,4727.666664737694,7972.413788918452,6998.639070979669,4839.747998753471
1838.6616819777103,3445.379765482875,8870.599683850045,7730.665739592521,8402.360118962235,4835.272869792848,7848.90571731399,7024.226354570912,4936.02897833023
2030.7012741003011,3471.434063906729,8942.24948928194,7640.947966244459,8585.683201525748,4749.983760918296,7873.8569517028955,6888.0898500115445,4884.016454509505
2328.1485674897554,3594.5321200571307,8173.368987226505,7975.300536584658,8580.790624919706,4756.209575656644,7592.352702623495,6871.065287300176,4719.130555580542
2399.775143924195,3596.145235863525,8832.637731406014,7644.103873988925,8743.361628807641,4748.717697514979,7393.949512709971,6892.076800464941,4821.623893500577
2654.0338407156764,3616.753183106852,8527.024111687033,7854.351540413765,8979.034427339777,4745.954841509641,7626.684401683026,6792.02019241939,4889.211258125654
2794.2841298509916,3620.96519658499,8353.388921207423,7848.812726249671,8738.689078715322,4768.642079075644,8191.447344410374,6793.8524940106445,4968.302507893689
2958.9123210094626,3615.6257309941498,8728.648093387568,6709.25506994647,9051.029171925362,4851.083857623214,8642.039689992696,6764.403879064462,5036.175817406439
3173.47281760311,3655.0111204500745,8499.645808502779,6134.603578864322,9065.383293396113,4978.325566767375,8770.386330396675,6694.232962176368,5102.985199397008
3371.5563150464823,3659.5802367463143,8689.478890525517,5446.925680867041,8825.894596837397,4957.355280916958,8702.927929340234,6608.577944073345,5187.046151068046
3614.530572463279,3783.140958377056,8734.227699529752,5247.87204755204,8987.56250798582,4740.609470213494,8605.926039299551,6656.130623167501,5264.859866543661
3555.5730361630076,3793.364751123993,8693.751467713386,5381.761265770276,8779.347891190582,4599.11269755623,8339.841058996919,6572.678661217971,5253.385247122633
2742.4147769529304,3820.208786348478,9003.15692128091,5614.337998913258,8903.892803293544,4372.856395568409,8103.32049531421,6500.190181066023,5242.534437577949
1836.017987675565,3931.4650368866296,8691.479137345437,5771.76513845294,8990.947656132332,4093.7784352075482,7844.286644225315,6536.881178418427,5210.303790933447
3614.2083077361863,3884.425079044441,8705.00265129964,5787.716469861895,8661.314555496743,4372.814978122234,7833.970195464047,6487.5640197980765,5259.863542128847
4823.4806770862815,4068.8012001313646,8390.00874346575,5828.051671209887,8992.18328296342,4302.813176153343,7752.266271861126,6482.564654836044,5296.237465079
5802.852578068267,4033.5682438590725,8479.345395124046,5481.930375472102,8704.448902678318,4277.301498806256,7780.807405040974,6386.972578721646,5270.30262312208
6106.3910733173625,3901.3022872152087,8505.389484238896,5635.669377559404,8892.609098411767,4059.8904703218614,7801.998002956932,6387.988049607307,5170.098353107195
5953.0030161085415,4265.633649803221,8538.059791170646,5633.931980261112,9008.558364502858,4475.0080623517415,7809.000811055263,6459.676723147542,5176.923921978641
5708.259019912133,3863.9044186297356,8531.807772264683,5955.699960771523,8635.953530975807,4733.359292414595,7816.01897376875,6443.560383044377,5171.564560840114
5044.391108601187,4000.79365079365,8730.663870403685,5927.001141842025,8661.392456000198,4962.373799499477,7833.876720572296,6427.957891468303,5345.941907763801
4236.357041087309,3989.431275228436,8273.221052718354,6203.742283950616,8625.744187503917,4930.4015596979025,7889.927740677117,6542.62090426966,5379.252670391915
3811.658796161841,3773.986833878316,8381.23426934534,6246.036486467413,8327.849480168727,4949.896629334173,7680.46491642691,6677.536028351598,5090.592661030233
3546.6284156760357,4137.5520577491025,8688.111470169733,6557.14851472049,8257.169308771667,4941.165285770253,7771.1763154293685,6656.464818439134,5091.3872452334
3115.764813123516,4011.684297690695,7685.431833314529,6675.893526250059,8189.36864034903,4958.190503610912,7696.251759097075,6672.699226826612,5069.8097211209215
2815.755770956985,3980.1778917572774,8679.64079840439,6298.638374811973,8278.225735551632,5035.527513380962,7706.061578502976,6749.9715160527685,5000.96892403025
2358.414745242289,3801.7337407215227,8155.236191232847,6487.277898856932,8270.065755327189,4944.054271764847,7630.931482329118,6780.354794534867,4902.8974971097105
1936.1470750805252,3404.517857928993,7891.399505857791,6670.134795072342,8217.07772934025,5048.782080794458,7620.633285795876,6794.368672284176,5052.968335718109
1711.182282142452,3331.3591945513763,8854.301896725266,6517.696305606225,8718.056194917057,5004.95460648091,7514.979445531653,6765.392110653532,5019.9496811268555
1830.2307586519987,3391.208275207488,8344.106026211797,6813.67232206257,8680.106123746458,5087.072723455344,7357.908909134801,6836.442471520137,4903.681258416753
2089.3340889250835,3503.2679738562083,8446.509706732755,6817.991264847607,8724.172163940082,5178.7202534015905,7260.197153600809,6783.9310301801,4829.807247510106
2222.009785047122,3519.242612709287,8413.780777064443,7055.205351376433,8694.09544523873,5174.3280236791,6968.858929745012,6775.23202344113,4855.853085167653
2650.113880748038,3574.683738859768,8552.930366870125,7549.262507012195,8746.580454434581,5185.488041915534,6748.930214331527,6791.675897507382,4901.488393767327
2787.619332827556,3454.0557710163084,8848.365750346138,7178.098612994219,8771.169860962058,5176.891551576471,7303.909315432742,6669.822619554424,5074.877875477395
2987.848232176331,3531.1345870959917,8365.3061616929,7121.752351210398,8699.74841961177,5148.470560735851,7955.065853928026,6668.630045915738,5049.255836524591
3302.3412524963283,3469.06806025194,8686.254937826649,5714.331397770468,8744.15774703573,5143.607043337845,8447.696277024696,6621.468612719708,5097.933229330287
3284.563969489659,3581.3333643526275,8753.39036456039,5863.201814145016,9004.674364942903,4984.354560339281,8682.723623418922,6573.086917437431,5158.062070438491
3676.625737450791,3549.688822159952,8474.130266797838,6420.770739393433,8844.33962264151,4790.278208577839,8835.570784915491,6583.225536989519,5265.356846034122
3621.707145249398,3631.032382727663,8956.75405205579,7046.799855632685,9202.81316201481,4609.304063378568,8808.124651736298,6526.308103218983,5335.2603176029525
3631.016935261554,3814.22585206214,8782.41858508054,7337.728466527306,9222.628322385006,4281.824242856487,8478.462110791008,6583.0753991896345,5327.727346553439
2631.665723382542,3592.413583099112,8944.201462261319,7531.623858136183,8950.242913101627,4151.832035715672,7944.517455845065,6447.01876226223,5187.524427648391
1915.287676915175,3934.449686119612,8955.922667644472,7436.9446304902385,9196.11317072186,4471.285053726965,7695.667919453739,6474.992394746573,5242.206550029272
3524.0610513063684,3778.4358304489783,8200.184628940771,7068.184962662934,9085.754653971086,4674.260692478534,7459.540952757431,6452.117469863228,5301.668218241492
4866.609141997437,3998.311467411852,9022.720920670838,6793.768273081557,8964.204484107106,4553.6514621299675,7325.486047838821,6383.339724489833,5551.925931433701
5326.313558799029,3883.414414236748,8371.078026581756,6473.84428345004,9049.00487933631,4220.881896738125,7343.783243690101,6434.081132502273,5527.7786913120535
5591.25536742942,3831.1896429672115,8254.92986724159,6410.944372314831,9025.338799241203,4299.579604575483,7372.051521461739,6403.089175743126,5618.143385300242
5478.738216976947,3932.6648578797035,8963.916287889038,6517.910109701455,8892.275067234488,4630.170236216151,7458.254493014407,6319.645346837649,5472.520828304322
5134.872744946418,3881.473992951738,8049.921111851858,6128.3738651252315,8701.800798292034,4772.309634423805,7470.628326905991,6369.459344844333,5289.668505216899
4420.226242570897,3987.8322759208404,8901.076490030087,5970.621961127939,8516.470389587623,4926.628741165083,7627.616244380604,6433.290015161359,5133.993714420822
3840.1577653510535,3856.6054672688692,8715.81425760049,5709.894197734813,8582.833537041777,4982.783918967438,7624.984295004545,6513.596206180914,5146.557481211424
3301.396598264295,3989.456711406135,8211.611292422709,5426.541342758253,8120.090241153704,5119.457100642681,7577.042379165911,6658.852340041857,5229.896841552027
2887.3835276851955,4060.32990885126,9096.370210492036,5439.074541696642,8232.101205691499,5214.445559602699,7566.695815719262,6732.478848045288,5207.70997898554
2492.043988341029,3995.307752965796,7914.064309685287,5356.856994898028,8320.932682837447,5072.519476550263,7474.134594294525,6765.6004393970225,5121.211073905462
2069.8203684766577,4058.5967988127245,8486.363659065062,5314.241894296382,8073.273036792414,5054.176777098517,7442.819445343226,6838.2607792896115,5054.938986713286
1768.7385101568057,3671.592877087226,8522.07650527968,5182.941790502729,8301.656495204883,4969.193208128871,7389.865602375139,6811.457262065735,4952.724218513504
1705.937293192761,3606.9467568452164,7846.354642806288,5703.53620329741,8225.901984555798,4847.730052471269,7401.545122041632,6851.107162764193,5001.899592944369
2009.1390152931376,3374.9288710976566,8868.125533748262,5424.86811976327,8192.945841303925,4909.247626039609,7415.0375880016145,6817.340404985811,5053.682148915404
2441.6107737121815,3298.1134970351013,8540.484638408978,5570.538175716169,8503.077872899232,4893.944575824734,7396.47299880933,6805.321159810009,4907.857302610383
2459.972157204705,3381.757705130197,8388.83136460011,5867.284089145768,8245.034088815182,4906.992822604155,7251.265083501971,6731.103293125981,4822.265209292778
2765.662035596067,3376.9245471735585,9177.603233248776,5520.250723240115,8757.478267899161,5028.138012193207,6973.5671524571435,6790.815637288111,4922.775336826161
2794.2546224765206,3424.410703780525,8588.940834678631,5801.251170566868,8941.963577372684,4942.647854125943,7664.359889734227,6720.9644361007295,4923.8971348070545
2985.60928491654,3427.672281609182,8950.680958390281,5333.275927276655,8855.930263432061,5107.779265208987,8238.451993314751,6685.398067454381,4919.786030531379
3051.6608636667115,3521.258627106275,8826.88483606849,5040.70900601886,9163.349958867542,5188.398599842005,8635.704633094007,6612.182487032066,5024.485781063106
3080.8585185289858,3751.9135025839532,8259.309922360515,5746.433376164897,9244.705230767384,5191.363323541698,8700.999075483898,6686.223088439214,5093.230875973812
3230.194147966996,3605.0880675080193,9312.339044329285,6549.333772009024,9127.533668677537,5070.142588857511,8777.049468923364,6669.158185418044,5122.7961114945365
3286.1954390290116,3844.5008506418494,8283.355463470647,6726.240853912177,9140.54733313867,4598.018254132471,8660.965275299985,6660.970926899063,5247.458688680831
3190.9477065058277,3661.618279427986,8832.997812467762,6961.066686841878,8764.638219319866,4373.181622185911,8419.247239983753,6651.006942022702,5285.663548078547
2702.128461108706,3778.119632274772,9217.045036555224,7592.95165233043,8888.68697109494,3795.0353257547977,8170.17044732064,6544.265261909138,5325.208374691791
1587.7989341474527,3913.1528856876575,8561.397367506537,7440.241317987256,8813.60305633003,4028.5517310455007,7948.098069044827,6527.328507330608,5256.748957600241
3071.3404275334633,3902.0303862519577,9313.381528758091,7163.995268657981,8508.054514901385,4311.842893228889,7854.113888392729,6501.740045533537,5243.918438589245
4440.75505776368,3985.569117248615,8721.104623999638,6859.141589001061,8787.77066770086,4264.452026330975,7828.2132878503335,6424.583171623486,5194.499189486659
5282.881641895205,4202.111253745262,8657.410460245937,6337.5648071444575,8757.345480116854,4098.460065543297,7858.890311345184,6416.051854323464,5415.177520807222
5534.530501830246,3925.0920480184263,9047.433398310593,7014.056818482228,8676.259262651003,4037.950135864262,7858.757103451761,6373.743655854036,5347.940615294918
5438.051790951807,3741.5699146697116,8346.688890116704,6871.716214793764,8807.379993529436,4306.789044883144,8015.802278708663,6468.414368693499,5294.052247459246
5233.880850041169,4028.632388853572,8763.809962359457,6856.016738058623,8532.177217864253,4540.3942644521485,7971.402545310743,6454.954210954007,5273.078940392345
4574.99926437097,3911.20987654321,9004.923056696582,6356.164383561644,8709.526115966213,4507.69423224842,8049.396924482487,6462.803183810272,5124.369118541359
3919.7036408904873,4146.237189913697,8623.127103568151,5423.614488445702,8203.708355429026,4466.488754252467,8090.94430153785,6573.925056363758,5063.8771231343535
3487.821019743155,4027.0384022556527,9295.820726334972,5389.5149884873335,8065.0365776563,4580.609822895745,8074.780534130126,6762.805355305068,5071.310442533821
2970.1794271444587,4144.119068083014,8789.451252970628,5958.316672589247,8108.8468004142405,4510.9696440141,8109.618342926582,6832.543132168598,5112.170029551472
2769.3260586857773,4270.5031805807,8758.941844643787,6277.314160798917,8085.873689273443,4676.0048589195,8038.772877079642,6775.786068047823,5033.177559229034
2466.0735568337805,4083.542213864438,8909.392530653555,6146.243661302715,8328.976102432254,4583.449670161398,7932.550570389483,6819.39079980335,5025.188844858447
1996.0146737091047,3849.0085811033796,8207.35994343487,5928.130790861221,8455.120798889107,4541.259862785231,7854.603519050217,6883.886655526346,5060.801581983643
1826.9267185413414,3662.6683106372643,8840.816326530612,5480.600911507219,8302.560488607001,4688.28637596826,7814.030465959084,6888.8888888888905,5108.893274279796
1580.347235522481,3364.611215929372,8728.454110331351,5446.692115666676,8641.223745268848,4716.822013633764,7762.381318963304,6941.281431075705,4878.968624698979
1911.479343897262,3396.7268081888515,8443.874518414794,5246.80885881848,8705.406555981275,4718.9906603309855,7802.373648758868,6966.5822702258465,4856.4389519190045
2444.01713361958,3421.9647390018163,9618.652767906493,5009.707946832892,8691.76202235845,4707.014990067281,7647.0289541523825,7005.685969528229,4852.416606558577
2562.185912113262,3540.2102608061664,8638.941328261804,5559.4809642075825,9000.828818130087,4536.643260464643,7463.989845167849,6805.831985452023,4890.425049686909
3000.8056104565435,3545.255783770243,9325.004204931543,5457.918693262781,8826.778869082329,4607.926269141862,7295.4563578156185,6833.772101261208,4880.9261522620955
3053.1816034934345,3518.2801597330367,9643.65560814161,5394.825197489474,8996.123607861697,4473.701512265073,8001.081328216458,6740.330317455083,5012.955677160848
3151.3119928323026,3426.414601876524,8679.925488892222,5107.85405547119,9207.891817498714,4445.771267981902,8680.310580956893,6814.443212292086,5045.925408610664
3321.0577715354193,3544.8225933041217,9600.43162271097,5302.507625371076,9064.29837774144,4580.589515596489,8966.569357028802,6874.26557265824,4934.5885831838295
3154.491366475626,3600.5006389428663,9246.678743961358,5731.362033691324,9189.27183652371,4549.74537764638,9020.626902257884,6756.1854945302175,5057.951685674858
3309.2285219588402,3583.510722889735,9053.651857329784,5971.394194900939,9164.586530758017,4603.172629657154,9035.434735851843,6701.778543378361,5079.91932032556
3342.226903048388,3664.8385952549515,9679.012345679017,6480.614340439279,9138.729772224777,4527.60035869995,8905.010511336,6687.553102873109,5084.911021774525
3129.0301269427605,3469.5934481461977,9076.390211202757,6424.164634407222,9130.127240276031,4410.508117197662,8644.583838329854,6666.736759490967,5230.82891253303
2584.855609320073,3610.6054255518407,9787.460663277658,6738.501143524817,8985.691741581564,4025.9381215955696,8293.321219525447,6659.308001905461,5217.58800243829
1706.500982289972,3510.9448536431564,9445.192099062477,6822.2546524980735,9133.985989757932,4151.51151151151,8029.71702205143,6699.495900625842,5189.1744449232465
3212.8402066447816,3667.645667908444,9070.798941700996,5996.528854827127,8836.488778448307,4326.524645524188,8004.662426120709,6550.339244131335,5184.610947804658
4385.082598524683,3484.119680078245,9688.099073328853,6350.682291928866,8984.833603400124,4254.348709598022,8086.305480259381,6575.680303324576,5317.204622052493
5025.841288951669,3484.144687480496,9034.545389531333,6015.892052684067,9094.961882062844,3988.059943292666,7949.532472616302,6488.056708680959,5253.2624731251035
5149.6352633970055,3546.3232425994506,8930.49222754631,5625.487225854622,8866.038736440447,3882.564646932464,7996.005704084454,6487.444022719546,5098.544322104333
5290.69043040556,3407.868051688912,9441.838516875245,5770.110670017003,8983.947802545987,4246.685561109594,8081.817846783155,6457.73263978643,5136.035204325622
4710.174600090499,3618.7565184394375,8693.12604472002,5341.917541623856,8920.701260865999,4339.108730295875,8093.217800663036,6481.785505681486,5128.360426860354
4121.7694183211415,3450.7041433624636,9628.668489518614,5315.9537334270135,8620.42949495373,4545.415886901394,8088.747889298236,6553.4128229184325,5051.1775181213025
3431.075384286929,3536.8875536809874,9275.071836275094,5506.540643560121,8557.090707097579,4536.40457077913,8043.677835260935,6662.2584440036235,5172.583464137419
2943.63608262941,3297.0489001633177,9162.115808379518,5897.446087002587,8411.947325796662,4655.6475695937625,7949.010555917429,6741.017640042509,5226.905851345999
2420.372538452484,3449.5197655047855,9617.388864915414,5932.956164970443,8276.857288586147,4585.0995331666545,7893.801118351798,6842.981763519036,5138.360457170631
2117.057751332416,3280.329747183905,8392.453752524507,6047.1839972062,8370.166807966558,4580.961162769089,7826.973467000262,6863.91988919846,5112.514653703344
1803.2497797046567,3210.9397349731694,9279.245744993757,6212.2176348261555,8477.273985495214,4573.534306560105,7841.777849420135,7028.055264789054,5077.314593973896
1554.1708999107168,3269.9397612060316,8988.878832582646,5809.807615874576,8544.897059645078,4460.883342134681,7771.78550887471,6986.495267197022,5095.865858883874
1681.1075992532612,3635.339296057762,8574.27400909461,6330.232596404113,8499.413400984948,4466.38731934961,7691.660652900965,6968.043473683245,4922.233723117343
1969.7811167171708,4008.9272161390304,9444.515733673274,6287.550162514234,8707.10415598671,4504.624850154904,7709.739699618714,7004.7493262465405,4870.2756821552075
2178.4639779779104,4396.342169824943,8914.105109422422,6449.867912857401,8914.606782823836,4522.1598017863935,7713.108836577751,6965.322126651219,4944.672659554078
2569.1776563536228,4353.001385309664,9341.95976934301,6832.011333350385,9017.605215737172,4559.242191500258,7591.237190905309,7038.721528384121,4916.715409871864
2749.0758464233973,4735.388743844518,9369.4253972544,6927.552582257746,9191.669218302846,4665.360632747446,7310.732297505077,6940.949259490311,4876.938271604939
2961.6977442514044,4249.572149715175,9224.430693658138,7254.530279760316,9297.057359480996,4658.271311845701,7384.921746363442,6956.00524556595,4872.206175343754
3199.9766017988563,4789.42818527896,9660.767620685141,6542.872432633277,9225.347222222228,4699.076599785823,7901.505542456821,6900.142457246332,4950.449763214558
3404.063351078468,4053.659158009305,9284.64046578542,5418.761036400366,9287.22930580854,4536.873333808074,8332.682573232403,6877.231105909338,4808.906852335511
3498.9980232971966,4360.791558788528,9244.586794938541,5136.800282352218,9160.250404306806,4516.539420381484,8489.948038507633,6910.220813504599,4867.0311093792625
3620.258363259541,4098.861554173801,9661.826666761615,5671.980733419329,9076.998092316206,4395.150583832493,8507.070493234525,6793.124325462635,5019.502983463031
3720.2412278847128,4058.674947255823,9304.470745952609,5883.71672641001,8916.249685870918,4149.781054891658,8477.365728914674,6723.147839547624,5024.824723560179
3742.211753038502,4170.280358621676,9427.650789957448,5873.9808848505445,8656.000966766827,4186.600939755224,8260.260394209274,6778.053633930681,5048.135517507039
3291.4571258443116,3945.682942526025,9509.689925499737,6131.968071815651,8788.442933515245,4001.2490007993606,8028.159834883944,6787.511745352818,5109.382892929027
2216.264204545454,4163.329365405359,9306.360032629373,5673.595280298055,8717.926126836821,3804.2031635245553,7807.296917652045,6755.7547921140285,5195.433706643854
2036.5218570676918,3881.0163521107306,9625.922900246236,5647.437342696524,8663.979036118777,4271.149707832182,7784.285533636249,6891.803673961579,5237.766806077717
3626.509827964082,3855.6851733256485,9162.847089502597,5261.658260158193,8752.997730284307,4411.445169839417,7695.156442181832,6659.791467434286,5203.770078322051
4546.511312027895,3671.539055946456,9451.92696236403,5213.684715198367,8773.210057796085,4388.470457845951,7667.453826397582,6605.0385574818265,5072.099279353422
4981.501959499052,3698.740316161807,9666.666824297907,5537.42524357114,8856.716544321513,4132.578909413657,7877.2564596432585,6584.713655513209,4994.277726388926
4939.2946590332185,3501.247826323342,8828.095954720806,5559.351087989952,8935.688704850638,4224.723247232472,7758.2287521681465,6518.65047269007,5094.013794820146
4875.269394696801,3599.4816208313523,9362.405817714854,5523.663594708421,8759.271130104458,4606.24721013603,7915.229959685053,6520.147910935873,5049.817584761059
4193.9738967118265,3444.049725123172,9286.447952207911,5475.234606081447,8835.573170316318,4583.511086372833,7744.73957301776,6529.67775353524,5165.752754157508
3574.6025004133894,3504.443504020313,8760.05563402823,5415.339209718433,8496.637228905403,4594.477860578147,7790.958492387296,6691.68287435444,5215.844283771779
2971.985571195079,3372.6601711625813,9645.550084867551,5950.9682473451385,8420.764653490703,4711.666764492967,7923.808087378122,6639.8194856435175,4954.89177595439
2523.686322833768,3361.05295766522,8891.200810308894,6234.480986774938,8312.284152710974,4686.223120170723,7875.277240809018,6780.688747492699,4898.374759033675
2308.9876320309754,3235.239779931446,9219.579949507826,6788.348279686081,8115.16677785722,4744.916781474716,7870.896836462081,6864.349103447022,4938.769721653001
1730.3805473934046,3161.0023908187027,9105.141407357658,6571.367879603589,8433.248406799623,4811.307759792743,7784.185214970329,6920.487022020595,5015.1114452827915
1566.2984965742196,3370.7663284206874,8723.88189039416,7210.859731765994,8400.63877084361,4749.371183931207,7817.092517260022,6879.024368331805,4972.533403021702
1745.0524751944465,3579.7434171625237,9327.376553564183,7343.5106794104195,8292.231875222276,4801.0084811617035,7604.799909623128,6853.79282288898,4963.057769283136
2065.906805315558,4105.889272445606,8942.473571375764,7264.753421907252,8520.647363250593,4826.67729699693,7518.216752794366,6942.689704078258,4898.605446688108
2494.5716762802363,4339.520333680917,8944.675377985928,7501.009026931297,8395.19610271805,4850.819686803534,7463.557948862576,6891.094641262904,4781.3994486675965
2759.3738108464913,4610.546291441593,9561.832060941728,6908.454679413651,8724.248847240822,4990.0702725309175,7401.700986248738,6984.964757953944,4803.83213358158
3013.230592856936,4694.036111178667,9007.330008223664,6943.920862852875,8713.939694417983,4822.2842315319485,7210.624877066189,6952.823477049818,4756.784985973193
3228.377874282105,4571.593212389231,9390.243879165404,7334.88793233447,8721.773768070067,4903.5656961132845,6937.810218978102,6903.65153799638,4744.124867306131
3315.4039910923366,4553.85127016027,9336.044276230814,6818.927255653433,9050.66287434623,4971.700720162131,6766.5316237953075,6892.216161930982,4780.937699481646
3577.775552584598,4425.382275116007,9034.050219392926,6155.84221124905,8858.78133979282,4914.301285411123,7305.81136897834,6932.206535099717,4954.799130293017
3447.8597848983172,4012.87750140172,9882.149058328941,5183.055302800522,8921.293424954347,5116.823879137454,7830.423648050821,6874.618650066219,4973.566425818038
3665.088355568759,4191.157092337662,8769.73831715832,4935.259361675531,9257.658864547278,4935.326866813253,8082.25522089205,6793.22853688029,4989.613477656306
3636.741117186614,3838.0527471793066,9448.73735758403,5097.287847543584,8986.15998756409,4805.255896937351,8139.186494749672,6838.205089709006,5007.113783264546
3766.377172207353,4039.0370561220834,9564.780439829587,5367.383867443271,8967.592341982967,4812.66879450037,8227.183891465394,6727.543794260156,5023.099977015362
3521.1578468417015,3757.321327515003,8655.583528006475,5391.734821970738,8864.928434629453,4756.366401234923,8089.8612938779415,6772.906556201889,5078.63122651332
2703.4055704218404,3640.2229792140215,9870.134068416868,5628.363262095354,8770.42877905319,4572.3782341217075,7718.546678745683,6666.548001573023,5082.7894666634365
1728.8323852260746,3763.794833207926,9162.948815457283,5518.49386898754,8929.319700665856,4323.559073023897,7503.90125668133,6651.021149172259,5231.390154495544
3342.093727489456,3554.9864173907317,8821.826204222465,5130.903469315566,8564.750137007088,4493.366230561104,7369.594455316297,6554.010370658677,5160.949387271648
4567.820968177916,3583.270846604186,9585.398660934787,4984.620141774954,8755.823044027742,4634.857255747497,7401.8870373786485,6548.395229096519,5154.415505278524
5263.096000362144,3664.109593231096,8887.326144710116,5284.214550697322,8966.26960805088,4480.603748352471,7375.250640686712,6470.55974351084,5262.387013258096
5215.416445478924,3423.878670313396,9241.128886089931,5435.936626095707,8640.441070355011,4396.857361339866,7371.903360735632,6506.705596885582,5262.450091047292
5280.956416034545,3556.197568590136,9262.186414826858,5557.556668649946,8921.077776070184,4727.330516025897,7362.79766682368,6461.792002775609,5156.482545384641
4720.401772384975,3901.2710719787397,8651.58799357547,5987.035505069823,8841.677232969072,4841.413514772766,7383.6265605064455,6533.700754697127,5108.173045848795
4196.038939241356,3602.7650322569457,9488.953587384929,5909.765332875984,8596.422540938205,4951.265679790964,7342.603116762476,6626.718185355129,5141.784221114125
3473.5700407338873,3613.792239352434,8881.686195651746,5928.574435780157,8489.096187713843,5072.002163979305,7212.875958875928,6729.054685115132,5142.749164124008
2845.5824848644247,3320.4822217006304,8941.036070229504,6608.74737590042,8154.784712208708,5140.29046346087,7366.02303951577,6670.50304763244,5075.639529901851
2524.616874451628,3611.917693948068,9139.883593729568,6273.49481123636,8069.527245283704,5209.966787402453,7337.529362559208,6816.690913367586,5038.126829724514
1987.0699396306911,3821.129859563479,8709.612400321777,6663.050929717595,8061.97599149723,5141.3814127528885,7479.358036337314,6855.761923961472,5086.775350020528
1662.3648529611069,3876.520408961802,8727.519860201724,6834.187643163134,8023.4884144026055,5103.696971012619,7514.365411880921,6956.041298801683,5002.337983502342
1641.0349743683082,3611.1115907039575,8903.448183857636,6819.735078635766,8300.31714542513,5029.341675580741,7721.67151965132,7006.37072216176,5058.381852757621
1728.395061728395,3335.5216223346683,8748.668720299933,7272.843388268057,8064.748149589555,4953.4596518088165,7625.975676545712,7006.773366290389,4969.978362663677
1978.9378469922067,3249.4764091080488,9166.040615054604,7046.658766181555,8229.289664982249,4996.891387022274,7723.06210035401,6916.9704360731885,4990.411011150049
2282.7322727692053,3568.878115611418,8767.366454278961,7282.695995685532,8498.666315484255,4816.868781765074,7556.328824070618,6854.80503868703,4986.2033611304
2580.6946843216265,3745.0598066233465,9253.082597236842,7486.711349476522,8442.565627577796,4930.87990344993,7456.9594866783955,6905.517278918431,4852.671450098418
2774.5242286457105,3764.2512953738997,9453.627114035402,7368.238788067774,8674.942354723247,5114.20008796424,7232.275467079209,6880.719536692526,4803.2480636939945
3028.4660032018487,3871.417449333101,8838.166107423987,7495.169680455785,8675.017271935358,5168.177792576869,6843.2603267610375,6772.837009434205,4850.817511902438
3146.7095357885246,3771.310586059231,9880.316475684627,7130.066927646201,8708.311979266708,5326.201414321651,7181.687275016372,6840.737082997376,4964.621580028348
3285.781523462055,3618.7114308768823,9171.906143442257,5744.888219772735,8995.552423760355,5479.968443428069,7777.883648819195,6780.747519783073,5018.321258054906
3441.6860935442664,3528.2165058945147,8865.673493689193,5470.323695099958,8687.984677069257,5351.491885172988,8165.425364117046,6737.669091911722,5116.09751507816
3446.065631997056,3570.014929272003,9484.92520550029,4864.055824204593,8832.98712592813,5325.88521906401,8222.575888818454,6763.365430856748,5080.691829732655
3672.239540501793,3539.612133757178,8835.200716612853,4689.187726901064,9054.1029292036,5137.8338075707425,8350.442904156878,6795.762743690789,5193.640101618609
3416.4554640063543,3458.5478683479996,9050.527987492711,4889.137721847924,8768.089346000928,4918.370279273623,8233.174632415155,6679.955808096272,5229.818081419512
3294.050940615168,3521.1370251141984,9129.83398956042,5071.389634989372,8859.049528524,4713.4698718983245,8074.43840699403,6621.1817313183965,5229.250410627589
1948.131782707867,3680.2835418114314,8911.692309837845,5094.173185916495,8904.992570765588,4274.094576981093,7773.305558497805,6658.5472341693185,5198.496273703147
2531.060903006434,3791.7649396539064,9475.729779240246,5225.458102290808,8730.37918871252,4390.110094058781,7624.085626422724,6576.649098806584,5287.421754775707
4144.330393903612,3830.438408475265,9325.353514547014,5094.814670607644,8838.4076467842,4547.32553379236,7548.493707333755,6508.114773767025,5390.8647478301145
5381.671378011434,3958.650847665212,9137.620468109992,5561.311061930359,8726.672839506171,4523.424172399944,7466.166845033283,6455.6664889938465,5302.761143189525
5600.513134846078,4010.1024591256923,9453.046897379003,5332.173037972497,8845.752262757092,4344.465314198206,7588.115649933176,6502.263836030649,5266.28137770187
5718.521702271354,3995.079080817226,8861.765450808769,5708.479398465682,8853.766167354896,4177.947631284344,7536.579962997284,6408.660589823136,5161.444951615977
5519.557163628119,3971.8900716573976,9001.868951951685,6177.38053999995,8646.204279172209,4474.469370823239,7576.682825024355,6387.004315345419,5283.412672999611
4974.122865937523,4243.338969555769,9096.57177867607,5940.619638674112,9087.86851609236,4710.450269101404,7633.002563429686,6411.7655986543805,5238.612297854156
4511.663025321974,4386.500790816471,8757.26515455456,6715.4931178818515,8689.181634682267,4746.335653263036,7752.346031280334,6437.061575559973,5204.565173393874
3573.505484648527,4021.6598314312905,9203.313359193562,6557.240333586051,8416.9291626533,4900.405496285307,7780.2999293755365,6529.063419848199,5156.501670744958
3375.7704522811327,4404.076296338348,8721.844977907884,7203.376397118813,8540.0504671338,5227.856527806079,7711.284391334956,6565.594453935096,5180.53966546829
2830.7654471560004,4231.956844974836,8876.873610538516,7392.12225202182,8043.70311446778,5223.737301355706,7633.088650662896,6645.458085837413,5156.991563453599
2428.938861610036,4408.6708519194,8764.255728403847,7329.780823324817,8228.81811652245,5426.392226153213,7631.413577068851,6729.192987122375,5046.846433516032
2123.1263584884487,4389.1132606984675,8313.562672993276,7874.935140091019,8217.845854607343,5402.160326722683,7512.591424472573,6723.44963697786,4923.909854000823
1731.9795976326914,3913.1641456504976,8979.365405430082,7686.717459541216,8212.188569455488,5401.685564243463,7531.010129034056,6810.676567643138,4950.614199139915
1572.2560335654746,3870.247091944921,8704.405974657557,7550.311919248001,8461.385449141851,5422.62367336245,7487.09941984243,6826.322132685983,5040.983576346981
1699.5208053228537,3478.756041164752,8426.040658171583,7768.875450435516,8341.445931350467,5105.072484093822,7520.8687823586315,6846.144110410697,5005.146630069843
1879.7259386818205,3364.1384959884335,9384.892079239089,7656.605571996092,8544.459592516852,5083.369216382816,7561.107635752087,6807.808068137368,4915.060334092122
2542.2809271499177,3382.550857298332,8506.687272201229,7711.265969035021,8754.987997890805,5066.995505981073,7442.31137781643,6713.397502192553,4830.317386188493
2429.4278252611593,3373.774009363808,9242.621984170855,7779.560574932959,8507.999946160144,4997.376342009111,7221.386729169463,6703.798736277777,4889.68118337454
3000.035072557918,3387.3299920658446,9199.173782791697,7278.474764260875,8793.32796162003,5037.308341348806,7070.657352958355,6687.745911536716,4856.975810981946
2699.7066314249464,3539.478582283359,8494.047269357636,6684.018565646797,8647.78131416296,5025.044722719142,7788.296681995337,6647.355112262478,4917.977950948887
3155.9262354327007,3636.0753105924628,9610.229728688873,5375.637457809115,8687.718165727707,5022.145156911787,8408.944591735624,6713.568618330523,4928.658117589208
3106.1282631901277,3859.4649053547255,8572.739109577351,4942.644480518669,8843.104835368671,5101.726855707874,8578.718261228301,6575.777859652108,5203.215882680925
3350.9712309029564,3900.0682200318633,9017.731183843625,4937.898234267871,8594.278157390907,4862.983416027755,8787.555088579516,6605.302860160639,5156.396253012137
3322.5695479830497,3916.097621660199,9426.264163707083,5221.2943436171545,8770.121938317654,4668.3714343623105,8700.543389524915,6558.881228486035,5209.48838570656
