0,1,2,3,4,5,6,7,8
0.13041747502864628,0.11766107698331495,0.07575330052038239,0.09344897140754155,0.11827388009517129,0.10797292415274616,0.08428323118686305,0.0882109467450735,0.09995746836007455
0.12603111459334246,0.11446914447754176,0.07500808774969411,0.09338196106428288,0.11886415229042227,0.10865399992566939,0.08361861918497025,0.08795459541484144,0.10034879276413877
0.12366235638050782,0.10956989105010002,0.07593440502539614,0.09261902288021173,0.11947621436913475,0.10858996626489559,0.08395319639346907,0.08868924101307508,0.10090519850358609
0.12242225949820623,0.11043226036867164,0.07391608922902933,0.08961206064384698,0.11654153664556706,0.1087236150107281,0.08436651549547454,0.08873291984149621,0.10009106123118448
0.11954273997408177,0.11057988737214519,0.07568724345449983,0.0910320062908389,0.12024373551803114,0.10912858604849322,0.08598175801781095,0.08851171397560822,0.09928867178657326
0.11888418647920335,0.10908972450761274,0.07462275473189135,0.08901447954023588,0.1165549024830829,0.10844302918313248,0.08749315382751158,0.08898410523744328,0.1014837649001653
0.11641481976092939,0.11141434694090391,0.07490640561318376,0.08805250575142837,0.11677651858449076,0.11065470578414711,0.08812588777988024,0.08968291156570785,0.10155613762662039
0.11882527535415267,0.11108063467323068,0.07504618118956237,0.08880340135223673,0.12164310716128293,0.11104607737571301,0.09016454461200149,0.0899393160520997,0.10043380611212224
0.12693755573242843,0.1103886428326943,0.07423085088354295,0.08727857867684993,0.11368003317285189,0.11471340405217907,0.09002556549030445,0.08976007057296477,0.10088324656116046
0.1682762220956215,0.10885491968385376,0.07490183194361845,0.09149019172550675,0.11575204234520645,0.11893462760973382,0.08928902495582007,0.0902815932529848,0.10138180909787747
0.15430946419049413,0.10875863230047766,0.07437333392112223,0.09781805367849329,0.11546548177573919,0.11277649739603968,0.088792366108705,0.09037062305357318,0.1024563657292958
0.11678406847029103,0.10737802210548918,0.074485716853521,0.10293050442735391,0.1095831914700335,0.11126538653830714,0.0885121990308221,0.09049682752007548,0.10207277454942057
0.10744249085709971,0.10599869751839426,0.07566803177080567,0.09980357098378032,0.11573125015011845,0.11318938405875345,0.08839120953002591,0.09082725867109274,0.10197938438583817
0.10339804170643078,0.1097262057265806,0.07491140847518543,0.10011927026760058,0.11970892995824227,0.11304190497178,0.0882956314172377,0.09116292056834427,0.10229797742998306
0.10366043722828225,0.10706469723192547,0.0741071070455571,0.09621389917457986,0.12252630264168818,0.10930587692586555,0.08766917417327272,0.09026266503273327,0.10344785240652327
0.1058735626593183,0.10905569640687145,0.07527037026729479,0.0937790036699621,0.1270171732648862,0.1065268576339921,0.0881081948744693,0.08991137683100642,0.1035740623455933
0.11562213592570711,0.10945387104206636,0.07411572590159014,0.09602599354639178,0.12533331301903555,0.10610037572294718,0.08853871035590835,0.09008935853687078,0.10335831266263126
0.12627461188964564,0.10898350803901624,0.07467606288976038,0.0957616119293491,0.1290533759377991,0.10694691968844074,0.08875378565797737,0.08920317837501746,0.10446582005036023
0.13917731021143334,0.10940071982931818,0.07394733158122212,0.09990059056172854,0.12722572274780963,0.10457719684075781,0.08894868006019237,0.08823480920001255,0.10448743785410113
0.14777566593720318,0.10843696208089906,0.07423127376606538,0.10102896230787327,0.12513374780387712,0.10606139420273213,0.08869858117003572,0.08836425706551579,0.10341874912904521
0.15645336740266366,0.10974818298598434,0.0763111481607457,0.1000593125613039,0.12571908687770847,0.10471387635577675,0.08966952278414454,0.08795843078100063,0.1043612250846459
0.17122629748649057,0.11475383393572212,0.07599327658111647,0.09990227300048428,0.1228172648810828,0.10386574973295287,0.08937590311098355,0.0871465420475108,0.10566545772654881
0.17777182165561642,0.11502457282538131,0.07650697189714922,0.10064731762592934,0.1229896446799891,0.1057845859843206,0.09010736555448315,0.08707408571294958,0.10445564234422842
0.17222380789409805,0.12027187228596292,0.07764814312340869,0.1017805991930009,0.12274764238421211,0.104181365860116,0.09076402471447427,0.08689607075495137,0.10358370901735157
0.16621602446533834,0.12142202699106783,0.07546871225925035,0.10169931233572367,0.11977516459044692,0.1035680210270761,0.0928104278884252,0.08615810735220468,0.10474574506907573
0.14758824238916002,0.11861545882555262,0.07564487044650421,0.10211814631587199,0.12313206064054502,0.1033245435886395,0.0922738089259221,0.08737775220136848,0.1034278010508549
0.1406293474475534,0.11806894826996137,0.07591527524752446,0.10182673188579917,0.11870970398976717,0.10264906800395,0.08774120688101106,0.08707978528871568,0.10236033826688391
0.13360002993649828,0.11494386549557532,0.0735137268354735,0.09812668087376052,0.11747281120325358,0.10289004054288059,0.08496349648894207,0.08724573845971917,0.10260524356778306
0.13519516246671906,0.11596066236183479,0.07515998806747436,0.09942643802167393,0.12040709721593401,0.10271812441765912,0.08345159748424667,0.08701179993532357,0.10376943456125773
0.12887358745452082,0.11231073984207392,0.0737667088575466,0.09507166452720298,0.11617624658619635,0.10276919839579621,0.08187712925005446,0.08784119508798044,0.10275830603753917
0.13012379589706347,0.11004788930846404,0.07423827863983364,0.0925374137748725,0.12002915408659841,0.10506783032027052,0.0822470380229053,0.08791016534513348,0.10156500640965252
0.12939239379847325,0.11163096857583112,0.0746740432168265,0.09032095167615647,0.1208159381913264,0.10382619135496769,0.08292673637261663,0.0885802288100768,0.10115798555587215
0.12662433662942485,0.10991893195536903,0.07357831126986153,0.08989743023419472,0.11418147256032062,0.10550344820155672,0.08377642187989753,0.08858733776327642,0.10084739385760935
0.12807297356239375,0.10780790840864792,0.07466875089356494,0.08991009883644839,0.1214029874650876,0.10689523546963987,0.08580471781520699,0.08851634286416013,0.10149959197481344
0.12258148356860116,0.11271055292639676,0.07354702107775711,0.0872544147008811,0.11846474186853298,0.10878640675549656,0.08687105023098618,0.08912799306029107,0.10136256436988615
0.13235420039247914,0.10873776776559983,0.07377625878671333,0.08949554628306124,0.11781502017892918,0.11252348600509995,0.08755957262575526,0.08954522370614054,0.10127347769543252
0.16362971151410116,0.10948936046061905,0.0740783952612713,0.09116064418953679,0.1204065823004387,0.11383410340312448,0.08829038678212096,0.08989774761030514,0.10118950643081273
0.1447417943941579,0.10900138288213974,0.07303964687270041,0.09678108923845173,0.1156068534287893,0.10875935384575201,0.08793257270349991,0.08925099756824811,0.10170829273356378
0.11355181414271745,0.10673413556737431,0.07424664280648863,0.10420437735094246,0.12217692871096214,0.10651574769326949,0.08837368496346452,0.0900218286252886,0.10074936196415989
0.0996418180369462,0.10760735127322282,0.07332309842642473,0.10132303945543482,0.12422570469634141,0.10611447556204624,0.08788467063651499,0.09014276847696136,0.10091716809949067
0.09831481573023078,0.10625356818309353,0.07331747225140664,0.09897383202515504,0.1232919477216919,0.11180596862533942,0.08805533432773385,0.09015091379344788,0.10113390439749396
0.09725816687333423,0.10528598770998583,0.07509447577886835,0.09812160661326202,0.1266994428229658,0.10833756461416015,0.08864862596119294,0.09090822734136737,0.1021655453763126
0.10076481572932064,0.10605844983204828,0.07267359207987112,0.09664267044440997,0.12747754638375167,0.10456107207445109,0.08844655148734053,0.0910299561451978,0.10366768135116723
0.10564219713058765,0.10385213313265865,0.07545805501930078,0.0950154004535142,0.1292735825796217,0.10381456771950384,0.08795010290232758,0.0908838592777295,0.10377965816343701
0.11443568649581566,0.10736860214470823,0.07353216075524334,0.09697247678673611,0.12998063236970234,0.10268438194567835,0.08855687224282792,0.08951441741715851,0.10340692847692178
0.12858457679064947,0.10634214523016011,0.07263998031539155,0.09929971315107497,0.12799695962174804,0.1025025711990493,0.08841717345580108,0.08905904486727584,0.1025056957888326
0.13587229827885447,0.10350876495093479,0.07464098545320157,0.10041958741024497,0.12819955674506167,0.10251502412022802,0.0894141693451971,0.08833140751237223,0.10337783687096597
0.14169086064000166,0.10891239458975392,0.07292780490471268,0.10356066899675087,0.12673887214932605,0.10197274457301667,0.08865558913442664,0.08856199345866098,0.10383557752291599
0.16123528080007074,0.10452559117841519,0.07495952578448523,0.10312828045585459,0.12505847541110485,0.10180201279375961,0.08944632362729313,0.0873858543249268,0.10345028649930331
0.1686111256892938,0.1074488426716357,0.07566344177822934,0.10334624974791018,0.12547443941436182,0.10060141925519572,0.08956491659233413,0.08754321665307958,0.10496563618642027
0.18449140455647908,0.11044986263589585,0.07453698589166143,0.10125810733850629,0.12092216789568544,0.10266844742930253,0.08920913608924631,0.08746769581595551,0.1041360472272897
0.17320007062785586,0.10887733823177718,0.07575174974996121,0.09900377310125114,0.12480351493939441,0.10358748076725431,0.09080352625996638,0.08760523690235762,0.10417193158235137
0.16197310533295284,0.11156703220112468,0.07437783442145082,0.09775273594534534,0.12325055129052649,0.10288331008440235,0.09183085114267366,0.08792554726514762,0.10341330850304849
0.14228097138987894,0.1104556907889273,0.07412682029754772,0.09606017849385011,0.12045027730452047,0.10355647041117495,0.09159578399903627,0.08805716683603004,0.10316510542758954
0.14038906057282996,0.11209459340897805,0.0746072057864709,0.09574202209933647,0.12351334561425217,0.10414873746411646,0.08741886416477564,0.08837500689180515,0.10105706141430024
0.13527167063575873,0.10804564573188895,0.07309136205728317,0.09407065054844867,0.1212835380064266,0.10338753176856534,0.08480212036023722,0.0884341017357355,0.10195231925173659
0.13114900855496048,0.10399451080398255,0.07409223062979127,0.09402938538320779,0.1215773278123243,0.10404525386845079,0.08341759210449756,0.0878407860901579,0.10317997921717363
0.12940317780849944,0.10572883927570298,0.07374633302017608,0.0915273389050819,0.1230215172622435,0.10386865067054736,0.0830706804870056,0.08841540573689399,0.10093931615056363
0.12642642374460983,0.100766963389649,0.07322099995074645,0.08875392050878951,0.12049408758811211,0.10340566109753042,0.0833147410951278,0.08851783280280277,0.10108380095583157
0.12609819622345095,0.10374119409716898,0.07439904152461783,0.08877350662382287,0.12409273184656941,0.10335788937379686,0.08403893228929678,0.08869324778178238,0.10079692365482083
0.12269877237162459,0.10503841720928923,0.07360245107075314,0.08755677561079131,0.12057222286574884,0.10324567505674785,0.08522793644945277,0.08929781231428793,0.10057390668022109
0.11996618190171779,0.10435513511048247,0.0735749826860832,0.08738055103929396,0.11855994350094759,0.10621275818162033,0.08759081781803386,0.08943147085350181,0.10040880694674922
0.1185204868833715,0.10531516626914887,0.07376099872111502,0.08653097357180667,0.1229086950997485,0.10759770519694488,0.08820403612302354,0.08991466711608553,0.10144182951465176
0.134107085065038,0.10425032723876956,0.0730751080333171,0.0889153353472516,0.11721859906866082,0.11349759588130294,0.08832496232683848,0.08965824847604033,0.10142172283333044
0.17156175302915902,0.10281987839933669,0.07358036305207108,0.09213236329659409,0.12178604438015816,0.10993034656889186,0.08906839959386255,0.09025427683108028,0.10228609721950874
0.13127784568319578,0.10328921755279667,0.07332232686775046,0.09732079866887698,0.12290064123149742,0.10638387990582562,0.08847153178251557,0.09039757422428238,0.10194662352727443
0.10580666017076189,0.10028826972390467,0.07286216443343359,0.10382743960023061,0.11993302262052548,0.10531871009121616,0.08813409756991206,0.09050719436304372,0.09970362712356352
0.09884700999314901,0.1021411645188766,0.07410030431233892,0.10398991508073771,0.12657525816364026,0.1071317951511178,0.08783535368365455,0.0906424263197376,0.10101766783530726
0.09510403017727542,0.10243497065663346,0.0734818018910454,0.10350398359438114,0.1266985065053789,0.11070051560390796,0.08730289143404202,0.09086613926885646,0.10117819446745854
0.09809002476943549,0.100220997717118,0.07396798955865626,0.10112796650060778,0.12962938682400052,0.10698392368015021,0.08685255297950287,0.09123252650291827,0.1017157831813521
0.10064981280015381,0.10205619279612187,0.07413547837766833,0.10214633482568265,0.12974116558650942,0.10343469878540429,0.08768072495803134,0.09075372105766981,0.10199428937122262
0.10801123428856359,0.1010217966937807,0.07382185055523506,0.10511185087527998,0.12509852249324036,0.1033721899180995,0.08699915511134686,0.09026269977447855,0.10340422116070215
0.11811833631677303,0.10035772539579912,0.07314558714966432,0.10198480022719628,0.12816340673069537,0.10301298227648704,0.08803472738638052,0.08977219981158202,0.10448923619185009
0.1299949754076389,0.1022255936165892,0.0735733787215149,0.09608201352943986,0.12881356535680763,0.10244107040876095,0.08781307894419813,0.08933678563773371,0.10413918772089324
0.14076463703334152,0.09822046804136927,0.07409414468289197,0.09385735777109931,0.12606336923160424,0.10369216945693707,0.08844719446730037,0.08804827724260525,0.10359885151671613
0.15203916065584305,0.10348468191871728,0.07521226421942909,0.08988401252952462,0.1284725441725841,0.10254644695095284,0.08869955812605697,0.0881339976650095,0.10431285893314997
0.16437073909979577,0.10332534736073645,0.07592494981642334,0.09015626646135495,0.12519488819861102,0.10272484848029685,0.08919629586951033,0.0881835577155809,0.1042369317468811
0.18855373744980858,0.10496205366472063,0.07573756091289713,0.09288486104765967,0.12758552687352462,0.10293068620050891,0.08951580669319491,0.08756514606834671,0.10490654645438052
0.1838672165239194,0.11065547306813701,0.07652123599378938,0.09102177185539267,0.12613622931557056,0.10317634354062521,0.08998736717183922,0.08763324721458121,0.1045454916476333
0.16156243063135256,0.10803676890520998,0.07476599888811557,0.09244952090541078,0.12682500195501084,0.10418464835476539,0.09011269097256971,0.08764596166994079,0.10319402894314703
0.15220607887602913,0.11189082618755491,0.07502059414226418,0.09251234983554345,0.12565043794436948,0.10393329445940586,0.09264633129645677,0.08809807814970867,0.10197542905971473
0.1386796749740275,0.10770743417977294,0.0743692178252617,0.09043895265448647,0.1237550285337723,0.1049204831813432,0.08924596602101031,0.08799862042991015,0.10286348483645769
0.13378149956359642,0.10915379768789857,0.07406302457646488,0.0901932567666468,0.12385088161093923,0.10592036688040682,0.08496171706585824,0.08837460057395403,0.10254675837451117
0.12881791727254097,0.10744174995775872,0.07429696802043084,0.0904715617081722,0.12487375198686929,0.1052263479633905,0.08361064044044164,0.08804200714988283,0.10145846542012836
0.12608764147362148,0.10518808777024845,0.07308372361385897,0.08861570594081412,0.1197652131818642,0.10651802544261274,0.0829940145831472,0.08859687876569566,0.10137818150754756
0.12253227806584088,0.10347594390922274,0.0740883431036846,0.08723327849505783,0.12522708254500167,0.10579970482275797,0.08300619377457724,0.08868333232736834,0.10158558812561884
0.12269342006582962,0.1054999346992528,0.07382290038259937,0.08458146357102987,0.1252923759278576,0.10516169820178103,0.08344113261726971,0.08924046252605722,0.10155910771915004
0.12154231393892712,0.1026974068694899,0.07356716650140585,0.08554703659655072,0.12406343963211765,0.1049283954889723,0.08474512429157359,0.08966313417711996,0.10161035345718454
0.11850448003917255,0.10333578750152678,0.07437769363430406,0.08363098187406698,0.1264527580952088,0.10484049824583679,0.0868055881042349,0.08902804193351453,0.10170755442507447
0.11868600983143555,0.10120416221076534,0.07385244324904405,0.08169836566981155,0.12272602630794842,0.10688024000889332,0.08765111400176222,0.0892786125999225,0.10090162198044667
0.11868058072841677,0.09368557019963798,0.07382654486036913,0.08329192514951796,0.1258095978552667,0.11000166147426343,0.08865723172013572,0.09002219143925558,0.10041612581161452
0.14513263470118348,0.09534330308514426,0.07428247284989796,0.08529524829327903,0.12419446426186692,0.11368106128124184,0.08822042349639758,0.09036916349988629,0.100117302615416
0.17212552094446193,0.09523916200353162,0.0731263418078129,0.09100697544441247,0.11958317955966175,0.10805854632454556,0.08821771116613783,0.09103168914815782,0.10125474966787941
0.11861187513268032,0.09770554962254702,0.07461708753959956,0.09971543486815854,0.1243135346510928,0.10551933018140008,0.0874750768131323,0.09103417898040927,0.10259310440512374
0.10381870977577028,0.10079237429913987,0.07355527499704628,0.10457521887143703,0.11679109609143212,0.10556931226125046,0.08719922354398453,0.09098965177196329,0.10203321827010628
0.09754883252478502,0.10238753601319146,0.07366171051143706,0.1058118617499768,0.11824721543843811,0.1092592819197827,0.08721279494748226,0.09124911145663389,0.10252083963146279
0.09710525790297223,0.10038756789125053,0.07483905553969432,0.1050543169498212,0.12121015998346236,0.1107284865687891,0.08749885683896332,0.09126278565015399,0.10189779232413813
0.09897055683837395,0.09975828270374748,0.07339491976813756,0.10397634272722098,0.11871123973374875,0.10503388617319052,0.08721921738482272,0.0913126379027994,0.1008267705579115
0.10384083151067887,0.0993545819311117,0.07472965925936964,0.10261263393377519,0.12141043573510334,0.1035005811216144,0.08772571138517091,0.09104710397650229,0.10121779687922232
0.11262600437876619,0.09988770255469472,0.07471554271931995,0.09976230925088507,0.1234352622213023,0.10282646871750535,0.08760825090294826,0.09126330183957199,0.10266575739693654
0.12448175877812565,0.09984595182062696,0.07427955243845996,0.09776981754816662,0.12750852380517416,0.10349380224370147,0.08709211146091643,0.09037646349643984,0.10251695544439807
0.1363501681600854,0.09871016032233777,0.07481318112592432,0.09455492012967025,0.13069086221582202,0.1026883825816645,0.08800977644559972,0.09004490917486131,0.10198260385975018
0.13699036692312375,0.10156275358051853,0.0745397234457458,0.09244947509273232,0.12727301773061003,0.10408323499877152,0.08742219382083956,0.08965867751867433,0.10402165586036644
0.14938554056654305,0.10178972105147431,0.07419529464667989,0.09086195263324201,0.12938622603534222,0.10398694645155207,0.08820515643148231,0.08909217626955661,0.1039074088559066
0.15449832861769489,0.10308527734400985,0.07558098637984127,0.08734569807228215,0.12655712549214349,0.10366957257735145,0.08854551239879255,0.08852078900539533,0.105213165155096
0.15552765708599725,0.10710881034287129,0.07500505148184429,0.08641556477220756,0.12417950512250273,0.10446645230344459,0.08839797472133581,0.08840036365675139,0.10551044809910179
0.16344111243841997,0.10391979164993592,0.07714946517402571,0.08497815038371045,0.12512984878454006,0.10375264425880941,0.08915343431558352,0.08866039272203095,0.10304452426780933
0.15851583461599802,0.10925478552570164,0.07580511555072994,0.08226555170651317,0.12535407170983293,0.10384769782343677,0.09025336167682751,0.08857230844153255,0.10178759647245322
0.14420841988642782,0.10414344411981799,0.07469606353060987,0.08256066796373485,0.12550147638145404,0.10500239613687891,0.09202307465691174,0.08920898745649257,0.10155770600565786
0.14069713510114812,0.10558746425698039,0.07642114294416232,0.08212443414384031,0.12573141146612796,0.1030279462225161,0.09012329600333592,0.08896391269356947,0.10186745942724898
0.13432641173749285,0.10838194469889365,0.07422028386455835,0.08130353192134619,0.12228688394654298,0.10418559741067548,0.0858085987170501,0.08901113682216658,0.10115444298377226
0.1296077451600441,0.10506993453883716,0.07483184120595,0.08252009352117971,0.12483534665004377,0.10266776594591932,0.08439800701520468,0.0889725826681008,0.10103792886353606
0.1250520764519105,0.10895693276092011,0.07410451796700354,0.08136358158200549,0.12251920690539252,0.10377026903231788,0.08310940309726252,0.08962297193810158,0.10078073401744146
0.12196583692303406,0.10580880614951019,0.07393353068658179,0.08139865656640811,0.1186178502166428,0.1057917734889068,0.08324292182637147,0.09009588654109527,0.10082960017991253
0.11821915517302453,0.10631313074126715,0.07435069552213187,0.08050191550479831,0.12358725126386366,0.10310776492297212,0.08414415471692774,0.08950677292285662,0.10093073155718776
0.11807943889167642,0.10321365406894673,0.0741111618344295,0.08031095267699088,0.12033242851801382,0.10542454490451351,0.08475716638694171,0.09050018708128858,0.10082738750115158
0.1148791782572872,0.10328646595097958,0.07433244131769773,0.07963377202077684,0.1183485519457553,0.10666957565001955,0.08666721420175554,0.09028182969929824,0.10003192260263974
0.11511433634738644,0.10433380924503542,0.07475728814429747,0.07817140601288712,0.12507919528634245,0.10807227274297815,0.08835126250703661,0.0902056391006688,0.09890025355555224
0.12055977849968764,0.09877520541225225,0.07407085556694666,0.07990683476782258,0.11886664116625272,0.11286850305953672,0.08836593795695163,0.09007189840545336,0.0988974056790617
0.1489533304990392,0.10617071648968429,0.07429353823877563,0.08314797998095153,0.12148154777667068,0.11326847744837824,0.08873491186003972,0.09074279108007952,0.09872368874137873
0.1626429903873952,0.09914072937656278,0.07424688945153884,0.08849818522286726,0.11990769247028413,0.10882886954870552,0.08861464292828043,0.09068332098595076,0.10051075979692942
0.11854261312381645,0.10277068578043827,0.07334562522181416,0.09689949744424188,0.11591600053118305,0.10825747185089417,0.0884591339726569,0.09091233245484132,0.10174670326570627
0.10425268823503418,0.1060025553924035,0.07495626150904566,0.10293386372543518,0.12492364562221778,0.10832376846679562,0.08875159899544248,0.09122342463782109,0.10218307647104033
0.10107395230247726,0.10175173602334138,0.07377271485125436,0.10378223281966334,0.11898257085942457,0.11314346414294107,0.08870991060156153,0.09149155616555321,0.0999496927652232
0.09979290280928504,0.11016909795206631,0.07466866113055934,0.10295749124194048,0.12329055051271122,0.10805826884151498,0.08855274361460655,0.09165036279815107,0.10100830819915314
0.10257638749261877,0.10357392981630772,0.07487664111430756,0.10037835436432833,0.12856037316881533,0.10426083487437554,0.08724602198744526,0.09193271096495537,0.10077228521653958
0.10576213909994034,0.10699683568862108,0.07443710045292423,0.10081376617465282,0.12607048170317395,0.10411493774072811,0.08610731967829145,0.09090740675956409,0.10045387626450793
0.1216381600275632,0.10649633917353091,0.07507616613570771,0.09741482866005409,0.13168420154068036,0.10272162409086757,0.08601393443809016,0.09054461927901149,0.10076096084017196
0.12966252856011296,0.10261058575111419,0.07383110763615902,0.09440104176714353,0.1299536821167028,0.10434479298550989,0.08571331168106659,0.08950286715413099,0.10175407585386657
0.14700062957148327,0.10704246896229233,0.07323919427621914,0.09431931129689743,0.12703130247065667,0.10307520508723493,0.08604897032756018,0.08923058227543303,0.10338317552253458
0.15585472939918388,0.10117335335766033,0.07547089890183656,0.09025016490940094,0.12897812992758725,0.10323406321935878,0.08713180983303632,0.08923223071218633,0.10398252397189278
0.1748576605839331,0.11129887577079442,0.07464659840149,0.09003886105187009,0.12518281540130372,0.10392152994308419,0.08730428941399472,0.08814780975448448,0.10353384544224391
0.1830165512317601,0.10849196359999248,0.07553530982720556,0.08886468383760614,0.12610860824370332,0.10295546032267754,0.08825385431147766,0.0886182654838835,0.10511283703292983
0.17399876773892364,0.11381083081752696,0.07655478030986379,0.08749575959316987,0.12558245549233416,0.1035224111891134,0.0890092657435669,0.0881836907106957,0.10548632496677572
0.16890291731352375,0.11910155343898181,0.07500961990792179,0.08637632216817057,0.12458646539397811,0.10447378793657708,0.08947807479561552,0.08850927520483036,0.10527247778450478
0.15138531198473085,0.11329583382188832,0.07601835431408371,0.08544096259017325,0.12306206769303893,0.10386627852343983,0.09219249022436281,0.08812429598704166,0.10293100900140482
0.14354873273342725,0.11836242046253206,0.0753330797788705,0.0850476640078844,0.12334340085457404,0.1053672844324252,0.08916176040784801,0.0888951564229143,0.10267137186403487
0.13482620001836731,0.11537618454861309,0.07437813704701751,0.08657321407657201,0.12379780901368846,0.10565355429876894,0.0848457713019278,0.0888255694758999,0.10196769367043698
0.13005854316758345,0.11353296205689628,0.07560779302980075,0.08441281992991093,0.12455205608153236,0.10496152590903512,0.08329460888083157,0.08875009195687383,0.1009785449046722
0.1264430040290582,0.11499828820324376,0.07367130494363153,0.08453477551223192,0.11865987632750792,0.10610281772592188,0.08147399083689917,0.08852317118975095,0.10051118461038673
0.12052974573475851,0.1066792811943988,0.07416538092018328,0.08471102795669933,0.12251482074712527,0.10594060595026172,0.08122294861274172,0.08857251273349809,0.10050487616253131
0.12276666312625376,0.11083001560797345,0.07519264483388388,0.08446994422941474,0.1191591259949674,0.10506801566077033,0.08204823281041355,0.08948882937129414,0.1007149516632185
0.11753654942762243,0.10814002696055791,0.073527763653153,0.08410920047560766,0.11981586177311272,0.10318921085348373,0.08246335937828272,0.08964143146590772,0.10076995585081816
0.11926080021465932,0.10619549428891095,0.07563774709973979,0.08411536625267985,0.12436085625618556,0.1035387124780966,0.08422360106811137,0.08959488300895418,0.10051929895003811
0.11546992395551149,0.11059895893649406,0.07454295214846225,0.08286711307567762,0.12081640347117008,0.10562038402962988,0.08608457068258256,0.0906373265885423,0.10115835014236088
0.11922777426527004,0.10457415054488726,0.07443632264451323,0.08402509247550911,0.12405786108054921,0.10766159500837381,0.0865178117125621,0.09053268022936857,0.10087764434814231
0.1327721886013486,0.1066272884269105,0.0751511275123645,0.08704882139825543,0.12458485347871191,0.11161635299698355,0.08765635412875089,0.0902412593092172,0.1017077455486174
0.17389913294859002,0.10627724513121689,0.07329779726180659,0.09519193380833675,0.11937682079325201,0.10982833842346487,0.0874623106246019,0.09059898127875197,0.10153841046825937
0.13507878237042564,0.10171843815371454,0.0747531375794088,0.10348927662393381,0.12431135087074992,0.10629703214608185,0.08728359046029835,0.0905235735027722,0.09920164401657856
0.11203643618383306,0.10642403969786249,0.07460438820681943,0.10333374078789781,0.12370472696388438,0.10692873777717642,0.08731027735819445,0.09081124028000984,0.10099277396385974
0.10266246554951598,0.10326015891044797,0.07390962601628659,0.103827696775238,0.12338972441040677,0.11039698319087253,0.08695222257609074,0.09140916433544531,0.10079413081927943
0.10111062556058974,0.10545883937515924,0.07584064211831276,0.10261154831010948,0.12907354645318733,0.1114566855430481,0.08669751838095241,0.09135445796900904,0.10027814649842492
0.10204066893493283,0.10473972815022574,0.0739702162246029,0.10115281439984262,0.12780269854615373,0.10894839340764371,0.08639177573795272,0.09116706350417786,0.1004126695125817
0.10514712559095175,0.10622262562062963,0.07526682469507669,0.09780711758259905,0.13088939481750336,0.10742354275494621,0.08668291911619698,0.09137633586037255,0.10248290808688008
0.11648381382308606,0.10534716617134737,0.07553393237214522,0.09900358328592734,0.12858559988971435,0.1083949810727513,0.08729830039876833,0.08954539541617663,0.10354376193305294
0.1282394672155999,0.10795364756484742,0.07405740765372551,0.09962415288153463,0.1331131742257233,0.10768700643932365,0.08640708313952043,0.08874161823196801,0.10277726077447508
0.14026083070228834,0.10387908872602396,0.07620340327496938,0.09977168094870803,0.13065549904512083,0.10799563821285477,0.08674098930477382,0.0886986969678857,0.10258776098089308
0.16117200252648783,0.10619983627430185,0.07496731043235151,0.09954989955977143,0.13074838460200955,0.10740271159751189,0.086856479271325,0.08818367598670089,0.10225203161206209
0.16884889249297533,0.10412687097346111,0.07537289529766245,0.0995810155579613,0.1282276025023296,0.10651346895264059,0.08642326261591778,0.08787382970054393,0.10250416444144247
0.1926148066180014,0.10803796687366808,0.07738109193249394,0.10077293412435077,0.12722692208430028,0.10650592501794615,0.08728913336254623,0.08788975476888346,0.1035990468963708
0.18292416117480984,0.11073752281601155,0.07514315593373554,0.10078931880133796,0.12273459611840037,0.10581936986207438,0.0867706714080929,0.08769073859611357,0.10382864563788777
0.1644203510987663,0.11205119091940144,0.07688427166790941,0.10135780300788474,0.12579898246027252,0.1050595265811521,0.0875046109737296,0.08721484922882958,0.10336471192163009
0.15100489658283972,0.11836420091920244,0.0772100862608818,0.09621723480908927,0.12409287137901787,0.10578298611380495,0.08875663678985647,0.08742719026252325,0.10367918233533578
0.14238205541095847,0.11213234282979628,0.07468648536780498,0.09609896191663686,0.12199421891903371,0.1061886623620582,0.09014067012803367,0.08789225881882556,0.10461729251359715
0.13405348795356803,0.11593419126901067,0.0766162452789539,0.09359412340507978,0.12429626190369328,0.10616113442932172,0.0862726417390681,0.0884881441339982,0.10366225498630875
0.13445766662942119,0.11283456897126357,0.0757207328007321,0.09122556346720843,0.12090772021248154,0.10843466203569022,0.08283927545466217,0.08851137730736106,0.10155554237348037
0.12563637260094296,0.10929750173448757,0.07545535968762664,0.09156527636251803,0.12104729227133157,0.10770898065986319,0.08118708346682016,0.08884530736528237,0.10197264050461027
0.12457799333828928,0.11288985111299958,0.07731291693471824,0.08841344637019227,0.12345876409214686,0.10829791507869166,0.08035111682851782,0.0887155399778043,0.1011608135037782
0.12262576111762699,0.10808927081211224,0.07533855733499958,0.0881027219218295,0.11857604388591346,0.10866055171621382,0.0806017458333569,0.08881548539021773,0.10045842890589075
0.12086981316129577,0.10605572385990465,0.0766479080435408,0.08678309004668477,0.12275357208068291,0.10799391715805419,0.08078906948188681,0.08902053293631561,0.10081152825332586
0.11993860658509616,0.110057443319053,0.07594005701224622,0.08706816530996767,0.12192755405022904,0.10905453877131119,0.08200042334689969,0.08958043275337113,0.10164550413874147
0.11917949772105378,0.10628598074279613,0.07526557972039925,0.08861776618050911,0.11941635622617008,0.10893253386444195,0.08309672906501493,0.08968019021089993,0.10273963450605078
0.11799723711646375,0.10843084389385838,0.0763151697312972,0.08754817452966007,0.12360958526016358,0.11119646500205306,0.08529892438793948,0.08990876210415172,0.10275290224217898
0.12098274508384346,0.10665417654860847,0.07497122048987383,0.09101040513399766,0.1180750049219422,0.1158921802713003,0.08567284469137974,0.08963894146418051,0.10192618371799957
0.14275018839584053,0.1084359025573076,0.0745964931428022,0.09791048459320532,0.12193594982515726,0.11577923534142912,0.08636266048774983,0.09010503280932171,0.10219520513305416
0.17562534436948954,0.1072439699717908,0.07619109538324226,0.10160845086283878,0.11934268242957763,0.11273245248089667,0.08719132175068596,0.09025292190062514,0.10183066014989932
0.13080155168624233,0.10589940477095114,0.07524923685540981,0.0987469271851298,0.11706821117153705,0.11167370844887815,0.08588215336130416,0.09029245462889308,0.10192963696252125
0.11264211063943945,0.10586308992521212,0.07526539973556896,0.09654821519521091,0.12384641402306819,0.11127354428407094,0.08596630588240475,0.090489496080076,0.1028678799442367
0.10452209852349525,0.10932183306452031,0.07617947602766215,0.09521799197418769,0.12321111882524839,0.11635984810116642,0.08591271371770658,0.09091613879501353,0.10241038080609052
0.10445260220607112,0.10491197814770095,0.07477622848530138,0.09335648168550797,0.12416635209066522,0.1107400247096351,0.0856277730700884,0.09048102529471974,0.1034846961617915
0.10523381515493334,0.10726131677689243,0.07667833702477368,0.09458738592278622,0.1275981852205982,0.1084002407212088,0.08593998103894117,0.09121695495778452,0.10389292296638394
0.10991024260419018,0.1081988081401605,0.07600058301897446,0.09487742271200249,0.12776013080985837,0.10817902937202471,0.08579344982057398,0.09089288990438502,0.10416041974109563
0.12238976122247883,0.10793577235939784,0.07562981358689164,0.09851214802820883,0.1299013990667668,0.10654687020045761,0.08594248098310617,0.08979729766501797,0.10355822197848687
0.13496850074599553,0.10869477229246456,0.07763971392944234,0.10009383734622648,0.13009672646044312,0.10866415798656212,0.08667281436274983,0.08898495003926571,0.10386464933988254
0.14750815260711017,0.11002647348787369,0.07514638741776634,0.10085644408366251,0.12865779266373042,0.10752850916905964,0.08643413722523023,0.08860741005646643,0.1033715624882763
0.16240709078175997,0.10685150048594781,0.07654694723074489,0.10018690713552299,0.12488041626120894,0.10805824093280314,0.08671774926753469,0.08795901678882416,0.10346395668612758
0.17879840604302483,0.11238955368850627,0.07761571766387755,0.10099237381111927,0.12624920540963624,0.10955668291542756,0.08658452126270601,0.08788765819655768,0.10392595480000157
0.19041632059399818,0.1161700163781786,0.07581260455761277,0.10154554733782044,0.12266194439419688,0.10797365333424037,0.08695098448295419,0.08743421773230646,0.10476860503773032
0.1756265369542105,0.11660754651996767,0.07841883487536387,0.09853875162458871,0.12283491232533628,0.10841456053187554,0.08752832073997306,0.08731743099259875,0.10449950172540107
0.1623998096140923,0.12376477128164723,0.07683223491638216,0.0962223759183215,0.12433484578242161,0.10962612982295082,0.08753374491888004,0.08778789934280219,0.10478041707759132
0.14712590377860976,0.11905892119628869,0.07608877432760305,0.09296851486829255,0.12352127378063478,0.10883633502717441,0.0895328693907213,0.0877579668158488,0.10581298788526129
0.14395872555155226,0.11986425337899989,0.07790091982483316,0.08966471298015596,0.12105859796281389,0.10954599915035602,0.08954936231370375,0.0877591790272525,0.10315701620656381
0.1331413522374105,0.1176135106707104,0.07459342801101723,0.09066900536368121,0.11772216845636642,0.1095743533866787,0.08498575821405886,0.08802909408598915,0.1017625730066697
0.1335033295563718,0.11672331979947839,0.07704353445959482,0.08832723095903007,0.11919078217123612,0.10947323517163343,0.08278169308715844,0.08853146742422481,0.10229619291232678
0.12469515384822916,0.11615932799720144,0.07545636862133633,0.08806753781356913,0.11909911050133537,0.11116388613034422,0.08093582454054209,0.08812952503353999,0.10253171400376322
0.12414849268273218,0.11459607799854661,0.07442817113135579,0.0869227639054562,0.12247869424741957,0.11000423350211753,0.08070413414874905,0.08847340087701389,0.10142433570862791
0.11973911929280628,0.11574166687724939,0.07661179197420911,0.08680419227291085,0.1241966526716255,0.1111058770563372,0.08126334766981598,0.08819899057585881,0.10108925057892112
0.11850637325064522,0.11769137587393097,0.07455128388801793,0.0861472150413597,0.12257238100164065,0.1091306196051251,0.0815951514443487,0.08846958595484616,0.10128435530060262
0.119857066963404,0.11563851081216396,0.07609633798829442,0.08611105754795649,0.1252175597265894,0.10888690053168995,0.08310392251180122,0.08967336813997268,0.10132393525379775
0.1142340336853974,0.11551127111097469,0.07579533990011586,0.08488119230936633,0.12448164255194538,0.11198352468202365,0.08448705463209669,0.08908343324749828,0.10078013472411404
0.12130389704971795,0.11783431000765984,0.0748788094165579,0.08625506958063302,0.12422102937242796,0.11351454514158044,0.08532777406696831,0.08952788759843892,0.10268023013953223
0.12400719528458375,0.11664515444859827,0.07639433985089404,0.08763910580850708,0.1275779837389692,0.11950824887434361,0.08634970792666281,0.08897028675545345,0.10355193665396147
0.16165687612410418,0.1153486975595336,0.07416135514427834,0.09339934525165892,0.12313366572994368,0.11464492662728738,0.08591662325645402,0.08891123586090231,0.10301972192730774
0.14981146696624278,0.11758382125572546,0.07556289602524942,0.100717440993354,0.12645983623262133,0.11070537378172579,0.08617588473496754,0.08921622307351518,0.1033228595942975
0.11812885691173436,0.1167584880026751,0.07558877861909945,0.10171682497240865,0.12330579272671627,0.11188749455858242,0.08684087270072874,0.08981708762849624,0.10225409687476342
0.10598758492167587,0.11665931710664869,0.07501257607336977,0.1045614051244275,0.12325908894081689,0.11136266141077959,0.08617841891164377,0.09047127023330104,0.10183514465308811
0.1045326705719603,0.11445221408848746,0.07659147885970169,0.10509971043928223,0.127241824509384,0.11588453229473376,0.0857668176682627,0.09034072537738962,0.10235836523916621
0.10302081714710083,0.1171211218074367,0.07552513150154185,0.10348332742875613,0.12695101075125903,0.11188309797070872,0.08530537799747714,0.09068050260774242,0.10249101404816044
0.10657000573337624,0.11040137820996762,0.07605750498730948,0.10371045971089966,0.13029407522809197,0.10718381522248523,0.08459973846635205,0.09086845528184655,0.10430281021417688
0.11521283664130158,0.116374712995055,0.07659969837814004,0.10274424916034748,0.12986045978856023,0.10729148934629437,0.08463256152671474,0.08961371494462779,0.1039515885629808
0.12514934112394915,0.11519483732230038,0.07528593344684557,0.10083322752384652,0.13060958538455283,0.10647658903902356,0.08466197957082587,0.08871404579919212,0.10534057883219013
0.1420897003956304,0.11666639609381779,0.07566840293201936,0.09811506740974638,0.1272889272008149,0.10734105612461259,0.08482503990685901,0.08918589642072977,0.10517751430690417
0.15765444625041858,0.11681535850963039,0.07600557120307494,0.09430225942302196,0.1302566956116559,0.10748129250469637,0.08507637493652571,0.08864051493430732,0.10439413105772569
0.15883521176255522,0.11462350217740935,0.07558377180557906,0.09566109105612891,0.12928156156457019,0.10743148419725017,0.08530969904258827,0.08797908250279378,0.10392093311432975
0.17336831817974171,0.12529113030559494,0.07801777141213011,0.09245554796945095,0.1267529338717418,0.10887009963895604,0.08540937124679704,0.08804956089541324,0.10331548461694261
0.1733694452736459,0.11955174329365977,0.0779158879169036,0.09052005628168086,0.12677804029620174,0.10965287464830852,0.08575341415080834,0.08843197045073395,0.10400572243086144
0.1539474338300837,0.12203607804337925,0.07651884909267932,0.09100219448892949,0.12740797488374844,0.10918376163913215,0.08603491705071656,0.08776662483652997,0.10430200588736264
0.1448631087167144,0.12172863178177637,0.07842436201863909,0.08924213353062749,0.12566681535427862,0.11049512208824808,0.08701942604952961,0.08807762124586375,0.10475623492014148
0.1359538263339845,0.12124907834410817,0.07617173641825208,0.08976013986705121,0.12023494779099242,0.10966363952654082,0.088945133478307,0.08816270316556148,0.10656583686447765
0.1322379185646255,0.11950032737277426,0.07663396516821033,0.08947222189935487,0.1224294211410179,0.10845020479547453,0.08823070012246505,0.08826346021525604,0.10531853399113662
0.12963397609340474,0.12022046804052369,0.07702404100120169,0.08759994125376991,0.11510904086808312,0.10855083669346885,0.08429019241164816,0.08855868640103969,0.10466886889381741
0.12278919392980611,0.12104538881918232,0.07480813286738201,0.0850521814807171,0.11806515291768827,0.10782252217008227,0.08229634532165427,0.08870701941786537,0.10456397634979282
0.12426301106827721,0.12080507509222439,0.07617680103161081,0.08131082594841958,0.11952183603556671,0.10833961653010313,0.08128936748705798,0.08888485559428172,0.10268966448190595
0.11898586813676056,0.11830623842700123,0.0751471091879021,0.07967194055892472,0.11458737906859218,0.10794148801167076,0.08071538171165911,0.08925566069909668,0.10182994260531181
0.11819275675372459,0.11972894026925371,0.07515713008116043,0.07955131133314434,0.12124057699615431,0.10763215267878132,0.08091359599814985,0.08870351460314224,0.10286011717559415
0.11864506563602689,0.11693877258521485,0.07688443332492287,0.0792855882438663,0.1173254924356772,0.10781882186627771,0.0816907420833398,0.08940853841814288,0.10304937378089048
0.11315329502421109,0.11839740918281422,0.0753994156206427,0.0804645939047486,0.11869027857847302,0.10768989532919647,0.08322109454093034,0.08985256729694728,0.10305964658409793
0.11793481091279168,0.11751775641583277,0.07575604123639357,0.08228421488280238,0.12382289643102497,0.11042088946724239,0.08457129960189383,0.09010282569189405,0.10137590938457708
0.12158550966778325,0.11794339330148154,0.07565564113757174,0.08522600234957614,0.12136933095065228,0.11284912209977052,0.08459283447669888,0.0900318469067006,0.1015199176033127
0.14239002962382982,0.1178484558513435,0.07490116778863068,0.09106754701402889,0.12608311667358532,0.11720154729121068,0.0853468513804306,0.0901867654440487,0.10291620625401406
0.15814573657645678,0.11237847269503898,0.07587255670062959,0.09813174085752936,0.12389327604754813,0.11331407018607334,0.08548531221882937,0.09036403917287424,0.1031935298520646
0.12108006967649068,0.11761203244943708,0.07427359250572767,0.10130038176163554,0.1198901927487222,0.11132235599642033,0.08495628011225542,0.09081381697045399,0.10286465199228635
0.10492510728639669,0.11182705135025964,0.07595403126460408,0.10234827316528664,0.12344597809106045,0.11079449786306984,0.08530634452072232,0.0908861685170986,0.1034147483042173
0.10049264951650239,0.11544679035751305,0.07684228999010395,0.10059313679731227,0.11983070507925207,0.11373212550205025,0.08505144536718141,0.09094138947289998,0.10347627441210341
0.10145788553936673,0.11282881606104704,0.07459297276702183,0.09954589622688176,0.12456537668323367,0.11323389813465391,0.08518091182409554,0.09135692152529788,0.10326738779436033
0.10231912280924751,0.11135382914064107,0.07698948501943247,0.09860708100289098,0.12445933790613357,0.10853103462803124,0.08534303892870396,0.09160040116959453,0.10257562719324885
0.10935500171330324,0.11259584198004763,0.07605222715096521,0.0996474100420587,0.1260364546832797,0.10668133181812536,0.0851917206403003,0.09103817968845483,0.10276622779042105
0.11638356764163584,0.10997924512755067,0.07570768044326373,0.1007776589135568,0.13051223746807014,0.10520391422189629,0.08522763702383833,0.09038850166610235,0.10497089134828191
0.13108319910614036,0.1111997051978271,0.0754581972543766,0.09946540810502563,0.12523443453303668,0.10612108074639824,0.08571778972369039,0.08964417046947167,0.10420175338014469
0.1375314423051788,0.11517188850690031,0.07481088274161464,0.09666113734006264,0.12712607345601856,0.10575122563226907,0.08534157874556762,0.08936337472541771,0.10396840587465961
0.1511571492417327,0.11385729060046049,0.07640559175822755,0.0942555103890164,0.12597484040115112,0.10530320889134684,0.08608435913603635,0.08888264726808447,0.10357243232816205
0.16607106534755814,0.11306266850719929,0.07615778894512844,0.09389881897211433,0.11907295890607102,0.10597533470168045,0.08592208580028922,0.08856279276965498,0.10590908826125707
0.17804148197859468,0.11502130477496382,0.07606554108385204,0.09244432565145715,0.12081726143808812,0.10546760708428007,0.08635919641808526,0.08877239304214037,0.10522078738001034
0.18216898535314915,0.1163814895389348,0.07848786835996213,0.08881997767533668,0.12052112732087727,0.10520525846412106,0.08616506441527215,0.08791755827768073,0.10599976436875276
0.17333182831808755,0.11789674513523808,0.07656432121397204,0.08931836811072766,0.11964397070114094,0.10591463773617119,0.08595461788906959,0.08843532443396228,0.10546894301527623
0.15403130734647263,0.11630321511960648,0.07612982533733482,0.08733789348730131,0.1228062141101074,0.10613721154510533,0.08762688532468627,0.08818116144062939,0.10510859825016906
0.1477746966337443,0.11477322432410232,0.07746666462198921,0.0869286101915343,0.11983361015496936,0.10733946813486728,0.08973419214415129,0.0887871153440909,0.10411487245860229
0.14044005239408344,0.1151225719205671,0.07555261145034509,0.08611783245376782,0.12527354856841585,0.10510952460379917,0.08803469967504951,0.08886600058462886,0.10332093475087277
0.13344769234775658,0.11473315990737208,0.07619134658398467,0.08588578131444431,0.12140403827903336,0.10561379508661696,0.0851688581283004,0.08854506877717117,0.10320969074926821
0.13295386250365807,0.11394997084716725,0.07468900590060835,0.08589885800260069,0.12062119235704394,0.10611324155188535,0.08271209259269187,0.08887841349662952,0.10320218245464795
0.1270726581297348,0.11285338082691782,0.07441325383733421,0.08659361361983846,0.12488640226375607,0.10513973043964508,0.08195172969576195,0.08945231465452842,0.10277547976547083
0.1246432052433141,0.10863513295188273,0.07562230024696884,0.08657797153507177,0.12024305612484301,0.10614431285267444,0.0816910088409273,0.08937509749361826,0.10245266025725902
0.12529654380656588,0.11223210224442276,0.07406436652616206,0.08704512343467045,0.11936348245050551,0.10633615893256367,0.08204534087955671,0.0894826571124685,0.10255618370194854
0.12052164686023385,0.10943557424829868,0.07608386284938158,0.08631109450982122,0.12054476199401362,0.10554948520420311,0.08390496059208663,0.08995767603542647,0.1025998564721167
0.125357701603961,0.1113623900475044,0.07580829295182501,0.08372255393398559,0.1158314927715382,0.10732127935603487,0.08475941998750602,0.09001013665135926,0.10089012236816598
0.12097533626273636,0.11246648617814148,0.07429751706492208,0.08692836652175862,0.11871257647668343,0.10835591401192798,0.08586594902846732,0.09016797235932808,0.09910154455676363
0.13693799597979026,0.11286200732432386,0.076920985569645,0.08975640370947442,0.11693939324842731,0.11103646707992114,0.08594473372297892,0.09072649443037409,0.09971560116511832
0.180355339189812,0.11370281260850272,0.07492301317996328,0.09643515008457101,0.11660502972298603,0.11517998255069717,0.08674723419669572,0.09105845754091403,0.10155242013475668
0.12965985499893865,0.11082779086369432,0.07591590185833748,0.10047329691164975,0.11782279742711596,0.1113955288690395,0.08698123315992264,0.09102845543389697,0.10242586565734724
0.10432578745328519,0.112311862755794,0.07640749338610021,0.10138751450899086,0.113886440023831,0.11112968795302476,0.08702918222272206,0.09108794095723598,0.10243916639839437
0.09688864436199672,0.10978694833787882,0.07440776478697175,0.09863624065357919,0.12186652626967812,0.11141161878875705,0.086702609955993,0.09177448150213849,0.10191753888555022
0.0946756353631846,0.1137190151661119,0.07576846625152382,0.09687748357548567,0.12427922969048961,0.11381920735927095,0.08608761063920273,0.0920515416060407,0.10196956505448532
0.09504802295615679,0.10921706620708223,0.0744056132971398,0.09440586208929082,0.12318677439303947,0.10923553224835748,0.0863097285861851,0.09163826115340026,0.10249792586880534
0.096695889896388,0.11413319790923264,0.07446908878065252,0.09430128971546851,0.12769536055078687,0.10619133924958167,0.08627149559791593,0.09237281228655378,0.10349706536337441
0.10320348810360339,0.11353545341319923,0.0762985954505361,0.09856090818011654,0.12864350416401765,0.10541552292180471,0.08637396996584829,0.09132738711141192,0.10309481223347676
0.11029525707487702,0.1114294429746619,0.07437852688408661,0.09928778203792958,0.13010326373367045,0.10408074165013365,0.08644851521318914,0.09066983863435196,0.10263336089238945
0.11692458079008619,0.11651588064455613,0.07534921980606021,0.09915116166317083,0.13105362447916682,0.10347623641784237,0.08684274962439247,0.09034382381051498,0.10283355039731502
0.12613816339148942,0.11335429809680844,0.07681119997749151,0.09673551940584962,0.1278338817043503,0.10381611545710609,0.08657746954495318,0.08992065027128156,0.10387040019924902
0.13130107153250373,0.11209132016336462,0.07494452081365455,0.09598930579732348,0.12986784106021262,0.10161084637717982,0.08714227696814256,0.08947731217154224,0.10385982330730731
0.1404899789546103,0.11968469690258739,0.07743206667572887,0.09457396584619648,0.12382255804627659,0.10350336511290922,0.08719390087160687,0.0893986353973703,0.10571882349839828
0.15394106454205056,0.11649200276919508,0.07688420060463,0.0941936382932728,0.12336703689566533,0.10295859269679536,0.08789340900348838,0.08942820863501369,0.10585242373407305
0.16202933245117496,0.12061418803233201,0.07659168205986315,0.0924446632676736,0.12534318373458464,0.10157667322050443,0.0877113311237634,0.08924424857346279,0.1062456872736663
0.18722979949924495,0.12151520778589904,0.07752399063916926,0.09198900646043287,0.1204649914943826,0.10233930219056503,0.08892004562851269,0.08910436619263541,0.10522755095269318
0.1891114054989124,0.12287315638713316,0.07605636346554974,0.09034089822140277,0.12466022485924344,0.10213958220016267,0.08920173234476064,0.08932660140476756,0.10447446778784869
0.16804570968943744,0.12100061663634547,0.07757323281772183,0.09015425173175955,0.12393849678684701,0.10323174395081665,0.09138264596628023,0.08971806175517993,0.10371792802427253
0.1546417995860289,0.12168093076086191,0.0758400752907049,0.08640032942569409,0.11920474821692738,0.10314148244470182,0.09030051640632211,0.0891614229314135,0.10231389619698034
0.1569034032209362,0.12217287426740353,0.07545304586525739,0.08522345130452592,0.12104144557836705,0.10408195627355689,0.08641990134669349,0.08935273073994328,0.10091122600406156
0.1384620327221592,0.11624823698152392,0.07673424179138273,0.08292988964199607,0.1178738506456378,0.10624086644014802,0.08447289886206913,0.08926699829618352,0.10008386845226376
0.14282188404691887,0.11723282158394266,0.07563441821337277,0.08206665696982215,0.11975671766034346,0.10588118175788659,0.08346032165295857,0.09004755207944729,0.10171346089727892
0.13463711981940357,0.10912885693032491,0.07558984420237866,0.0847833185513147,0.11898946691938991,0.10593573545777624,0.08385203730028958,0.09031389517486374,0.10187621020645983
0.13183587822667803,0.11401563707767413,0.07584530100479016,0.0851661309375973,0.11744410320167069,0.1062852620565063,0.08381229637061982,0.09080525387460758,0.10115593770144356
0.12477755114214849,0.10758046894784772,0.07461168433585981,0.0875392710417219,0.12078853050677127,0.10564116398385835,0.08594376541210105,0.09130929000196356,0.10050347820729309
0.12362328358444048,0.11027745993129703,0.07519677924638234,0.08865102583259912,0.11852234038385671,0.10725494317366006,0.08741438458575944,0.09077057938131024,0.10000455220390488
0.12936492172406214,0.10918334886795442,0.07470906172329697,0.09398810303663571,0.11771373510691746,0.11119423531883695,0.08923752964872106,0.09118929425077753,0.09953443317995857
0.1516606137125235,0.10723022171036645,0.07428132570854112,0.09985571332292888,0.12040631563179263,0.11157126853751036,0.08992713063222295,0.09162148843050068,0.10018013371777808
0.15593061187436788,0.10882000309667575,0.07675507732377083,0.10101430949975235,0.11323002327434546,0.1060703797802722,0.09061502938214798,0.09080047139582421,0.10019765083066653
0.11433932972076781,0.10464087773383553,0.07461082645142987,0.10015504799365252,0.116793877602056,0.10489682211648568,0.08899322581133892,0.09140861599581819,0.09859634879577278
0.09985718291151933,0.10789372289045414,0.07765387276737555,0.10055236470461824,0.11697974548309706,0.10631403643774517,0.0882219253902163,0.09276615081529503,0.09741905193606436
0.09428109660327992,0.10220157929881339,0.07665896352455671,0.09952860280262149,0.11622954309740058,0.11022410842597853,0.08711466876094559,0.09280918201087948,0.1001351372875468
0.09248260769813892,0.10844309021164329,0.07561046256612604,0.09855816570751522,0.12482590093870431,0.11034520969084258,0.08655339927795898,0.09321564611637505,0.10088218740540512
0.09461014023624666,0.10322701112828911,0.07698564940271818,0.09847019281495711,0.12172300880598284,0.10604339108121388,0.08682933590343439,0.0927443325265218,0.10077766568885553
0.09788960956910826,0.10600353475106734,0.07584346576025314,0.09862769568075046,0.12769798550518383,0.10336058469874469,0.08672095223549933,0.0926025249711196,0.10179498626633068
0.10614791089392395,0.10631887232977082,0.07512233145224649,0.09845639447951969,0.13002993695424236,0.10316161538186555,0.0872215142375788,0.09173916347688141,0.10279195436177516
0.11500398173512939,0.10577190943541084,0.07664272838997074,0.09638289018932976,0.12936743073669785,0.10298897311811689,0.0877155035041225,0.0903445162229795,0.1021895808049066
0.12480803734912449,0.1057118930376595,0.07523286812131505,0.09655442220293786,0.13205711681366014,0.10189600667231695,0.0880527012849835,0.0894023355764466,0.10113568636320161
0.13260629513832292,0.10490685789738652,0.07643277137432694,0.09433931448026296,0.1306694435952141,0.10167013800210854,0.08896057621693146,0.08987573191050291,0.10204088260347664
0.1451972897861025,0.10563209058399528,0.07734001777784127,0.09476502060169743,0.12542974828776104,0.10173191873198595,0.08989415393166758,0.08954281736506026,0.10242109145284928
0.15769408409240102,0.10703731048582504,0.07606752420520146,0.09329634219063507,0.12686708919400042,0.10209150127861034,0.09001695370995857,0.08870908616160933,0.10227307226684115
0.16398342452785217,0.11149840705245602,0.07831520912650143,0.09101695838743411,0.12361629951756027,0.10309226644101817,0.09028253311826086,0.08897365864612121,0.10410359480216982
0.1825138719300856,0.11300661744570593,0.07670478336957842,0.08869206990369809,0.12339685256094393,0.10360499616888577,0.08950273001622358,0.08928867919154043,0.10303334921582771
0.17539832423631405,0.11612289649326675,0.07610187197399824,0.08804329503766781,0.12270575112049167,0.10442084823751659,0.08998620669680951,0.08846293229713197,0.10384441557260399
0.1591223313019088,0.117789947271529,0.0777346523258739,0.08649515661639569,0.12038869162489027,0.10478572448088264,0.09145753946524258,0.08870203083743677,0.10386574259567843
0.15750339234304592,0.11642626461226865,0.07524555261130995,0.08526377980073264,0.12273113402729871,0.1041494195334503,0.08874245670941978,0.08939467393058943,0.1032186111166946
0.14518181436330224,0.11615002737673136,0.07666649513896082,0.08454759817094516,0.12040465831906902,0.10494378056428726,0.08515799076944196,0.0898621416937886,0.1013312755687451
0.14334643430452965,0.11727392006350097,0.07609461098255006,0.0838692550496707,0.11820602833490643,0.10488032170474948,0.08276375899708081,0.08988889901427786,0.10112564293900494
0.13600708138171655,0.1148593906569815,0.0749707763438808,0.0841055833471977,0.1208294950636816,0.10483643029001655,0.08213818956978776,0.09015054922737924,0.10159334571315506
0.13228071380510864,0.11086019032232888,0.07680117783548464,0.08333710316451474,0.11660819256010706,0.10383371540237141,0.08218977728042183,0.09018749119159689,0.10002625967274774
0.1279700067512399,0.11308740698985409,0.07452728917993606,0.08518714758420974,0.11719443562029243,0.10470313080703415,0.08290610592884375,0.08955575436671419,0.10010440467194458
0.12448857354258051,0.1093979698116601,0.07596467535153367,0.08404134623752232,0.11873356883604902,0.10605038554919831,0.08403780625012248,0.0901109608217299,0.09899409009364565
0.12113596825123735,0.10819830848031724,0.07611233215052478,0.08422407711145423,0.11592744825400644,0.10699751412537485,0.08550411652551668,0.0906934777636674,0.09963041995429753
0.12129323648891488,0.10975908533243255,0.07407350803459875,0.08582150223976384,0.11847579072092977,0.10843047264496627,0.08735255912169372,0.09085038554186413,0.0998003678882506
0.12793286285110048,0.10575542197269121,0.07570039023164506,0.09058768973651186,0.11645858247683415,0.1152135826801347,0.08761358219173791,0.09063238245375103,0.09841316166091721
0.16404369894363768,0.10751613499534646,0.07443881898755636,0.09674893767244916,0.11536086266786338,0.11099286884750952,0.0874155359354886,0.09135800482172018,0.0995059986661045
0.15009163860722802,0.10351728881946103,0.0749723279022659,0.10175456461026249,0.11684224161313772,0.10706705073115887,0.08715716159427934,0.0915528545104796,0.100123503498529
0.11402284640642066,0.1055602353226334,0.07553744414633048,0.10381527594451438,0.11206485032001852,0.10658113487508299,0.08665711995872605,0.0913659444508346,0.09978770898634544
0.10119151394475938,0.10495141774664941,0.07463259300049392,0.10318811897047246,0.11388336607609269,0.10724536798688211,0.08621541362775166,0.09165309970204963,0.09972681339390818
0.09886978637157672,0.10452002795646825,0.07649587976331573,0.1029099233562449,0.11932719984096586,0.11136387112273957,0.08608756855666032,0.0922405852536809,0.1020954284747825
0.09714201703016181,0.10649176364587605,0.07498615760425309,0.10161053509908057,0.11950260162631945,0.10866253073571608,0.08638795669862215,0.09234895229151494,0.10145962499610728
0.1002862537877727,0.10557923121214488,0.07465455817518064,0.1013662698893167,0.1262132728584998,0.10535528086882412,0.08578999293829796,0.0920905560575696,0.10056413297419065
0.10500993010593528,0.10814167360710689,0.07730114692661268,0.100438666083023,0.12718956596782813,0.10589917267896574,0.08607421321326612,0.09117502651049236,0.10165838521776141
0.11228848747412987,0.10805352030233345,0.0745436896271368,0.09998527165370882,0.12780929732520624,0.10326416745090095,0.08669129479716112,0.09050455709975797,0.10255858382354625
0.12324086382289871,0.11019337084944417,0.07549967047131419,0.09796247430454717,0.13131103182308107,0.10364821374994322,0.08601612251567178,0.08920146441117437,0.10309955738952702
0.12994593748952402,0.1099284170783379,0.07652472139074343,0.09414238557342387,0.12670692491867597,0.10280853409795909,0.08660922198139223,0.08853415913628089,0.10362798126646679
0.13753717135638516,0.10681958696275518,0.0746784993360722,0.09283378059190986,0.12830835754729228,0.10124366975283385,0.08629195328007963,0.08886719734509516,0.10149348741505672
0.15114754037081235,0.11180851779192087,0.07798863479994214,0.08944551284687408,0.12594368710938283,0.10367444647113754,0.08668645372116841,0.08836563229115534,0.10229329580379933
0.16613229380803604,0.11485206111275147,0.07685192451663267,0.088269682878248,0.12208312303694856,0.10396266058073508,0.08675412836942208,0.08840688183482133,0.10323274343857675
0.1854854127065811,0.1162876769863329,0.07661989954563651,0.08841403604592049,0.12259465495579253,0.10502272608320902,0.0868515642101933,0.08889979815684944,0.1035899691885064
0.1795667223278317,0.12431390515617532,0.07921241771575069,0.08627339914017801,0.11904713144120842,0.10581137294909106,0.0871670807217687,0.08817611702953286,0.10346499951497909
0.165014217520187,0.12178102682738508,0.07513465291476738,0.0859746797793635,0.12126143822234392,0.10497705745861349,0.0883068800959035,0.08842347328865896,0.10319281864715289
0.1458286064470599,0.12321143266023366,0.07662997003043796,0.08473966927586839,0.12058505652939386,0.1070503360829791,0.08978224497477742,0.08905583777274532,0.10406897013075707
0.14862834370755554,0.11990338021964976,0.07711421177399057,0.0831441999069278,0.11658194851984541,0.10739056725357068,0.08770086991311801,0.08915775762391207,0.10211041012296104
0.14047800095965246,0.12033244060647018,0.07422299779644566,0.08238665745742164,0.12185768630938551,0.10691911564719432,0.08298752026762599,0.08882422407763847,0.10298309158435147
0.13480231600220624,0.1215165938708492,0.07640400680704358,0.08174470739183994,0.11977697076523226,0.1090426554872513,0.08102635275126184,0.0886668672864515,0.10286723918702192
0.13398917283813197,0.11643841949758155,0.07500934031177854,0.08326657966385714,0.11809573520428834,0.10772819704377287,0.07941948248237192,0.0890398129287109,0.10078483950092837
0.1259729914581859,0.11894531799571761,0.07501841534531982,0.08367374782229303,0.12187522869349521,0.10612141853641285,0.07967776202640989,0.08962807947190547,0.1012713902103453
0.12969703977414232,0.11268561007719764,0.07646307488276782,0.08314639655422083,0.12024077928976316,0.10717688004974885,0.0799400860442601,0.08933433676134803,0.10209483793266375
0.12152049448759054,0.11870828043476632,0.07421060422633559,0.08355886409608516,0.12171301589855535,0.10677828868233082,0.08058278429919014,0.08974396753667253,0.10085310292340866
0.12133629875108125,0.11346002960488964,0.07630004759198729,0.08608388205773891,0.12161364991689388,0.10851662817573839,0.08229520935617968,0.0892364940247527,0.10195364764319963
0.12346080881604415,0.11617312107052107,0.07552760008537864,0.08953281950207093,0.11805059678484264,0.11091965546435338,0.0840501634193433,0.08919359159179795,0.10206718850905068
0.1372614267120517,0.11456450455221164,0.07427020330516734,0.09863972744844031,0.12112949252139125,0.11635428901135261,0.08416273112626753,0.08973512728483278,0.10316212570421622
0.1764286500747545,0.11452459950403149,0.07660229056233703,0.10360246623070368,0.11713750297683262,0.11411060526350794,0.08468346308959297,0.09108923605096893,0.10284457496791538
0.13559576115718652,0.11408801832022372,0.07501783819953471,0.10384298940469232,0.11158572134486214,0.10922872781204254,0.08472375179053654,0.09027084071333427,0.10214272596626235
0.11339535573033084,0.11028767215975219,0.07517329787163987,0.10098326013595214,0.11280504533707968,0.10802608033449662,0.08405486651624341,0.08995904787647985,0.10185022213926159
0.10325594152499558,0.11423334000913102,0.07709813826803576,0.1013366646730963,0.10754073659960693,0.10828357979254839,0.08435635107624545,0.09084281590186785,0.10286927752275868
0.10182757727507585,0.11116680119200904,0.07554579917635462,0.1004527734827164,0.11090760167966177,0.1108751247095043,0.08392504914671939,0.09140810412074644,0.10337047819001459
0.10091066600497017,0.11366145575111379,0.07669759637436768,0.10176499909433821,0.11408781163764412,0.10716662353752535,0.0836586323478763,0.09108814785613494,0.10334877492496382
0.10398724837826978,0.1107832951395897,0.07689226560731954,0.10179994817890595,0.11437217721843666,0.1043190872127694,0.08402423127624525,0.09047391486490113,0.10186846203181602
0.11122814149205819,0.11366387924163968,0.07540763566218774,0.10055038695660327,0.12152512083182843,0.10446147591884279,0.08353770865913478,0.09052888692432727,0.10478540464890405
0.12071225803725928,0.11209949478182722,0.07786332316506044,0.09698170956060324,0.12421672180757516,0.104799610991941,0.08356059254608386,0.08976168567515463,0.1042266406571939
0.13217492145555465,0.11138512255582594,0.07513963991224533,0.09586190642983475,0.128424516357104,0.10458146071737039,0.0840936180541013,0.08947482797646292,0.10233131859888257
0.13591271395115967,0.11192526113741594,0.07644656792166767,0.0953893901566468,0.12928846758818804,0.10519189463044987,0.08389674415327493,0.088080525345424,0.1044128692868858
0.15391568124552601,0.10892464435140642,0.0792748602700142,0.0920011225038557,0.12993115221000814,0.10317715986517194,0.08405330724939426,0.08771739167328994,0.10538331960371845
0.16250217931689934,0.11509148176738948,0.0762887037946806,0.09132778286750953,0.12844209668920611,0.10364240440615219,0.0839395107791826,0.08788961476744397,0.10497559588847212
0.18110552992439646,0.11148829179432795,0.0784640879473311,0.08981424350870063,0.12685781115823372,0.1042975421648256,0.08443245589188943,0.08797550587697271,0.1021051926649501
0.18500447068640571,0.12112326127600088,0.0782635873018141,0.08781410537267614,0.12156327894436855,0.10329901897691693,0.08450195595763668,0.08793192856043482,0.10335199825465731
0.16862807617420272,0.12357418374887381,0.0759301062216243,0.08943892324882438,0.12172670115745651,0.10492018792379368,0.0852880532540135,0.08802346766200093,0.1024988582211903
0.15754109881186895,0.12205386381985363,0.0781797172622301,0.08743725497640588,0.11962274972458543,0.10624281982785642,0.08631604383096521,0.08818376644149473,0.10297522757077653
0.14762028715028885,0.1238314073443196,0.07567777169287483,0.08962726376855336,0.11487831034805306,0.10656085609623422,0.08707117345931521,0.08790314296740552,0.10441158884767471
0.1423442412335944,0.12409541551485452,0.07692764710684681,0.08819185976544099,0.11595405724238018,0.10691832292692129,0.08284369070254546,0.08828875617601592,0.10495753849977812
0.1395530899946266,0.12184415673683435,0.0766779775733695,0.0880429810936476,0.11489802385386867,0.10568097187671083,0.08042450397866077,0.08822119242823252,0.10383583987681587
0.13494736371443564,0.11942887791441018,0.0747417042301025,0.08708143397655047,0.11696111207269998,0.10468540654473105,0.07866395129298567,0.08851920372303913,0.10275681040595089
0.13004735186779787,0.11722857964210011,0.07821027900199137,0.08617687152390797,0.11794106874721776,0.10533363385966987,0.07829851145270872,0.08846182755172109,0.10252377534284925
0.12831161351409304,0.11597068167831112,0.07648084700442492,0.08529004790715754,0.11808368781207068,0.10312005128823246,0.07815516594670475,0.08893029062367018,0.1017902553178743
0.12684446199736885,0.11592551581095341,0.0762500495013203,0.08444735161510716,0.11908704947344387,0.10524596603786357,0.07859269502282358,0.08895158460103703,0.10029095231424322
0.1228994195677289,0.11270197974578842,0.07751407383157674,0.08499208039203779,0.1166386242612829,0.10606766945070778,0.07986037260612418,0.0892949938900966,0.1021265096155733
0.12367548956042551,0.11826667245650178,0.07566042887096557,0.0888509549460383,0.11635351814651299,0.10690259906918018,0.081210759049689,0.08940358202866959,0.10226233270026072
0.12710526222205154,0.11441811980828301,0.077130981377414,0.09556733634085868,0.11637380362115951,0.11101025231016379,0.0821524312861887,0.08956405597165577,0.10127594025518002
0.15597401456068302,0.11853497432006904,0.07569204650988294,0.10372132650260847,0.11219043562040872,0.11652497815112353,0.08329889728963803,0.08975196071037211,0.09987312688006827
0.1725667614920709,0.11588937824615499,0.07484563066572199,0.1023406929018724,0.11410373583780341,0.11241279703840375,0.08357689768763805,0.08970896210782645,0.10199007321647886
0.1253822245092569,0.11653139499507349,0.07745802605847191,0.10028850722303936,0.10791250666606515,0.11031341819241709,0.08370373590150118,0.08968884016230134,0.10181649777167187
0.10720770272165862,0.11461404627444374,0.07469629368346607,0.095571027721718,0.10650384311701451,0.10881911669736101,0.08383462672372283,0.09000615154648374,0.10110808329879198
0.1028372167045617,0.11572799028685116,0.07648176581027452,0.09345933337174323,0.10836302954600131,0.11364742026066783,0.08372822729849973,0.09075706457274779,0.10215948161767799
0.1020389881019582,0.11863291600064017,0.07741623399318903,0.09344715975746905,0.10601046851085512,0.1095804763999729,0.08355602140381542,0.09096266012737127,0.10312009555255207
0.10420976615276067,0.11376742994941985,0.07578348472585213,0.09541425624820099,0.11458309218165888,0.10552972493376397,0.08378840959418268,0.09038296904056516,0.10340915057009852
0.10958958521284799,0.11782414298402305,0.07770235901568308,0.098266823705681,0.11668195363852843,0.10596384187803919,0.08417157176862175,0.09049469885069031,0.10307009615833705
0.12154573973770882,0.11638602282993431,0.07613727439144455,0.10183977936111514,0.1193158625558822,0.10394665740803508,0.08392165338857943,0.0894594999062317,0.10320478926087591
0.13000159615422097,0.12045464700806964,0.0765266331046153,0.10147607837162947,0.12696900130610145,0.10551432640921297,0.08373348174958702,0.08820106252486364,0.10346058535528797
0.14098037913362638,0.11707472990312505,0.07703977738430515,0.10194723333611348,0.1251402769113067,0.10640027002299893,0.08431003897686204,0.08759289236207238,0.1036908113744648
0.15052224180669424,0.11987855084118648,0.07638569258837469,0.10243885222151441,0.1275662185297788,0.10489082165512907,0.0842242073531975,0.08732719119168027,0.10441944636613501
0.15227311619244965,0.12067203071354328,0.07827087206051661,0.10220295167035898,0.12811880574425455,0.1050879534183273,0.08449322065396672,0.08705837563038127,0.10403194051664016
0.1785989025241635,0.12346294265893178,0.07855502627610052,0.10293742186636518,0.12256743063510644,0.10412025178060519,0.08479524225920214,0.08663275649336434,0.1051097784105493
0.17782302355623308,0.1262871758923831,0.0780553026775566,0.10238902907079242,0.12275142583696849,0.10493623776619353,0.08442619869310974,0.08596301521466895,0.1048115485565464
0.17389436662778787,0.12306301471265838,0.07981335700714597,0.10124481338545177,0.12065213819327363,0.10494894814701097,0.08539488475115899,0.08730494085192818,0.10543850653070044
0.16279571145243654,0.12210601426423849,0.07838193638505629,0.1011049506833668,0.11774768894309395,0.10520104127143394,0.08644644136573032,0.08749075450007286,0.10570349165582463
0.15780720207621537,0.12158789535518291,0.0774623042963939,0.0977876126357042,0.11929781741646148,0.10749506676780954,0.08837309182164989,0.08742392829183854,0.10570528555064905
0.14649042025944803,0.12046058142429628,0.07793566057870822,0.09543782027179144,0.11145234275654053,0.10674835120088134,0.0883493316520411,0.08752882536567061,0.10518302537055185
0.14714696793572654,0.12165322189212611,0.0760410093021586,0.09369946484831722,0.11226520977604383,0.10683550090150466,0.08374961406748448,0.08766968618821523,0.10505952364279908
0.14010909553039538,0.12202405740530335,0.07790268730506561,0.09140792751597909,0.11017085426931073,0.1081415658086416,0.08110408661156489,0.08775589814324992,0.10276939237474882
0.13745389756011608,0.1237024069255957,0.07632663197309968,0.09014061068162507,0.10673303048002128,0.10771601824903126,0.07992557055262407,0.08806010953770928,0.10243007221584362
0.13251375890614248,0.12416206403029195,0.07507615408920108,0.09028903859748834,0.1100582934717887,0.1073605552436645,0.08017020843437024,0.08796509850980405,0.10204036021538918
0.1307274196599215,0.12425254368849778,0.0776652939471096,0.08747844825284165,0.10895539578002537,0.10753952678443378,0.0800017882140853,0.0883600495394272,0.10139364724937466
0.12724497990681466,0.12265110083738893,0.07530864234879124,0.08805376828744779,0.10921630362733269,0.10635552779335089,0.08124676493002445,0.08842829893988814,0.10176480371685362
0.12353384967581352,0.12217135987195477,0.07634356938284585,0.09230578293988742,0.11115170814401729,0.10887600121387463,0.08221343243083165,0.0886403836702754,0.10172131017657801
0.1264876312675447,0.12292402449997088,0.07744196650885771,0.0955046957817901,0.10743410718103406,0.1113810317545197,0.08386784367406795,0.08917624237767109,0.10055435992655626
0.14085874966107245,0.12002642096714237,0.07545826281555022,0.10545155743198564,0.11003523138054402,0.11396896014689795,0.08489870714457755,0.0901382473754748,0.10006098854937007
0.182341666752057,0.12155228045116301,0.07722149283666935,0.10015493281590333,0.10958767073248248,0.12220561806588104,0.08572202941083741,0.09014164663532688,0.09950821301034886
0.12867944941914208,0.11923420943773863,0.07609947354316385,0.09645062247808073,0.10363967270611793,0.11887380271501037,0.08597014419512303,0.09003690230563968,0.09944463821407255
0.105697888696663,0.11797244309780933,0.07657069687793512,0.09392677308368957,0.1068386819726275,0.11573551821276759,0.08590010065908879,0.09059662427623127,0.10007873903950325
0.10055671298222023,0.11932938040715611,0.07748886374043809,0.09274083357496854,0.10415835280021839,0.11673317669579757,0.08584212070921818,0.09098534197218816,0.1016654593673546
0.09835763296232466,0.1173291991975644,0.07544217413384859,0.09159268426834344,0.10491355309561767,0.118148089035576,0.08652652155444487,0.09079568951694443,0.10127228265161434
0.10098541509192492,0.1215459182898611,0.07715649968140927,0.09236553809734066,0.10931645355284153,0.11271230387631417,0.08620074026095212,0.09062736888425904,0.10313290801563685
0.10535712010491972,0.116708859820992,0.07709496496948734,0.09703763311559975,0.111292515002639,0.10926974732819818,0.08595852260548767,0.09073439763540864,0.10253971295172216
0.11117734483836171,0.12039779361771763,0.07476320066451873,0.09790990909367417,0.11585960592968549,0.10676958216152686,0.08618914006533335,0.09133397075676622,0.10286338966750687
0.12927236131424352,0.11890836417914083,0.0785585807171046,0.10084206852602087,0.11535551711317124,0.10880833915932833,0.08602612988948954,0.09075527104539073,0.10415158907309274
0.13444331460835876,0.12000790683165334,0.07757332778712223,0.10457783018229351,0.11818626701179376,0.10871476301718563,0.0858521732892099,0.08989828516241075,0.10489617091376577
0.14776764293609132,0.11822177254254035,0.07721919871490797,0.10260002318623358,0.11736093669152496,0.10987472942198481,0.08628618753738349,0.08896065447637247,0.10374999764287779
0.15978074725116662,0.11700356226427236,0.08030016232702149,0.103827684483743,0.11426387570942936,0.11002241491058146,0.08683628539381412,0.08871913806789698,0.10305802678417225
0.17165261037551485,0.12212427465085686,0.07779384406568052,0.10455041093992028,0.11351377131494189,0.10955121631927055,0.0870616772250671,0.08811577042208854,0.10320591221379924
0.18673214460823587,0.12019415028449255,0.0796409080144573,0.10251311583770303,0.11033874871899009,0.1104783514707621,0.08700796470532407,0.08842153433939193,0.10378808899178575
0.17408031664362528,0.12516973401677794,0.07836090964137761,0.098547122533574,0.10717668166967088,0.10939996570973605,0.08711457941199323,0.08830979194928319,0.1059112631909294
0.1669516353864078,0.12166666704120024,0.07707184080643203,0.09848516338044719,0.11066077987140839,0.1089386132445786,0.08736881878549746,0.08828422187590478,0.1061197630451893
0.1461119209590868,0.12164592097714283,0.07967232643670516,0.09349727315214672,0.10568026559882741,0.10974298017311378,0.08824502756421615,0.08808454519676366,0.10571863714748256
0.14185076082709633,0.12089106767682084,0.07585125140199306,0.09336878232714248,0.10615707995926088,0.10839145992875407,0.08991339677722268,0.08813983939975154,0.1046581267762433
0.13794884752050607,0.11993007707145326,0.07732892771451982,0.0926758114950401,0.1062406576575589,0.10913419388789501,0.0907543825250258,0.08839143840252454,0.10308210979038343
0.13339718764715405,0.12042840824586425,0.07815979403561048,0.089151887579764,0.10280954426021881,0.11011899072974765,0.08789568251197603,0.08929201592401659,0.10278289620330862
0.13218850854430841,0.11712662398811068,0.07529367560687326,0.0896431064460475,0.10496493445683658,0.11000794385766863,0.08576499890601881,0.08868212642813739,0.1018010773545013
0.12649268560457336,0.11811717472712636,0.0777693014131067,0.08884821317646462,0.10188857612201623,0.11085583582710759,0.08441680519972175,0.08869411031739934,0.10247637478893333
0.12670354038989973,0.11429522925689244,0.07695219669793038,0.08761826115961606,0.1006703398149219,0.1084425257075448,0.08356211089417956,0.08897408020151856,0.10170979399270443
0.1231254730253914,0.1185378192548732,0.07639019807095368,0.0880746643259111,0.10242151413458558,0.10820524695838725,0.08316142497319,0.0892907292208023,0.10033506531583766
0.12390660963379056,0.11835972083158205,0.0778240052012169,0.08872463029981938,0.0995651911620741,0.10914214767616097,0.08339404102129334,0.08972150113462693,0.09953457505407977
0.11902349391944857,0.1144028785538037,0.07534196342173824,0.09390724024919901,0.09910302637831755,0.10822285616557425,0.08356162486783943,0.08919096693127138,0.10023493136772377
0.1266566189499588,0.1112637490223498,0.07716570622028318,0.10012377000381217,0.1010437817680267,0.11047716528373919,0.08473322298370768,0.08950472603804,0.10067829200218881
0.15349832821167594,0.11134166555292263,0.07671234860995475,0.10566111385315205,0.09918421387592669,0.11517525573045283,0.08480888582664223,0.09047688541532548,0.10149971069959315
0.16314161465898686,0.11376632622344592,0.07515969139814636,0.10383831004040574,0.09988146729573943,0.11459056658721725,0.08586093801029514,0.09058959235180036,0.10076369575386127
0.11572664858809366,0.11424820960535484,0.07769403900767731,0.10238419877659316,0.09902578107361518,0.11267204980875277,0.08641299945112901,0.0899313791115609,0.10094724864311598
0.10117739826000802,0.11336822997512251,0.07576230918819614,0.10076027294814484,0.09908168939823002,0.11197288670636821,0.08711474744839462,0.09117033357977661,0.10133217770859207
0.09626068791957454,0.11569831287822305,0.07600053374165759,0.09999247382954962,0.0992497387030258,0.11562465873670674,0.08700015998306423,0.09124202109556682,0.10129369190733259
0.09653042988788028,0.11776210870727148,0.07726104765051874,0.10512769972167282,0.09898277032382673,0.12009016333192166,0.08743545783415803,0.09089577188993264,0.10016636937060824
0.0988792318968529,0.1168549866961732,0.07546252645291693,0.10121236355106303,0.10115901198228988,0.11455521700754406,0.0872352963079025,0.09131072923207602,0.102082176561644
0.10316006311019445,0.11862790350374812,0.07625866825571923,0.09690536588658384,0.1023952890804796,0.11213462329291748,0.08713687538231599,0.09156780213857972,0.10157003637070511
0.11035334333975469,0.11817719404040045,0.07637606628645167,0.09216123145323565,0.10382456619321681,0.11094244311899032,0.08711012734932647,0.09111741965005643,0.10234783547226595
0.12323711106610621,0.11916022110211398,0.07477076562540563,0.09108725315012932,0.10747506866902738,0.1093457344821486,0.08727372550564053,0.09053523269374836,0.10177515273080846
0.12719476673072627,0.12048815735785597,0.07805088423249772,0.09070435505409534,0.105186808261537,0.10881781340654903,0.08721715213275873,0.09030248861729681,0.10127234773446755
0.14122009706344363,0.11661341637574385,0.07599063457759021,0.09235111824417491,0.1053672419048923,0.1070915920647234,0.0869426802282285,0.08915150716448583,0.10271868450525419
0.14976478877581056,0.1200646817142666,0.0777681849554309,0.09234087702047405,0.10446231333925836,0.10791781772635262,0.08745826508384283,0.08908292020721571,0.10391241329767294
0.16382135719433646,0.11969320907447979,0.0810159713097476,0.09230273859484174,0.10167612225355895,0.10667701255797236,0.08703594767532516,0.08817083825662779,0.10551453718085839
0.18369021085330686,0.12505105324712468,0.07573896669528209,0.09109617914523074,0.10316645817379155,0.10563932574538851,0.08707713302981349,0.08836876433208606,0.10421936987832499
0.18228360843325492,0.12507687183507749,0.07873265542632729,0.09051413873315645,0.09888928312477835,0.10825470474917812,0.08731999827516818,0.08813133448825534,0.10286930435068219
0.16689935234010525,0.12198481230183392,0.07684318400300483,0.08980357370237099,0.09742442964335646,0.10708838026724779,0.08734208494491637,0.08868476353719114,0.10282611055014301
0.15646739831727408,0.1236736861781834,0.07560653057812071,0.08784874534195067,0.09957994805836118,0.10817888903883813,0.08940995824605194,0.08887809232242774,0.10426272549045484
0.14335643232688045,0.12052157952508652,0.07744898114405187,0.08679920716225027,0.09697455158312968,0.10814448085887547,0.08891770995750142,0.0885797162059798,0.1044012555190084
0.14411786614222466,0.12087368082615145,0.0746842577564929,0.08528850734276627,0.09651762866094935,0.10830805990728384,0.08523610985402866,0.08893230437033864,0.104319625051853
0.13134875013225472,0.12076623846612745,0.07604259228098945,0.08435859795492913,0.09618782676176951,0.10883432521605389,0.08238104186278465,0.0886532438229631,0.10333411073582713
0.13553403321073768,0.12135143102703566,0.07578618728898238,0.08323634411963264,0.0943421172354979,0.10733680165855902,0.0812460723220348,0.08911756197616598,0.10155928383878307
0.12531276025450677,0.1224413811938753,0.07419008839247637,0.08338201128976044,0.09387451942294733,0.10646206109007418,0.08131156915458355,0.0897205996243504,0.10145430370580147
0.12565084338870922,0.12233505557255836,0.0761499354721258,0.0810968079318809,0.09358747724987186,0.10620179272364326,0.08111290441334612,0.08946843771528232,0.0997466198143146
0.124931121751932,0.12156000601430865,0.07567560481490619,0.08204970292319354,0.09474573307065466,0.10549275349852381,0.08255995358915628,0.08934098787446815,0.09926401752621122
0.12037088957207527,0.12241101350537521,0.07501182667665349,0.08586654120846585,0.0936292199104525,0.10733476633361236,0.08376744162983064,0.08966389838638836,0.09833714079586092
0.12245741914789049,0.12139834279582379,0.07687572272015224,0.09142366771979765,0.09241281683528993,0.11000771628269154,0.08556262696450032,0.09099828929015344,0.0997665648687361
0.1296501752282102,0.12194985347633301,0.07458824111656044,0.09964691986426533,0.09305736148808469,0.11354556761811704,0.08620722746460013,0.09006923717017876,0.10014768426337813
0.17362826017827562,0.1187475687497362,0.07583312247386427,0.10523358568269688,0.0915546828981178,0.11412900059929365,0.08639905138621239,0.0905631535980054,0.10154333694121481
0.13841233705129916,0.12135308865265959,0.07538216572101392,0.1047651823784314,0.09133612464940406,0.10921710290518577,0.08614974170138802,0.090213819848552,0.10211002261757576
0.10869274754197356,0.11923445962731732,0.07440961094434241,0.10340342233476243,0.09120799486288875,0.10922181192494007,0.0864599285523419,0.09013636729743954,0.10119016437062286
0.09927584527793695,0.11588740483313978,0.07677688956825346,0.10245475821269666,0.08953644346741738,0.10987824676970014,0.08553563504465414,0.09108800086513319,0.10170102950871167
0.09641585735347037,0.12113422128188965,0.07459811071606214,0.10243747107996184,0.09195753915086184,0.1138064525286383,0.08549838174389562,0.09177694958132826,0.10152218850363194
0.0976733892352203,0.11661982154405232,0.0750507508909859,0.10277723798601347,0.09148874481258422,0.111872201801672,0.08485109991810272,0.09138688475528427,0.10082423199636752
0.09971279626907625,0.12140478528705798,0.07746007901488022,0.09879345945555894,0.09461880816897468,0.1081555093391049,0.08535735521124994,0.09112461417527913,0.1012752946691066
0.10713587451063372,0.11624695543032368,0.07484860157260333,0.09619971304452449,0.09806362256221836,0.1061775903345066,0.08568254627795455,0.09149751050398736,0.10037871199331211
0.11494205882942775,0.11814839194236063,0.07690802865548603,0.09288087877249705,0.09742957357746974,0.10676695009193021,0.085388732741092,0.09050695837699069,0.10023305203453665
0.1275313563466463,0.11707182244143716,0.07518387387967808,0.09085440644949336,0.09971955103583954,0.10605932477999633,0.08551041012290417,0.0899616117942135,0.10065666421640944
0.1273693065566234,0.11491439495109576,0.07538269932625251,0.09021234583212719,0.10082921045028745,0.10535824213639493,0.08602289841597882,0.08974559914906281,0.10156882270921805
0.13875143461297745,0.11456442541222173,0.0775838653367612,0.08852696929583316,0.09820342822348291,0.10536014507896817,0.08636512256926036,0.08900361843473227,0.10155937184108703
0.14092426793422846,0.11736891923062305,0.07395324352431304,0.08700652204540232,0.09809177558535277,0.10401144034815876,0.08636774772176001,0.08824030996970071,0.10274131630115035
0.15539835951809844,0.11814239345244233,0.07730967023499136,0.08629708913858329,0.09588062103032956,0.1035611620845276,0.08652957609978017,0.08791643675421731,0.1040283165421425
0.17318033966172566,0.12199133096703291,0.07714751352211796,0.08541815637308373,0.09479083843202078,0.1009872185043449,0.08655807967550483,0.08827896631996719,0.1026062983057907
0.17478809004762086,0.12332698346804499,0.07454462377140855,0.08595153478428909,0.09413643158067232,0.10142686032411552,0.08684050993081842,0.08823765025773761,0.1037629685835863
0.1568498860020579,0.12278277838403345,0.07821674573388122,0.08490531227982094,0.09218487914596508,0.10221476632856909,0.08740149688076355,0.08819398601050613,0.10282216199671931
0.15406854701584816,0.12226257464353021,0.07598791959342303,0.08465373269341511,0.09287076876324554,0.10328856728651074,0.08950885700077718,0.08810163540693818,0.10247386819806774
0.14618588453100173,0.12306062571693932,0.07513805078859519,0.08417358197157816,0.09036923377335347,0.10497466421400609,0.0888897460283856,0.08788326059460734,0.10385122630938413
0.14135833682173382,0.12345093924424748,0.0767963836878415,0.08396967068671175,0.09031660198798754,0.10537566184802148,0.0843728273916928,0.08891238505588978,0.10322766853101828
0.13153389642949972,0.12240105515262002,0.0737750238150672,0.08384720871558585,0.09186637114671507,0.10769731359487202,0.08219563208759365,0.0886429292218697,0.10117554905849738
0.13155440834925963,0.12194992126552569,0.07545435521158118,0.08355012592510225,0.09003031171923838,0.11140545266461212,0.08119699548889048,0.08916915729632013,0.10063355577959571
0.12486528364916909,0.12130801558846176,0.07497670283440605,0.08248051824970722,0.09003043334854414,0.11217651173229441,0.08063040900957617,0.08902080132994593,0.0994907721405548
0.1241851887412701,0.1207997371621301,0.07303518368810205,0.08247749113090035,0.09131250511890564,0.11190465584588437,0.08064950965168641,0.08983028845964446,0.0997869666872847
0.11847369407900761,0.11771774275607874,0.07695474328926377,0.08277062406633381,0.08955855694907154,0.10956981973631358,0.08212201860705014,0.08992926903507734,0.09928944078376971
0.11816603253136598,0.11879602599616852,0.07339666331277497,0.08826500953483761,0.0909510350640633,0.10668115854993021,0.08275786499605528,0.09010538158910092,0.0997612246990544
0.11955199585474183,0.11782861568050394,0.07453261868230651,0.09519886952580187,0.09030062568691129,0.10719401881094694,0.08458386022636928,0.09031582734071028,0.09953887188159281
0.12820147573538143,0.11531990829409507,0.0759204706874865,0.10075702148238985,0.08935469995482088,0.10811591210231457,0.08504768872067879,0.09091995141870005,0.10011769111684224
0.17252436847300542,0.11626333445292344,0.07298786082017854,0.10437947327019073,0.09083298105387491,0.10240488492639761,0.0860995744976721,0.09073591929357377,0.09889299661237967
0.13635627305563988,0.11114717435528822,0.07538411519338357,0.10227671205885924,0.08830866741386634,0.10249192508852652,0.08645801763952846,0.09051255223006359,0.09965174941776037
0.1092656541362467,0.111773765490566,0.07460234493217856,0.10019259542847794,0.08955429486054478,0.10378170362619407,0.08618038705958449,0.09098789826470598,0.09875883549911173
0.10124071377331958,0.10981387301456048,0.07539227021037152,0.09728526468599634,0.09011479635056872,0.10795305642100522,0.0860448783848724,0.09167976904156214,0.10082760728761225
0.09899917888821633,0.10950006268512918,0.07696181073325022,0.09990283420154668,0.08946133490981868,0.1145632048201659,0.08586223285046093,0.09165572036806864,0.09856861166433935
0.09867814224734987,0.11219230720983542,0.07487727547408148,0.10105147596311782,0.0914604170689374,0.11031210852354109,0.08520500356254772,0.09144609066231843,0.1008029383388078
0.10213134863016318,0.11128166119239359,0.07666688504627,0.09975822085739812,0.09270152781578835,0.10597993155568837,0.08530874627302586,0.09186640992928431,0.10027478261285272
0.11002599488628227,0.11293772007765765,0.07669420577222708,0.09520771259492167,0.09421388943707995,0.10251642310546068,0.08533805223186526,0.09087862451798524,0.10052911601516377
0.1195216748341334,0.1132823157455749,0.07416340429985512,0.09423464957609998,0.09651080731519449,0.10200140963780586,0.08538844647123575,0.09024482123099242,0.1011950145951147
0.12917978112000628,0.1122054818903327,0.0777645325287304,0.09135073178532602,0.09771158849776343,0.10024946011651886,0.08524035623527054,0.08967023808574434,0.10114397275522793
0.14185981091205804,0.11118673443791217,0.07616605755469089,0.08939709006926656,0.09852848327985644,0.10054664462594347,0.08539952430319053,0.08918923554482448,0.10215215715800074
0.14360371576214995,0.11001465023791707,0.07560800575155215,0.08862479290352562,0.09770500997862694,0.10268522238830939,0.08606308871284495,0.08829407316983101,0.10242504435416253
0.1694912841701953,0.11271772813377123,0.07809257340177793,0.08688821352791963,0.09651049866940377,0.10349218961891253,0.08619151193680584,0.08805381366951169,0.1029283968191534
0.17154073315228172,0.11507654899268206,0.07536485023783109,0.086149535591939,0.09418086756737044,0.10615248136675123,0.08656589944739897,0.08804239613054604,0.10380909193588539
0.17919477245148702,0.12322172195247559,0.07690802024660856,0.0855119782738734,0.09212014572057425,0.10613669611777148,0.08669740072329872,0.08838622541091565,0.10438917605090077
0.17107292102338906,0.1216890459841504,0.07576869044756339,0.08494770864284404,0.09283133905412894,0.10590305726208955,0.08744950118965768,0.08848638713997356,0.10480523583359713
0.15528076976336538,0.12530969244262924,0.07385861341824394,0.08423578938347351,0.0917305614858505,0.10446155985215314,0.08826823055171805,0.08774923510264636,0.10413479848907131
0.1450672240824762,0.1236002293977738,0.0777457180633484,0.07969012529486877,0.09139828210916552,0.10121642200860609,0.09002528341867426,0.088251382118964,0.10328675017001761
0.14111107619199847,0.12531329064675242,0.07440032801158468,0.08050762457411312,0.09197217994782174,0.10009295485976756,0.0874859757241449,0.0887391314346321,0.10218454534979451
0.13858993451393511,0.12584410613366512,0.07605308105310411,0.07917426288980929,0.09093466905797272,0.09883900736369598,0.08354146481018103,0.08890832127768043,0.10327174623882082
0.13214927586477487,0.12256405934853366,0.07755683547237906,0.08028559751238035,0.0909252604279055,0.0987563025628777,0.08133409808755261,0.08846362297966799,0.10184351454260947
0.13188700743526463,0.12022686659517987,0.0743788100204233,0.08152660694650363,0.09067447239150683,0.10059984981656853,0.0804904945227628,0.08880626469770608,0.10234470745388113
0.12841973014166944,0.11648426797909238,0.07675343013966116,0.08202860077658401,0.08887263245645328,0.09989056425982815,0.07971945767687025,0.08915848088538585,0.10099648041227562
0.12526259454383007,0.115475679403355,0.07467179069887528,0.08485061048145602,0.08905033712612553,0.1010591152782939,0.0803564079855842,0.0896267582998082,0.10090470496675927
0.12412527384708212,0.11221449111606441,0.07483432367632717,0.0873962658052642,0.08786929689286853,0.1042705089779385,0.08134511307955276,0.08924805043269976,0.10137956313535008
0.11941173709114813,0.11294343702874203,0.07665646104478684,0.09433685929343087,0.0871565418017285,0.10813258772291795,0.08292721174870499,0.08894138180299953,0.10053347125554521
0.12864977171620065,0.10776808246390084,0.07329794476304559,0.10097490394312265,0.08829774576204827,0.11148235730594064,0.08486989340523356,0.08983255551890608,0.09966600480587295
0.14801461480342698,0.11163461932219644,0.0758017446219823,0.10346164543610827,0.08916931854237443,0.11564617575120141,0.08541318371286702,0.09051772601269625,0.09987526389772933
0.16204023978812235,0.10562238154106188,0.0760042077077725,0.10325450884612383,0.09022282765320148,0.10804779385848386,0.08530859674151628,0.09020476866209709,0.10063321404523475
0.12059738708130388,0.10569106355794844,0.0738989572157509,0.10243868170203896,0.09135602330652462,0.10726594555588236,0.08531969850590594,0.09083629433678321,0.10108164833537588
0.10558234348129533,0.10474679829804016,0.07800311094331076,0.09788253472208974,0.09237119616851075,0.10802328085795206,0.08500590978362954,0.09051010027187514,0.10191907030713643
0.10095059443538257,0.10437374402065065,0.07590158221708106,0.09670080505728906,0.09217735463532284,0.11385152796350295,0.08474945045692044,0.09101472406967132,0.10135272310813044
0.09979150246685593,0.10474273528187304,0.07492072323947983,0.09352333463023588,0.0914962309849054,0.11182418157524264,0.08437464706280656,0.09113351083755579,0.10167870165229742
0.10167496207552504,0.10382627047334794,0.07706290235123682,0.09109489918045852,0.08865935583024925,0.10885795863684908,0.08375721343676258,0.09149916498796928,0.10251142955044298
0.1068110843935168,0.10587198441173008,0.0746987249604928,0.09043843316428592,0.08855575062679283,0.10837432072393174,0.08440089232535213,0.09038615825513042,0.10241962549362685
0.11723959288259142,0.10505764920587952,0.07639631775305085,0.08907598424487914,0.08688897665464021,0.10834968108998962,0.08430377423677204,0.0903342582120258,0.10251847713296834
0.1282131326018007,0.10630606755278332,0.07543820100053404,0.08835247660098948,0.0884782718984023,0.10655619105013114,0.08420625408357042,0.09015417300113998,0.1020312089571215
0.13698274098356067,0.10492154135787153,0.07487655765841411,0.08666768836429282,0.0891326894573718,0.10603629992886593,0.08493848636401265,0.0891933848050493,0.1021364933807651
0.15194003572937267,0.10598510766771552,0.07830932790221512,0.08402813673795997,0.08912473427878448,0.10393364037846357,0.08463892231920674,0.08808531969836657,0.10314308462175957
0.161483990407446,0.1033880809917166,0.07626237663482681,0.08407238683798038,0.09177734952700276,0.10267556138395473,0.08539429458748313,0.08801617707115092,0.10326172303834648
0.1733207900720101,0.10757542830404328,0.07714669226160202,0.08361013733020037,0.09216551321372282,0.1036992994645291,0.08561144919215476,0.08778301176525338,0.1038946976435093
0.17842797684750827,0.11198299883160981,0.0789315742804277,0.08221913830936146,0.09286049068901774,0.1032271814906975,0.08624261686055511,0.08746547488748369,0.10437073764689928
0.16777977064722305,0.11418975053913301,0.07605067658389958,0.08336119945516,0.09278675406247937,0.10546371639023779,0.08621227668417038,0.08828482198302434,0.10405768670154754
0.15476533333722098,0.12436939040687137,0.07736897633926978,0.0818455971844597,0.08971410360661311,0.10675843547710125,0.08644314617231497,0.08779230326588543,0.10275000272803834
0.14180659275779556,0.12503318254146284,0.0768794234757845,0.0821361127274317,0.0891777805309498,0.10778884106613862,0.08756876110268536,0.08808788474707976,0.10178186622425692
0.1419818410960801,0.12308284704204465,0.07535462006021912,0.08095239672377466,0.08726779223758709,0.10853305278587187,0.08943590670750781,0.08799488924967111,0.10172690183961602
0.1306104524722624,0.12187879749583756,0.07792511355398074,0.07990698702973793,0.08464414204489888,0.10684314068871069,0.08692770249131324,0.08853685418958722,0.1011331170046479
0.1315557863348469,0.1172144988972749,0.07437837189635925,0.08019451700545996,0.0862786270164377,0.10800599504493888,0.08367070962714691,0.08925946215102683,0.10255199081290106
0.12601231082051942,0.11615914866862662,0.07573550998066872,0.0795621087258486,0.08508536273630864,0.10635575653365761,0.08211311221762628,0.08893977978818786,0.10139693909981015
0.12423164213837712,0.1138189877090688,0.07767745294902496,0.07925699030551922,0.08525418798160325,0.10463322060000141,0.08157920227136393,0.08913866646451636,0.09898773239034497
0.12388890205676102,0.11128579063444803,0.07384554097401166,0.08059832113327667,0.08633209857846785,0.1059431801070834,0.08116066219973027,0.08931409618348488,0.09943649581975131
0.12167087340054288,0.11309355485688259,0.07762242210341841,0.0814198379693207,0.08712590678285397,0.1059483645493731,0.08133454633724847,0.08910155103773773,0.10026881019926749
0.11971718155262799,0.11143781019385857,0.07655008205396918,0.08471673765798754,0.08787006325722788,0.10752613363588018,0.08240577310753805,0.08982651763367576,0.09895707075483684
0.11983644507069248,0.11099153634888044,0.0751661645410827,0.08998522960119118,0.08791914226320484,0.10986300143878115,0.08391034702040594,0.08995800581449523,0.0990532673658351
0.1285321503623215,0.11472083876493207,0.07745985130327873,0.09306948379385872,0.08769243218903154,0.11280325548733479,0.085976616857679,0.09057490843886636,0.09993297510067713
0.16015218886136912,0.11004910387061356,0.07487828419464858,0.09801487374311016,0.08724696507197506,0.11536055950632156,0.08689556880183293,0.0906441961502839,0.09861700403947994
0.15173151721218484,0.11315490631267246,0.07634822153015977,0.0983650983345116,0.08745710193406343,0.11247830372291874,0.08629246763646513,0.09097035626879188,0.09845867944837815
0.12349067184232454,0.11171402714420224,0.07694102066040556,0.09934793857970448,0.08648934341736607,0.11073426003648384,0.0868231487666455,0.09039762535202969,0.10045789802946846
0.1076122592420931,0.10991351247513916,0.07470764812872356,0.09920057814083136,0.08672870262377841,0.113425648781219,0.08599216500122749,0.09070634891335248,0.10044992000095053
0.10706373892765447,0.11296518974738655,0.07721733139230456,0.09700109530433879,0.08577488701391697,0.11592564409385549,0.0857807343492204,0.09180145203613783,0.10006529920427375
0.10520510434130562,0.11127944546417687,0.07572421615911815,0.09672346260269077,0.08744877305843168,0.11100770307925649,0.08597847366413541,0.09144946285125286,0.10041153851628473
0.10871432202357763,0.10952859034329063,0.07519806233303238,0.09474305909649336,0.08903944610416793,0.10978433018981149,0.08591514649728116,0.09161856711177072,0.1004142008981396
0.11773558652274534,0.10939334039028217,0.0777091704616745,0.09248202742885962,0.09139928797460352,0.10808819715721678,0.08548507934310019,0.09056355088226029,0.10186937020231614
0.127348805830944,0.11085930585639431,0.07458974666666829,0.09161951347327728,0.0943975761230639,0.10778413465398982,0.08512644211323996,0.08954522179096311,0.10031998367460719
0.14655860928446815,0.10949997042819506,0.07614321528552502,0.09004682332091525,0.09324102166160554,0.10745848381082145,0.08488345903226278,0.09005252266576448,0.10092042406297856
0.14786075868330117,0.11221349732706595,0.07741191921820129,0.0869393749404132,0.0939155258973901,0.10629026112316,0.08375656585414236,0.08869757447476226,0.10259298488137143
0.1766781485938696,0.10947581685674211,0.07600425346046968,0.08453173474720801,0.09412698643585342,0.10721079221787579,0.08425469322385838,0.08832151313303994,0.10253807800876288
0.18505989556416996,0.11422555953186661,0.08039533600726162,0.0807353810779622,0.09186868633072338,0.10687586522855422,0.08403090757243158,0.08864068344849847,0.10160657393966757
0.18453189772004608,0.11765175040608315,0.07764143651001087,0.08002845278000591,0.09222241808726231,0.10615895139672245,0.08440689310055664,0.08798827584817319,0.10239429754908758
0.1701620417276324,0.12172900761795026,0.07631007282585937,0.07829423236683812,0.09125534662949175,0.10576065325445094,0.08512413164706528,0.08790035014136362,0.10290900681518099
0.15876234630763264,0.12589900468159962,0.07976586659381267,0.07875859369612623,0.08868758408848118,0.10521297432743028,0.08488112155669279,0.08833629676466034,0.10289213720737915
0.14835991755475803,0.12652001442822663,0.07477704390860922,0.08022014485689859,0.08970705172191953,0.10661163063742811,0.08648522693807303,0.08840532108705636,0.10285027870901786
0.13814663641453667,0.1269640850134824,0.07730003004925605,0.07940897470183925,0.08799962560032809,0.10648107395794393,0.08859809437763237,0.08857974611211496,0.10336800486288533
0.1334651963561817,0.12628592943149125,0.07797898199248741,0.08100428723005011,0.08678935463851904,0.10745672256647129,0.08707523890967664,0.08921197027391632,0.10145651588869327
0.12714641166583415,0.12405423979696997,0.07506506219410573,0.08211070569226596,0.08623156263268227,0.10891931963897776,0.08267561520765507,0.08844190715648705,0.09958857114036503
0.12414518925227315,0.12307612815190014,0.07782342112751864,0.08267567940683751,0.0839319256182937,0.10836910029955388,0.08031716595711723,0.08865191150124731,0.09959377570724187
0.12259509119729098,0.1208801543422361,0.0758048462883263,0.08376203492306605,0.0848715089134101,0.10782092086136902,0.07963681954800068,0.08895841667269645,0.10065168348136273
0.11993902559728854,0.11847391353305951,0.07594050632033235,0.08347685424823179,0.0843107454440085,0.10794123117263209,0.07953793223408859,0.08882819850794185,0.10089700646884091
0.12021538350467807,0.11923808752307975,0.07804250831670914,0.08463442435400985,0.08468090745490348,0.106560103213325,0.08017786118067426,0.08936128718003995,0.1001624609770787
0.11662576441864655,0.11768621122770842,0.07399898986603196,0.08844286574571988,0.08553621883980762,0.10721922095027396,0.0813976594626562,0.08940790959102486,0.09870878589839802
0.11925249034214701,0.11881424601244443,0.0772664570740056,0.09094605909584465,0.08478172216621851,0.10883716347833566,0.08285268696445452,0.09018901555870604,0.09879650232254501
0.12060735867489898,0.11660506506058879,0.07644327444552546,0.0980046197362831,0.08588470483001323,0.10960834578363163,0.08496305702387942,0.0895430175601842,0.10020700815491505
0.14762257997765973,0.11962313599118173,0.07432633547831491,0.10084324057946517,0.08610649248301609,0.11427583944125762,0.0853004585555273,0.08849419725335181,0.09932134712803421
0.17477132536741555,0.11397377681969457,0.0785262494415382,0.10191091304543025,0.08675621842487172,0.11797443329036891,0.08595434040315325,0.08958186149107007,0.0987173371843922
0.12688186477366695,0.11701565166011019,0.0753945210312275,0.10046608108882911,0.08686601365432979,0.11622644718792384,0.0861894225558594,0.09008365419306001,0.09813707025819539
0.1071146069804833,0.11375773264079564,0.07624860218195624,0.1001210696803575,0.08408603557630889,0.11493975433803542,0.08581513034662189,0.08979800742192785,0.09853459601361328
0.1029233247308935,0.11477252287454315,0.07769307901997684,0.09877668543386403,0.08503902793480267,0.11701178697797728,0.08493295036206182,0.0900432233024517,0.09763398321546388
0.10096357967331254,0.11762895201205323,0.07471318601566715,0.09830024515838266,0.08604117519584698,0.11658916028695207,0.08434556295846307,0.09070263387432392,0.09787679096075454
0.10331251049400643,0.11416929610018145,0.07805270929722906,0.09755820637560121,0.0842413675221127,0.11092238882590401,0.08364878972571989,0.0910994086066321,0.09861654169040467
0.10812196232638621,0.11639546251091772,0.07699518824890655,0.09374155746746299,0.08663216390093377,0.10802896636047206,0.08334340229432367,0.09039894854913766,0.10029137312030689
0.11995346262325422,0.11473791754908405,0.07495197711502241,0.09093949512528729,0.08775737099640617,0.10571842430352414,0.08288261861771061,0.08961041763152336,0.09959067506370835
0.13160350820927155,0.11932126022717712,0.07913053096453726,0.0881806865647649,0.08740704026859514,0.10357356784526395,0.08347085918075499,0.08858848981317587,0.10019895521736326
0.1484124958481883,0.11357038142976819,0.07487712076737613,0.08865832555837941,0.09092805597448843,0.10385422510163325,0.08314804914427164,0.0882903659067637,0.10073260306327773
0.15822324468905322,0.11749229997906145,0.07797090457438274,0.08531665638934038,0.09037006153754074,0.1046705280618655,0.082989749013407,0.08860621806129103,0.10045972920244199
0.1780220387195364,0.11358778012630666,0.079701001512686,0.08607505699285614,0.0903133909589238,0.1057806697779683,0.08372842548634753,0.0881215715746164,0.09955676905076831
0.1907153445587437,0.12032159809424287,0.07639400474911368,0.08557531188825292,0.08953237359772474,0.10855747505335629,0.0840766105071637,0.08755121373937629,0.10112916290763431
0.18084069328462718,0.12289189515616437,0.0801424981953414,0.08594576872460517,0.08736371861159899,0.10892681725143583,0.08447065319339217,0.08780660986867828,0.1003806193867562
0.16560411120817592,0.12409341963706885,0.07689300679872331,0.08634108807464261,0.08803493073311616,0.10867555637526219,0.08466025319920209,0.08791546041040087,0.10164072282012246
0.15186492190786932,0.12471066840923987,0.07743681547787548,0.08658008020630617,0.0864290591014317,0.1075292600506913,0.08500809380645852,0.08764754582917378,0.10286920645061293
0.14671634855078472,0.12328071949835488,0.07771117507421264,0.08718902366955716,0.08576699683049495,0.10470282527763737,0.08654858077038215,0.08782934395661794,0.10494478250707809
0.13406612080333266,0.12272306645973001,0.07572981371961415,0.08554873508052355,0.08618893952563125,0.10349977336424582,0.08926075775442402,0.08801484602833562,0.1043957648450681
0.1334989199968485,0.12256880367215617,0.07729479955984353,0.08419686824439894,0.08495123747169456,0.10122328417567593,0.08737700877167452,0.08776645528484515,0.1040042443622748
0.13002139097467047,0.12391385998623189,0.0764721559648417,0.08418358136803923,0.08595891533734026,0.10112097704609598,0.08318388984237288,0.08812596453159659,0.1038489791804025
0.12346928186848401,0.12392896627135642,0.07517832245524635,0.08249524878228691,0.08495057153606346,0.10153286778506208,0.08096398197316912,0.0880282143750731,0.1035283809358517
0.1258648820813639,0.1222777739584892,0.07800512147078531,0.08090336844128565,0.08499980970937432,0.10123933425779938,0.07928488365436213,0.08879796897092514,0.10192041484299454
0.11944103911354614,0.12370616817953033,0.0758943600329393,0.08338572471655288,0.08583047399621391,0.1024620956425226,0.08005347436958216,0.08894758521248282,0.10147135454010907
0.12372929482886273,0.1227330322612199,0.07610056699561507,0.08524945014970582,0.08401603928207199,0.10426591797714031,0.08009477982585365,0.08911042473346545,0.10189393913409668
0.11815943979026346,0.11938878245582746,0.07797298425772854,0.09384066756492299,0.08405423311453868,0.10783941916432133,0.08086141900233579,0.08971956738227826,0.10104882064594105
0.12144477989305194,0.12177802173624898,0.07514809530177793,0.10159361095016224,0.08383718458680633,0.11091057038322076,0.08262906569834233,0.08994886591511791,0.1006853340471576
0.12949464729214108,0.11805124569229034,0.07782571012166108,0.10400171357922754,0.08232645330955998,0.11253420976818047,0.08442924025755529,0.08943107348801399,0.1007536387506213
0.17356153047009543,0.12066781436050572,0.07574461845663942,0.10099816341593217,0.08293966537415286,0.11360176326146319,0.08506484675390569,0.08974780909995711,0.09973699695393767
0.1374636595669141,0.11737121055122032,0.07539969396897456,0.10139421721104729,0.08231661685270496,0.10859479853486767,0.08539090006075069,0.09064523655938785,0.09980796331947978
0.11125769537392055,0.11786509095932468,0.07805730054460677,0.09680419345116166,0.08149096124731348,0.10558784297062236,0.08470555402775919,0.09042461288630259,0.10101242315938146
0.1006847158104012,0.11711609592518017,0.07523746991378331,0.09613718355935374,0.08182438037059177,0.10757030912011306,0.08485431257517977,0.09069475979427197,0.10135541921038342
0.10028389122329529,0.11519522549521391,0.07662177394546028,0.09919737125901562,0.08152496613344677,0.11293547972287742,0.0849636644616937,0.09100353263857097,0.10068239387149158
0.09910227944630581,0.11770714507824528,0.07890856786729672,0.09884887029254422,0.08336883479606613,0.11147377462065047,0.084638816246942,0.09168538262152294,0.10005537333760112
0.1028302795018014,0.11400094632880109,0.07520411565691837,0.10042316293357424,0.08310529921644368,0.10890464652883969,0.08449941859525097,0.09114854432782725,0.10157877920980608
0.10917200315719687,0.11188939905531359,0.07852519124785806,0.1002183524736241,0.08422621160519,0.1073587620082042,0.08457203148442655,0.09029409128260808,0.10288952366407232
0.12004519986168768,0.11469689597993363,0.07675862170369123,0.10013267656579612,0.08597715940140481,0.10634047005473987,0.08475175391901527,0.09011004498638223,0.1030456863728368
0.12968178229218852,0.12023918381210384,0.07658318865141889,0.10050656986557087,0.08570877759201219,0.10547750667823967,0.08493442473131163,0.08958001828886625,0.1039632001304371
0.14258090272141158,0.11680389951600904,0.07856922428457548,0.09803032520889779,0.08618298372823256,0.10287203582576099,0.08508004878687195,0.08885883578910139,0.10465562626535699
0.15179182140536437,0.1160839023918938,0.07601559037730324,0.09245885256822219,0.08612511628606631,0.10100701292298707,0.0850092034218725,0.08848024674169978,0.10380507431385884
0.1775066399605273,0.11441021379523211,0.08005957155062494,0.08950581058208623,0.08466917560054295,0.10082767070694706,0.08523704148133447,0.088145095954424,0.10340188442152941
0.17747860414311145,0.11473475677059553,0.07841719872550608,0.09375675089631741,0.08342344072289527,0.10033353452105438,0.08537480297619343,0.08852933559881429,0.10421072972816978
0.16833318376288497,0.11929691731396487,0.07729823106898866,0.0949259436584202,0.08319905113391672,0.10301037371139508,0.08488691206189501,0.0880509854515401,0.10451276723905856
0.15833065576965938,0.12238412552529453,0.08036733095048006,0.09645952507495337,0.0822551100223054,0.1033114447747937,0.08548227423337902,0.08765890214519542,0.10524349706984268
0.14816404812582704,0.12576840338012074,0.07722952952278006,0.09911742911078236,0.08205525962309228,0.10397340563107951,0.08594876177606818,0.08808924248793686,0.10468020707945602
0.13700208223746924,0.12161562231398103,0.0768535364072168,0.10011571198848702,0.08182469037780134,0.10595265906148475,0.08701781278854981,0.08773018290250309,0.10351682920199352
0.1372324211459014,0.1234923432627773,0.07819058013902615,0.09786170398922776,0.08173735031219413,0.10464980667005365,0.08913780173071734,0.08782375640645007,0.10516781382956829
0.1295740309671464,0.12178115305146156,0.07484035020703356,0.09605453142567846,0.08123497681447003,0.10507652037363532,0.08668704534170475,0.08815366285569325,0.1042723014957864
0.12725947149566547,0.12086321011594678,0.07770201019449413,0.09354305678443796,0.08047207201678244,0.10450925923196708,0.08297713585052778,0.08889387307228157,0.10486750463576339
0.12456032350282555,0.1195351875480058,0.07545907276428386,0.09189064262248452,0.0811162176220421,0.10311678605197347,0.0812113942943031,0.08853092344952676,0.10383648658561885
0.12248315919523531,0.1150748203459761,0.07557365041065155,0.09041175059134005,0.07979220613013686,0.1023950326066478,0.08034071699280049,0.0886483591088372,0.1038361598342662
0.12063554201528157,0.11589867921329211,0.07976212278236822,0.09334691239939448,0.07940655448073111,0.1015664330954106,0.08000589846415415,0.08926315371763453,0.10239212822726583
0.11965070401470546,0.11515988205215874,0.07547686185266175,0.10152215896697377,0.07965344840106763,0.10278408173504655,0.08068063314200606,0.08928626049995571,0.10088466965153282
0.11676199664369187,0.11774749705572236,0.07893954529853531,0.1058198003663931,0.07836761636545671,0.10714334309558703,0.0816906336866511,0.08914273671654253,0.10112578759912426
0.12035611528101992,0.11495945779054315,0.07848413521358324,0.09971803107404383,0.07886313717248383,0.10899249324155118,0.08360581412821287,0.0897056453016485,0.10025937479806593
0.1434947726406925,0.11645388307065983,0.07574905845510994,0.09509731626639628,0.0784200346252772,0.11640864338021788,0.08478159874291825,0.09012662170518007,0.10132538905882574
0.17139094422603085,0.11354831397261797,0.0784036023013198,0.09205822115435591,0.07765114800447462,0.11286481856645113,0.08595803627618188,0.09048023476338891,0.10173088531442198
0.12161752653122204,0.11319055339925448,0.07607473104333153,0.08899750062252662,0.07920586448141968,0.10891145981908593,0.08588885353272008,0.08991616862193595,0.10095712322644657
0.10651831147818147,0.11161173387755037,0.07723178673191396,0.0875210002245691,0.07807726949779421,0.11088390445712089,0.0856133844035463,0.08993295490157789,0.09980083983327145
0.09947390063163036,0.10954123198859259,0.0777879137101421,0.08704711801694943,0.07865386551784831,0.11117865905075756,0.08521008530380175,0.09110409878566318,0.09991095216269864
0.09908182627576397,0.11405603457626831,0.07593566173683908,0.08907708356683024,0.07895616343891074,0.11343421193074342,0.08540975096963195,0.09058154914526924,0.10101404040777046
0.10070458281956957,0.11063596764329311,0.0790757370007502,0.09108121633492607,0.07845079610593536,0.10854794432927264,0.0844484517142222,0.090524973080574,0.10229043405783338
0.10430652749157776,0.11387915195479577,0.07797577202346181,0.09045048662953284,0.07986297488563815,0.10499017036227762,0.08453561359457124,0.09025998070580614,0.1024008097103867
0.11224384489742759,0.11135083166718933,0.07723050314626279,0.09332003526451449,0.08066373308958574,0.10628239263623301,0.08461919373166168,0.08996488661112857,0.10120652457875949
0.12328299820408276,0.11421046973083938,0.07894574423933756,0.09491416026714877,0.0822324242503199,0.10713563270161999,0.08421707788001559,0.0899772184066532,0.10113448540901611
0.13244118176638747,0.11525807674175115,0.07714814979524731,0.09575308867626384,0.08311544708742385,0.10617697712713259,0.08492689274157389,0.08944351053375105,0.10158854762830781
0.1445787985224004,0.11213949043583853,0.07887771856285453,0.09648430988198033,0.08105015232514223,0.10839286197009979,0.08479726782238163,0.08887978832798127,0.10146262257178866
0.16029983189076089,0.11305449830437873,0.079449060634516,0.09798919175650365,0.0817267451097132,0.1077037527991803,0.08513189235460175,0.08865501395542173,0.10064387014539154
0.1755329945413788,0.11320989930361425,0.07908454191021173,0.10210810836750912,0.08051898491260628,0.10651938043971827,0.08546342842779828,0.08783581400866654,0.1026741364330612
0.18134462446968935,0.11848389367840975,0.08184641227416921,0.10216477230360757,0.0794236454802548,0.10725376974095703,0.08643611239836403,0.08794029251469483,0.10254660540354657
0.16796199206615067,0.124822499136332,0.07946772948575583,0.10535538364874208,0.08054602088531825,0.10586675470031351,0.08613272088814057,0.08707492556104476,0.100955687908228
0.15243054123538732,0.12417088377762678,0.08046503871861983,0.10566699165922441,0.07910189206288074,0.10673077042829467,0.08708474053593751,0.08759480587993412,0.1014664177189348
0.1480063991142885,0.12665422121493305,0.08125742241596311,0.10436825645879284,0.07962459774902936,0.1065305918445307,0.08731922323528232,0.08775770826390689,0.10218848617529874
0.13377380793840218,0.12570446365652305,0.07792397082296257,0.10415744088567082,0.07878543818143055,0.10673737838020944,0.08879291116172323,0.08775500489048699,0.1033421454638304
0.1339318300635114,0.12500225348510022,0.07963525683703251,0.10079627757423147,0.07760839709720473,0.10816469808458709,0.09038972253128497,0.08776320508652379,0.10242968719168402
0.1266718055210344,0.12441628454687476,0.07879998584349181,0.10207831593538723,0.0774730351950474,0.10749851263143619,0.08629533934516409,0.08807857201822053,0.10242222948248432
0.12246057470612425,0.12347897845885449,0.07629829904629461,0.09968670198237448,0.07570784300401677,0.10767661741959579,0.0833793314104363,0.08816972913950553,0.10221856117789942
0.12407490071129976,0.11933536388968109,0.0782631570055625,0.10003384728668453,0.07595240257124784,0.10795645781021204,0.08176186249544078,0.08808322103206585,0.10184262847512209
0.12011780035729007,0.12270523638553922,0.07692691780005156,0.10337370142931791,0.07638807648974634,0.10654625898493504,0.08039226559799054,0.0884985039460263,0.10059683033068148
0.11858925434418219,0.12040653027085756,0.07828691292656342,0.10733656264101128,0.07593592565276004,0.10754264722021396,0.08083922668330167,0.0889317774789145,0.09886921367912632
0.11707801212364093,0.12271170022730393,0.0782828342909043,0.09604435338024934,0.07673948913798277,0.10932384741884457,0.08191387217084019,0.08880678881765981,0.0986956405034257
0.1179346934920969,0.12247894160265523,0.07804504964875283,0.09219979253402615,0.07717336217365106,0.11114087899159605,0.0831242892530577,0.08937942063163644,0.09961315857407767
0.125410025748445,0.12265301771047352,0.07895185538220378,0.09064760036015916,0.07742238958186867,0.11468741472578532,0.08511909900988571,0.09005331342975488,0.09944863111174038
0.15390976463046974,0.12276040161377548,0.07744942838465096,0.08836435226634404,0.07733474766050046,0.11554499155860157,0.08600348483425502,0.08945437125874083,0.09880481082357385
0.15180901871814254,0.12222022983932421,0.07750646896273396,0.08792905979691795,0.07729267051645378,0.11046284656924,0.08633664121496568,0.09034445384709841,0.1008262459596115
0.11453029722702333,0.12172146458482197,0.07940226689746362,0.08793825689812475,0.07662810186135614,0.11040178629774358,0.08645984013952032,0.09003532001871839,0.1013780772487235
0.10338259929365481,0.12161153253599653,0.07789806018094719,0.08722163571294825,0.07513357166110825,0.10945261954596575,0.08564321408692671,0.09060309775870398,0.10045709341631605
0.0991979879433277,0.1214012417912901,0.0783589494790443,0.09025091352105699,0.07588440012769339,0.11464666640570352,0.08491504308160475,0.09046336530017322,0.10144975190407234
0.09783905724222218,0.11822261290845941,0.07878763409682284,0.09251363500592899,0.0763685219730393,0.11341505698137927,0.08416689547909997,0.09114717625206216,0.10119971519615746
0.10193853788045294,0.12407493658867574,0.07902796554601355,0.09390313018198232,0.07658034423109723,0.10919471775417613,0.08416910785101635,0.09086974484455257,0.10072374010262074
0.10813800121583919,0.1173559414584076,0.07958702013596963,0.09574269615192793,0.07798547943194889,0.10970943205143416,0.08412720406476865,0.09012841736619823,0.1007893050603823
0.11954721953520178,0.12405423385577488,0.0773499860202747,0.09847864966260958,0.07972168509506718,0.10862548348030703,0.08437694504384746,0.08969098881544679,0.10212769133828584
0.13342558231172863,0.1221844673805395,0.08008142468124234,0.10190934072632298,0.08055093730258853,0.10838312894729389,0.08483517538761752,0.08988148523395705,0.1026824534827356
0.14699263940598073,0.12222249644202382,0.07834321929707554,0.10104643751618354,0.08072601706022818,0.10968111122751428,0.08513135034763512,0.08903047733981068,0.1024105662035239
0.16130100496762748,0.122769694289929,0.07755508502549849,0.10411727870887814,0.08036299310982126,0.10934570196492499,0.08572009677581177,0.08789024239270228,0.10291713393458723
0.17336746263082858,0.12182074703230349,0.08171994865730266,0.10472239257965944,0.08108830161603642,0.11092012689863265,0.08617227727881778,0.08780798609482417,0.10248308766587315
0.18210808623832545,0.12433340767545825,0.07787415561607945,0.10476633912259417,0.08021013343061642,0.10997401296349489,0.08641325354203476,0.08787373085373021,0.10314641344644097
0.16862869568000438,0.12616406035624447,0.08081765649393739,0.1053063262831362,0.07851543101827999,0.10990979553667558,0.08630263539433936,0.08726799653603545,0.1026051953637623
0.15986380280996354,0.1270008560605107,0.08009276511243289,0.10593147940963209,0.07924090494198155,0.10895664125477418,0.08620387104854868,0.08716834858190778,0.10341407299966371
0.14816935505818693,0.12516855403524907,0.07857122807143405,0.1061095744837182,0.07865959991044393,0.1083925218454273,0.08660590040497669,0.0879167492766371,0.10332786033603432
0.1459261440952309,0.12307534545133464,0.08024931813918319,0.10357807947805421,0.07863430852661002,0.10952321830401605,0.08699365244035573,0.08840490062074506,0.10401859614092476
0.13607498355486486,0.1234105800510012,0.07762616689681612,0.1035650912285423,0.07909392165653634,0.10823985097929559,0.08792722366484329,0.08819789906837201,0.10285071989396842
0.134567819521312,0.1183344159447549,0.07775679513810639,0.1000703594633488,0.07869758513739197,0.10882002289779819,0.08938653187824747,0.0885253504701984,0.10088745308486477
0.12875593945103878,0.1235528913709514,0.07822836439612028,0.09797084676354459,0.07938470763978064,0.10946169920327595,0.0861921690739153,0.08823640537296694,0.10181613429964777
0.12440881702048932,0.12076232006635929,0.0765486171497154,0.09617006803577759,0.07914776908448268,0.10749178490195244,0.0833814823286337,0.08911846009245994,0.10087072200456933
0.12159086683815343,0.12497339958240906,0.0783148866709623,0.09516515434119685,0.07866666667518113,0.10775307471948331,0.08166924921136495,0.08892615324212615,0.10098884157837251
0.11874893791740712,0.12415005342866943,0.07851499620969433,0.10293308737687747,0.07930007343979503,0.1078418306465031,0.08069650632897726,0.0890839131754584,0.0993547334597262
0.11967301872898349,0.12431469232013814,0.07700825247316671,0.10491039150740157,0.07843984747007489,0.10870650767405818,0.08134694399482972,0.08960632006154932,0.10017033751662119
0.11573555090198276,0.12560320760902383,0.07881806084485311,0.09579609653357832,0.07781416176776122,0.1126980220971691,0.08233943465223494,0.08938074410923885,0.10017094069021223
0.12068388975566599,0.12523983068164754,0.07623216043093164,0.09160952630728632,0.07836621861953445,0.1128623046716439,0.08379740508904555,0.08942564277900696,0.09937906735267624
0.12838530915082888,0.12450823806304637,0.07810363920825107,0.08877849172614334,0.07759962253603037,0.11745600176012487,0.08545367452144141,0.08903836571523785,0.10000049650540593
0.17451707577151998,0.12546153298720505,0.0771042853864359,0.08782604678509008,0.07716334174578908,0.1194458285169259,0.08544173618359932,0.08975899919955525,0.09999488935610819
0.13798575352293035,0.12647704308280316,0.07604215958984373,0.08642715282412974,0.07762073887995868,0.11355442759379708,0.08601410701473311,0.0904042229536225,0.09946720172619128
0.11201302626274531,0.12584831801378035,0.07929607602531782,0.0892820740776539,0.0767595876117098,0.11321313841603826,0.0857758151905665,0.09035999208019262,0.0993612893543301
0.10392595348055683,0.12552036625917493,0.07628216280862933,0.0898888193562092,0.07702606948170763,0.11440459517777118,0.08547067104561532,0.09066085848621411,0.10050028356439611
0.10155488381258047,0.12659792560297023,0.07689745635685881,0.09392171117438596,0.07631590356448016,0.11782659486035987,0.08507234351381641,0.09117391339063596,0.10083176998349117
0.10106795134895848,0.12638843198121244,0.07953967523907396,0.0977413455718903,0.07620807802513367,0.11227830293608354,0.08532273546602319,0.09160194481248267,0.09991139228093836
0.10677306066401569,0.12525877842653665,0.07590983651718053,0.09637866155892628,0.07614733511350455,0.10925728584092603,0.08558324568188494,0.09103824182557206,0.10000380776871691
0.11107947068077846,0.12706701261882786,0.07844931202470339,0.10010352561679696,0.0760170312947989,0.10871367751679702,0.08490955861371219,0.09045973445543751,0.10144341593738876
0.12674182520861535,0.12323552374879339,0.07681751654743225,0.10211619506636199,0.07777050089068145,0.1065464193084679,0.08516511326083857,0.09032155864232089,0.10180263428456426
0.1347510293821821,0.12671014394861468,0.07761800448912146,0.10300647392538513,0.07894098080039887,0.10643418944981935,0.08480389734705457,0.0896351768440957,0.10075331577338079
0.1477555694668111,0.1230629296969628,0.0781718220794344,0.10455957781365723,0.07962523258534711,0.10675265403271923,0.08417779392466826,0.08915624432339314,0.1013433507315653
0.16083162320823138,0.12459655844599367,0.07712115581725842,0.10486578383495727,0.08162102037147739,0.10737651003217263,0.08354569149183037,0.08864351403901131,0.10235735909502065
0.1770666842695591,0.12229020005426894,0.07861450857222163,0.1026505994061237,0.07991615987002135,0.10889548866796955,0.08358511942243149,0.08823806492310796,0.10376221923389932
0.1862143895271595,0.12795923951650753,0.0779940973813063,0.09997300226852467,0.07981692997506237,0.10842556915765063,0.08381128569378422,0.08752801798176757,0.102364187124201
0.16846236639631917,0.12307261896794663,0.0776633053950655,0.1021815557691582,0.07819977422188427,0.10865432038199138,0.08462543768111148,0.08822868141891,0.10242558389559625
0.15754571378775264,0.12357508996988056,0.07718748525320558,0.09268210448029587,0.07633551058755007,0.10886229783600625,0.08504873543269197,0.08778886887965646,0.10197881067771689
0.1435116962980511,0.12120976979734538,0.07854894603818066,0.0905689222125164,0.07639567780341022,0.10814326896146569,0.08633790162901565,0.08733802107092584,0.10339708916351088
0.1407965723692382,0.12097165897620764,0.07607932648220896,0.09072595162436435,0.07422701812891197,0.1088608680785648,0.0883043054361935,0.0870476234217221,0.1051016374147701
0.13361753830258244,0.11932844411329405,0.0772739750754065,0.08775532236753687,0.07439434953955658,0.11011261909206407,0.09016213940845953,0.08794485544089424,0.10484978695009847
0.12990058261657536,0.12048245098383893,0.0756532557257861,0.08939577803753025,0.07476493996447718,0.10865915053815899,0.08751623048215257,0.08803728939499864,0.10477768095140004
0.12654881443407914,0.12111500884745086,0.07693959536033061,0.08822262911319106,0.07455945761628391,0.10912232510568162,0.08373281467184923,0.08762312008749813,0.10418869262114536
0.12177834179838867,0.12354308225620075,0.07785108500620204,0.0884517268405239,0.07530959132069437,0.10837738946842101,0.08159996295416559,0.08846141461448505,0.10185745351997179
0.12298869822729325,0.12189543367689536,0.07572717471060371,0.09257010369561844,0.07556491901734849,0.10780230296488967,0.08053031082699107,0.08901749025552864,0.10064353425120764
0.11802820496718475,0.12543731681251624,0.07928428263438277,0.09627270000630508,0.07558419140993362,0.10831698087079929,0.07976303538585605,0.08904617633291351,0.10121373655771106
0.12130639118197656,0.11928068664529447,0.07693551895732893,0.10309866266900972,0.07605189396755976,0.10766556899049982,0.08081990358123241,0.08983106259029142,0.10237079425987566
0.11647974909108515,0.12324802137837426,0.07598440649959196,0.09680697170096307,0.075599926220426,0.10955848647673538,0.08165186175854816,0.08959677036602018,0.10122329482152255
0.12381496388953647,0.12185225119991153,0.07835260985805521,0.09612258567116734,0.07598303779889082,0.1106065975883454,0.08346581791176431,0.09014461342408502,0.10108458426363713
0.14044493723498017,0.12159472254248745,0.07464625848161514,0.08948530958157189,0.07603900342758184,0.11379418394847177,0.08484509652233387,0.09021430877479869,0.10131943570392336
0.1764926547555502,0.12073021008978208,0.07639952485829424,0.08909477844407701,0.0753152285812118,0.11917101358062039,0.08519397370880753,0.09070692165214514,0.1003565578802213
0.1326990879912442,0.12034504068033973,0.0766539481164213,0.08955292751385752,0.07592868777834356,0.11400089513550643,0.08573568455537983,0.09090813056160515,0.09977794558343386
0.11238409442588951,0.11623378158434242,0.07493839770379646,0.09049270616705075,0.07506943092993248,0.11371597222631666,0.08524936661581024,0.0914150838865558,0.10032826499319113
0.10517297939805428,0.1180071597058941,0.07840613149892507,0.09633902195512727,0.07540336157533044,0.11576168417672764,0.0847655060712356,0.09158138341463921,0.10105584316747787
0.10470714669193257,0.11990567580377319,0.07508617531986109,0.09952091708680331,0.07661925703402926,0.11358947689374332,0.08439919464220742,0.09125904217175265,0.10117683964576442
0.10493127146406221,0.11891286753563338,0.07786024265176356,0.10269716929131702,0.07748766728700662,0.10978456219588809,0.08400667131722132,0.09158163189731022,0.1016558939045096
0.11039188154055633,0.11734398845344796,0.07749536321481036,0.1028840672315637,0.07860550639769581,0.10601685837744595,0.08390029805470188,0.09148798410200107,0.10264947528622934
0.11935089874484886,0.12094601838991041,0.07511766812604777,0.10294593240250126,0.0801496996209474,0.10382499150488492,0.08321211632487521,0.09023966097205971,0.10129151990018673
0.13264560975916453,0.11755676582187476,0.07828249791626543,0.10014594758584061,0.08085267020399248,0.10386555765497732,0.08335791413406214,0.0895799619655238,0.10140977647368953
0.14196083212868849,0.11887575334837762,0.07618780652405828,0.09798305645146371,0.08141417824678589,0.10227456276404978,0.08362865577928841,0.08867452081835465,0.10194885561300736
0.16368070751532157,0.11622614158291898,0.0773560534035359,0.09725249212529338,0.07986213460056238,0.10401482629089508,0.08390922485986461,0.08823868926672616,0.10371683606366532
0.1627116202923975,0.11872818405926802,0.07878714629952534,0.09270299339945264,0.07933970398977873,0.10459430412424728,0.0841960474322755,0.08793186387277668,0.10380329984589186
0.18676051760577292,0.11734570708192697,0.07714432284805191,0.09287283139851885,0.07968253829056104,0.10478176697396067,0.08439171883355119,0.08797056638289048,0.10351606724149247
0.18153126806965983,0.12389951857201442,0.0794206618220554,0.09141361386630319,0.07802202625315857,0.10727598124690202,0.08503187671377171,0.08785111788243814,0.10397921886908908
0.16192767641326872,0.12642947014041214,0.07815255465350551,0.09107064893808828,0.07813628010832625,0.1078850273113639,0.08439159623375486,0.08792896971509101,0.10356701599573667
0.1545147490481127,0.12675137424794883,0.07625496577913181,0.0908082616554348,0.07875359371606701,0.1074115251980741,0.08461525403222633,0.08749079296359245,0.1030725520103424
0.14381142898825247,0.12674198325732494,0.07906456602357279,0.08742787235371399,0.07785031501200179,0.10838768595544364,0.08480234600424495,0.08739065817266568,0.10380839775561879
0.14039807265351534,0.12354631700502078,0.0754535484552614,0.08971325262103134,0.07831346403689868,0.10575757592569433,0.08727926328052962,0.0880017201196555,0.10629936185208932
0.13650110830371323,0.12624034755569907,0.07627970297558483,0.08868449247245708,0.07725217761280224,0.10593275721411033,0.08748026955373318,0.0878691814505236,0.10597805793847676
0.13023835795500682,0.12194452271506587,0.07702946986582129,0.08598546848148451,0.07759007687333927,0.10601008025787279,0.08263387566946324,0.08783980382785862,0.10509306162339298
0.12841770043162487,0.12155108296068784,0.07486201025806961,0.08674749940056944,0.07688468823991748,0.1054204245188565,0.08011174597232719,0.08796775364085312,0.103600270262586
0.12201880372076036,0.11595288744851676,0.07737120901505073,0.08537944154810181,0.0758455455093516,0.10548780887814975,0.07875835838334294,0.08842721116304844,0.10222587413779044
0.12458535429537704,0.11603260630878819,0.07575361902459006,0.08863661436861349,0.07693896926888112,0.10365251083128657,0.07836346557883629,0.08882741173560105,0.10145010337969926
0.1186939320549507,0.11502574414759342,0.07661343797282749,0.09732101179515595,0.0766755051347974,0.10546095475634489,0.07906822575226942,0.08910277961132203,0.10136172586945241
0.11997631342153338,0.11321689504559665,0.07646235134742073,0.10115824970239946,0.07634719112023865,0.10650993276815536,0.07970387703886406,0.08924429574417742,0.10047737337433141
0.12037982003799028,0.11500793010147306,0.07490924802920665,0.10138854386161907,0.07789828231656439,0.10925835457384915,0.08091923296220456,0.090235359432015,0.10014773801723924
0.1266681228742264,0.11297609547036194,0.07628784741468714,0.09807803944089087,0.07716132501175905,0.11463097019726577,0.0823368317429925,0.08999877888075819,0.10003075170351423
0.16457936600049963,0.11101523082829248,0.07563803826281564,0.09537365367533056,0.07761245381605215,0.1122781717953183,0.08269521371111797,0.08972155115500048,0.10067377367246604
0.15621387755185345,0.11130010835733388,0.07461861288620442,0.09111905932435992,0.07727710403614924,0.10889893894301866,0.08327982183458317,0.08981586998766523,0.10108832119649791
0.12023786129188282,0.11160691779647527,0.07739319136286882,0.09722780435868264,0.07710907319885343,0.10809291561265849,0.08306560977713232,0.09037708914097019,0.10184451588516567
0.10950496017572164,0.10921978252392114,0.07621248217672985,0.10039660931477674,0.07700958041103687,0.11023906810673678,0.08319088837350527,0.09035561460217108,0.09977745590289194
0.10577340877753735,0.10959857350840933,0.07558453058782195,0.10315304571072627,0.07575038925552309,0.11493061268084213,0.08305263422326349,0.08988360393853509,0.10068437957689119
0.10650617675131246,0.10953121063450802,0.07747237733623798,0.09913484364200705,0.07663273308079555,0.10804748023382535,0.0827578189417064,0.09032006043454124,0.10123095730384131
0.10721684776339113,0.1100822206542926,0.0750267686224306,0.09694578023330755,0.0768523838113371,0.10651987782215676,0.0824051015349468,0.0907381107284033,0.10125980875413765
0.11743856216652937,0.10624863088137586,0.07751622100953888,0.09398381896890542,0.07726094999438998,0.10601789425518528,0.08334109334263401,0.09040189887491505,0.09986858992730696
0.12606421880313204,0.11005321008618213,0.0761768914329683,0.09121444768022256,0.07962803040817479,0.10500993693174274,0.08319210662490033,0.08973354512820109,0.10069541939863348
0.13804852071519658,0.10940082033381851,0.07514649405963088,0.09031141196693183,0.07993948190900685,0.1049855833506403,0.08340407336029557,0.08863343792046188,0.10257181345102667
0.1465748245739562,0.10838969584789078,0.07954340297939395,0.08748302760126525,0.0806716446643019,0.10442165958312297,0.08352639878676742,0.08815284210608518,0.10367211628619478
0.15144941367010706,0.10773991672055286,0.07543156413011318,0.08770950136248892,0.08162903339603506,0.10430481600787235,0.08371971831904815,0.08828063536322331,0.1029080987963704
0.16732254103216096,0.10940529851920079,0.07736203221534363,0.08793612849693123,0.08097280883965652,0.10373686293399798,0.08417178859962282,0.08735929470990832,0.10350966784833723
0.17425557519959858,0.1102408751728546,0.0797956172401718,0.08605289886835538,0.0816254745745561,0.10355034156210373,0.08415939555663854,0.08640774830589674,0.10419225167033744
0.1753844849310509,0.11556461733058344,0.07488363488896106,0.08690669525820596,0.07978649611728772,0.10450653953137895,0.08499504009998281,0.086804647951499,0.10391119475511143
0.17019961323189994,0.11904921704851076,0.07854660342498539,0.08569421688611752,0.07970762955069444,0.10462887864513941,0.08497292955061751,0.08726098055776214,0.10492623943385429
0.15811983094047308,0.12395499497225393,0.07644003524427993,0.08561819683097473,0.07925731016434862,0.10274297348504505,0.08545364372903647,0.08691788988158142,0.10436642930897962
0.15307819054722374,0.12370292931853809,0.07540896066043681,0.08554151071015909,0.07766309986923796,0.10355077267753938,0.0862111631096343,0.08793264744718009,0.10408284638408423
0.14492396198890267,0.12063402088016068,0.0781357554690126,0.08404162258558415,0.07768935428252474,0.10382657323127778,0.08756100423916222,0.08792432576876551,0.10446473699086914
0.1411798424619018,0.12313125983809733,0.07402673689888561,0.08519956022997159,0.07789784108016048,0.1039348959014281,0.0853909534534086,0.0880455567451625,0.10495792695746319
0.1370818946588653,0.1202726891840112,0.07662990037382791,0.08392167280030349,0.07672963187997345,0.10536616311306904,0.08093978533413279,0.08799148959831929,0.10508511093111934
0.13055718171795908,0.1162822459501233,0.07616297176787563,0.08275669711366376,0.07738861967626709,0.10520963430262632,0.07897432298254653,0.08846408810697125,0.10471841996210754
0.1290216054299731,0.11431040665879973,0.07418391679785384,0.08594298733147906,0.07700785467632164,0.10535785954745065,0.07809814520707624,0.08803687609663013,0.10354190520505657
0.12624066586669436,0.11527169120405584,0.07691813511881294,0.08782116416780439,0.07724761960170229,0.10529193148455185,0.07759842002994577,0.0885883478009174,0.10267189651708736
0.12460960287419075,0.11215641904797786,0.07601292731921683,0.09452233395520296,0.07843616712154876,0.10642899046183571,0.07829467832648816,0.08908608125254958,0.10128139959748968
0.12311684374639217,0.11301434347535624,0.0748617229884371,0.10168843592970273,0.07689749095459081,0.10919576798744506,0.07953470807595325,0.08876741279388702,0.10169988101163888
0.12822927941817333,0.11080329509330185,0.07709518727550023,0.10562772270827614,0.07787919326597015,0.11035467945067394,0.08140923980242964,0.08936316813667902,0.10223919307588449
0.15975927063350756,0.11229959961205191,0.07449722215229299,0.1047308605571941,0.07797897001188854,0.11633717666431509,0.08277421527786702,0.08940541168622139,0.10182147369561209
0.15905399755447416,0.11021753034886878,0.076490480359657,0.10437641740252536,0.07876836495313426,0.1120548411001297,0.08373155966192641,0.08965725651292186,0.10134616467665197
0.11742882337491099,0.10879890503773046,0.07628053181767108,0.10231105575162211,0.08025152085766514,0.10855582131170728,0.08439231886793742,0.08978629468263487,0.10179682410527523
0.1024602164252254,0.11043265964910816,0.07425495407503188,0.10372238664849928,0.07970973834018263,0.10834982936118442,0.08376219654540132,0.09013599943011862,0.10262516301967475
0.09938402555067802,0.10721368792242288,0.07785046671485114,0.09965999331295655,0.07932712433145858,0.11066269850657905,0.08368593969116665,0.09015615286679556,0.10272550820468158
0.09835484503369098,0.11055612958807694,0.07465132520227784,0.09770029111810735,0.07847996934932602,0.11489724161956891,0.08380334128968676,0.09044148563757855,0.10294689964414808
0.10054290689516891,0.10797589237453752,0.0750642864872171,0.09316896278646127,0.0771319003928792,0.11013490046600659,0.08337626982050148,0.0904043979164779,0.10111879738816328
0.10643276170500507,0.11054575456620913,0.07737679683722984,0.08988983045014798,0.07718722264672848,0.10717520597320836,0.08294313638678523,0.09058196138796243,0.10315195623867442
0.11262774061115711,0.1093134685080696,0.07346825123477077,0.09107247288486661,0.07609430331743224,0.10708196968784506,0.08319189609867363,0.09018260409838649,0.10241109635190337
0.12526742380566722,0.10841914946880662,0.07657598577562995,0.08782248841099799,0.07690947239382037,0.1061134262720948,0.08292221569776861,0.08966701940229625,0.10179033345309522
0.13184155699729128,0.11236294126316253,0.07565914119976652,0.0874565182532052,0.07940275431782813,0.10527437843075262,0.08351922741788795,0.08871878072690581,0.1015738200704405
0.1415257937721235,0.1088852584876516,0.0760072074837368,0.08773010880265399,0.07940862049936077,0.10486183067037881,0.08383279621341064,0.08833024127813341,0.10283388683980144
0.14881159462825283,0.10976235558732944,0.0788718561391861,0.08552022950211169,0.08142149826484986,0.10605900600933214,0.0842074633227891,0.08823401009133705,0.1025313197897645
0.16833843744023377,0.11398742365559113,0.07658700631456518,0.08759071416663897,0.08126852004509744,0.10614495952811008,0.08451544788743026,0.08780490020295825,0.10300888135872821
0.1779975890876078,0.1134984604705194,0.07857454102786222,0.08568504293230776,0.07980518462081146,0.1064408924877909,0.08451721624364324,0.08827914502532463,0.104338150815223
0.18103124680555804,0.1259942715398413,0.0782217191409442,0.08416554356775208,0.08025317453192982,0.10755072739153612,0.08431035895886102,0.08738238928242689,0.10370555806407107
0.1731319551140449,0.1232428631435372,0.07591577770319477,0.08566925914162317,0.07804487945829262,0.1094070206919034,0.08440044991118799,0.08799217036670151,0.10315995377054533
0.15523378369651233,0.12482684449856542,0.07809303058112763,0.08284285267489015,0.07793362904956196,0.10857450639492876,0.08426620827524012,0.08819050443216189,0.10395144719753119
0.1448107244359072,0.12599967205915322,0.07624788442566631,0.08417761697404405,0.07746423400040556,0.10745188538879938,0.0848906531261878,0.08781295726190361,0.10526478322553726
0.13909228860912204,0.12228955268672338,0.07566961804413812,0.0851449935995731,0.0760690210968795,0.10749196557318108,0.08693177496514258,0.08745771375471373,0.10641290893937026
0.1363596062322102,0.11988198231281436,0.07711624377183256,0.08349149141297445,0.07803120913306097,0.1047131245958733,0.08446473985291923,0.0880821490870235,0.10411910035200539
0.1307973526773442,0.11710555714678762,0.07461322583134343,0.0849054111703571,0.07709747758278758,0.10634988361637694,0.08090347929366007,0.08841297820100286,0.10400758653544691
0.12888050401922496,0.11296966199158298,0.07695217537690704,0.08320527162819749,0.07728360496861371,0.10573033700931395,0.07941725256013059,0.08805689267062339,0.10360015827090635
0.12697395654926608,0.12090685217381329,0.077116178161772,0.08520890268154285,0.07844414465869613,0.10515742124710638,0.07848255328639293,0.0888079519152693,0.10249588815543341
0.12348013920931965,0.11852364470415472,0.07481303833632162,0.09011304680099363,0.0772902210587851,0.10794841738692464,0.07880655353384114,0.08880519837917066,0.10165038512869617
0.12412883820788459,0.11572447055127001,0.07810889425553875,0.09250790856248417,0.07749028979871135,0.10927068178324158,0.07947466106550309,0.0888435995718109,0.1025877999375468
0.12124065730640032,0.11293240154005747,0.07616354719161601,0.09958676924711,0.0772186715924638,0.11228368842982019,0.08045679595199462,0.08874073378725401,0.1024966305124385
0.13640837898143054,0.11066261164132549,0.07567944918990774,0.10061985256294925,0.07640610139331218,0.11707034131218925,0.08214080819166389,0.08917695199024331,0.10243149395960642
0.17114759700913595,0.10958313456787455,0.07891156214331245,0.10091603234712469,0.07680731569990923,0.11864753242548737,0.08278079892199039,0.08965024011886108,0.10140451034960311
0.13662336550213955,0.11134802939740292,0.07498251604050844,0.10100762175391956,0.07587998019809682,0.11239040781218212,0.0832597285654974,0.08998940990705359,0.10120346586473407
0.10789329375531162,0.1089465950941248,0.07831722001876652,0.10096906347419785,0.07665674972997737,0.11010768768100793,0.08330303870918868,0.09064252288592939,0.10156315441300193
0.0986367153255729,0.10974236653888525,0.07721382638777217,0.10100625681872198,0.07815068765104691,0.10834114004319159,0.08280911195055819,0.09025269179992013,0.1017398578412379
0.095111689869055,0.10965077021801574,0.07695232144038142,0.10126733742792897,0.07802429945042644,0.11415362574347594,0.08258281128234037,0.09056460072693051,0.1008002875971116
0.09631860260268982,0.11252080079309888,0.07934352336367224,0.09624738654023436,0.07930373730605644,0.11227087359109957,0.08215282206995578,0.09023517832796357,0.10108600171006264
0.09956895437437036,0.11155714200049707,0.07694717401549597,0.0962931570709957,0.07961692570603622,0.10753658049884307,0.08152990849441281,0.09100455654578223,0.1025449412687524
0.10315419335133934,0.11203166243032113,0.07831537903307262,0.09301797794702901,0.07971462988759949,0.10650010699641967,0.08165883522679647,0.09077911355223103,0.10323318003822043
0.11361858059900129,0.11244041371000382,0.07796173689624754,0.08950118451525076,0.08054450365685219,0.10729900253473589,0.08152060962462214,0.08970999687984892,0.10420850560753103
0.12487554054221166,0.1138977222369082,0.07755094722821887,0.09221622315686362,0.07951633680605794,0.10763874202902537,0.08213608920502506,0.08868827838305104,0.10298197299355843
0.12766589042107035,0.11342426671500301,0.07950512439783895,0.08608796241298476,0.08031461430397288,0.10740479858046918,0.08196120881143265,0.0893206783265223,0.10287995621689756
0.1430651727169385,0.1122655611512788,0.07912641114643106,0.08535111476324406,0.07964105054662257,0.10585672666571563,0.08196698930195122,0.08803575772509718,0.1029184650051529
0.15002618692910746,0.11505109950010797,0.07926031644971997,0.086127884311045,0.07955665647242946,0.10717677375616669,0.08177242827900721,0.08742715761889325,0.10401736317381048
0.1711486436629143,0.11411947430719192,0.08088857766439311,0.08452233617976974,0.08108739011489782,0.10686707718273218,0.08264615999051617,0.08728365208038043,0.10376382992911946
0.18098949025002262,0.12229188016975596,0.07709131565517006,0.08531359278709766,0.07981424637311088,0.10645779320397915,0.08281510777333215,0.08750480062310327,0.10402572144283555
0.18595586210063753,0.12485883827072394,0.08017058469367032,0.08469690124500376,0.08001074826168707,0.10786872567246009,0.08249547687158057,0.08697261114707149,0.10500981556448004
0.17218668176116506,0.1267897577282539,0.07806177318582776,0.08405042008182813,0.08012047892635703,0.10660494448363367,0.08319821449541555,0.08683791428326273,0.10404819008791583
0.16379608299940862,0.1261188030685235,0.0779808502066972,0.08465511605300612,0.07936216668894612,0.10732149337670081,0.08311670273026515,0.08765537060076345,0.10464096099343195
0.15263643590019466,0.12427822204831072,0.08144116364385758,0.08287429231317948,0.0793885807196653,0.10725316473697537,0.08455976160639922,0.0875505464314955,0.10641682312185574
0.15030392902718462,0.12367626287068649,0.07825412623694855,0.08454585165965682,0.07867157582775618,0.10720929473366171,0.08575791054130037,0.08758998833504616,0.10538220761356079
0.1428748247015907,0.12345124152433833,0.07971333334363923,0.08335171173933803,0.07753387645614604,0.10753392501345245,0.08439822936077929,0.08837903387806552,0.10443994240719227
0.13944034018214957,0.12361640428697121,0.08063139854050601,0.08364679031726617,0.0785029054042442,0.10711483872391767,0.08142600111978532,0.08832797443504833,0.10366650730250371
0.13543306832221783,0.1235598489482392,0.07876776183679457,0.09053771858901277,0.07709499368014844,0.10619559357560926,0.07923358977851316,0.0885223736627321,0.10296427231245892
0.13071720550580784,0.12300201523141803,0.07977626844894002,0.09472441934514528,0.0771881911216844,0.10473069997066871,0.07866916920256188,0.08898797179975232,0.10223168299574545
0.1265777847016937,0.12260220818466736,0.07888223009043357,0.1006016003617833,0.07818577458846382,0.1047975919976323,0.0789696834114986,0.08956159102168058,0.10130638828011265
0.12227465521096949,0.12086462745844069,0.07864046597493346,0.10230117747712511,0.07749718648576424,0.10748370889096542,0.0794723459476457,0.08930001948090592,0.10054337685541317
0.12346105919763559,0.12068908732459435,0.07884725580690792,0.10117391071843322,0.07838729514831032,0.10901092244137052,0.08073853611813388,0.08995553044445118,0.10071678945354184
0.14040385431920904,0.1199711179184336,0.07750028293681747,0.09908888971683642,0.07787735495208646,0.11187502369009236,0.08187181428119808,0.09043122645655123,0.10066495675304875
0.17225297661629155,0.11831732850564548,0.07894941802246935,0.09769982104114512,0.0775362834310293,0.11560435843591661,0.08319748310373282,0.09005264440750302,0.10120908188591028
0.12256199967657834,0.11905830056949486,0.07883976723874248,0.09772340479884001,0.07898064000721769,0.1118941601285926,0.08354800640662403,0.09048008078725987,0.10068950865088447
0.10562251517887454,0.11600994514827159,0.08022396675144736,0.09742291228291401,0.0774873457528717,0.11252810550960095,0.08385004856705858,0.0904168003657194,0.10033929279729924
0.09635316651017319,0.11651790170843494,0.07981287090720172,0.1006308182776348,0.07860386697500399,0.112994935176071,0.08358526607767248,0.09115488217929052,0.10052684638867898
0.09387258745279879,0.11852847725214756,0.07974093978278902,0.09903707580751976,0.07782235412122414,0.11607308659321267,0.08354362221028347,0.09113268777227748,0.10151112452989357
0.09514578771079131,0.11329139065224182,0.07965722105142585,0.09914435404079606,0.07745706208460844,0.11035110295920715,0.08334753485729496,0.09068188294606848,0.1013125804086208
0.09716366610776574,0.11913098875548059,0.07963479112171067,0.09631992875388586,0.07918092138105155,0.10753072460983917,0.08343440815610856,0.09061989600259569,0.10138140251856859
0.1032499283417498,0.11730841618077298,0.07872767082547513,0.09652274442663589,0.07894376707590169,0.10499960005275182,0.08326925814461718,0.09096121650420842,0.09972164764558569
0.11309717924313141,0.11705430394091479,0.08102471904500909,0.09410972183476495,0.07922443059008508,0.10510584655593999,0.0830224768691777,0.09017022452558851,0.09934761982794749
0.11904625708024066,0.12051399030008532,0.0802701599385766,0.09422744098548695,0.08051602692265937,0.10514628618939112,0.0841215166140138,0.08903883568041342,0.10217556336946418
0.12363790124100756,0.11480386834609276,0.07879177696759927,0.09159387539701278,0.08083621789454772,0.10498933558217843,0.08371327286722653,0.08918181551691913,0.10237387042617986
0.1319573261777408,0.11655946313097991,0.0840156898825572,0.09068845695207758,0.08119160448391553,0.10509721780544505,0.08400414965594344,0.08908945904392747,0.10258489487272
0.1391610390855843,0.11729763962224948,0.0790560580723185,0.09353445254094934,0.0808631158913462,0.10410398294920156,0.08399308836437412,0.08864003786768308,0.10324611551803932
0.1519950669888503,0.1201768299638079,0.08169625705010805,0.09200476919276936,0.08076606855829452,0.10499575472229074,0.0842761710344782,0.08820737365096946,0.10433191945662706
0.1682718366971116,0.1272970242223746,0.08291370425698184,0.09077403929751049,0.08120963943469155,0.10407748994917455,0.08438152784215208,0.0883491283269186,0.102637525805675
0.17852805544615477,0.12893092946524876,0.0782903694987543,0.09188356183673276,0.07867561353138071,0.10429889577908184,0.08506036656731726,0.08856270927641027,0.10298175487088844
0.17205307055490873,0.12753540425637902,0.08065578173559612,0.08959691727574087,0.07882917491499447,0.10359129658118983,0.0859558728104623,0.08813896644911876,0.1043992133135854
0.161175754807112,0.12529749992453026,0.0801983335483321,0.08968890442986992,0.07874401677182531,0.10266905402784897,0.08659369541616682,0.08846941533451394,0.1051164041378695
0.15602769202717123,0.125177598465705,0.0801824525632839,0.0879555701146771,0.0785602472772856,0.10264154567063848,0.0885737719000399,0.08834842137147135,0.1049358571593105
0.14311655168426607,0.12431892706653758,0.07958588670600274,0.0851871049140035,0.07850311706746953,0.10242250596194256,0.08980494174444549,0.0884088855982684,0.10451335754859842
0.13958183585665956,0.12629594821299084,0.07812996516035411,0.08731208491797905,0.0785178562787545,0.10265962612478681,0.0864649150013616,0.08905991873623982,0.10236733380658658
0.13479019060610736,0.12529687831142847,0.08052539161365141,0.08776024340536581,0.07891815497513427,0.10289127101179055,0.0826468843726709,0.08918743775070125,0.10279677649356159
0.12827213972821783,0.12661437734243736,0.07880679046124105,0.0982144584676244,0.07864571644228403,0.1029344084049303,0.08011651315113259,0.0894958294494575,0.10245135081033087
0.12826746701879338,0.12439067203882354,0.07856384174305168,0.09674385629407746,0.07739524262132241,0.10459629178258892,0.0790091939627831,0.08983749368137728,0.10162788614102528
0.12130857308781336,0.12477764327570913,0.0799281209794304,0.09228286610802114,0.07813661414430108,0.10660890443461495,0.07835277815403896,0.08971759594583847,0.10051922782513331
0.12212092494887675,0.12314949061850178,0.07768023195667935,0.08810972762784562,0.07654166615565557,0.10905502019206642,0.07851079628520452,0.09016724884319394,0.09985217007199076
0.12229553380251995,0.1203154159272002,0.07853070652634099,0.08619344853033918,0.07645989276680182,0.11283717261561202,0.0800881796111658,0.08977909415690892,0.09983413155069366
0.14362931810033974,0.12392921706385136,0.07778680892344024,0.0850686040196005,0.07775571410707938,0.11470167440778697,0.08272231801579737,0.09077534729474171,0.10142890160197754
0.16880593984998915,0.11838475004923181,0.07781706719600487,0.08588204365163558,0.07661254187793512,0.11075999791907434,0.08404738268908413,0.090544254891376,0.1007476815997711
0.12408118853550956,0.12073759099790671,0.08107098775064915,0.0879151992411575,0.07696547901646465,0.1082204242423171,0.08559683335365409,0.09071139553094405,0.10022693901430438
0.1054373057948185,0.11731396818428377,0.07732188210720317,0.0898342217800021,0.07755935141308809,0.10958495519321344,0.08623061389695776,0.09123446101803724,0.09777580733896919
0.10060823661848031,0.11889864934635391,0.08047333250725912,0.09210879636501969,0.07712671734875318,0.11401112630622325,0.08610757246568447,0.09083356067775915,0.09794025387362415
0.09814719849991749,0.11950884401103012,0.08101870898087728,0.09264785257782272,0.07727795040197753,0.11260993217769598,0.0859031570621677,0.09114034196224206,0.09722558379204939
0.09932813695803505,0.11802107542362232,0.07783185855273998,0.091820520306027,0.077925882107056,0.10864319789597335,0.08538478851041544,0.09157601481608324,0.09861179642044932
0.10238916759439717,0.11887952790502977,0.08195354644356857,0.09480521879512409,0.07873977336304686,0.10709940618073395,0.08529338049334523,0.09126552789582147,0.10021229744380955
0.11063276480019892,0.11715730675326566,0.07796000718368677,0.09584281733260698,0.07959396779977772,0.10534886877657847,0.08450627565902155,0.09101089499411369,0.10201680179543138
0.11856213905761699,0.11936418714481323,0.07870170355565957,0.09842609897792254,0.0793166703943911,0.10473906922667148,0.08444915501981883,0.09031868043143633,0.10187942993846144
0.12838596338553823,0.11703613195015834,0.08113991725956061,0.10105004702229758,0.08178056944426808,0.1030266636814643,0.08442381145926608,0.08922212960262177,0.1009253389870477
0.1369566354284971,0.11628520318622267,0.07709009065223374,0.1009534729179189,0.08107112048824947,0.10245711360710272,0.084649220468822,0.08869185459419358,0.10133303206659633
0.1476932382823968,0.11718470961619054,0.08287793152281572,0.10184092154729882,0.08059835314949848,0.1038077894376221,0.08517495825997626,0.08847660943642431,0.10191306848686932
0.16228893829573424,0.11599966167547154,0.07987860527335201,0.10215717248063257,0.08181060533121298,0.10382186414775868,0.08553208857120245,0.08793382015154604,0.10262331684290112
0.17580028822399357,0.1224083411262861,0.07971626394155396,0.10339858894787357,0.08069097728584938,0.10486200942403177,0.08580728268287165,0.08821466573243517,0.10374008781028353
0.1784453339830717,0.12335611167272204,0.08310830331997726,0.09855899593523211,0.08113093298572462,0.10628512212803716,0.08598316455864713,0.08786777441525334,0.10326195049138343
0.16471737864806704,0.12776560055038053,0.07799761954305907,0.10087213174245521,0.08106979747594796,0.10555438445903925,0.08569119144708218,0.08830433789486404,0.10276794158603964
0.14907333355530614,0.1295236809739127,0.07958528475073848,0.099856682443149,0.07974582468620629,0.10574246266204158,0.08573356728022379,0.08823619355756954,0.1041991066685317
0.14862285639831369,0.12808569717117949,0.08043825066177068,0.09698015213274962,0.08105478973477478,0.10549136000760805,0.0867227807529743,0.08882216594814878,0.10535957235665366
0.13986213189323773,0.12813321968744584,0.07686893055506655,0.10015000049992859,0.07867185912830692,0.10427469410397426,0.0884367325598726,0.08854271500845329,0.10412179370488533
0.1393391571383851,0.12732371723760638,0.07941907844220691,0.09719700743601957,0.07779116689772123,0.1051171919599762,0.0842302987000915,0.0888483009730972,0.10394654672365913
0.13485897559646712,0.12728529460918725,0.07771945542302082,0.10180421787154792,0.07805745675014766,0.10310672649501401,0.08124471747451353,0.08910138508931828,0.10401705187864616
0.13315730992258934,0.12513132871032914,0.0783623310492939,0.10466048237737599,0.07664806379321189,0.10263504223879492,0.07939685959224466,0.08948691068172486,0.10313881804205823
0.13269139915585385,0.12120245378530894,0.0809311924532106,0.09793310462091809,0.07639159862086613,0.10256201681890476,0.07892308441655005,0.08893943296655943,0.10229099884234884
0.12951724454745622,0.12361808907869253,0.07611082444409752,0.09123513009477292,0.0769445336666877,0.10386552137341115,0.07859083188216558,0.08917307534256916,0.10208321966173356
0.12845142591868794,0.11972944458330664,0.08078311011698944,0.09013199580154298,0.0768281827380978,0.10901832807428731,0.07927392463683641,0.08921408997643855,0.10079899355241216
0.13019055915775354,0.12289839371229927,0.07804316200240134,0.0887131422742319,0.07849237245109202,0.11186238526010085,0.08025003518456438,0.08923867210460093,0.10032055639240577
0.141867881152417,0.12064707951398974,0.07650228039562783,0.08492878865619526,0.07781805010573631,0.12028016537518665,0.08152582159444689,0.09010057419027748,0.09989286735447125
0.18565526311329839,0.11832604241835946,0.07953273531275167,0.08562987947763968,0.07833089509045577,0.11672894724341305,0.08267190759690063,0.09019184031639671,0.10070528092311781
0.13304331654241056,0.11841932765679924,0.07620720735964731,0.08738002588383552,0.07979786641844618,0.11263389589183545,0.08323597330890214,0.09028260860962059,0.10108818917229592
0.11013539203728026,0.117120712005533,0.07871400790143473,0.08934476025785162,0.07837247745945286,0.11323062904608476,0.0834032507926951,0.09100242849196957,0.10117846222312071
0.10085314782365593,0.11415134358371334,0.07905111521704732,0.09296702890273699,0.0786116928284099,0.11580267756381896,0.08326646597183317,0.09108504188818072,0.09902791866392235
0.09857844986566126,0.11842801223184019,0.07730279874525245,0.0883642355405772,0.07877536705102708,0.11665976866012008,0.0832208753791885,0.09125738146410436,0.09970231649371863
0.09962794367512941,0.12103616155909461,0.08061483128764439,0.08930524631453739,0.0781607613817285,0.1131400979829059,0.08240208257106697,0.09056748566432761,0.10041770743551362
0.10144627856466633,0.11650097466168605,0.07836679185577781,0.08939093854056451,0.07953395807071337,0.10983209941663437,0.08254868786186129,0.09062998493217486,0.10053984845822987
0.10853114055821424,0.11831744997310807,0.07746841145978176,0.09311056237441723,0.07872897419944179,0.11030568074660527,0.0821427628445309,0.09058643776315799,0.10182621024839829
0.11777455176311595,0.11481442121931519,0.07931845127739943,0.10120872687614241,0.08102989785758548,0.11100968732043866,0.08166445150258031,0.08980232393192503,0.1026932164926105
0.12466154063865176,0.11628943480400653,0.07625673134354592,0.10141443257034702,0.08182834692871793,0.10987572165147014,0.08187948262400753,0.08846626648501031,0.1025876117174212
0.13498130177643286,0.11483842288903813,0.07843832803003913,0.09633649300979702,0.08165156427277197,0.11056996908036797,0.08183311110000867,0.08813848466190627,0.10191202559124261
0.14022396223689187,0.11313633885415304,0.07850753030392893,0.09372666359851047,0.08177886732085805,0.1084082470571632,0.08218478626947827,0.08830750694978581,0.10300878027980667
0.14852955887589683,0.11561033251757609,0.07787243377000891,0.09468913955422252,0.08052915268837949,0.10937800530101056,0.08277524968489522,0.08818553990503718,0.10307300602738649
0.16538743847244436,0.11918164052453274,0.0811528625347072,0.0964344846221894,0.07996904188048663,0.11026153562158446,0.08322938492291679,0.0876757393614009,0.10257106669863207
0.17292174111851233,0.12229385011987437,0.07822147067563753,0.10038906066775713,0.08062069070172839,0.10803323892245191,0.08339792647041964,0.08759151746553526,0.10223002023708191
0.18589353483909213,0.12822588156697842,0.07866166319513945,0.10077920730277129,0.07891056222005155,0.10760362444624047,0.08368484057359972,0.08751225052345808,0.10477654439765643
0.16909792981275185,0.12750437036829843,0.08000106459269767,0.10278718651866556,0.0786368968853511,0.10763530690797594,0.08351795254706215,0.08722839479564339,0.10489904088900004
0.14902143818146968,0.1268662996975438,0.07497302546147266,0.10519615973824774,0.07877264805691978,0.10775612288511584,0.08435616565384242,0.08688360325676056,0.10482082090380748
0.14546056691973738,0.12471566382245172,0.07930840384315324,0.09964113516604568,0.07735432107597909,0.1098512595931671,0.08530861221412796,0.08823622329758805,0.10449238397519695
0.13422173061849435,0.12462832576658579,0.07613413995551208,0.10059076613289332,0.07816691391590293,0.10897388956825926,0.08628378504049163,0.08808624073850792,0.10443073887243341
0.13336610848942484,0.12524418315197175,0.07475531353784062,0.10098502240280455,0.07748686898708686,0.11082997411253394,0.08240658443596556,0.08864468866664106,0.1030431925651022
0.13117951175558268,0.12713461913923588,0.07901422095773997,0.10390174441103096,0.07650429826161323,0.11110947376843637,0.07896420383660044,0.08811099241438883,0.10277019714665378
0.12766410596459862,0.12498923332207125,0.07499362616821152,0.10184568739073126,0.07725283547745994,0.10944149992657078,0.07780760969453417,0.0877273473093607,0.10396245167017375
0.1309971191627369,0.1240488261085202,0.07659208749963292,0.09804268129503511,0.076506165948122,0.10982986217384304,0.0775747304140917,0.08853994706145467,0.10266084666718822
0.12816868974876724,0.12437734220978758,0.07724004228956143,0.09585454920386333,0.07653647888563143,0.10889097101292951,0.0776097793669643,0.08903969478607174,0.10235725702995542
0.12749964207576453,0.12301369977518578,0.07470026668856278,0.09218113710764998,0.07685193223789194,0.10992823056892465,0.07787518718733462,0.08908632336063337,0.10237340458653453
0.1315317152894589,0.12614128801817612,0.07721798901268309,0.09255492930224103,0.07679769250740161,0.11148981916714397,0.07912979795892092,0.08916872641655238,0.10095573011039512
0.14533191089270664,0.12354101791481112,0.07430225924888645,0.0899608668493188,0.07727987772180625,0.1165933509110754,0.08088681301625822,0.08915515336569396,0.10089902645760326
0.17881224003242285,0.1257525933810199,0.07574457803494465,0.08964331431840043,0.07685149191555303,0.11479627360668238,0.08227023334396578,0.08898722457134722,0.10129698313241389
0.12994963049702862,0.1226153899371066,0.07718137426936936,0.09567368981782687,0.07808281518287241,0.11239146179075045,0.08258943423096107,0.08993853538854053,0.10140720028219181
0.11120005686395204,0.1261067099190601,0.07456257616361994,0.09296171805349948,0.07757614282591184,0.11375770542988788,0.08212133290229452,0.08990417444930231,0.10003863116645487
0.10346252806461421,0.1260852374506914,0.07738898681083722,0.09562834162135882,0.07695145849345154,0.11730830905058802,0.08272543653146681,0.09046210835375301,0.10057673803361286
0.10236045562050923,0.12482378491758024,0.0778851226427948,0.09888578556936721,0.07804570311080476,0.11906080431820933,0.08235929491216082,0.0904091038937529,0.10213206027295985
0.10106203631677044,0.12720435079643655,0.0756006889707908,0.0976295082376037,0.0774803715563969,0.1137419818514666,0.0819467015733057,0.09064471934612407,0.1019920850172204
0.10691682525793841,0.12341010913252086,0.07886459760242735,0.10225860849709993,0.07778932729553338,0.11248024397267292,0.08209320915929859,0.09055251190137809,0.10194212263975092
0.11460476780938345,0.12640276496559963,0.07481126710941172,0.10238973420631224,0.07922440876697731,0.10996718804142591,0.08198177631809442,0.08994396984685585,0.10271048427540704
0.1257438187533274,0.12488863063063203,0.07642675511613949,0.10037192312121494,0.07935105363469964,0.10995641046229702,0.08206969502640099,0.08920498319488153,0.10151399117987234
0.13594604276376338,0.1293987961364153,0.07671397841661179,0.09688322189951645,0.08014446149510614,0.10842266772532069,0.0826937413603077,0.08860111273104464,0.10080622321889487
0.14994843563023086,0.12623621861005505,0.07481692428105666,0.09654851339012781,0.08081974488753851,0.10925426793135565,0.08286089826046833,0.08809568701561574,0.10172591633794835
0.16059815438209363,0.12989767936884147,0.08037565370371148,0.09555571017933884,0.08028404773848963,0.10974333522469146,0.08330978211257803,0.08798568498619652,0.10218706829395971
0.17425626262765054,0.13097254113342752,0.07635050662640354,0.09403920296932894,0.07995143693823385,0.10936956655935591,0.08330948964760208,0.08672398535484592,0.1024436811574006
0.1870732914556054,0.13000273299697324,0.07776945818922075,0.09729542128650868,0.07964923733707373,0.11076554147453277,0.08368193852070178,0.08713957479156056,0.10228575236151632
0.17979808549365864,0.12289193520584034,0.07934067055492855,0.09304583477472918,0.07985719511032811,0.11092119722499508,0.08413419213146496,0.08714381395349782,0.1041781639830625
0.16613963515322375,0.11678536784762752,0.07565108403381357,0.09360422915666884,0.0789386325113741,0.11030078214154626,0.08395422258548696,0.08704698210810795,0.10471859701026069
0.15791251121482427,0.11143965788254477,0.07788244148510197,0.09195760767426497,0.07789864737537595,0.11022147400494992,0.08390447732991065,0.08726035607214595,0.1039237473948054
0.1455392739340988,0.11197630343141574,0.07604576058949929,0.0897434872174792,0.07723399755374928,0.1097652020849835,0.08470185098833313,0.0866889118879702,0.10425416495168288
0.14051248330091218,0.10710851054823103,0.07600822151508742,0.08897400928621059,0.07651121265782812,0.10833151443711964,0.0862846644367049,0.08724499815031805,0.10471271171212597
0.1356694709442088,0.11336861739442496,0.07651147973516759,0.08684904504416255,0.07621379150239914,0.10845578880243455,0.08587722838766476,0.08734664783842622,0.10472720128652697
0.13026969115261142,0.10645442684333319,0.07465512123645164,0.09154180470275682,0.07650666587640835,0.10791101708538238,0.08288894564256025,0.0876271697979469,0.10383875137453184
0.12615896565384283,0.11598703535412629,0.07622808480181116,0.10099154303789164,0.07623186819019534,0.10969165104475984,0.08074249866730689,0.08778448539058058,0.10543005809001203
0.12454967693364981,0.11200918186500956,0.0764167404941463,0.10379404680180884,0.07678613699108551,0.11021764717143241,0.07995531375235931,0.08765007934275021,0.10478087704496057
0.12240766291399074,0.11561168809000318,0.07469532562527573,0.09832509758550195,0.07716182894120206,0.11151383878858345,0.07992888128992422,0.08825845031509345,0.10319285156925534
0.12053955358019852,0.11609357888038498,0.07621811666443974,0.09653603328796838,0.07790134224999441,0.11528138987409293,0.08006429627231948,0.08878114628655377,0.10307892310399798
0.12047513533822764,0.1144100504602332,0.07574968526403499,0.09648894915334917,0.07894023838380386,0.1145147146598045,0.08116179941679301,0.08849225934813716,0.1027844874431023
0.12842003966126284,0.11801421698427776,0.07545408921011144,0.09461587097220339,0.07841428196467512,0.11704646225367903,0.08226568193661309,0.08819154712277104,0.10227734852910834
0.15672867684773578,0.11467174300932063,0.0761298893742771,0.0986596680463011,0.0788423652032536,0.12000573104815125,0.08345401248645015,0.08848688676321456,0.10133580829706568
0.16382108788832175,0.1191587192522677,0.07493044423125368,0.09862257992056703,0.07891639184196779,0.11306865100593068,0.08374214416858876,0.08761414948508332,0.10073568142462153
0.12209480128625573,0.11916382004774775,0.07691521638103084,0.10264008915413131,0.07862992995804087,0.11150737006045701,0.08411828284149843,0.08928030964400101,0.10106884059647843
0.10920493136707479,0.122382028249182,0.07545389302098074,0.10312341312422951,0.07850035719073606,0.11176495270886233,0.08427630974093611,0.08958752955042676,0.10251187462710845
0.10411117961008699,0.12227586435940728,0.07475617766261833,0.0998563035082138,0.07796480913176133,0.11505015082853035,0.0831581692184789,0.08989319237892304,0.1034026551393868
0.10453155131056334,0.12537586737135972,0.07830741679269848,0.09983770084942493,0.0776962247409918,0.11368959508568824,0.08361658703411955,0.09023923603087627,0.10231349222673963
0.10509217119907804,0.12341870230951894,0.07600435276764334,0.10014389429278439,0.07856587623597004,0.10893733508122098,0.08289917040747626,0.09012125920844329,0.10264019234708825
0.11358947797985627,0.12659234611507536,0.07629023356804882,0.10062345089176697,0.07817820919535896,0.10906908438728911,0.08378794803021303,0.09009384327778976,0.10136689934861505
0.12309147500345835,0.12551112424474015,0.0786325716270765,0.10124197619894572,0.07964902370022447,0.10910404244142625,0.08351851622582003,0.08900642616971476,0.1008495041619248
0.13505403313779832,0.12780634988025427,0.07475797350571996,0.09645602424855064,0.08025434119057455,0.10797342756346026,0.08296668983229961,0.08947986145447506,0.10371691144331124
0.14678757778060192,0.12778808361626184,0.07790158946081155,0.0940425729486012,0.08055915163520237,0.1079303206289121,0.08311749395270816,0.08838685502958665,0.10442164040536661
0.15359255469116626,0.13114365326566765,0.07669706828787265,0.08992985926162042,0.08177971132961419,0.10756788695900969,0.0832382172913307,0.0878803449311351,0.10397035344501512
0.177793196072162,0.13214891097035358,0.0771696990127376,0.0914106125605021,0.08002063115372281,0.10660809103181614,0.08349077469948345,0.08749962829094007,0.10325810330519017
0.18703417321383875,0.12779948319766857,0.07885706026530524,0.08701049171435694,0.08035300712482733,0.10733286945625099,0.08340041441610758,0.08766621962050054,0.10343444324845556
0.17638922932995602,0.12372740021177822,0.07608996772806208,0.08620914080945621,0.08068455339150048,0.10682977114326431,0.08445526046026627,0.08786023362497157,0.10358333485935331
0.16218325481601498,0.11512518978738873,0.07783713317312034,0.08679395820009002,0.07958149967668551,0.10636478544119392,0.08503615300255492,0.08735824656906066,0.1044213722255284
0.14740412270187114,0.11179855738343217,0.07777241738314566,0.08541601371085412,0.08027938962914846,0.10601952229347704,0.08522301822674513,0.08775234656021108,0.10572836748083336
0.14033383290430332,0.10879810056984042,0.075236921471429,0.08897744749929777,0.07870084309579965,0.10458734427093164,0.08585459919992347,0.08709673610164263,0.10559133558912635
0.13414608278110499,0.10756460612220774,0.07752992683369946,0.08875737568019305,0.0787059257093072,0.1064209948304058,0.08695033854957707,0.08745070756263537,0.10601362210761288
0.12951318039970866,0.1091387582167665,0.07580287644960362,0.08647910032721157,0.07878162141955442,0.10540955073313213,0.08868361742154898,0.0876475610631602,0.1062529334924823
0.12786969490245645,0.1092825486262719,0.07604339146435272,0.0896307125488935,0.07733443038898696,0.10496522683231807,0.0897093110649202,0.08771840639460754,0.1057364980990416
0.12302549737848367,0.11125420329856132,0.07755446266089938,0.09455981922860957,0.07806917906707868,0.10533440105396355,0.08639672641347361,0.08741873550715985,0.1038457351282568
0.12544793269263943,0.11692804827130117,0.07392743950022021,0.10334250065215812,0.07765724581064101,0.10330717671357242,0.08340464764865141,0.08773496555560405,0.10368595267639015
0.12148091644616187,0.11444524671216347,0.07847948642163764,0.10576452263872581,0.07645157237004699,0.1050920421007339,0.08210539448709378,0.08843345231357652,0.1033873775782517
0.12201636575347354,0.11941446824092318,0.07562071361040013,0.10394643182954948,0.07744124730966467,0.10670165926234809,0.08163977068385415,0.08806785478235432,0.10328611555178216
0.1200575140788701,0.11651567134495654,0.07515226486147805,0.10155437311432772,0.07740864156736751,0.10664365146539828,0.0813383341168484,0.08883420194094992,0.10314822635799814
0.1240793314747146,0.12105920820909156,0.07909298776315624,0.10099736185579906,0.07807116847795148,0.10703258114735349,0.08192470471158904,0.08852363248979403,0.10247792657187958
0.14207194265424497,0.12282180290994749,0.0740910007372565,0.09889796343014409,0.07854164396769502,0.109095266217442,0.08407889167031975,0.08924378446594929,0.10241619417790425
0.17771895737996116,0.1208539903333662,0.0768855684129232,0.10005527649406312,0.07767599343390262,0.11237542945808503,0.08511197766857465,0.08935112691511399,0.10076932081866095
0.12741290849845016,0.12469971327675775,0.07823291547353135,0.10405236718823736,0.07936890320046293,0.11046889679503703,0.08591094702267976,0.09002200590092338,0.10175860825354043
0.1084723191450777,0.12407762930417586,0.07496624800311626,0.10580510443966473,0.0785560652403842,0.10836162594158978,0.08583397146132699,0.09000687275990306,0.10169226017366861
0.10128389061924874,0.1227120491968416,0.07779744659465149,0.10248867302716692,0.0775683342177081,0.11028102740239429,0.08594087180974014,0.0904471253727046,0.10071277317440341
0.10179115362751266,0.12719028545734018,0.07637644065942914,0.10090376901131212,0.07885001180556715,0.11161803892261851,0.0860268756724724,0.09039707650754482,0.10051451668376528
0.10084955628580096,0.12473893820331075,0.07650900920835654,0.09994312993220578,0.07768771888354463,0.10740449180572623,0.08595172860032456,0.09064136647778193,0.10169572563105413
0.10682758903837068,0.11860304908053726,0.0790873233051705,0.09625426504229134,0.07813223518045051,0.10635377465426168,0.08591268788066285,0.09022442495543419,0.10222967143640416
0.1135156370297988,0.12356556221638677,0.07534622289224194,0.09645264422155929,0.0793156084170591,0.10471640736806533,0.08628961792520996,0.08950224544020927,0.10189638794038822
0.12535465726426898,0.12326203041470263,0.07798059672133809,0.09643550039461043,0.07971785434178674,0.10385801875348553,0.08672017582505916,0.08860660984319334,0.10174700544737977
0.13835773953135755,0.1291578549966536,0.07778996056716769,0.09127114564299664,0.08140757031725933,0.10291885537483349,0.08603776623168409,0.08906596500813009,0.1024631189814732
0.1467259433254954,0.1232368132473487,0.07692832062313662,0.09356803923724351,0.0818393760972258,0.1022286525531531,0.08610215852464917,0.088155801312851,0.10289506302146008
0.16602308485173609,0.11987055635447702,0.07892244590279605,0.09088465425273862,0.08199066773930895,0.10304500982923503,0.08533790721886499,0.08781123306001742,0.10250591930260676
0.18187271428065233,0.11886713608424364,0.07874796911804091,0.08949549818875821,0.08211606337661505,0.10350922588753134,0.08504143000286286,0.08730068385654673,0.10332001621791714
0.1827044840863646,0.12300182954407331,0.07791923863189688,0.08969680811472916,0.0807276721107136,0.1042560694200899,0.08386015595515198,0.08690042019489426,0.10252725397496372
0.17754942631102733,0.1288504932335725,0.07847966285823686,0.08670374888126481,0.08186247304227746,0.10498357700160535,0.08434492914780967,0.0869127405716655,0.10360750984695982
0.16600025295867438,0.1302541678857591,0.07683554007700297,0.08819575753534273,0.08113534711518253,0.10447297101613613,0.08395971750897446,0.08751536708226314,0.10331630114065776
0.15413048494712892,0.12411581140056206,0.078455221583022,0.0865924981433475,0.0796807106163277,0.10643717050597676,0.0847531448257919,0.08803314317873871,0.1033077081647021
0.14511415344471607,0.12087811485720738,0.07637678714132504,0.08559997853571741,0.08007369217385164,0.10532636543296123,0.08533576356505737,0.08762436082213698,0.10515820853358077
0.14018947340908136,0.12083958084325698,0.07555470108009708,0.08610069351643232,0.07889673286458396,0.10337485215762375,0.08669379313458331,0.08780100141946265,0.1054495656750464
0.1338632736130738,0.11907515572948775,0.07829482010327622,0.08533338258923305,0.07886067849876456,0.10260836753084028,0.08921159524392758,0.08865394668021559,0.10493745931461336
0.13145721838889546,0.12124912373125513,0.07400897124084943,0.08765907089550999,0.07882425664137728,0.10118654995107197,0.08698686820593704,0.08806608769243239,0.10369888065520855
0.128571768346111,0.12362930514020821,0.07691570238335362,0.09806182676828556,0.07750034044446304,0.09965302021567153,0.08379590003489722,0.08851536901753995,0.10309273319422296
0.12561308147828193,0.125393773334989,0.07800681101880559,0.100617746649097,0.0787601878407474,0.10053982611589621,0.0813908158839319,0.08877094508527535,0.10204105775850525
0.12538231044621762,0.12450654267508553,0.07545313404903632,0.1068471695616936,0.0781456423929222,0.10096986435150546,0.08115006125253477,0.08850792184514535,0.1024102099765211
0.12132463758137935,0.12488940254831324,0.0782460816960499,0.10866742412608342,0.07712629798985803,0.10305094812298327,0.08067870017185674,0.08831698928323974,0.10126204333484518
0.12602434637809878,0.12677270848014166,0.07737651552019524,0.10667674745929194,0.07848863564914292,0.10537142563865497,0.08107373511798935,0.08902979030702071,0.10101020291569958
0.12801941121765398,0.12540291805880413,0.07682461870883103,0.10443554063381905,0.07803439668551983,0.10747330245285136,0.08215080084971896,0.08936751474052007,0.10098200779349777
0.1674112746122451,0.1223724356205124,0.07792212444439844,0.10469833743787828,0.07788271955241569,0.11291442851502696,0.08364927355869188,0.08922273908005034,0.10134082998407984
0.1464332706716062,0.12034939381772818,0.07550561867224717,0.10298357083934638,0.07868910705359522,0.11136693464225661,0.08453742085491003,0.08974902297300129,0.10011665469221011
0.1142271409020288,0.1198456215122008,0.07610771985398591,0.10459116832066113,0.07818613109586908,0.10969953800154257,0.08497576937852445,0.09018682371899343,0.0990928905933257
0.10006769732984491,0.1176232100076695,0.07689543478792465,0.09955525061114186,0.07881224453059696,0.10976313324193124,0.08532355356937041,0.09061585207480188,0.10012992420856812
0.09802322666943837,0.11708178939895522,0.07553284698364814,0.10203584201160534,0.07801742160103,0.11211249354348878,0.08468663657115558,0.0903932382639253,0.10053445657209303
0.09682357146001333,0.11702485903016638,0.0781926783473404,0.09865221001838671,0.07795922014331859,0.11415029957321611,0.08492594687792035,0.09112417647801042,0.10181187272408321
0.09865256436117155,0.11718832942961367,0.0775294260680608,0.09459533762344162,0.07913747707052904,0.11060846041051615,0.08454881803161597,0.09119106888348465,0.10028284250747735
0.10394967819558076,0.11344547163086116,0.07712980252599581,0.09642090678539299,0.07705656412095613,0.10757400466825831,0.08440289433018199,0.0911289592756196,0.10083774223649847
0.109464448579096,0.11159902982660973,0.07851241751431069,0.09045502092187059,0.07871679901507327,0.10735736350036439,0.08391220162932153,0.09081192467100982,0.10115467975020576
0.12317275559381834,0.11649662002998121,0.07679588326213768,0.09164362114858275,0.08008388095550038,0.10550933784986234,0.08364076381878975,0.09010254615167392,0.10176763443187775
0.1269443159471115,0.1110882820154995,0.07861590784026842,0.08732015993859814,0.0795687899479729,0.10231839674422923,0.08389323748936658,0.09001212931126719,0.10136560181773832
0.138757327797588,0.11347302831642407,0.0780981854060599,0.08608383036470957,0.08190897318066895,0.10230186441760732,0.08430900453743853,0.08929578770055335,0.10162257923257058
0.14944403447777657,0.11119828272902636,0.07860274987034328,0.08645657586697747,0.08119736791080169,0.10014586434968248,0.08437610554615953,0.08882448528397305,0.10289199030229833
0.16014783094831667,0.11146261008096356,0.08084607492898435,0.0831663872585046,0.08110570159378785,0.10026889029209993,0.08490255285039881,0.08870862497200277,0.10392543138293853
0.17765514701708296,0.11806534516803714,0.07754805628796602,0.08433295897314715,0.08117712496423965,0.10051482737439575,0.08490803367883601,0.08819807544261511,0.10374985955538732
0.18665061058949092,0.11873754980265332,0.07892736809986478,0.08505805758138087,0.07991667927713411,0.10003708221416599,0.08525474138048104,0.08814495637248489,0.10285362729044348
0.1794205021383609,0.12573546364843002,0.0802097468206233,0.08385988793158801,0.08056167952552795,0.10338083562003259,0.08495370863573828,0.08805104689715909,0.1032254668528932
0.1702604208792556,0.12838601096369098,0.07599085686307452,0.0843996758174419,0.07950099021043266,0.10366748545757147,0.08479052539918232,0.08818305141991964,0.10435689358060607
0.14619524579142387,0.12770825701866542,0.07985561859221821,0.08437374527669765,0.0784780001353919,0.1037604340106962,0.08545115867265776,0.0888878852357813,0.10509053597598894
0.14935814335874298,0.12811450187409876,0.07634682640774398,0.08382195759363614,0.07974915255002563,0.10464316892259504,0.086654936248161,0.08886155935933907,0.10451545852876586
0.13432052588788315,0.12808591902940164,0.07656205051571094,0.08683171571583422,0.07833579950704482,0.10408014726559028,0.08768458006300746,0.08901461827893271,0.10496774038608332
0.14169370952135982,0.12533372338286564,0.0799011158085021,0.09066157733857434,0.07903680729495724,0.10429255192583149,0.08359782627235696,0.0894487687262928,0.10395548251441064
0.13131875296494944,0.12321845700190112,0.07498976827705815,0.10122769337787371,0.07872519388089497,0.10389590490384763,0.08041854775045731,0.08890228335786907,0.103908303633159
0.13171292505501178,0.11932936435873664,0.07940125787388022,0.10576460647833257,0.07820925691380261,0.10328251437800953,0.07965664168940634,0.08966590453162894,0.10121347137301438
0.12708262078154148,0.11875439402932635,0.07742782407973017,0.10577234979344267,0.07921893631344103,0.10589634622546668,0.07854976651972763,0.08963374484031233,0.10174912390857307
0.12760566070370868,0.11835457413739361,0.07579654555306378,0.1027604636204397,0.07842187061546033,0.10811045214028721,0.07905361025337618,0.08992946182981922,0.10127045706904428
