0,1,2,3,4,5,6,7,8
3861.013547279295,4939.631629738275,11197.587984826187,7927.203281619352,5051.612918174965,5889.314217842726,9545.415902742527,7504.856559420298,5863.540999710533
4097.952568474963,5179.276775289866,11409.191264785957,7959.045452586441,5012.071447112845,5820.541077327806,9727.755647992586,7537.347887377159,5829.105549697086
4248.986234504218,5572.632737732924,11137.598863147665,8092.474052058767,4987.340580402714,5813.690663711301,9655.579210470072,7412.767247819488,5764.604258042525
4334.86724648657,5487.313563686367,11670.775432426206,8553.54222685464,5203.919324342,5784.438648905447,9541.090525206226,7425.405330498414,5845.192821899256
4524.72570065559,5487.299130260398,11192.058420606501,8309.607782340605,4922.765843934267,5758.651267937198,9211.222935883017,7433.310580272702,5948.959074419539
4558.2674191122815,5621.112341908593,11504.294151524942,8631.822742358212,5154.655817764177,5813.759381274781,8879.098585896734,7383.909642662544,5717.596080070333
4755.900003596471,5413.618608650713,11401.601316085025,8788.621628219764,5117.847107334612,5589.123404415849,8758.443476227345,7289.682490351997,5711.057921980736
4567.191379882678,5441.89328016272,11372.379967962444,8662.42582221903,4805.504015858074,5544.492343907014,8407.786547923866,7264.473970967488,5815.568398718448
4051.8793842688474,5491.839062630546,11633.119003676587,8918.296873964466,5351.698789252531,5194.162810858089,8417.924072468124,7270.048812353047,5761.73007790343
2441.7356218292252,5637.241116136591,11415.917103975224,8210.47277898127,5214.832104578874,4884.256340761126,8539.37583303315,7185.210079219121,5728.268933154205
2842.593663811172,5622.292189542134,11565.597875610129,7274.6212319776205,5207.096213403219,5385.527510762906,8635.509974833609,7186.834864980501,5609.280421820787
4728.909048287973,5767.910751079769,11591.121075797084,6671.763798246148,5699.74226229488,5549.562862350652,8695.691517010508,7153.703066154532,5656.800252561977
5505.646809535017,5888.95878320321,11235.278616192547,6980.108749335694,5207.40692713187,5333.920821448553,8704.848033669085,7124.493245702197,5659.651527656137
5910.188618320152,5554.251157361708,11465.893576343653,6940.220394662454,4869.563645309158,5389.266952034977,8702.814460804244,7064.318868664409,5625.46241308449
5873.760822702675,5771.4343008685755,11662.743412353791,7526.907793622862,4714.029203462755,5711.075144394608,8847.719267703256,7189.879129782959,5526.713857618556
5645.0039643111795,5583.979935635923,11330.970316711771,7913.598173154313,4442.518776833624,6012.274060201635,8753.202139514657,7249.159302284944,5514.927383301653
4820.663298406672,5571.059137302608,11632.36141419166,7573.37809882512,4561.041232346091,6082.23015972623,8722.036866697663,7225.6537476742515,5519.8103606457025
4102.61025796555,5610.335333186398,11491.099411311,7593.599403537437,4343.610418495839,5962.339680487755,8612.912216424258,7351.668933410616,5411.008516337026
3421.004667423241,5555.882560473581,11719.17265266803,7072.920462191129,4428.906931208322,6215.211591343082,8572.647802450136,7500.129247214014,5418.653638737583
3094.627522779015,5615.361015432633,11650.820071167622,6943.60253753048,4592.5604251824025,6051.202235942279,8665.635641808958,7461.464323649423,5505.757070405486
2784.446218868411,5521.168146835046,11079.066068320226,7086.835617143529,4578.835636386002,6245.491942952362,8428.620954367125,7540.428309112913,5442.932016707773
2372.5992366140117,5119.606324187379,11085.710756857587,7137.6776408161395,4694.275424402046,6316.417397551838,8512.565938618869,7652.1278848170505,5314.119961573184
2241.3695156804565,5100.027531969031,11005.292836850133,6988.166697897426,4759.54946101758,6106.318682436376,8409.733307650897,7669.545026416537,5430.859915547851
2332.440551661935,4715.330286995691,10726.951766686021,6879.984814725177,4780.681480798517,6274.116085027564,8249.773813777882,7703.732256132763,5500.266223482367
2484.8049954638727,4636.6020166373355,11272.032716730893,6887.509958118507,4936.527445516299,6343.28988627566,7903.849838279205,7817.426213358962,5392.446502403958
3084.5115062896616,4868.075004390418,11220.802037338926,6866.485535762753,4739.443586789107,6403.369145050142,8020.145903992696,7636.65408442064,5506.393396452837
3375.4054186458034,4901.501544588359,11153.141436336413,6871.668381373614,5001.931070301999,6438.101377069897,8866.667395107326,7672.5454063214065,5615.456792437986
3685.463929151923,5142.858887844573,11860.950514071177,7281.68345588583,5124.863833130877,6416.385429991165,9455.194788753783,7650.033122398906,5585.769606998719
3614.665761010385,5095.879969560403,11365.824861608131,7117.93581911526,4898.7528301552975,6425.477192954988,9789.096932183715,7677.656049502677,5495.117387345065
3931.6088345742505,5372.537733105812,11761.610588914336,7690.334686329926,5190.829755825644,6430.045355252192,10114.612526477333,7560.185712744469,5597.78673654721
3878.290392865563,5523.12528965811,11658.935901298972,8020.332993101383,4915.3422459237245,6137.576554020729,10065.33449530282,7552.55716366378,5704.404273505446
3906.50959940475,5415.163488545056,11479.41894911266,8424.99816943874,4882.064435941179,6292.708289061948,9858.97144698722,7452.494013880229,5747.681533164293
4074.9831506695577,5553.392289234154,11811.05620064556,8513.818236167739,5317.494350366131,6110.572555500197,9696.332809702888,7448.421646123105,5782.07885607986
3987.2659546036093,5769.07423782491,11494.182882952244,8455.112147605465,4785.990033204718,5960.426005875221,9215.030596782619,7441.010589019931,5707.420529660058
4314.318686861604,5312.93363847939,11876.587226433681,8961.151283022771,5008.514180893506,5749.724994448825,9041.391653658322,7360.785214249206,5723.554739284294
3750.6661908351994,5630.791431343081,11765.180111013757,8574.026756587395,5042.804564104984,5391.798108891827,8932.9450306108,7305.04974850824,5729.147864329988
2552.99845261959,5566.457209158022,11657.193665897847,8271.689360454917,4879.726893646588,5285.311515056037,8744.524007588587,7248.306047304139,5733.632830079424
3192.6313269559078,5638.238546109121,12020.55563598339,7411.723191588791,5218.7523709135585,5765.989399393892,8775.392163231058,7342.017684243694,5691.920079437141
4970.901127340258,5817.634107318511,11609.592571125635,6542.305342991312,4758.922187481919,6025.411317196774,8735.669174119854,7238.860218757761,5776.756034902997
6335.754938522241,5739.123081105556,11859.672412988646,6797.727815812528,4592.082212190697,6002.973435632587,8819.541342897935,7196.220667360075,5745.993542114235
6488.00105302037,5864.321234055665,11920.892966045707,7099.348818809773,4665.5620045813,5461.733355433163,8769.650635950085,7206.824262354738,5736.252752530868
6615.261631076905,5971.24971760287,11396.464184371745,7256.767892565201,4474.481313741707,5784.3065831214,8655.520077974492,7109.3324055282765,5647.583906590824
6201.384156575426,5896.0736444611985,12064.305760554082,7461.285696887178,4414.072248120649,6219.293920165821,8703.155102617626,7083.388542845679,5489.036269438969
5669.291958303659,6122.849431498307,11306.891292854736,7680.745777341861,4318.97839280723,6303.641649540018,8827.981455365965,7123.799464389495,5487.164794578703
4925.230802957397,5753.385300461179,11805.56948503981,7430.504609946773,4297.769330337991,6438.562980165931,8659.116071464916,7300.828042946828,5509.51209598832
3975.5543291232348,5856.727225884353,12111.108326633577,7140.696594526726,4383.059872868973,6446.896030149424,8692.636760351115,7372.55632550643,5603.1469331525395
3605.3232414559425,6155.391161706879,11477.888765384836,7038.699937189687,4372.791643527965,6486.465216412224,8547.4244014645,7469.414226987375,5516.989005397378
3325.385028924837,5589.902357025003,12039.008730676132,6658.713668469714,4484.799105978337,6527.806537898473,8641.923025103635,7466.398217290419,5485.075973458347
2647.690316406038,6026.719212056068,11433.464028256283,6711.88520878246,4593.788782787968,6543.945545489507,8489.582621852558,7632.656714308872,5517.350813745894
2444.8477200484763,5740.147120456719,11265.81124298504,6715.912966999322,4594.634586318099,6717.892244745422,8506.801218795594,7609.445574987201,5378.1891522624555
2092.851556397609,5453.272040767775,11540.287818161629,6899.7202422429455,4894.089689366692,6453.549110139321,8556.262729132808,7618.281349449978,5449.044248345285
2323.0088763694894,5592.028144748915,11237.868934411234,7163.801812691509,4644.251290687161,6325.664760637776,8264.743237704335,7583.8535313539205,5448.118480246058
2592.5173843420584,5384.337401147226,11581.807437877655,7394.21546893728,4727.460226526035,6433.65817134885,8076.198793668149,7558.327893522233,5532.075607286171
3285.8630943480853,5483.526072313297,11648.122233135244,7618.261091518741,4907.331727988608,6307.094332606177,8175.001133596873,7526.010248052766,5546.046909721565
3374.407626338257,5380.334503934492,11527.07807734333,7624.844698699487,4710.232965216799,6277.908528312384,8911.56732673623,7484.604715014824,5748.3994216539895
3623.4200428958593,5709.899563137073,12003.360614689289,7792.911278868456,4825.486581772146,6346.127542847893,9456.181357218233,7466.6931331560645,5660.787781180386
3813.350661181243,6135.96582679884,11640.270901241358,7857.824451182139,4817.724768925366,6258.208016896199,9799.068846806298,7545.703837299454,5551.090204126333
3899.939673837455,5950.649987192367,11755.42772865577,8230.191479834146,4702.6132203327525,6289.314934764692,9841.894796845263,7456.444551507131,5770.157171058589
4082.671744212899,6475.184929937705,11935.304430289474,8698.952634124977,4879.070404147365,6339.193284705674,9837.517418815647,7453.219846330337,5741.844782974758
4101.238877719041,6130.5182020925,11604.462259475988,8699.10509983332,4655.607916397902,6382.428570686176,9563.099200014818,7405.9140341418815,5785.450221070591
4317.570615103191,6002.896315836828,11845.165223350123,8876.401060885884,4844.167176920691,6352.575821368387,9336.057732367124,7340.1853413069575,5791.03898388834
4495.693040656252,6074.744183226094,11827.412586537941,8967.887706152898,5002.412593803734,6025.229123829833,8846.670003582814,7347.582204200491,5821.376847702599
4600.475899264716,5968.483589123785,11747.100695440013,9163.209995976995,4731.113925385369,5905.946525938391,8732.690286418007,7247.703908115779,5709.41675894341
3668.938499406716,6085.114505109328,12003.822252318016,8631.400669949218,5088.435355875701,5307.095298733754,8780.925551479495,7277.819373550067,5721.689464970599
2357.0580567880374,6201.907615197021,11816.272085142982,8130.79953592943,4757.104933880975,5648.65172101173,8592.494711526491,7188.235533666523,5626.236163545159
3817.312605936182,6196.687273051055,11907.10647589633,7359.892779147874,4710.301120606787,6025.330965202416,8692.192474596066,7166.101021153954,5668.407757933487
5677.316094940759,6511.838341470839,12006.381574378274,6640.264783284149,4848.524521795113,6133.7067704735755,8719.92770598728,7162.914769598809,5888.37687047205
6416.597418730718,6295.204560735614,11651.928878225204,6567.962380125798,4460.874780950696,5944.393869499111,8759.211033799902,7141.424598517193,5753.61911891878
6925.890690774904,6248.190326282429,11849.814982291713,6546.309669132371,4456.737614367868,5577.532436642153,8981.3318959023,7107.918802304271,5723.8663496708405
6511.621912805641,6511.048384790998,11717.954693404981,6876.848886647374,4287.225839790037,5967.870579657556,9034.651612657386,7055.785047137634,5676.585670494722
6205.516253770765,6292.593754542707,11675.549610924607,6746.807607029913,4296.715612977904,6337.383785263217,8843.671180723713,7120.7830875144255,5660.271067298178
5476.790712838495,6401.443981674807,11715.22154853569,6479.672334679021,4551.519409982806,6367.012707973358,8953.279743106506,7195.639507999695,5524.588522451299
4633.401067663204,6507.358334151376,11929.56985056457,6895.584418017228,4390.644707856818,6447.348571548133,8821.671350229824,7272.408642979233,5412.439059067845
3887.0069098975305,6284.744055194828,11856.383747672891,7593.101049385676,4349.229282802091,6473.278570517817,8849.871642385222,7339.481559936047,5447.931427709485
3394.160172409576,6756.110945459199,11642.309981247228,7906.59244793064,4473.973027525387,6365.347291460255,8695.531182460098,7528.380969354578,5503.0122460402545
2938.4548520896815,6125.133961776693,11357.186584446812,8566.161996519453,4360.86258640066,6498.436564503644,8593.81086825843,7487.86682466953,5431.102962908151
2569.9220477326744,6158.707346591692,11162.062249908538,8503.583672807876,4544.845971374898,6462.268492965478,8507.625725392512,7514.995829728277,5442.847153421847
2004.2228091602335,5993.529538489545,11200.725726818691,8042.20859290824,4435.407413071713,6479.3595443297045,8531.372584400102,7591.363951657928,5372.921151156119
2110.019969792212,5478.901186297527,11003.18223656019,8349.409229894185,4502.346284478903,6388.1710655739,8388.436249734325,7602.405335699186,5415.969729503199
2621.1365129721366,5715.80752831814,11495.675147598033,8131.731534626762,4457.431936883717,6270.239820231238,8374.026962713553,7596.89410798778,5549.300142724733
2913.9819432153763,5356.447734500023,11412.246063021936,8084.720310811327,4564.847646205701,6325.797940093801,7973.571162988509,7504.4376316682465,5661.980515939715
3463.2845828204527,5731.715140828588,11636.035872694973,8393.713022437405,4698.3577380230145,6193.650194530982,8535.839036730484,7544.985856200485,5578.028728382632
3701.2457246268414,5599.486616745336,11670.281200943788,8453.8355265621,4676.899994561991,6104.47546965524,9410.775388173653,7466.646634865745,5612.175423439927
3948.1614246148165,5765.392013587662,11571.164014286307,8440.81746278605,4594.812429877463,6179.413378510965,9729.496287780612,7526.349573912367,5700.216556356873
4104.958987283528,6001.029373157494,11952.344915681017,8756.963663111115,4924.347520677958,6015.0453816564195,9875.892806124282,7434.183471802818,5722.617558165274
4323.819351177289,6153.319307599502,11683.647936824209,8984.905959699478,4548.555438213523,6098.972275412161,9865.33961838139,7423.842579717879,5702.936517501262
4322.953383677559,5967.082216846344,11741.812086205275,9507.940703188111,4561.022136393366,6129.273969394362,9774.575211219117,7346.74131480124,5712.453705799245
4371.856591483843,6244.473604829595,11825.298471912503,9256.7481142916,4637.768626350684,6167.903126442403,9513.969172976253,7303.145385369967,5702.082685677669
4578.256387538605,6172.140577264157,11650.361582079478,9672.533278726554,4489.960651712981,6185.162520544985,9036.990698263287,7369.701882645409,5707.253979460653
4578.490940180988,6406.956909848402,11741.990447657803,10138.314808787494,4718.801729141226,5961.0239529118135,8879.16376497125,7331.146395551039,5764.8908831209
4599.899053602115,7364.8867298716805,11758.448974084291,9783.562984377044,4534.012261862691,5646.553205059843,8674.23763415373,7219.664086720455,5817.172173845255
3178.7020118316095,7173.751120086488,11670.829734465167,9331.30032032355,4614.546525838577,5286.046324385996,8793.87145828289,7177.556399330038,5847.589323044936
2343.9717030835304,7166.066479561571,11936.184910534505,8345.842481294654,4918.709319324974,5837.683518184377,8814.246873278555,7082.6538080402015,5729.662163817533
4579.225204978779,6822.8898277102,11517.295943520765,7120.608551596243,4632.1692562740955,6134.419495841345,8904.604643044839,7093.490073182115,5615.153578080416
5861.634099579901,6458.3189504120655,11826.151393275797,6507.270087320755,5077.619784019864,6101.349567541812,8924.43495663211,7110.369371066097,5660.43774296988
6561.115983442714,6279.939063807865,11812.354450625384,6364.3948713019145,4991.469721093382,5720.1393516503485,8950.295163107594,7059.959142953398,5615.7928480749515
6653.6379986198735,6487.745025245635,11467.670619160559,6533.0899695828775,4774.560677190222,5570.376811842602,8864.191921132258,7047.483829691955,5667.555027865601
6417.308835635897,6556.408884874404,11892.592691360509,6594.944424019873,4978.365391480581,6185.893378278176,8934.017510925345,7049.2353565633075,5771.779168440397
5881.118017795493,6625.032737479298,11483.622530068373,6830.045261015739,4754.432774161854,6365.671533985515,8849.533998744573,7074.166798067798,5711.929973275946
5059.1406936980775,6541.2260692564605,11494.087925300255,7161.487374224882,4641.151405420485,6489.997085641225,8931.081090490236,7063.478328383633,5591.419236618428
4217.304711877234,6563.214639809447,11612.24102502687,7420.721822544559,4403.802626135393,6364.178223138908,8990.785395466637,7175.688736425281,5587.734519374042
3586.4313281397817,6681.250423069634,11459.090590575102,7838.004821034834,4211.806243585104,6454.295909701286,8786.145268105978,7233.450366016576,5647.4114381586605
3552.927199821855,6333.723502579038,11511.86252529483,8167.5944742353495,4437.091016530629,6316.36101796181,8873.794090087988,7275.537425735313,5463.025343685661
3055.5880852191667,6331.8063305976975,11687.554263514683,8413.172122973463,4308.145323316133,6305.206478849204,8765.119360422714,7347.666899969059,5480.027064712537
2869.3573689029577,6156.809110867819,11266.81494836536,9055.012956493836,4481.186769264335,6327.135994224295,8623.547176597764,7460.291799382093,5361.170704227663
2824.2847516875026,5739.211209250501,11455.297389070618,9171.668278849846,4611.937021072854,6260.45985371093,8731.457505140537,7468.642068789037,5331.514603796997
2562.195724703161,6109.957527093424,10833.784052347295,9487.940634493047,4583.119716188121,6339.695251236482,8530.402088380524,7420.665012626905,5548.839128215909
2705.4508260059015,5606.246372418595,11203.667706886827,10014.389229759194,4577.897390340567,6284.1830457201295,8317.51934235721,7432.655571941394,5668.7081339380575
3221.4946452615786,6083.449473966358,11487.62204616823,9976.190885877704,4573.718037065005,6166.221355276777,8064.689759085084,7358.586531913497,5690.067085864034
3358.857754182515,5972.554410213629,10994.336786866248,10052.487613482379,4560.118771488038,6405.980593705815,8431.069940375935,7384.470852925502,5670.95297259127
3669.6990798581814,5695.553355909481,11629.80727182613,10246.474323923467,4773.929393519768,6298.799836223583,9226.54951504719,7387.124628606562,5744.648935929951
3899.7000182773945,6012.8764752069,11460.483805006827,9942.0479847391,4621.623968700022,6471.929639929595,9533.289576486355,7370.70705222369,5759.300606324168
4173.068998361382,5624.502608277373,11681.900900223929,10253.012888322906,4763.065064368165,6317.997206187131,9805.945427856277,7298.865912229637,5778.8984613938765
4350.098885576214,5945.644511579594,11694.520525834214,10262.644291072927,5003.140186406929,6091.484659310954,9822.421549559804,7229.711536716563,5780.109119427797
4637.566107940483,5887.882160760023,11635.343594145968,10424.843458339268,4677.500057122327,6382.002343100678,9583.012143645283,7313.437042297737,5767.6502769350045
4634.724995148171,6216.625993368845,11632.676030743418,10463.625431631604,4846.997983791675,6136.613290175407,9431.81331733045,7160.735639426056,5776.030114421012
4861.30808132803,6176.4430881539165,11581.590964193027,10646.403039375387,5029.624549207458,5997.784394962692,9063.985403128177,7200.620788775518,5859.046704992828
4838.574603978216,6079.1151992759205,11516.734750598402,11001.517559373264,4587.513523149188,5805.102221744074,8735.797132424255,7205.944245056933,5976.549511558722
4466.316447817175,6692.163202079357,11711.393313027305,10524.05002780554,4946.7321794998925,5364.225006383064,8773.63495189785,7227.950773745902,5975.9125217239725
3029.9777087915445,5895.951488373978,11623.904360397932,9865.66752686448,4775.995335288012,5347.028554109497,8641.025698473888,7119.079645700833,5991.9689191806365
2594.7644287312537,6658.204965761467,11619.657068958293,8829.709810465321,4897.427548274879,5777.634158789815,8695.499290517595,7140.331669171443,5800.012876082824
4580.018415669193,6266.858051552636,11916.156831776505,7478.298161844995,5168.782213457916,5822.007286420448,8727.097090273286,7106.595069403943,5688.905619022934
5801.59381702093,5909.638459756108,11402.356723298468,6739.191926698174,4547.091540038171,5850.144012930847,8631.18888327131,7055.102187059131,5651.816148129083
6142.641036793863,6342.860163666793,11780.009810467509,6610.0818816315095,4952.215340591927,5387.037795816845,8657.565654622145,7018.400638635829,5861.678107699888
6302.953024141585,5477.35211891382,11504.25254114611,6705.937027062949,4662.976501305069,5879.161228211526,8679.044192620446,6999.565831113878,5750.755335264156
6010.619623170478,6141.090916931976,11456.265144805502,7068.641422012418,4344.268672708476,6257.065110503757,8923.355941285343,6966.985639025299,5782.72018231264
5695.1549828318275,5772.350780118188,11566.34535188671,7014.6881015243835,4472.384637528816,6271.461475767323,9159.39445896822,7090.076590305098,5812.528712901833
4408.309563434795,5828.5705184468725,11401.573173393104,7457.563874975425,4195.944788395927,6455.054779928846,9218.375416777448,7145.050226790442,5769.643682106575
3916.1837160659434,6248.204992667827,11737.501123200227,7891.032260856996,4318.727452957779,6320.307958730742,9216.40380524974,7306.609163628428,5671.547416788388
3117.11578753353,5768.832445689907,11926.686696938836,7867.003777785193,4433.739766335073,6446.365499887802,9171.896055059833,7345.481100168578,5520.06646338475
2806.0115434095414,6414.548707218152,11266.460594697197,8521.032059890045,4350.395299785931,6399.300782673651,8966.404846392985,7333.529333505343,5465.750817822833
2285.310594072949,5385.081809722619,11518.481338149822,8600.194914342776,4555.966961092041,6295.72818736592,8913.263376559637,7494.70334940521,5510.740392033826
2127.0482990481178,5607.429999578608,11245.050078118717,8729.788375013237,4542.276932011818,6436.128104635123,8721.200320579708,7434.452852019997,5363.630619522845
2307.8044130377684,5154.544912178284,11015.285611652731,8998.700635549556,4574.792698493257,6311.416822308408,8560.88991775011,7494.306877367191,5329.196967461731
2415.747193249862,4761.876713734775,11426.19299692989,9201.983088253484,4629.795707483566,6248.925393700202,8441.955493159365,7456.056450256175,5354.263919459384
2937.411065472344,5258.706333337317,11169.300173365498,9330.394267911071,4728.939021100496,6299.420041273264,8055.438047388261,7502.403674523563,5565.130190793182
3239.3941221493137,4881.452699957074,11343.208171467473,9432.557615984408,4715.46186337844,6155.192099610994,8556.056136837522,7399.27722607918,5586.594556473649
3643.0400263800484,5119.489743445901,11621.34236315108,9119.322048585542,4677.334472503175,6117.418299207671,9403.83045665979,7400.505066336828,5671.895885246235
3876.8212184116924,5229.26482417312,11264.242609223083,9599.239971646653,4650.922081563015,6210.691951875598,9775.063507734438,7423.570330401781,5753.612356769364
4077.9704170352,5125.068220345765,11804.113325226983,9531.860397670927,4990.285224792281,6067.566580324053,10259.824652685296,7457.9518786194385,5805.691208604076
4441.100390352152,5831.781382113705,11640.840766170939,9475.90865403607,4764.65860313413,6095.921584348179,10295.35785200392,7444.075949858971,5806.64374482928
4293.496029051056,5463.830086024913,11340.51587426443,9563.522121434551,4955.054288801017,6135.483109072406,10073.969380096645,7304.4659993202895,5801.647857711426
4663.7888846906535,5737.337325834275,11862.853761589116,9614.241070206364,4927.344618965338,6373.815755079047,9975.185710327669,7293.708850499115,5778.376544015159
4544.813926292622,5908.3345311075045,11206.065395632697,9625.65564689142,4615.907634014178,6353.445782110777,9565.19024934567,7289.900557675317,5809.291650224711
4812.43432311942,5512.789588036962,11504.95950114425,9880.660587798891,4822.516311283347,6098.717832755632,9191.285382518661,7141.821715864402,5744.074572675699
4551.133970077169,6050.221090703406,11561.42187544582,9595.147617713978,4661.705428937646,5864.824751439506,9083.03619899315,7170.209127078341,5768.175666510259
3730.523063938661,5837.140192608518,11314.746706015965,9059.292199647709,4582.785986903169,5464.452439006799,8865.213060925893,7179.413023390992,5686.833613353367
2304.503139760077,5868.283549875878,11905.460838603374,7722.842297439343,4922.6851163205765,5638.871819805611,8886.384529693925,7149.039840998603,5717.029023684013
3613.9603009839584,6350.975476116491,11495.814907422826,6631.343285368828,4590.527535112678,6022.115653053181,8980.666057118211,7141.583102613316,5947.712703546707
5100.353185263159,5871.51416341431,11498.666803677099,6665.652258874504,4631.726033018747,5957.494161563407,8920.207063770074,7105.79101391416,5752.102838864521
5988.379555171299,6182.625862474625,11716.571762974885,6571.831693827956,4631.524776776212,5623.690849408966,8989.91501769158,7039.5420052114405,5778.599330314345
6173.63536700192,5914.4815571305235,11190.369115872343,6728.936581175977,4340.406920029039,5499.56509161963,9019.293239754832,7058.83861445947,5827.041273867405
6075.6123660683215,6019.739360404238,11681.389101811379,6874.697490930881,4398.700986579827,5757.778008878722,9098.4812228813,7083.301015153485,5827.411388005942
5738.063983349516,5878.5024022408015,11346.495376250288,7336.38157112686,4205.4874386420215,5948.767309350806,9025.579921178562,7043.566421480172,5610.000068798735
4771.540499852296,5980.9964582841485,11237.5245239568,7180.435157593586,4333.604323003924,5858.320663026786,8943.967554947338,7294.390956205396,5508.909664397496
3999.9273219128318,5682.267155664533,11696.545548507485,7089.44136657132,4096.541497591276,5933.375872258112,9102.116714269201,7418.131544023314,5584.37933332833
3411.275928560071,6076.884753356935,11186.626609192852,7127.932152080221,4207.777695715152,5887.048171536947,9031.360340148234,7421.907047236818,5597.2658605350025
2646.0827280875496,5856.502414971742,11401.467624140205,7163.1147520338345,4270.193670325568,5935.689860753282,9008.04542894465,7497.992397944245,5627.731962379822
2439.941428517152,6055.938243222582,11313.046249370565,7165.978279553098,4397.569066005455,6040.75845722998,9076.418828248075,7548.700514843127,5599.496741547111
1949.9107350814463,5661.356879204738,10816.95059683984,7039.4898973019035,4433.302537903312,6046.17234799178,8912.95953871978,7538.586933243041,5500.8136748235975
2124.1232757032844,5449.754707984938,11374.817950041503,6990.990726607638,4721.897407420667,6104.637751985448,9024.593817202935,7580.966216738437,5491.172815161299
2550.429530808369,5325.156617675092,10896.149029964618,6938.8933886525865,4587.60670966667,6181.595256065529,8874.003420697516,7649.640788334162,5534.184542451631
2960.842814399219,4844.27880854638,10834.154695187537,7580.68184994182,4678.728692819294,6118.4161459854095,8581.600306987948,7619.032580135175,5489.635198026999
3284.6733656585684,5337.367260497531,11517.540048586314,7624.115471716879,4781.773677278112,6036.668015586336,8385.847800593885,7536.428079480262,5411.853207145613
3653.5663881273863,5043.587907247737,11003.70708537761,7943.1880629987245,4631.624587911694,6067.198635894445,9194.746571015086,7458.517246959947,5494.849225357466
3637.79156064153,5304.151758034346,11222.259667579494,8276.430402755592,4847.670365431912,5829.134265778334,9808.550103731483,7452.2046546350575,5703.559614546035
4141.239136517137,5616.608776985428,11300.139516223233,8192.851253326626,4858.512662922712,5891.8958367888545,10305.557540137663,7392.335339216148,5663.331718483117
4210.456106146893,5282.695621281516,10814.228976182207,8738.449322603245,4708.817806686685,5845.8822046890355,10552.988453298653,7432.843111903535,5746.041910869603
4311.906106034282,5719.319043275697,11311.297203692866,8791.233011802513,5007.072286325071,5784.373494909462,10432.237642678105,7396.022910431016,5809.086224072305
4447.579257574724,5900.408650112442,10957.047628191945,9085.602925173856,4731.757897229392,5848.646790780116,10387.75953809363,7381.680296297657,5774.134011096937
4488.776832972556,5538.608597640867,11173.130261532791,8984.290724992437,4796.069432195249,5728.044675333308,10074.83604613207,7304.374604420627,5707.0455660444695
4543.055842302642,5895.557546756224,11326.507638338788,8729.425544983618,4927.474941731489,5750.354511625472,9887.151176711364,7280.398087985196,5582.846327903116
4626.3311997381,5667.1404249953475,11056.471103164193,8947.391196202625,4694.283719335367,5543.109499283126,9300.89119906195,7249.777641255504,5581.672798533032
4425.772756323455,5817.483306026405,11440.407760177179,8328.965803726227,5038.574143866717,5113.803150402773,9274.629178793024,7277.805313158526,5669.102188456596
3263.239064094128,5667.409607963035,11504.160372280474,7270.837057162307,4782.178909457044,5131.080311979405,9115.185955094425,7208.535138676483,5642.679475747671
2257.4527250885462,5782.761077662685,11075.782373692824,6808.030374098731,4934.647840026678,5423.66959773716,9001.11374350092,7208.924693552164,5671.844127581929
3834.1138001889,5914.446315048745,11298.440266464972,7126.091590418845,5095.091046506256,5531.131484895856,9217.225919566823,7199.110625562188,5667.140037069147
5059.243855276471,5899.378596873645,11324.623932423643,7456.723358089611,4627.170215001322,5515.991196804754,9203.749729897672,7161.266010069873,5578.777177531271
5782.469917917118,5575.049716791228,11083.017377128803,7618.111016412486,4669.867199024387,5118.82650274551,9193.913596708204,7093.614397692296,5628.513122420382
5802.008640766632,5999.606781998287,11497.520889422227,7938.541089165228,4638.343705286428,5592.771154520056,9298.967066414518,7177.111056867994,5505.380459877972
5723.9103163054115,5750.581998093101,10951.80906967626,7724.075376071058,4399.673628805313,5850.975183871357,9195.717032990358,7050.807248032611,5476.07918943665
5298.920803390912,5663.888056494936,11120.223799899215,7719.741708842359,4411.530291928989,5866.865773212971,9196.888948547226,7100.047409819903,5455.426127935133
4360.690663275695,5702.345550959864,11235.695577523753,7298.432118533114,4278.723367759727,6076.509221458043,9196.418143046576,7264.7678977481355,5505.671966139085
3650.6703311041597,5609.013355094729,10666.135072740575,7106.90440784122,4281.4896051544065,5824.009844431969,9052.647540660757,7384.375910860168,5475.1788656531835
3090.4656330696557,5490.773561961395,11344.805783762225,6985.581213600001,4356.838300972805,5954.233539642838,9121.928444264207,7434.941455725065,5521.9346797703865
2594.102295346026,5764.962122725118,10956.26305939892,7006.63043781901,4545.779263468506,5898.95557892107,9023.308515154065,7530.970033422056,5491.955152641625
2203.198679222934,5285.200815897237,10688.518036246667,6980.11495880481,4511.031686918561,5769.441118927451,9026.077280805588,7560.899382378891,5464.182119647317
1979.6212893584686,5017.113121503578,11245.363192283688,6926.945265837401,4739.119065906698,5912.199745317106,8995.31156115389,7639.789329604706,5387.081624420267
2274.7056339874066,4961.97024142435,10515.818101845041,7271.856819279019,4721.207775294416,5863.135429571142,8874.67249390141,7645.708721929957,5411.050775484414
2597.5799709970925,4473.195669773669,10910.664584609396,7586.951817435198,4659.302107095859,5710.345207711112,8891.927497449065,7573.667155903074,5380.524782643637
3103.0308967404,4790.892804827224,11193.823039881378,8018.331869283851,4695.207397496432,5822.024665755563,8469.299805532912,7573.977309040428,5293.703013390918
3231.671297918267,4739.925048705079,10649.054847469608,8581.59970197233,4885.768127455568,5724.1175910375705,8512.52276440565,7569.286528206085,5540.857038625542
3724.718678245001,4910.470402103338,11509.684763947267,8439.7842135442,5100.977556708366,5721.720405481528,9379.347459803212,7536.687695682651,5671.007698975472
3695.7760810693057,4966.068652223636,10873.539311571392,8789.258157018237,4986.241527320787,5754.441446259059,9922.427834284883,7453.856018053441,5619.935125126427
4194.199437534294,5023.973825974038,11295.251888858074,8860.809450082392,4978.769453016972,5533.822576991633,10382.943337449668,7505.5971211058895,5589.274648099441
4226.854033426137,5151.916134505094,11559.395729473797,8963.575188198862,4739.803962575425,5682.149014278464,10394.760806772503,7467.266491690174,5712.430732266233
4497.998361281938,5062.409321999396,10981.045176855214,9047.647958026295,4655.724028393076,5562.922720880383,10242.674281502781,7492.477764597681,5737.56161491263
4613.2210142937965,4931.464782252462,11544.529432111369,9143.779790453502,4751.330412037701,5744.3532893165675,10247.864746315043,7454.604346387335,5732.258666232498
4509.668041422339,5077.921833536167,11138.122739296123,9184.222976875899,4612.760437381678,5756.0694421879525,9841.67554975678,7273.480787179364,5735.956295940043
4936.273718137112,5090.22350314781,11193.19431856672,9416.190925795514,4591.786155775883,5471.531117711431,9553.964867379977,7386.128405164184,5781.386005606892
4404.489650065811,4914.962175333302,11464.327709781617,9189.986827590863,4654.403388119372,5355.363653663269,9351.988565898715,7289.196815052258,5589.157108756677
4233.748680721074,4981.436335118765,11015.5281270104,8923.741126876013,4435.591327768075,4821.404072442225,9125.750786909985,7373.268250927019,5514.787834716459
2614.7503859695203,5072.892493838711,11690.054069235117,7932.095909454601,4679.7537047624155,5238.338262028852,9281.16569438972,7397.854735035822,5554.739563926384
2994.474757961229,4921.139950871014,11238.143291277947,6952.237075922314,4473.820475136721,5600.375187982645,9142.520869820359,7326.310728465329,5529.105180677536
4610.674893008583,4964.527099574961,11265.422929385988,6812.603648388401,4705.0524115225035,5514.195433091929,8998.610336856442,7248.386533999944,5639.04780755205
5650.9056236777415,4961.210566937851,11410.358482461053,6505.289028004647,4648.308129914424,5525.693763657473,9101.559432783763,7161.494015069122,5668.739085265813
5799.577178049223,5139.442821971975,10958.692849024543,6435.926055545368,4428.286213345266,5144.959846173939,9243.991079236805,7184.490524956446,5606.607282892096
5957.282459791633,4915.496012750784,11321.398033107753,6585.279209766196,4455.890554404232,5497.98145999302,9296.581130997654,7135.504982326704,5609.831863867443
5608.043070759779,5469.221768421666,11127.457781600531,6594.581113013736,4266.156853563335,5946.855129893304,9478.9613859452,7127.403723113387,5427.907707008998
4837.737933795935,4968.618876219132,10994.597829364631,6749.952260495018,4303.104569446253,5980.314988401403,9495.97410432857,7278.049352186808,5447.578137234709
4170.854384648616,5081.049935519481,11328.365821868607,6991.65421645918,4219.940243327827,6070.019149136592,9509.019908868246,7416.159529462735,5333.088173657425
3327.2553381586627,4947.059851733996,11217.341021440108,7353.006409448467,4410.439376339271,5950.296155936786,9407.91042181692,7358.866548273839,5352.259311873171
2752.5846302042037,4953.417020243268,11164.271022403675,7871.5238771934255,4222.233806726487,5929.172138671933,9324.456549339713,7430.410438769211,5416.919237485746
2709.013611947115,5117.480194629387,11265.849904875218,7649.863400789662,4350.534271576732,5965.106710473404,9323.250815835212,7533.021418442227,5461.757766659454
2323.617683734128,4359.951559310273,10606.034681221443,8122.039818662704,4461.000356626455,5798.031794012952,9267.206035605823,7527.850350701133,5522.511876551978
2308.507551700258,4730.567661886419,10687.99310642175,8458.847428828487,4471.672953737281,5749.373427413967,9222.24280239303,7461.606482539962,5449.940934956461
2866.745354928015,4564.819374277692,11045.128601996654,8318.22773929252,4441.080780653656,5783.523781365719,9149.334398421945,7557.934571575303,5417.623603138803
3195.565807167647,4588.76567236143,10530.355142672646,8620.72470329669,4567.78236627064,5661.826743963035,8951.704469156743,7539.071206319607,5387.422944170036
3587.726575723142,4649.482178029908,11079.640445027946,8517.083273521564,4893.662616432212,5719.171071865116,8600.504135473377,7509.514613098078,5232.190771294671
3770.5602016723815,4769.009998477302,10962.962857363762,8587.160745848247,4731.273534262436,5833.58169664173,8719.789768528797,7490.014287583908,5332.670033104821
3901.079292518525,4758.000359183889,10848.298306372195,8925.176574541028,5276.750084600573,5804.81136755954,9545.137125358877,7450.118431735413,5402.60915787086
4305.8058995798365,4733.876672017721,11515.13449394506,9394.286669687854,5066.048398069748,5871.700820839225,9975.885098636503,7429.221274720428,5427.91456472038
4206.229364177504,4707.321750493887,11090.79603033473,10256.041163979355,4965.520953599211,5820.003752859115,10270.810883913977,7403.762028170729,5590.509753562122
4563.846561590792,4901.981867443023,11358.976647191785,10559.134436576844,5306.628949192823,5888.024406273457,10428.810883340315,7349.706737002194,5666.608303655008
4604.386871688755,4808.156163857834,11327.993047461061,10650.61166601221,4826.591293307245,5916.755214265469,10345.427079690115,7431.646711197998,5575.009792451389
4592.270607114044,4956.103246255156,10923.90881490995,10731.360086243369,5074.916066726984,5863.834996789868,10165.17303859159,7326.231895271507,5542.776458771872
5017.65833532046,4898.911752014506,11290.030928551241,10443.321133535024,4975.94361214764,5878.046993005832,9821.72525571126,7271.317513399283,5559.557193145465
4638.929219468838,4929.082812135188,11220.410702544343,9993.500058943298,4644.25314603434,5633.134372029664,9521.94876771344,7218.689065253335,5719.091322685122
4393.133686157837,4882.361748947706,11232.348027578118,9435.420425097851,4781.88940222549,5368.777339268235,9525.498739746752,7229.324455683295,5696.045855865658
3296.706677363058,4911.45521691516,11431.607368491234,8339.691603098709,4509.447762105532,4995.048618685815,9344.87468859945,7196.2949006338395,5552.290617928561
2713.6665435403106,5337.6300212131055,11173.142383168199,7296.17136382485,4613.747731240742,5324.451266237646,9291.854552111294,7168.316578657913,5542.266178353738
4427.6744925819385,4906.238801832512,11609.321675973579,6835.072674558295,4854.744862114406,5540.523604923385,9381.957219792077,7121.091643583729,5564.679948583572
5748.1313302485505,5358.788804006684,11157.179082339879,6700.30874095083,4654.46493501171,5563.709741909762,9331.897498119619,7100.222603134385,5515.315513512771
6227.558721227879,5055.002005923452,10936.905704441799,6919.35827524128,4866.9727076712115,5298.056236899956,9378.20822487064,7092.948497208534,5519.608472334284
6126.834361696325,5282.625887733421,11571.33076394066,7051.511317286671,4546.556092314603,5379.3727864139355,9363.35194462205,7038.042533175828,5527.3186281621465
6039.568986313001,5367.00375125287,10854.053230998357,7186.216111911219,4574.762267218077,5811.0975150421355,9301.01470642782,7017.4289710604835,5590.256706256729
5352.190400742722,5281.891766764556,11104.908795973039,7075.786670070785,4457.365136288188,6018.8244177998695,9375.645990593363,7090.748468297662,5577.8035808212235
4783.14612088923,5500.31961544686,11205.207452701912,6993.042292142933,4229.786199528438,6156.937980477727,9354.662712768008,7177.179488145946,5364.003532755438
3866.894406524585,5390.213249197936,11286.68113036107,7111.111748181143,4513.712461518829,6075.2974196079285,9314.41969511071,7288.487131474664,5444.480430573612
3520.614356410517,5050.803954449857,11502.745655404326,7514.489419511817,4394.863398088595,6130.358814656005,9347.172788579015,7344.87357253352,5466.208343612571
2979.0145719748534,5156.399613015796,11048.74810635872,7827.467762415577,4472.879057684704,6157.08465665618,9181.678446805667,7398.7627478609775,5496.359337393372
2508.6295557130197,5230.099360215362,11116.553137135728,7872.388994243534,4926.081599702752,6094.628403870035,9238.128855503779,7437.3631124119665,5305.991963412845
2223.0781257673384,5072.992982083279,11150.114310860448,8136.400812225259,4838.297795131182,6169.075429696141,9149.13971867116,7399.567263630149,5348.060637600476
2131.386435843864,4973.844195080018,10472.48250229309,8749.01496851904,4869.80008499899,6173.546511547791,9145.808459279135,7545.9696369205285,5292.26144602515
2321.67212738444,4853.066490698874,11034.68522944112,8651.64850017982,4918.612877720443,6100.046639134164,9178.406595421016,7462.941945001694,5318.662409450721
2849.2569637789293,4991.700029106106,11086.019564139622,8988.793741557278,4729.443929395338,6079.764892985187,8864.173115114041,7506.480980099673,5356.235277636814
3088.3520024950567,5119.229625552007,10763.070603404474,9060.63499122855,4900.973398320349,5944.216272673045,8455.452010738121,7394.371208203993,5443.236094775374
3376.865213711857,5103.154554410766,11248.235974606365,9176.775121557148,4586.401920791799,6160.8134678655315,8866.455973360622,7389.594725213898,5528.974936998027
3712.3190855179164,5123.278720196415,11096.4404975635,9257.627928994527,4808.003335951455,6128.5954129209695,9376.679108494074,7444.801741965128,5543.373205962353
3739.6474578301013,5195.703370579127,11513.975479004024,9267.364212674825,4851.414603330355,6058.1511948471225,9915.466276304876,7390.391580109129,5538.651829956552
4040.876058510765,5281.3268950454,11614.873930249893,9044.024391508701,4575.81387688917,6161.442199090115,10115.885251549584,7313.952818651128,5573.0992089173815
4189.289959357863,5654.464528539594,11205.750492561487,9070.120688464227,4857.311313286838,6048.974735314705,10218.546187254868,7319.001254730586,5615.221917546892
4144.17924654426,5358.68629031341,11679.262498290582,9022.970102935371,4937.279811895233,6009.047984577501,10101.405104722344,7299.99358276262,5612.783057378666
4463.464535944433,5587.208339852275,11134.700838895373,9130.710598029666,4838.836879609186,6106.277422088348,9620.422046909222,7232.440396592965,5613.9961712792965
4134.089599970969,5424.68495089147,11191.650887248477,9616.822476651023,5172.837877635584,5892.934443495734,9474.047021162689,7226.059669410836,5765.398439133569
4429.973295746722,5330.138572301222,11620.524040165525,9006.236214938686,4967.214674479837,5801.574670112796,9253.521797308696,7209.554336989773,5959.244705208071
3521.439260410034,5271.7165965888735,10897.817670823524,8500.730553039884,5096.65511453571,5521.594344044865,9209.536865451544,7123.299749899118,5882.0271957411705
2156.347604743883,5195.472607922225,11426.787555031515,7494.51332860203,5127.422416749072,5155.486302690878,9062.733643263844,7084.570435841412,5693.588227084566
3890.99948920221,5444.206412959537,11135.921904189754,6970.366118961587,5023.994495769148,5496.033321959276,8995.417550036385,7079.900095844122,5615.248129413139
5820.864717130141,5300.128043501318,11052.284061066088,6831.786315936961,5311.262534321046,5528.4602463011925,8985.437112922562,7064.117349806445,5630.492126517193
6657.756676050463,5534.349849528106,11606.507944456282,7208.010509864312,4742.076449770008,5506.521479939761,9019.58129465155,6981.314222514068,5662.55288694789
6944.428262332914,5188.715144099804,11188.28643092263,7396.992112426535,4571.902418358008,5283.139637007422,9203.227452186818,6957.432349141428,5648.059263276236
6905.256928477731,5592.425761802898,11607.253982247816,7768.985601102768,4655.911259314092,5772.502857778601,9112.036605034795,7009.862189201121,5595.881341295463
6681.158624501057,5162.2491322706865,11632.116462174752,7813.892639074824,4383.246043682521,6031.6491249831615,9136.812896839008,6911.684550889001,5523.137797230903
5930.481289388742,5175.970935088161,11046.18471657846,7223.603529942719,4338.507518654156,6125.384183288823,9110.51696935709,7049.8387500093095,5545.706124024436
5260.271288337214,5376.487668526387,11594.151511689472,7210.575019033476,4248.126608822,6296.17854094119,9092.461882246776,7159.828653873883,5589.939339378913
4743.178142236316,4928.16221430524,11351.153041797124,7221.189303660397,4212.662526059766,6375.700235545258,9010.878029496163,7162.532329778475,5565.966321897978
4120.560292915682,5187.328759281954,10947.566191428863,7515.651037568732,4371.247885482817,6324.809124853138,9066.895734819382,7239.136292193889,5479.910873253982
3831.092664786637,5329.802026667379,11425.675244758791,7625.95789380194,4301.575666293271,6573.087927254607,8961.332894595373,7317.269722646631,5471.597747727489
3386.396675564008,4736.932511480016,10753.171197960082,7829.251249994542,4626.100919628588,6376.888380904833,8931.215836110265,7334.741167375151,5308.630987997898
2880.5464671676086,4949.081244390272,10895.596605745357,7859.527132788079,4668.170114077048,6420.4933863844135,8777.847275583183,7328.071506939029,5292.290555097486
2628.8662716422173,4662.490765409565,10995.446844475237,8098.715834686696,4562.608834224876,6565.180591298803,8791.067283919992,7344.798305663305,5254.768028534688
2040.4755104464284,4625.192301485764,10764.34994957922,8172.776703408002,4891.846574982921,6486.536556551391,8539.23603288733,7365.113109808047,5351.444971313931
2009.2018696770085,4545.43631337382,11164.11923433965,8387.628980519186,4638.097636714265,6503.240240494107,8546.448812009327,7335.482103154878,5419.356633448805
2457.4940121449877,4654.662096278558,10741.362374278491,8493.525323405334,4669.409615851921,6403.206322881613,8175.2131468604275,7280.874000164512,5502.880164237078
2851.824883414919,4638.032296039193,11219.1859442153,9189.285439554757,4997.867445284095,6380.3257757276415,8358.099793237268,7357.395637761316,5621.822867287331
2764.736795513334,4631.053323920313,11289.951151833578,9342.379830161939,4839.192608855985,6280.211826717665,9115.663666932805,7317.558430533489,5765.835910748097
3470.9192701385487,5031.84317615811,10989.924887865545,9845.474052175161,5035.753787478083,6060.62861780099,9526.037489727385,7342.122715221646,5839.865548369509
3282.959244907186,4974.429068070851,11217.535626300538,9987.888324872278,4911.128267219607,6080.6031680052165,9749.553998269912,7225.890486130775,5690.685755644698
3646.06628984608,5589.643395179568,11275.164575279085,9525.46083863315,4957.249850213132,6047.634900083125,9668.50862833506,7175.768179541533,5677.413937445934
3770.32316895107,5191.735047281364,11184.766698573749,9375.53890021506,5059.994490925031,6039.7313660109085,9687.134624027447,7116.78411671353,5746.523558096846
4179.773790465695,5749.430548664584,11519.380269893505,8863.888611485627,4868.177296475081,6058.079247694367,9206.044234674911,7035.008178058454,5817.291005526813
4231.0848560132745,5506.21961936325,11407.1419573206,8701.398823104475,4990.739555158647,5895.03236768507,8939.619950309163,7114.636133897407,5859.63269734815
3899.2290300133586,5585.950414247721,11504.096408493473,7840.737383644558,5035.681695618473,5502.622124600081,8564.316570350518,7064.2351783396025,5899.24119727849
2930.813601758512,5773.756226725237,11660.698462787333,7020.661522443374,4854.580317930285,5472.081449392844,8474.257579588753,6999.024383089872,5839.07893259272
2800.4879955501847,5607.052176372835,10931.39571985066,6883.3052369009165,5394.91492292934,6056.025583288856,8349.830313836497,7093.237686326684,5832.810620779941
4916.173214621972,6049.678619488987,11502.098055074262,6945.198097319111,5136.698698450906,6165.385278787679,8644.046759509953,7025.52761789829,6010.394658089563
6280.474283638929,5714.069436075198,10686.310635650707,6903.186219845812,5123.046367847562,6040.957457616352,8760.191841039354,6845.038804922807,6135.905289632167
6980.461353125049,6279.435797251095,10949.192754002159,7035.750540696367,5138.797425721305,5633.031822352393,8984.870396810396,6831.922785720959,5839.020209399512
7250.942403581684,5633.5776168273815,11263.853593082527,7214.164371638207,4548.278928365868,5618.378544708462,9010.165211832202,6798.7838081012,5764.180039853097
6942.723502128557,6148.661264318605,10887.768902745851,7210.494374857881,4734.637257924858,6105.967651991164,9009.585101995019,6865.422762617968,5768.062316803814
6544.432614914001,5887.616630792817,11158.980705948134,7268.339263299864,4385.565890065758,6362.528318430519,9053.626075294376,6865.0891295742385,5678.567632922757
5626.225116240365,5851.901006133233,11376.004916679904,7302.332401701198,4235.406281485966,6371.278314092467,8938.091440910712,6977.930072999239,5571.499982147017
4885.7266764984715,5898.8796226998975,10983.980356598839,7559.8896161082,4294.836523054966,6390.932859116848,8816.494270609617,7163.831477462671,5632.382429572811
4199.318349446806,5899.9821974647175,11388.061175616662,7537.0448604137755,4192.64400518561,6566.661065274863,8770.549775731934,7316.36065134946,5734.882295993169
3754.1581875221063,5966.947001379051,11053.004515403709,7839.469212717383,4269.500908138303,6565.134117893981,8612.93598075947,7263.346447094285,5653.301855426201
3198.0206158913857,5901.960121690136,10809.613694377333,7733.878056037374,4535.786896760368,6600.04444374811,8445.162704859109,7325.025193038081,5610.56744966594
2746.9472520019226,5742.68117480322,11140.453148441748,7985.53602720536,4455.728896164908,6511.467953513015,8373.636421818128,7428.959901890213,5620.1978530853585
2580.21095106392,5354.155137967795,10519.845222110613,8341.13879771938,4629.692551239083,6423.419025491343,8330.572052022419,7381.909787750843,5462.955972630966
2114.284263596448,5244.425149745629,10964.838358226332,8745.20212983321,4687.142531920077,6379.8175535991295,8516.050591163246,7333.102264836221,5540.461662905287
2275.5687321728133,5018.851219577247,11166.343823225185,8874.395509394844,4725.898039162095,6255.58527824012,8421.67044744569,7455.304360255904,5482.0330971980675
2703.697274803329,4859.938723701354,10689.498369922054,9167.54717134239,4851.477621484428,6209.657678250582,8169.370646434175,7421.499519999939,5469.285713013926
2745.8557122766606,4976.82058573619,11331.214640868187,9395.335734189028,4739.711735478387,6266.293924123906,8638.378311085797,7330.044447288901,5539.110922617386
3176.5261870621057,5022.356831882463,10975.946713235064,9549.696705157414,4869.344054159898,6213.480941978724,9380.788286985251,7242.47644723598,5719.701281239223
3235.0507126871216,4959.872186745345,11134.475037089924,9645.22225102518,5036.137635881596,6182.772341256725,9895.022556455842,7254.090530922385,5740.775302366113
3574.856900691349,5125.44650129456,11420.108695101057,9597.287634479953,4845.844745012747,6190.569730403618,10034.698509176951,7206.678211116832,5705.197433310581
3749.6404064482695,5472.257912336364,10961.620211441354,9810.317932274003,5153.051486526188,6280.975165693812,10059.20930776551,7215.118507850737,5853.106390761988
3995.724989026449,5274.275892031669,11584.930258334642,9338.448797221805,5097.342285680888,6196.961539868947,9849.515270405587,7301.531436045131,5840.540676993715
4199.134635540106,5573.555242325582,11175.435841994993,9606.604281915632,5022.931455158618,6074.905649105138,9593.40475792691,7210.42726874731,5960.088309403965
4397.434456457084,5691.695855237552,11097.779086377433,9576.858235182055,5185.087910774817,5953.800601276715,9296.020484221055,7133.990169195278,5902.621666681518
4406.572937656342,5557.213007520054,11703.609367164132,9249.32346778762,5030.194548702157,5794.137357083717,8866.290097333296,7119.603183756046,5873.404685785242
3985.7788503462934,5964.956213088831,11188.12980628861,8390.641690505505,5136.789101125098,5181.4036847020825,8874.502339915094,7157.351776599845,6029.009385634365
2542.903146089878,5756.706401863387,11560.740926458464,7435.949485445548,5223.460757029134,5562.454419404755,8917.350914013052,7038.9557848073755,5915.7774244482325
2991.023371080902,6151.720536541124,11377.178056103266,6856.166816016041,5119.300772940239,5950.967864691706,8996.776651769213,7022.684683514798,5837.922928185313
4934.815290422222,5930.881424634146,11238.558979658663,6570.791086902857,5480.987243667162,5997.3263265949545,9084.637269401463,7035.257521396367,5879.3813666371125
6148.074747889495,6000.424846526252,11529.950932267984,6614.691366525008,5329.218925393921,5927.1050317938325,9103.349286673178,6998.69449342103,5872.504552778347
6406.965671046555,6037.198840527904,11007.372294106102,6687.221966418256,4911.501978467733,5536.670524455218,9191.698213117274,6908.560834209174,5647.109114560479
6625.84048936012,5809.691303457099,11418.86334656047,6884.43265165095,4882.030796776317,5804.253145101684,9128.03459893939,6896.679689827972,5713.614878854855
6267.976894100905,5894.029949505555,11481.34555447412,6887.72656341522,4494.4627507103305,6124.959941363276,9222.590364732876,6945.972305679021,5789.853666105011
5740.029634357922,5681.578209515624,10782.345753285357,7070.4423138053735,4442.8517836226865,6109.526547649614,9159.32104349556,7047.126967826752,5683.378055596447
5102.431016944051,5663.939810285444,11510.564481209074,7143.252334997118,4401.607963027137,6406.865433621794,9044.897937095117,7168.984230886933,5584.070423755132
4311.0459978457775,5497.659149343816,11285.877692475775,7412.707451206189,4198.687732258817,6323.285308608691,9174.115290668025,7339.135971933111,5544.184900559246
3904.724601581415,5491.744009788795,10975.811819469993,7895.3660896119945,4460.774576318632,6428.724054358972,9050.190614138872,7430.131044557962,5493.452133993128
3516.155626850857,5780.394479024608,11516.812049318918,8091.908553698655,4378.771645921354,6616.728451060762,9085.218074045066,7401.4847416782995,5702.998041519912
2964.664187771275,5318.443716430282,10677.621394099602,8604.80761173265,4526.3130719076125,6377.754222138189,9027.70485421993,7479.925891024942,5618.698368990516
2514.3854671939603,5071.690372675634,10928.702321429317,8890.638350842108,4795.61598197383,6313.1381975870145,9010.079287400782,7465.000567959141,5537.152844346605
2065.919568485961,4984.441498896006,11013.699066588926,8798.276348661737,4745.228090554954,6216.585600310223,8983.02120991753,7402.494708925586,5511.641034665194
2185.645775796882,4418.627208684886,10347.977175023214,9204.76909277552,5000.387905727299,6139.494240740373,8915.16131214226,7498.1552534955545,5506.562749333222
2521.719243131023,4600.954063295686,11384.663854804177,9223.436245184086,4860.6140068828045,6206.649670476161,8681.799947257969,7470.733079820472,5521.29160849785
3130.7635112873472,4545.042022709558,10963.783631262313,9499.786043556094,4877.715080646357,5994.215010376203,8460.918056448994,7379.15492649119,5454.896429659017
3029.946876840162,4745.739776360086,10858.606372895267,9776.906144419077,5175.134743381484,5966.722620530685,8852.735143025337,7355.405930250492,5637.806948470256
3372.1759628977466,4724.691897146917,11651.100083495872,9986.990456804953,4797.694916101915,5973.231872922227,9863.74528399691,7415.710196919077,5574.148383301559
3627.8708604511717,4653.940815030836,11017.951983042742,10103.519910881503,4933.607897400877,5743.535604568993,10321.085654533803,7443.410115382685,5572.378400829224
3662.2610653292686,5009.885128201397,11406.838156794349,9737.587694357988,5044.426661919797,5902.448049063307,10762.050327533232,7373.029530676734,5774.742028464918
4111.299069522345,4827.968178119618,11419.538545447927,9718.873226256967,4782.518963605731,6069.8343495132,10617.43552005545,7303.4791419375915,5740.95099227359
3899.4385009256544,5288.643689108862,11008.14688122625,9819.235229096765,4883.3915417597955,5964.339915872488,10562.780571725732,7330.936668668209,5647.994327708159
4379.250189871832,4838.702382477802,11636.536901926755,9683.347712602788,4755.925533433331,5942.434045113059,10439.177239057792,7271.993128509667,5771.925978539886
4392.875906196097,5222.188613358326,11037.600637425972,9236.758420713888,4813.1247118810315,5785.911820523614,10001.529758751856,7351.356964525984,5662.296941974134
4264.072773930355,5028.272025658536,11232.233245181895,8583.680870695447,4987.193560651782,5580.886229550046,9600.447307990693,7333.511052891139,5649.0527852541345
3496.3716162673577,5140.046468039489,11651.716586134326,7222.3227387563675,4849.838023588842,5096.684980396665,9636.134235243593,7273.260915613702,5536.737563231611
2232.3610172348453,5116.140382935497,10966.842909034793,6643.9810027311905,5096.835098864211,5285.447289202496,9442.753731624789,7072.645152271156,5559.8766271311015
3586.220823185842,5180.423133720184,11424.355522171316,6536.2166781038695,5543.847259837968,5716.387503702927,9455.413609356607,7194.304574370216,5640.280585740603
4974.0594557332515,5496.976441147669,11374.366313429016,6885.2818158586815,5422.374015961523,5853.147862885564,9628.356250251602,7243.305945920899,5662.705905455748
5920.277194361138,5132.411171040702,10834.964574808533,6852.71036227211,5930.468816726688,5859.389720174783,9581.549821819803,7123.854125757064,5567.7928998993475
6092.402362639432,5402.703591382526,11278.469941636482,6978.620280559778,5583.837477005315,5564.817198057155,9636.907422012146,7035.866353714281,5519.701230748025
6171.999284888239,5191.617683424488,10906.287700575143,6897.058793872173,5303.553439538441,5959.971770343462,9669.14174159411,7083.898235425836,5515.78927703514
5850.676091224191,5436.4993757891025,10920.924638012038,6896.724162464757,5301.987545463918,6256.495037086818,9632.555688029657,7152.117393859089,5669.683879847555
5183.911239302253,5184.531982724065,11277.661506147884,7057.121387186056,4775.796758326823,6246.684996936478,9733.62237129097,7170.645716409053,5403.315650031209
4451.93766128731,5288.7900778437515,10636.90352322877,7498.247915171518,4605.452039401005,6230.707439715579,9676.49406253363,7262.429942905609,5447.136151718378
3777.3462871172624,5381.637898691343,11425.570219150459,7649.628833386648,4383.924336999495,6271.5389922999475,9613.533110926266,7319.497913428901,5611.169494897499
3579.0460470863636,5321.119228495343,11017.007640579515,7717.903679277005,4333.46370902511,6156.962302912139,9607.309079359471,7522.609523685605,5415.698293749571
2875.5013963673496,5578.801336803437,10290.18547319511,8196.44478917278,4289.403784704613,6410.252682607461,9636.733928368987,7576.989392537203,5336.29233057536
2607.7862302663357,5061.103364372466,11063.265764974663,8278.290556860893,4368.165461245939,6367.032491924283,9599.642175456163,7553.793263474822,5371.385134685496
2151.737364832979,5353.585888038949,10507.484545545753,8534.21474567839,4480.065371212457,6283.105134572519,9509.366266516461,7534.3659048167565,5632.696407708413
2070.0383855414984,4626.172605828218,10552.126079142834,8920.965588977477,4806.709175100898,6407.007294215046,9479.718318561556,7546.600651155579,5523.169392841834
2425.055241446471,4475.400137949,11198.884979999479,8579.701737367677,4810.056780748797,6201.873733972631,9316.954986092906,7517.436793052087,5598.993202873904
2736.7358702554234,4592.675717239436,10599.445949720164,8966.3323432688,4952.535580562499,6065.702026866833,9068.282248723417,7490.628555666135,5550.899878807491
3080.944304571153,4466.998955082982,11279.843892779805,8575.163709221784,5265.82448067729,6004.686646347974,8976.450631443082,7537.724012670534,5430.0901042477335
3280.434309184901,4492.477085704706,10879.161394925826,8782.036692054662,5223.077135604413,5987.25999716701,9887.939788258285,7497.617377112427,5382.30548763254
3413.182439909803,4634.3997400890285,10932.35539317677,8841.556253263083,5330.169087490975,6117.955924046306,10477.656551644322,7496.039534629815,5478.720476809389
3606.091402367383,4770.9755322215515,11516.306251707743,9018.150294784487,5153.448666653322,6205.880813992599,10947.691772739736,7446.686330332181,5576.145122137683
3873.8237723709376,4955.786215690338,10558.851658530517,9124.612334655263,5041.123629586678,6123.997899179218,11023.35566181529,7463.410208979859,5607.97266449948
3965.8408677391158,5069.6640383611075,11018.66937649357,9333.520958475727,5033.36224044963,6386.316771787216,11145.050626642567,7391.008457167595,5672.370696117524
4028.4751392230582,5038.65319984099,11110.529541611402,9513.193797756283,4984.70041175112,6154.635413791466,10954.655166805289,7387.401345315627,5827.199860068348
4290.323389551904,5323.364450449709,10773.921511926155,9386.447450414607,5113.024175423799,6094.059787524693,10623.261055858355,7331.9741596885915,5646.659538983905
4263.628142970506,4872.903330320562,11185.144611305177,8690.101353605078,5144.573944265878,5973.211763898604,10291.176611542025,7321.7604330775075,5627.218336833424
4030.3699618862474,5141.832782492864,10874.487157918087,7619.887627946128,5165.109706500483,5550.772048923129,10061.159558351226,7278.708871460601,5717.689455442644
2781.8833089863333,4841.698378658282,11252.213617592792,6627.512928576008,5463.628180065735,5064.373069892898,9803.648837067596,7260.884817092666,5872.159273508087
2332.28318108883,5034.708768846561,11431.073614035382,6708.596379560953,5349.309103984486,5434.386559272804,9710.251568896885,7294.61596508462,5660.52992813692
4144.209662188172,5001.5028629100525,10767.11094444368,6954.770039563646,5879.825567720882,5635.066519160467,9677.267879656487,7285.2625941439965,5658.8273272108645
5528.183599252648,5144.1734245141115,11501.21176083604,7644.197631289693,6005.370130532489,5752.159888785609,9693.31751836756,7235.840253758014,5743.323075455593
5974.265604027182,5006.986543867204,11026.89804018736,7908.310708212735,5812.857280615175,5314.901470807254,9710.292542954612,7119.348649299314,5652.171362660178
6048.759053332125,4832.122490040585,10825.34287755146,7919.416223194992,6014.907240843861,5706.7628689173325,9721.879286933266,7083.298781036005,5550.570433114536
5832.010089950874,5187.874742600878,11208.376903029797,7704.774330554191,5287.272360355107,6133.692823410858,9644.763560404885,7164.784090975463,5530.651870331967
5327.727950656285,4866.081389644397,10714.394345238507,7298.291785118682,5130.308229934272,6100.710780852589,9607.616956425305,7157.145732592718,5555.167767437601
4399.548565071521,4988.562817908129,11128.045641933333,6922.706408238513,4909.927401583057,6285.924580272206,9649.27156909814,7300.64971170247,5524.638053504042
3880.7727111596673,4679.9425224168635,10979.471888971459,6939.005936507087,4438.033535244529,6131.3177998695555,9683.985639537046,7493.915892595375,5511.252838957687
3369.443466121414,4914.881263745995,10910.651703030137,6889.219498799816,4536.4992441953145,6030.64908642476,9532.197734908765,7588.363546419017,5498.776227641358
2994.836019696178,4723.203055549901,11008.923497980537,6777.574521819982,4390.207460393683,6213.956645029052,9573.259211189457,7630.2806336812455,5430.365767329146
2927.5765217103108,4653.256988163498,10546.540709777657,6840.256542370058,4429.395537358221,6193.187426887059,9502.661471781534,7673.813747943839,5457.671774964156
2207.897141086042,4501.431850364743,10500.303825719207,6778.9761224700715,4750.495807374276,6296.226870773796,9430.009764265033,7721.9434231573,5373.516417740842
2215.6512762283123,4319.509645805104,10646.64111629996,6776.685074581515,4734.475863010186,6211.206755652693,9508.442005544763,7849.492662303433,5387.446371024934
2317.8942587026163,4516.599236473436,10184.438290420772,6919.537224432627,4876.00925392275,6187.42116531079,9262.818045436417,7626.65498235139,5329.392545053231
2581.6627823798735,4561.7524332778285,10555.156817702586,6946.021349444495,5057.301634047312,6167.052527812155,9091.513634759094,7614.879218994917,5306.5382160591325
2739.4498911754886,4599.3209184169755,10757.43729326235,7336.487016741999,4962.462439336927,5959.727010907794,8708.3986345748,7619.84170381223,5301.355260620872
3109.562839469035,4690.967791925584,10673.800676585175,7619.5748195544775,5593.494974219303,5999.9034509029825,8772.67732571422,7596.490190536042,5371.79095632165
3092.3098826761748,4663.901076760324,11140.51423087542,7874.745852402713,5497.943145497428,5983.416849449566,9645.942598763075,7591.873474830318,5377.466458153798
3394.281927827805,4627.160828455142,10638.686788934923,8210.045377051136,5676.3436342434425,5871.507056639194,10285.05080009537,7566.299479968303,5588.545023269768
3498.5537026484717,4542.7561386729385,11041.087032374271,8445.160579555617,5979.4186325805995,5907.2635999717295,10612.154421029829,7526.950688213935,5619.608125908887
3736.7780050341016,4525.273865268233,11426.435289091443,8405.850642491627,5704.947966534293,5942.764060540364,10567.506281116228,7527.589627183407,5661.562404631164
3839.112800120161,4484.4680044378165,10757.634962600923,8898.517307401673,5762.211290556132,5886.649274671314,10551.334705076702,7477.758359462477,5725.929081502759
4040.593600809311,4621.522483610754,11369.897311666755,8801.112004687124,5768.599638862505,6057.182283503684,10258.953211255539,7457.0133252321075,5690.251572629839
4261.229743948184,4635.616197318318,11066.988334099284,8053.686477314956,5573.148611966596,5778.9265275938615,10043.641554490938,7425.9826585693845,5689.622329445533
4080.2522816885494,4537.283155442988,10773.380447179534,7611.734574463537,5956.393187837374,5538.572245002284,9653.821334405535,7344.87722321958,5812.767453023276
3339.6090640412613,4767.504849411628,11278.143591627357,6363.9050323005595,5685.918101620438,5290.366223092359,9428.76857484019,7202.6857684414335,5852.657659789943
2109.5490011605875,4688.1810687454545,10839.551968122802,6965.09986195531,5723.030351143703,4642.0898907803,9269.997196098178,7236.712269481365,5909.294066945627
3953.259961067824,4784.700872160255,11090.28560875589,7483.311562272133,6316.217574996445,4900.552947753665,9239.415360819621,7225.463327742535,5912.8061823679955
5682.968132827524,4885.905740401753,11018.712757248493,7859.779747027046,5951.871810205388,5132.461303081444,9202.992666496773,7144.0771031657705,5844.098744112625
6235.557895084319,4791.804344022691,10735.302519769133,8052.506583649496,6246.210436314752,5034.544221965193,9241.70811629119,7097.166451892867,5686.203833746761
6483.422260849825,4918.520917673064,11317.746914079917,8224.738275231044,6173.424393024593,4938.9756591020805,9027.149488803461,7109.712905274183,5716.446621563801
6192.158473769694,4651.517661986077,10851.158507421484,8155.320190649948,5737.823519669146,5416.122755540331,9158.308322824336,7141.5169465715235,5539.671559191507
5718.966085431182,4961.868404424686,10832.273399610225,7447.425488029039,5573.62938846686,5698.0014446716,9229.635002935709,7124.517158311786,5608.527885608164
5185.196677713361,4692.997019248582,11459.761391981649,7341.52439829891,5180.602567198334,6012.585437258058,9145.393903669414,7031.1807464274225,5570.612517687433
3938.627729080453,4794.987213700963,10469.446847080426,6953.097978232328,5211.185523842532,5830.194342049742,9146.001681777836,7125.65660357434,5450.103259203282
3654.1370949837865,4713.067690505657,10746.997952685402,6602.066398757623,5046.596248754391,5843.543069789021,9237.35150800359,7239.43939910006,5385.4544522237775
3090.1831776254285,4843.270030402657,10835.754917641514,6776.866989325324,5074.176256097921,5712.9177948930665,9196.923948816457,7396.998667348997,5496.023820964582
2681.008174695898,4945.147175079164,10040.010480463026,6720.5400710674885,5338.262000028087,5705.096926320669,9039.899541874473,7428.4658747443045,5549.8710054959965
2349.8769915502317,4561.67516743478,10687.929021463611,6569.366607023232,5401.731401470511,5748.625309913463,8972.402552613376,7523.283998073089,5528.266213145736
2033.1311389796117,4689.08683149711,10215.717555120656,6803.681933813328,5670.254892733271,5650.943105855998,8960.530522184163,7494.99657410631,5480.7778476864405
2307.4517674500016,4383.298414509384,10598.25039717287,7256.402793354682,5970.626847132335,5716.941237206496,8963.119658262547,7493.815432773397,5286.528544213357
2476.0588981215665,4593.109711434695,10862.532075516374,7259.917801361295,5641.307688122298,5795.25801408262,8916.026456907151,7495.241811510697,5271.666981955152
3144.9049202844335,4605.697187930175,10185.116093354613,7926.279218199067,6114.644450013448,5715.782218746134,8682.436908077369,7501.397371288022,5303.6402627888365
3316.7779247468543,4679.256360263256,11203.34994846206,7920.038628734562,6077.275784910624,5821.183997669543,8399.063127591873,7500.638812318254,5389.902059829512
3475.3425013894266,4750.083767710282,10797.27663130012,8019.596689908526,6033.667850039065,5743.212869385321,8276.882022389733,7471.730033097384,5564.427253692889
3699.6928379503024,4711.643222214676,10594.840903771583,8628.970694029462,6443.6426282951925,5632.738680159228,8810.284890095943,7357.045612680099,5582.661777691516
3768.975883665491,4942.900974570322,11337.375674786352,8553.681511364453,6257.855229379711,5680.821841139634,9247.931356878085,7434.001258055221,5666.134089550137
4070.2567959405055,4860.2911974417675,10661.72809517107,8697.418756961706,6554.768463864292,5609.857112629424,9530.575690882351,7455.040074142115,5620.51734319177
4077.4300390311932,5167.929238288295,10897.568043053587,8835.415698140188,6672.919155736506,5806.070511751394,9784.774143099708,7388.968055517273,5696.969027356295
4293.796678209925,4856.547915705114,11047.742778193691,8748.782401503508,6458.981580649696,5841.229927443833,9839.70885269353,7334.239076547402,5821.675603414916
4230.80157438226,4877.820613239507,10640.402615154539,8675.97487431947,6813.786278564029,5724.151985076003,9761.471022151538,7262.254413811435,5910.113277687245
4559.355245559875,5133.754411777855,11362.415395604276,7826.492051805132,6847.062251883612,5815.946384026257,9707.32348138229,7337.280742680992,5844.101204858603
4062.1939295941993,5382.4229908814195,10837.805485074923,6987.216475406577,6644.025088660744,5587.891440230077,9429.654687054184,7298.975441506922,5795.058845160776
2882.8381423393434,5400.80529858659,10915.806930544903,6410.547523687104,6811.152406594936,5165.299327073537,9499.38681040855,7159.86491810558,5716.877327026791
2571.8896106572092,5189.469953039539,11363.500522637378,6555.826381835004,6734.551657749592,5232.428265500943,9230.823096863336,7146.875776547922,5791.0286124083295
4800.109439167316,5136.22716414845,10665.961920607873,6732.414152570364,6848.375586861263,5399.3318400834805,9089.191637807404,7245.265333360509,5766.018132764296
6143.71428161832,5216.372901966263,11250.771062592112,6908.540569240377,6855.87464004682,5460.143262934075,8993.28454078702,7060.66120820143,5717.335698457397
6763.658121203926,5036.228033081639,11163.772306526807,7017.980369364845,6827.237695125981,5134.911870954008,9025.01944994756,7055.833826203606,5733.581725913645
6718.2972705660595,4881.078694706147,10817.127975580674,6505.435345554137,6844.5352941735355,4835.259682534566,8873.087466382332,7096.180088503007,5845.97463566731
6412.067453001001,4940.97948189995,11242.276248971493,6919.26455504161,6588.222093185258,5266.295441224811,8928.872092024321,7037.525556432791,5661.873560562793
5943.825643917847,4798.0422768415,11075.013110507352,7472.055355160161,6441.768352595571,5489.551221435001,8992.4400906409,7004.210197074286,5697.481567621225
5246.855387964759,4830.492428870641,11033.427492148003,8169.031040348095,6316.596989932571,5573.975843446898,8978.919945008809,7059.463327252362,5631.452920258564
4294.148441723315,4761.148952089069,11515.996905253365,8342.463551625171,5934.5923230982635,5749.60215544517,8918.155565541047,7138.846694388556,5689.486331092508
4036.7049114757565,4655.838354510551,10620.555078772832,8396.053352238405,6122.03894155492,5778.4930688806235,8940.184573405442,7190.007018054348,5732.317106224849
3363.636071930527,4945.499939557886,11176.391556931721,8127.948599718385,6135.650347320321,6009.205016000424,8952.161978623417,7356.905133814391,5576.9582188243385
3012.7633834436847,4694.335958570611,10703.567707824488,8129.202566841886,6301.017918890761,5905.118757338393,8906.58023709008,7374.971086095412,5469.915571625616
2576.933429401195,4707.772788901027,9881.361350184217,8092.889656338784,6565.783489142579,6038.9421428954365,8987.985021138255,7505.194307260122,5335.320449978527
2103.936614080192,4382.357870489885,11217.878370016671,8296.30992575605,6393.147517334987,6135.749092205786,8930.43716728853,7472.746345287815,5437.299862382571
2126.708793563642,4350.438012271321,10438.393288913256,8395.543106919087,6930.9139980753325,5828.333948060969,8923.258783383852,7507.4157858030285,5567.115614236761
2480.12107492982,4542.406928074917,10973.360884743488,8513.592953647545,7099.782270284701,5986.14441929863,8927.286002042856,7433.721316650093,5570.251153577089
2777.820340908741,4473.478964726312,11215.989666665644,8839.634118910644,6825.435784175904,5872.082746173065,8547.762295749606,7406.010336900192,5434.8440073695165
3248.355410495683,4666.344724839694,10749.798781649231,9018.428622808186,7161.357488196852,5880.745341065466,8638.27325579716,7430.965614309141,5422.9475188747465
3213.599462888003,4681.733345106404,11498.6163923591,9307.24656765831,7258.496048469421,5850.791305261855,9363.416133633717,7403.024226604259,5429.8803388869355
3808.541608148663,4669.930129983229,11130.06208342692,9539.339375391584,7252.886194082433,5772.790949954255,9989.582451323779,7434.760844196986,5536.666563998932
3595.2173417948243,4652.785950228727,11200.158341362216,9768.782787826392,7530.05043723901,5914.882090412058,10206.116995239065,7367.088947089866,5708.898288039813
4145.468019312044,4590.145854995657,11687.06579623349,9735.3952930916,7590.585022833226,6004.460415035543,10245.629689887384,7267.485722772357,5709.5410111427145
4105.237655645882,4627.278993713694,11115.929461592414,10282.169117850293,7627.788681806296,6031.001572254263,10300.519769273318,7310.882393269491,5872.990877475229
4177.631308341423,4684.058936402495,11236.089735200068,10044.623626488179,7431.473379650711,6077.371400363646,9934.510705589497,7326.019603434076,5930.3518623476275
4468.5970492749075,4606.233989302752,11417.368321184023,9219.678967163101,7636.025160148122,5893.265813880947,9661.942820273664,7275.802442991786,6024.5282537679695
4329.717746819354,4657.688464654879,10875.133718901685,8248.949737074978,7817.113628925512,5628.6654097074015,9311.41832227797,7099.231863761431,5881.328130458846
3905.390248250404,4634.334820224629,11568.16356585007,7095.55450156521,7717.977028132466,5292.907343268091,9217.359672632076,7213.350578130389,5834.4233565085615
2308.128516467019,4856.859458509164,11244.033474361353,6460.461324569021,7928.029115885341,5263.619507716476,9107.04621347223,7152.384219568626,5704.062792375335
3451.675891526442,4661.072197942726,11359.583532208355,6461.150744544391,7953.441077775644,5745.30638181559,9206.969966927254,7201.960858023391,5638.933165286139
5388.083457437675,4787.582172923567,11571.414925341282,6639.837432894378,7994.953047894573,5753.796037848072,9118.103421818236,7213.0541035288725,5739.505324312105
6360.688388670322,5016.605043374413,10940.89280261915,6751.395382593303,8258.813409013906,5675.037161856994,9302.188972339873,7064.110139564064,5696.166517544967
6709.907576140818,4655.314928170564,11493.879089669716,6787.569415536338,7865.103303527631,5324.004522926367,9332.805296000788,6994.29341378093,5700.729104826788
6572.086107543807,4967.032129421898,11407.0095715207,6778.564000004291,7919.461105045565,5477.219443957755,9451.052217320846,7040.246180336164,5768.824353478459
6328.923133958831,4591.154384509568,10754.756464252541,7254.220958715101,7456.584545855563,5877.863207470342,9318.950296036923,7071.812032113955,5733.970365433597
5559.027303984028,4971.394637986569,11463.589432519633,7629.5565992781885,6962.455323556654,6083.036342143915,9197.787434787753,7018.339172967362,5820.049165096141
4898.892978616328,4842.268883349013,10928.920336743608,8094.757675964161,7092.037279370347,6012.721314588488,9351.809218335504,7153.563376640783,5826.40115690816
4043.235646436862,4940.117438795216,11391.725885185211,8404.13320909509,6832.779034931539,6101.317323258003,9248.74154997027,7231.5819641917,5784.63455471707
4078.868072793439,5063.976253832415,11309.695565765373,8506.171864981146,6675.377836357037,6158.547692092383,9183.704118271487,7264.038309552989,5687.677102874421
3467.89113004379,5107.340624098705,10743.461446762078,8774.956545198116,6991.683682059419,6163.133480187138,9098.366296772132,7365.9947938106225,5697.959518143552
3377.9970814001686,4873.851488741428,11722.156779278319,9032.580577927683,7055.995535080676,6309.588679477699,9067.456755598312,7495.321990693676,5575.448317626467
2832.4821703609105,4832.467449362693,10792.288602601186,9156.306355794684,7294.390642898763,6359.600563508129,9105.765496485219,7544.4993702274505,5462.315816361762
2332.992923032976,4537.988707222892,10878.581449342117,9359.46574911791,7471.992508151677,6669.537433261999,9124.561424646505,7469.093147607816,5582.907984750591
2290.0360305445015,4499.149401132356,11569.756447791588,9273.485980272742,7553.058526447092,6602.238133206781,8959.03544039256,7477.940324212467,5483.7426516029955
2763.4333920625563,4504.917124060809,10602.696872297187,9435.117782154994,7851.8288070034805,6486.574095574213,8901.262235916805,7497.2261635521945,5562.769180022831
2848.2736609704807,4551.632998294442,11155.01133527215,9531.223604063984,7713.671284448803,6356.7244912667575,8490.17688638447,7506.563532599231,5603.495825664403
3142.6415905073277,4521.129008415646,11347.912027814584,9576.494826938073,8170.594135901127,6169.321749571792,8614.855274737283,7552.60944724532,5472.965513354937
3323.896672049152,4504.264447432869,10912.379812101908,9568.254144208035,8121.749122613835,6185.563518182892,9531.039094637435,7368.729306044058,5543.085958653065
3816.276454067342,4597.002192384058,11757.342674669828,9639.298930228779,7906.954144306826,5928.550174511494,10023.78814853118,7433.543577273738,5738.2283945765685
3808.0577466286713,4610.039732554079,11292.586904350515,9727.141168603086,8191.5255575829015,5553.825192823638,10298.238289981331,7357.195628552862,5793.369021043345
4186.573173729022,4681.331331113229,11424.710682802532,9948.841347197236,8184.858662569093,5484.306354052259,10468.958616878857,7369.5501996782405,5929.576547118904
4222.191043081064,4686.925600125273,11989.55559679107,9921.486221245736,7973.916892477883,5518.808854644697,10453.0959813656,7252.701605027101,5863.844155479002
4602.6385360138565,4922.049833502852,10894.348049553973,9859.097879953268,8261.726862274003,5681.5788475165655,10061.318890350949,7263.736240659115,5927.692189766006
4609.898369625929,4834.028641701517,11854.752905316122,8814.01995592567,8025.580536806057,6013.956277074685,9874.84563223431,7215.288489590572,5883.934544993188
4515.690453911488,4913.656848460677,11543.42452989246,7668.084276448436,8147.1213181654175,5918.355519828032,9505.076098911604,7193.458121205268,5902.246581302048
3976.0162505847115,5075.006778029907,11185.057995108442,6951.450630118185,8300.546434311183,5816.05744179434,9434.56327825283,7106.402014526809,5839.964610895869
2340.301330543971,4998.652534275324,12000.570315330695,6524.779072815246,8044.678890177014,6465.157551347487,9188.471664099367,7125.178650584256,5968.082839377255
3554.6310485629624,5403.086748731794,11314.118404358374,6719.984753355247,8486.317697821076,6461.187713390579,9141.706338500113,7150.505205985723,5891.3578425787755
5327.461051605222,5326.141051720515,11513.23555737196,6989.605702352468,8253.34062044979,6342.528076898993,9198.065686668577,7096.61724058765,5984.589657024532
6158.102049943466,5506.76240590158,11321.645429853092,7361.7310712215185,8158.431572376547,5835.334352779323,9171.49762165537,6993.271268997042,5773.767331437758
6387.846631000141,5537.514863841108,10912.313442459308,7070.079997869765,8273.601370894383,5251.88574469992,9244.205391419346,6990.087605280208,6009.886026391358
6441.539016751471,5285.65002768479,11485.651528830142,6963.445894050005,7933.685001604968,5651.119618596484,9359.761480091658,7033.552068864553,5770.351262845642
6055.958920262999,5388.693923763894,10980.894389261259,7145.025113009008,7749.3989434482155,6082.137772814765,9335.472469956103,6972.247230241142,5830.824818652629
5285.261920361728,5234.689669865581,11001.646822101335,7723.600912460569,7486.110233546141,6471.390062276515,9312.682322165218,7112.1422621867505,5801.462857492209
4563.946798606645,5186.248430051099,11671.77587235858,7892.767809006954,7221.526385078137,6532.321609762536,9292.195533795313,7199.396804705002,5722.475134783905
3930.818245988041,5278.245879181724,10690.11121416027,8272.34902697637,7051.208080315415,6754.907212031512,9332.504164987919,7274.613846142931,5745.645876430788
3332.6367870188965,5383.704658282194,11093.875868224215,8670.871812443746,6973.861618805478,6713.503014435924,9286.66960919584,7351.894946560575,5646.98794275227
3254.5884482781253,5496.618306620388,11238.544294762407,8761.981140844828,7065.994875424771,6467.528616696622,9159.913074865379,7480.36482188432,5616.136962643532
2437.576931947797,5230.091499782365,10649.291650943995,9035.066817311783,7237.371494345125,6341.622777279704,9158.995537299128,7511.884827956487,5564.8109853250235
2368.4912581216095,5051.830765530358,11358.734836979595,9245.381886304684,7563.893682844694,6122.567777110736,9073.457371256445,7521.489846293122,5479.360425953336
2193.337425198376,4466.896870106485,10911.288062375963,9312.542913724665,7841.95382902543,6092.216806308872,9053.419545932798,7471.786003654556,5430.363998027745
2370.983793052151,4584.699124368163,11230.243300116643,9408.438968807424,7771.854484174722,6091.484094888737,8859.151852953684,7468.866870330162,5386.351244953982
2812.4998925316067,4363.20412250136,11768.752107004346,9618.624572731229,7946.888844058168,6252.311267202977,8753.55845629459,7554.2100214665315,5472.374824191349
3175.0477074786513,4488.401610164281,10699.926459181688,10615.53968096736,8001.162692052596,6619.541491080247,8427.339994605907,7482.21145578611,5529.904391160731
3358.779325694284,4403.0928000264585,11588.80459752014,10375.096369929006,7876.9469324124,6752.538578202744,8911.288143214939,7417.113042374798,5639.510526009126
3450.768826719099,4368.107320825012,11126.797081331491,10751.383184005463,8042.247538603217,6888.594123333103,9757.695836579289,7404.270828848169,5533.574119083634
3769.3646509848445,4595.327871846555,10751.42450584568,10428.484374619986,8032.379181347355,6918.083968398179,10235.509991560744,7449.092366887974,5673.94007895767
3778.999404407758,4718.626334836735,11604.463297380486,10154.55951796501,8093.546770262935,6680.571242636428,10474.361189525845,7416.164101380568,5618.920459917318
3963.4820758535275,4992.406731962105,10911.12779824051,10063.121792855378,8364.799542084655,6777.964026245261,10652.440459778772,7348.182538267977,5749.309516811195
4136.294876516506,5054.262446835291,11534.747141008565,9418.84640347528,8354.168865260766,6613.499018948477,10477.415161345427,7293.881369572929,5761.949443713254
4212.653631309088,5332.734377795482,11444.86253785346,8955.117875992059,8556.1813735719,6230.856963143391,10224.510395054813,7335.1955134533355,5717.3890377225725
4514.010451961695,5262.307625111995,10972.642068811885,7791.451147931397,8721.83806799863,5841.948122093394,9871.615397345164,7377.138907781711,5807.970628020237
3950.2659253247593,5715.285003394704,11919.611074012812,6935.620019464188,8450.01714221889,5487.969028733032,9445.266365060892,7259.1921204523205,5899.199115349469
3068.4443691448114,5354.901800925454,11205.30840670704,6609.623579085918,8316.223103589498,5143.534793058696,9330.335112814413,7155.082988038757,5870.575343113988
2608.020176903314,5920.322883080201,11127.777143511034,6615.860661919504,8132.116893389068,5833.6267307816215,9339.495704781742,7194.893114070076,5789.234175341208
4441.334143049679,5891.039692461187,11755.086704902502,6786.785446405865,7935.323603907831,5927.119564233369,9323.28617044173,7123.121378178127,5745.982661159395
5663.974889546038,5984.721124197136,10622.724231434799,7386.042218699721,7786.210101716256,5845.458738462316,9421.993793795358,7171.69254673064,5660.068276350545
6154.879874718434,6062.432734268669,11212.138699624462,7562.309495137386,7849.758023726852,5307.027079194307,9480.373606513858,7105.349945766156,5717.06822785082
6289.116217544134,5978.410556350701,11436.58061553379,7981.663167280154,7909.605566435379,5455.046911088771,9551.213029459761,7070.185746635391,5682.017152778172
6102.545587998903,6118.422680479869,10854.24391818296,8372.274711801767,8428.491608202095,5798.2968533567055,9662.472301698928,7034.291498880628,5604.584272804232
5588.933956302045,5900.286360062702,11537.896396885684,8495.229477644103,8425.679591837115,5814.7096684501,9509.883616102024,7186.923662588843,5608.998581356556
4711.638764265056,5969.357958863706,11043.314866116454,8693.40199315958,8763.529358581376,5906.592331099799,9535.67204299299,7176.297118550481,5597.159996315068
3984.259213485947,5817.64246430461,11342.673225643328,8792.708187866687,8458.793444739551,6026.065839068333,9553.586736437599,7207.2900020068755,5640.521286834127
3543.8822538237637,5955.210954483753,11520.380360430938,9110.998072689315,8346.172373446021,6087.030689645724,9416.049491528765,7332.7137195036485,5637.427113034753
2938.398499508458,5841.976004049525,10562.084743209813,9630.262344857769,8371.184020498242,6334.698532483134,9412.374521593678,7512.26564458962,5539.564030145595
2635.860502789729,6119.596513959036,11092.985067924943,9595.906514350132,7911.245186113494,6486.978113734103,9323.424588141976,7532.108175487631,5544.990584498325
2333.0470915425904,5675.518413980188,10847.810954954697,9741.939190413383,7859.608584528432,6346.826125934941,9254.28038846556,7559.862452538469,5460.156088312522
2206.8019981157363,5309.4798688597975,10379.80224676717,10029.24939745431,7739.968403582129,6407.8862556947715,9110.039282229232,7608.3344754844975,5436.543528880171
2461.141691606029,5150.295174339421,11151.060717170443,9790.770222322928,7780.81707961779,6119.462993304543,9162.652394991963,7499.197583195283,5445.191740093508
2817.7684742355664,4430.960931904918,10802.255058268955,10111.849671969005,8302.522986567177,6011.45562059298,9098.601110859701,7570.030899929744,5577.170763182443
3325.6245765361655,4411.675742915489,10926.639722486527,10017.821699369688,8362.163811938344,5915.619758999982,8917.047258983988,7523.687527877538,5670.141845087944
3291.1670008425954,4528.150208193425,11329.461536580691,10260.094125581727,8689.281530598508,5832.669597701403,8516.615491876631,7531.153315801136,5662.647217763372
3852.0932948201826,4573.838226503032,10641.17806545246,10628.532505994606,9230.240867091534,5973.290445784906,8949.82106148783,7435.94163023941,5735.065561230827
3794.757879538682,4921.114783108033,11659.5251548336,10486.162152368663,8846.710676451987,5870.465583687522,9667.57348842413,7352.728931678451,5602.721388936239
4089.857331307298,4990.208853533387,11220.193335354637,10623.316745459526,9114.29913960364,6028.835738400163,10090.581884578469,7393.862987082863,5714.175685226848
4216.20768352516,5181.286986548224,10674.050359724206,10765.424068961522,9115.70247652345,6204.511599960729,10154.287517793135,7350.983473978322,5958.3542532323045
4239.4587103883805,5398.525162552986,11736.142281375698,10416.037384881824,8876.820130904473,6056.730494754207,10297.857417776508,7327.650832452003,5916.300723891194
4357.40968071692,5232.9135574882985,10715.124310710922,10217.388417620828,8693.822821446642,6045.547024339317,10289.183317843039,7376.9891934352445,5825.272630123028
4495.489390110599,5394.340198603343,10996.69406439994,9465.125279415257,8565.526135987677,5909.110928756811,9996.880089270899,7262.154441013453,5957.506694404887
4492.349067123259,5413.6388110094085,11397.397754763711,8544.846991973161,8551.376701040295,5674.432856699035,9671.384673874252,7225.887218143191,5960.25722316884
3941.841984019536,5112.926720165573,10732.057382076124,8016.354047835841,8619.09892624512,5362.774559308462,9212.642609543129,7153.98649390353,5863.3033743636615
2665.8391289097876,5490.45545029892,11477.810490543861,7297.488305520626,8669.94542772193,5178.4384803651255,9006.674648368315,7129.800524371116,5994.3406243359395
2924.2955703131747,5227.704181481148,11072.539828945683,7312.538770982817,8613.053377713562,5405.792446418042,9188.459973734438,7087.8651282208475,6009.906735158219
4271.13318817276,5343.318425046178,10904.264208099883,7112.104648157363,8809.54375527242,5582.045032535622,9022.081623105094,7167.5495200473715,5812.202792776825
5474.362039422482,5535.5066056747055,11515.452624239239,7180.911454513756,8766.975798929456,5329.564426251903,9256.967146587518,7132.965589111863,5805.323144152704
5526.777691081871,5253.178732750549,10823.179203758711,7480.580093818373,8960.365852825795,5114.8525667033055,9243.063544300489,6989.565728375018,5842.409998587006
5714.959162323263,5389.867590455697,11192.780064827622,7551.457790457749,8632.08067365509,5545.786088353757,9225.710488123328,7023.734301996318,5808.711844176919
5387.200046909292,5513.324493575375,11374.815541433094,7840.412629587402,8336.26107953958,5712.931439501771,9175.950988299715,6990.330804930996,5804.702481285936
4659.825253015747,5515.923058049377,10634.75182073528,8183.165267033795,7941.284749476108,5897.502511405675,9305.861423594004,7143.041086105081,5668.09334282583
4053.85648453983,5399.966514207222,11537.805500047562,8252.273727351361,7530.692540824919,5909.1286702670295,9321.928826533884,7293.018609163517,5821.535131894086
3134.0159767281584,5558.345682180786,11118.18368486418,8507.945724042202,7702.864717858246,5935.113107588479,9367.01356230123,7230.250377316196,5768.316307423991
3105.759245900797,5271.559815909773,10755.74657385451,9071.71372063123,7573.754668568436,6083.2406428274,9662.583201188158,7424.071616954913,5596.419728646908
2240.666337934085,5500.452497179117,11162.55819676185,9547.377072448275,7595.289859769754,5967.669303871664,9518.352291545776,7474.313162196795,5598.9999841374865
2069.3839820937847,5133.861802885782,10047.554604692486,10336.169431636403,7949.37364676183,6002.501299690337,9595.976295490565,7434.258589772338,5688.064340381974
2079.2938869429563,4863.075434477326,10710.866300149795,10517.113868583925,7847.246262373523,6052.719366781398,9530.458933750928,7511.089991867756,5606.703256488861
2400.313072860057,4571.711584607399,11157.752861648649,10981.277717559533,7988.716858040418,6135.209091563767,9343.709667780631,7557.174994197577,5556.229684255636
2709.664793933701,4342.683391588788,10194.0034407209,10871.24209550314,8433.328397689453,6191.160586525648,9400.33649683954,7477.626152089117,5561.139258538795
3047.486560277856,4312.247163329982,11541.52027826386,10531.379661067112,8251.773692654964,6006.1609202399395,9065.925539605654,7484.133416318627,5569.706412911498
3486.1938620840137,4293.399825887297,10825.032572207729,10636.983986263156,8556.797664538119,6022.361313339702,8661.849037792248,7439.981635832649,5529.866032996496
3709.5934212707166,4339.585791440976,10638.941878513411,10259.406878187077,8804.36389413242,5891.827588636071,8942.120883921856,7358.100502336758,5697.511651042033
4051.1287645409093,4479.990761491732,11425.467259927236,10032.882252855517,8869.03485507185,5778.529346315302,9922.399729920198,7456.243132610383,5893.125349936226
4208.85360799394,4571.535712188721,10647.23748950294,9942.320625294022,9321.56522075119,5841.1055510220585,10482.974644317,7416.558285059161,5886.794483777379
4313.8391803504355,4691.41274032541,11195.397663881215,9709.792819522188,9124.506358494064,5889.340931851398,10650.836819727478,7385.794689432084,5793.166854642321
4499.918066005463,4845.345153363792,11169.237376071618,9754.712956384483,9269.103952869633,5863.411986113197,10756.48690028506,7406.8775499091325,5776.956878372248
4466.0431301208655,4809.341595155701,10639.599404777879,9472.35237604667,9128.596430367781,5973.186326709005,10510.057178307672,7308.941886629869,5847.125737948977
4748.820618239973,4914.521300493952,11735.653705130058,8784.219067992486,8977.599683341501,5925.722044027777,10192.250754716639,7292.145112341675,5997.235783395492
4540.245250965259,4845.374453679794,10774.110723533297,8344.352875449506,9126.182700554822,5737.354758173515,9870.73135269222,7196.8312374195975,5986.753313905306
4432.6937702559735,5001.812744300792,11007.276329643311,7297.453025167701,8939.714633369862,5693.122743120987,9398.1387315961,7299.098808937739,5841.026392696752
3078.1056495556268,4793.124271077382,11615.944341239549,6976.120255996046,8871.298011562827,5253.149664703609,9352.160680586621,7461.2743992240485,5924.40582634732
2270.7270404527003,5184.282721051873,10495.761196102852,6801.777443122969,8738.624282569835,4947.012492079576,9230.546718824819,7282.725667574342,6013.554954624416
4044.413780017942,4942.981479273061,11292.990495957012,7018.263230354711,8770.422926945592,5095.741688593925,9147.950945886674,7225.362813376332,6061.108670826591
5543.233693315391,5173.706841790474,11096.418534338914,7066.384966773327,9292.46225876528,5206.831061078354,9198.499736162299,7250.758326667092,6012.333705664096
5962.918064519311,5091.193942784733,10725.401529403436,7278.402486157349,9076.811869140602,5036.970096844015,9421.55500855534,7217.529400877895,6104.111717048311
6156.529413198825,4903.4354123601815,11525.318564079213,7307.2500816770225,8927.044025805977,5022.937234928432,9492.661369167019,7151.2855703248415,6071.636004884966
5905.972397571293,5133.566407853026,10574.977473301202,7449.80347040031,9268.474757422591,5551.120533231718,9674.171726205326,7082.935006678193,5999.974591706381
5459.875779358419,4958.776728640356,10923.467217546659,7965.207651338039,8797.810584773963,5861.772030966286,9753.645141185074,7172.457242330981,5824.168846801666
4502.320198627826,5093.329055915167,11481.722740353232,8362.377916564119,8589.398343088751,6088.34826744787,9897.061802677548,7294.004496179036,5903.794962845397
3796.0715575127592,4740.053170949137,10327.194916615977,8857.10493155766,8671.916218782144,6330.173456379902,9710.701926401782,7427.915068395267,5834.468724634582
3077.6534985619237,5153.00193279972,11471.738635238304,8769.78844310866,8044.907964701144,6297.8960379020145,9816.12660305578,7483.187157697086,5777.8276043341775
2752.1797523100818,4880.17357331681,10592.85286702711,9355.505541447666,8173.456696095645,6229.8717059172795,9803.281561559834,7435.447627583933,5801.733718180909
2204.2143618554246,5161.297695449687,10250.223062647749,9175.629229658985,8165.356963644701,6116.266094415999,9718.082091673044,7516.4980471480485,5903.358096231406
1969.0599299673654,4703.725081730062,11021.474409702896,9303.287871205059,8327.822581572897,5830.591772480337,9579.77218004337,7584.5821564080925,5724.751996193749
2149.636379142323,4516.87755130287,10124.429146159342,9246.88440126868,8680.366109957466,5787.818454832542,9512.12534937651,7563.825256464329,5807.697309183006
2510.8499118694963,4430.9125762551585,10970.309408905006,9201.071498932464,8555.60861875684,5807.0385693513845,9433.297806758294,7529.184921326201,5697.640780192125
2922.0789998297814,4400.153635536557,10779.45231168328,9130.95559583021,8859.297948636344,5897.678818308069,9404.728317313184,7579.212122382381,5573.013655097488
3115.861066171135,4493.184646696413,10694.255744035323,8940.370481037304,9004.755476401997,6201.352601815874,9068.6207620471,7556.2462256793315,5377.16072077319
3684.4282570970854,4541.518421078081,11208.241548289767,9279.214482423287,8875.495262511402,6306.053686825089,8539.478818985228,7528.0001002237805,5427.053521161848
3697.887796647447,4571.199187553856,10822.917834184012,9610.048244948692,9103.913020281385,6588.707573043864,8927.3581817998,7567.403430938156,5457.842243937078
3884.29158787858,4535.633090964347,11044.597727286886,9564.787832471457,8955.439552228756,6591.542866903522,9795.742074450489,7510.703904732432,5472.804234157995
4276.448154585746,4503.92736844836,11358.590198383117,9960.955670623327,9146.120370797325,6563.8468994862915,10349.162146735604,7523.271691262513,5504.900335873238
4106.771333034306,4631.897619714688,10625.6383566842,10287.35068675992,9103.013843245159,6594.249708321253,10733.681960624459,7415.901846687037,5657.235612600936
4510.601244285947,4537.668589665653,11193.769655826063,9798.145104511443,8902.837071551916,6433.055893680995,10525.41866689304,7388.759668453124,5710.962914321937
4223.353115861633,4591.744684279382,11126.960372218187,9364.081947885452,9334.648572082915,6230.469779947597,10529.120745243275,7359.040559555511,5666.2810031737845
4595.883091766378,4800.344427987549,10633.757256344152,7850.293078611323,9301.515851597682,5845.620665296798,10344.749381145304,7295.611206488723,5745.728142790398
4377.354866842637,4635.620650357935,11408.796254538269,6801.802966581179,9316.807867884414,5583.88821826333,9897.279068517964,7252.51818663779,5781.899591433681
3892.698037346341,4890.8748248809625,10707.085662493371,6482.715947676107,9672.601210313864,5398.651191960548,9510.115826317155,7311.625419168648,5776.035419241652
2321.126556851297,4709.307307984532,11235.505545050912,6860.3368903074415,9542.067661295352,5310.527835883337,9380.076898105746,7270.355683297074,5900.7124213036
3519.4509305268716,4930.225019324369,11337.396707168335,6824.187549838424,9642.586943915287,5747.565512200342,9387.844381701147,7149.479658181346,5891.4020624984105
5157.000310139777,4868.319284046103,10602.810343749337,7386.420507624518,9844.8144294119,6070.595084086993,9475.003642591662,7168.6180118981665,5748.5684686759905
6208.3971231023415,4911.319020467468,11364.3045700067,7533.595025021733,9761.792199004283,5867.8355103985305,9423.494364847154,7115.795985777849,5718.441880573579
6247.127768223081,5058.195884513252,11004.085109765916,7160.2253871772355,9817.96279084111,5389.158701044092,9426.709621325663,7085.556860833806,5780.525846755326
6392.10179292284,4873.758994792331,10437.717511765331,7205.835335852201,9451.463888101463,5527.622516631175,9523.809650347303,7002.6906367398715,5838.711354935781
5981.091652163966,5138.078908323718,11404.998033603011,7009.412808941595,9447.059751948733,5772.361921497876,9493.725904830066,7065.143222522808,5696.4402876044005
5378.692224169092,5317.616329955747,10499.631979639238,7051.941208550279,9276.173918364291,5951.795649561106,9455.115273545242,7175.821562171834,5577.902348020844
4501.61793374369,5095.41368289403,10919.68423868073,7069.234764386114,8902.062728805591,6046.7551544036105,9464.147472390669,7218.114389150468,5546.1874703218145
3916.115666027462,4691.176981724112,11012.397856990792,7086.979967633686,9023.822737775166,6146.873468021338,9451.351008411866,7297.040896359165,5469.966155832721
3291.392033629939,4916.876120021814,10496.019480036028,7308.707365184564,8915.069090271056,6457.695367630632,9377.249582401875,7400.7153989547705,5409.0545199329445
2953.7900518372626,4969.38456421341,11191.881274769605,8125.9264853617915,8923.967807345649,6615.720492753586,9381.059012148944,7477.318645981398,5474.899881087135
2239.9856465037756,5069.832066723145,10119.798812823105,8614.423164842807,9228.569805179428,6634.824597227725,9340.07030427878,7518.2989040739585,5509.231755696357
2238.040442279803,5088.331582867593,10524.944829171785,7888.505085582576,9460.588602516033,6737.429007300808,9279.468231141778,7458.979395061361,5449.660879872703
2434.9075000816097,4711.464695815476,10850.036198642834,7743.03960822787,9507.73159196092,6403.340036239675,9418.574711312673,7539.644384416837,5409.911254476691
2710.5913731607584,4558.346783669734,10059.855320810333,7477.619390902708,9701.522145000414,6394.989617480777,9312.907737772497,7586.754438446546,5338.988111249069
3067.6973802928674,4360.944465497298,10805.86947879025,7134.2017063614485,9774.492222137942,6234.165353074821,9187.996080692688,7511.992251870668,5392.009852044565
3514.692595230341,4620.406860372546,10910.016671358857,7009.507959609716,9739.50033775862,6082.648337197425,8972.90123106882,7576.254624718106,5509.771131942298
3502.4937450322645,4506.447643868576,10573.35730700766,7297.336880317767,9804.933346975957,6219.39233322575,8539.842310904274,7543.919773868073,5353.732178022651
3902.429803974056,4617.231535132592,11503.114091940348,7540.436006528788,9916.124937507857,6177.805164544108,9043.962612836134,7508.222266314596,5425.291293458947
4021.5180971547697,4687.552143058853,10653.14603847149,7877.799867002157,10124.000094983207,6236.099406724993,9857.299720236155,7385.267795631903,5377.934858508035
4195.504094929609,4780.187222027847,11317.933007826432,8151.16289430132,9964.520792853022,6392.466959024138,10269.182769178818,7442.42600655935,5485.111399882482
4328.5225180377165,5076.900242216538,11251.14686978525,8386.919418530428,10290.823133845597,6473.811513701504,10541.330891743435,7433.316806414326,5475.06232897507
4429.626549384596,5041.932585327353,10226.050688561729,7897.62345826397,10336.073243755136,6560.384614867427,10541.775486223814,7347.388705800542,5623.634518612917
4489.759516130934,5115.840974842926,11317.214673332184,6822.305168431171,10249.760644345124,6371.537870178381,10416.294791736573,7331.932509919348,5763.534299811311
4706.904956930373,4934.819898180209,10390.062847445359,6382.374225418448,10603.979608034833,5910.434810859952,10163.036640192282,7339.636589184851,5742.173278089148
4454.302124830179,5100.875726147269,10508.690744062,7006.386405627743,10482.686299308032,5739.568223914266,9759.868096301705,7264.729974085143,5833.8992807741215
3224.486361000494,5008.807606113164,11231.10246877341,7634.216453901827,10600.79533234109,5073.143411510962,9505.568427463533,7216.21950440218,5724.087598029083
2363.6556019038703,5228.04600377322,10524.328354364641,8129.606061408649,10761.896408224118,5383.19758379413,9189.890910043407,7161.552072716239,5683.697111315543
4381.750632994259,5237.486174761855,11154.107535861618,8631.400784964999,10356.393462657514,5773.452565235284,9229.58945163637,7243.427191808989,5771.186833885628
5589.451931344615,5360.348083866874,10818.559917221355,8865.112777630573,10667.95461339626,5592.909339100433,9254.477190863206,7244.17028926607,5865.157765685015
6332.242293054588,5560.5460651163185,10718.16252546364,9005.726815387376,10538.85426359723,5542.669654526752,9431.299654120603,7073.003314569674,5860.796746531115
6384.211855434017,5189.808642712826,11214.259281763296,8652.810375811448,10440.297045820958,5331.438555557507,9304.242474591058,7152.561288844355,5754.090172679495
6222.547742553663,5435.702478432403,10400.118308541989,8350.010239812986,10577.586171502977,5803.582974164473,9501.666911404713,7146.52219819198,5638.220177090813
5840.621367924154,5152.137779424297,10643.22402218794,8382.450804237671,10211.577625485808,6173.4449261715135,9472.386579761802,7196.047364498692,5618.322051325045
5095.758067292489,5358.48694357095,10841.571823035623,7912.792506330897,10059.317365986788,6056.642563698422,9469.28770090069,7244.046141572432,5740.448598904225
4286.990598522733,5114.110694346245,10374.779198344559,7737.727344062447,9704.523181533821,5958.457691912514,9548.001558818034,7240.709787975892,5735.261205211544
3769.329568130905,4999.8300812774905,10852.350606275457,7612.651952732681,9509.906357752023,6080.975691271531,9404.611222176933,7316.707297289752,5687.832628344125
3214.1902653525067,5294.886359286601,10439.065149582759,7496.692446446996,9958.143932968576,5875.142146979867,9454.108698060056,7402.721995681858,5718.625794463629
2674.863527845065,5220.558501882276,10259.860758559438,7241.369883060166,9856.163928613973,5908.654760567902,9406.640095930152,7421.496683128211,5792.913320860474
2291.831623184408,5183.375929715582,10367.66131837215,6760.165418813458,10129.073841750836,6054.63617374691,9285.869453654721,7566.290696532467,5590.755667339387
2137.88508688616,4777.786707116571,9758.817844263034,6799.026715561397,10402.853649196286,5964.6398228695425,9077.128164496644,7549.49364763735,5596.52370901234
2452.870458780964,4380.453435538615,10263.389418233779,6448.029120256117,10098.841381089744,6074.879023914122,9139.928922233586,7672.741318040943,5759.203423196711
2907.1644497707225,4440.150483129264,10036.262919469604,6408.815731024861,10429.07864212209,6015.285042352739,8945.710098402873,7592.880537620245,5701.244320689693
3072.653087513601,4295.116168777572,9842.58349129083,6509.049298803815,10368.329575847181,6023.768266231947,8891.43574649356,7565.804695703549,5631.53348438546
3668.9464489543248,4367.459282269837,10662.997078082644,6524.238347154032,10525.496386490982,6001.13561043864,8608.39274237945,7572.021763856328,5522.555068970671
3695.9441301468723,4402.3012204900915,10225.568670557896,6857.067180507533,10767.152472894206,5815.743706331606,8378.185041343311,7574.068854908255,5620.63662806392
4063.6694089960865,4445.016185607185,10396.64739768877,6728.7336503216375,10844.438681177602,5917.0986340096515,9092.377292479487,7524.720727279298,5609.996627084409
4348.976885199025,4526.439926055373,11080.957528812442,7004.574032893403,11323.76592394385,5900.196000765386,9784.40649993956,7516.226383087781,5649.747985219756
4224.246580665842,4795.891687629525,10580.32977317754,6972.902132314997,11210.529583718817,5890.583699257237,10127.994843025643,7517.537931087301,5686.257455139226
4483.201962359865,4611.820217908992,10915.491579247908,6608.862068510231,11109.559956410898,5994.127181894842,10494.171981208865,7464.012877144714,5787.723848244973
4584.00096648856,4754.900554996309,10504.661992852476,6187.0209356228015,11231.901533622808,5899.613423405482,10378.664999688728,7376.729222929194,5977.5402297828705
4684.3561377687365,4592.146573601016,10547.434359973335,7486.564367509359,11010.88915230703,5726.768942942436,10113.907737847805,7405.173908757257,5983.074677576258
4628.190671831999,4605.590545060574,10591.372096021347,8084.836903237992,10891.354171868123,5534.042947866252,9845.372360995178,7313.188120237891,5896.117788026403
4130.7433494792585,4580.409298914739,10399.853311255307,8327.82284345328,10855.938192841255,5213.562795388244,9426.93749562322,7229.355988984796,5920.47794836022
2846.3893100633877,4571.016809574385,10692.570074248099,8784.811656530948,10861.247408702524,5150.151726846173,9202.52843082987,7308.965499651562,5990.309040817025
2921.531722062648,4602.702508661808,10765.42749239545,8825.151278690242,10856.530289769817,5632.051606886125,9186.814630781775,7166.682277232837,5784.758413591143
4881.4917024908955,4636.347809751714,10264.394863626223,8840.143295002164,11064.884445285505,5672.231831883688,9112.254095597727,7229.888037756712,5729.422950178141
5910.649871262896,4606.803196323264,10639.161101899752,9034.587868566296,11434.695344456366,5725.333124216362,9256.114259700198,7143.302323449565,5821.1111221088095
6378.865540289191,4625.53499603602,10506.045457753462,8504.84355805557,11270.783217735288,5244.9396754759655,9442.459183144723,7156.911889034582,5705.873985221771
6546.844075679832,4838.813850663049,10411.828753203652,8063.437245124711,11115.274758253341,5346.68984527243,9539.326374847835,7060.814897002028,5734.630215974287
6072.249309321955,4465.552122853167,10382.404838372804,7914.26713513,11057.253535885708,5764.531324526318,9570.893743690074,7101.099400152439,5773.365618439723
5445.948696566032,4884.264546600678,10271.041923571489,7608.541983410195,10699.15011156301,5756.687609618302,9543.876920378545,7205.394504297567,5763.662481815374
4527.533578467555,4466.616370331698,10793.881087148164,7257.1837783733035,10287.865972429827,5836.956105199472,9511.561950450761,7266.888250510258,5640.875902494592
3713.113497372942,4560.19746848328,10088.280106160904,6840.66416615689,10049.826084629887,5866.3014862810505,9439.668836969098,7262.397739479268,5595.261146932642
3136.4260428490993,4566.061839547141,10526.9379883701,6946.386376664476,10068.052515930749,5709.130531203701,9342.141147688224,7372.169237959427,5608.463914422444
2645.2992364542974,4512.2510562822645,10746.776035071063,6609.1997724551675,10158.664559043957,5730.4614843411855,9243.354597635342,7536.2427347408775,5573.7683505367995
2334.445863800729,4574.475247963544,9761.907574417934,6529.613743196352,9999.593430966332,5611.801033705657,9143.078347526178,7559.841225093815,5623.954660280531
2153.471573145935,4391.2823103565515,10705.849437963421,6525.889810670028,10166.019494261693,5697.593827753266,9091.1659970829,7547.584034131528,5549.479442122759
2431.8820802042396,4280.31564054887,9944.390040759994,6422.856643865464,10559.156662110607,5724.010976548742,9160.283134445253,7634.377583389191,5590.046116046757
2678.8593035864874,4241.120669379563,10145.361699735837,6398.487500935158,10404.883884399826,5794.481102206014,9135.575714078928,7646.054963541567,5520.270372376885
3071.878347603273,4359.162541216164,10530.02511794075,6379.9827707147515,10539.089584274392,5840.866965260632,9046.176217546466,7546.706293253015,5525.033497707313
3150.5315255841506,4500.767003531094,10075.473940411746,6580.03120242485,10589.89438263885,5731.4535541017685,8963.199355831419,7469.838953838032,5457.675660269439
3559.486504297862,4500.530193102124,10766.20539238084,6570.903308567418,10434.876276576193,5851.596057964679,8821.893518730154,7507.242401523045,5569.607359840613
3644.721384304141,4815.921555146889,10689.098389182025,6976.584570916239,10517.3717818938,5789.635407399397,8550.766831335815,7457.8994387984485,5763.149917383193
3971.334925925679,4486.503763764535,10606.320865927326,7254.38301523506,10335.21484995035,5743.949562039017,9106.748529362185,7496.595035907859,5668.558833713261
4214.727436555164,4686.184658889975,11035.725708396536,7489.211879739151,10420.334542560247,5928.411346888363,9707.279102506693,7376.9974668002205,5757.1987543902615
4377.116577452478,4425.211806485285,10564.853509126639,7604.061279915215,10494.837866772683,5860.338599200283,10149.616797376762,7395.853190040251,5762.972909214881
4558.985530708078,4479.42715960804,10490.945228243676,6684.147073337758,10376.956764964469,5864.594093467339,10418.520312699657,7368.854035862017,5926.438474412027
4499.142626809779,4493.562792112108,10891.693446035863,6446.487722006479,10618.137399622838,5756.0582172965815,10200.694822209749,7306.35053910507,5839.315094722782
4781.1783029414355,4395.19474879525,10434.389638942599,7551.581272132491,10739.53395446576,5380.758035323406,10036.577827870178,7309.653724515854,5844.598304073019
4433.328954614294,4399.602298194263,11085.674643647884,8216.738324295027,10538.373613965345,5374.402279764424,9692.813288244908,7319.764859023907,5926.861641300106
3955.7628574580244,4448.033518745827,10616.89872804708,8731.237336570344,10826.680169458356,4982.917040976491,9335.555873670735,7366.000926836798,5864.60423621024
2289.948380235104,4393.735910602014,10888.977686325543,8871.922005997196,10880.95989009397,4852.925249991488,9330.966086967293,7262.0397040742,5854.089849792168
3455.895977832543,4316.601700711416,11165.995191768217,9122.408166389509,10812.352688088806,5335.3656543411125,9194.33012331902,7179.100817512347,5917.105710188312
5105.942781849224,4373.501873088555,10262.99827836125,8637.93499101686,10995.028179503412,5392.021026820185,9245.736112723731,7199.904774015791,5926.831047216388
5835.235724047067,4366.14753260089,11072.730853471989,8518.67465660506,10953.061379632998,5266.0779926068235,9277.745060302526,7124.7235353725655,5811.359657632573
6100.804686192006,4334.646985740926,10899.64589850884,7909.273228764217,11098.927033186148,4964.87749998552,9337.291640702855,7053.952709938432,5764.239439846179
6156.834841962238,4335.45146659258,10249.053087705513,7383.431147899677,11181.047095962975,5460.642861029867,9347.852645585519,7003.720869838263,5871.9683684422735
5583.678084169078,4379.44424749605,11183.374105017423,7562.916796533263,11124.279237154153,5772.923096632011,9277.72038706605,7093.992966795877,5855.751192018528
5207.402075319662,4265.727636383203,10521.054295116506,7092.480495830076,11195.164646529935,5814.421557803209,9432.243482806964,7174.1229441532605,5704.174620897331
4060.6879801441487,4479.869479309077,10919.70089218868,6844.667910260595,10757.39242359589,6051.014647581406,9380.442310920327,7180.230857235257,5679.234758137824
3656.349641838844,4259.325411874215,10745.720408409798,6715.553517954695,10511.996910419244,6050.53375537685,9439.17072680826,7295.593945969456,5776.218546022823
3100.0219386958047,4489.798645378338,10572.503025448872,6625.416682701886,10333.000339160031,6004.04426071516,9613.818477343535,7340.420299497574,5711.693231921374
2643.88837407712,4392.108653518808,10846.75521989637,6584.579957372,9872.104500735499,5945.67467606241,9727.379208155213,7425.456941793121,5613.1883470714465
2252.1145165736193,4520.678657622606,10496.149019084683,6741.750177410923,10273.177756653857,5792.846899112806,9707.262364644,7482.446309485969,5503.7643316201675
2067.0647990041684,4160.596335612705,10621.904233305308,7039.546424848901,10314.594995213794,5850.145793385331,9611.302015615338,7599.670517935401,5613.735663274181
2444.475415855051,4486.284454718834,10717.232108514938,6836.252047463056,10649.539743954843,5808.432532543568,9496.683626106018,7490.610718160101,5600.954781749076
2746.8374761370765,4426.649116239733,10858.834893492221,8021.051061046055,11145.80436978168,5820.455774867263,9385.680383603285,7554.985510327617,5649.062805719715
3245.112179217033,4611.347621079311,10469.651228256904,8336.118151603734,11167.579346070614,5882.62049626166,9125.132031374063,7626.080044542144,5508.436360382184
3348.287817041882,4619.581381921588,11131.359243692468,8331.065071462714,11748.351452577193,5791.079592640295,8723.199849743762,7677.607596615105,5368.081555385431
3695.503371521189,4724.007131178991,10808.831450951251,8844.131609551698,11729.697053620817,5667.077954436778,8403.50966506026,7522.845377709778,5377.248029362383
3868.9208446284065,4665.717238523685,11270.444970597448,8533.045849927368,11587.549592085847,5818.848804268913,8930.735825542342,7513.830401708342,5383.586997701008
4081.6872953121638,4636.199396084319,10888.19110690417,8734.72830487778,11612.493250646476,5742.923170732662,9666.475960515025,7596.990487295832,5447.293844018992
4356.71186162051,4483.318372066212,10668.96736803034,8740.617865492395,11459.92474886266,5822.841589910983,10204.664872766343,7455.842684929423,5671.082239526234
4265.958669837568,4591.660792715438,11249.716848084887,7971.358273371617,11353.563373171257,5866.506012967679,10444.362289990524,7376.299014362546,5789.846286548373
4624.696706894734,4400.350592716712,10333.457386130232,7492.59634249093,11317.9494126517,5815.976730450232,10599.633285029135,7382.243743802621,5719.332572704342
4388.59443225255,4761.805095867371,10918.953929787263,6629.205008435179,11184.568486914755,5887.106764411787,10405.073796827859,7261.044856329259,5629.723703789893
4727.547950345025,4535.49697152339,11151.379837060615,7398.09961988272,11319.357078179744,5708.651036629376,10167.404348502594,7312.319779562133,5737.044197635114
4216.440804463579,4597.203005881827,10533.7590901273,7521.337426958119,11173.67468571374,5587.167148412664,9751.357816829306,7201.037930311598,5754.96909577634
3362.250685363144,4612.786957460947,11587.744041694472,8571.247122612916,11220.676644509671,5292.577831588337,9450.149782980885,7201.281699500283,5729.9095505180185
2232.149583974958,4679.051408991698,11062.140413740506,8672.279135135253,11429.100689725325,4827.307615387152,9412.379189368894,7142.907238318462,5817.884765148134
3729.8648950630077,4711.500540665544,10964.447441341223,8578.993444832122,11251.506231538595,5284.961554157449,9301.309102308662,7112.3346818719865,5881.357767732593
5073.95215333558,4964.708492019357,11471.940182453358,8429.426650641386,11494.72263299446,5300.879016507145,9326.688752565744,7035.422811244394,5813.978060243532
5701.178923602573,4861.988214630091,10506.702932901699,7526.126189416106,11422.67445422247,5131.89354794502,9485.001157276794,7015.278813163117,5751.045868199943
5759.454447194956,4729.738970277565,11369.070810002035,7125.8203683085185,11042.148337816325,5307.39576260037,9511.214441737406,7043.014858073503,5734.348435698415
5756.749316944226,4772.050300695648,10662.685207421877,6776.440648931261,10795.273608309259,5664.6468520314975,9592.93101727827,7000.129252369483,5690.931804269406
5247.6347232752405,4878.268636387689,10767.143964206567,6807.098154849997,10536.358688672208,6055.283423652135,9637.238565580146,7031.4648346017175,5595.732361702186
4550.441092004121,4653.8282482430495,11388.616667680693,6804.230901430991,10200.594434391709,6266.974651572737,9804.839464943107,7198.615936998587,5720.789042596584
3745.184874194759,4879.060044438135,10585.861315879463,7088.035706175013,10033.648827318499,6278.939405148221,9710.155553766304,7294.252965460949,5703.19837098107
3315.700329262258,4758.385570645625,11108.993580867002,7294.57021815971,9945.434049286832,6483.361952082525,9700.496725819303,7432.506412261881,5656.961520163095
2560.0914337713966,4939.590534322634,10804.005907076553,7422.183911922069,10321.521257728506,6320.244648043995,9615.312207064186,7492.5931295634255,5498.182338287238
2604.6533310674326,4771.233047367418,10420.68499219752,8039.433954817929,10434.914284505998,6241.621476021496,9603.49095815698,7546.020371294862,5482.177395956069
2030.664587614484,4860.303669051254,10867.013096671688,7981.370447693095,10346.502148560885,6210.55700994229,9545.203258922957,7540.380524271687,5521.508048835305
2140.5253206073903,4433.132621356171,10280.173844876674,8272.760828222046,10758.070816857173,5909.443722755589,9375.615504787382,7552.619084584461,5462.540308440454
2612.7729914839833,4295.288051099454,10653.723093779456,8268.71111727657,10713.709572304419,5894.54216506626,9495.429231913376,7534.037958042613,5494.431956177288
2836.082553654859,4280.457349095302,11084.02363014371,8339.83097619418,10572.254222216843,5884.1268972529415,9502.67369874051,7592.204593434424,5545.473109223889
3250.465481317956,4298.23285036392,10353.067368536667,8929.447774164417,10811.420462500402,5832.273946925664,9436.926094123668,7604.900476970553,5464.950406290346
3371.223602992091,4498.247364614591,11317.66087533092,8497.655383505846,10639.306426999254,6109.584268762268,8917.626153195351,7514.824888578387,5255.053074417206
3543.7257755099654,4357.014533573086,11126.51970590164,8672.245107826928,10899.941852716598,6087.503108676245,8876.896235417043,7536.012161643447,5292.862330052614
3860.565336355366,4608.713056798872,10884.587390192755,9190.159303573668,10872.188697133712,6050.811741888249,9937.793316807174,7545.881244398284,5367.859105062563
3970.6346706673685,4627.999581233704,11480.39619937698,9006.540870263547,10994.65183177636,6118.116771699732,10563.347647157121,7540.565594034144,5513.441526616108
4333.5080070713675,5046.078618399482,10781.07056991231,9339.446604270792,11280.346990619852,6097.808608000358,10864.209578400398,7463.659564173589,5633.336456373809
4180.543858175772,5021.587052775801,11181.412339122217,8713.996543993673,10961.97581655139,6314.865816942364,11051.650364014364,7406.307337382506,5716.417071684497
4567.265360981281,5109.250467322133,11015.785673485363,7401.565364091383,11075.110680463025,6084.5626034755805,10833.985485877785,7359.302017194383,5721.222204033352
4497.269161419083,5244.111453575523,11060.345855063806,6859.73732536492,11139.200091396266,6019.460053986669,10650.358468646693,7338.2425845912685,5798.241304179436
4447.903541648695,5099.947426287285,11468.393587576447,6799.086798973315,10712.797269100287,5696.343711136717,10367.908177506113,7210.162518151925,5851.270552701103
4065.479629577325,5244.308797750475,11063.098332847812,7239.530676782934,10910.561191293376,5196.265279161421,9974.392948731382,7236.420507102743,5863.326479372684
2532.2468753604862,5411.62924480307,11294.962431935894,7624.896540020716,10806.156191410782,5447.885803287821,9939.921696203852,7283.0666583905095,5789.325466361988
2760.3993133480194,5423.289430041158,11595.53057270332,8295.728422211128,10883.943007986118,5735.764373644884,9797.350597861892,7256.5905722210655,5750.510503463912
4473.821618864315,5341.108369713157,10788.457969328445,7400.5765952189995,10922.23940833498,5821.078966104222,9844.448390264273,7168.8903533113435,5663.902151016648
5341.735095767302,5545.280903777655,11103.078439865825,7019.283363820005,10992.533664866114,5615.727685898994,9827.08070788095,7186.138387415656,5894.2290406176635
5658.825401336664,5522.260714353515,11303.623528117956,6770.885619441633,11326.773742037083,5233.099153469498,9867.698495094292,7255.115740891776,5784.5580678833685
5598.7619627250215,5504.976374716886,10762.014135611924,7214.719421630049,11049.032948570892,5864.506155444346,9884.840565770684,7184.00289446711,5741.915438244278
5511.21631619727,5471.298628852498,11419.101496391762,7491.911470541108,10964.727967876426,5977.7321608767015,9975.355632333572,7129.6843837952765,5727.301023305808
4677.912845135924,5828.435084876523,10748.063463103075,7923.54091274011,10913.992856443856,6091.195348476577,9752.603466533348,7172.9641548353065,5851.702747265037
4123.131618811545,5485.2435859876105,11094.01287583032,8342.090263286465,10283.922004982525,6156.119731014028,9796.169716645423,7266.7359556452775,5767.359848559197
3512.375569553893,5520.021962830912,11361.142094979432,8440.754200378635,10250.50263651069,6169.628078300675,9734.677745777,7423.059379513395,5593.128950572626
3133.6070778758767,5596.824545700621,10283.06965406751,8890.765390782028,10083.679750270774,6270.284210702353,9752.871062103337,7488.556666891571,5489.546194669212
2954.25555534397,5668.014887926414,11296.574614410987,8895.524120316657,9902.13520980919,6260.357239984713,9665.459829724012,7475.421690256165,5574.421131655687
2473.4136892513643,5508.256038563899,10759.387168964113,8822.99622173598,10054.09227512417,6347.1567143486955,9544.2723995236,7619.1292768095445,5502.156931369537
2301.255800955152,5449.656742316891,10203.399785575439,9174.730380665818,9910.664097911354,6322.360959836563,9581.45513808018,7783.697523438662,5443.716887136098
2273.828850706589,5012.470675959447,11513.02868602559,9058.350963461127,10297.309280409314,6248.0062781591905,9390.523087583033,7708.26474446654,5464.023609247804
2401.349608155777,4756.5368377149625,10528.740187196903,9286.745769083871,10335.396932534457,6225.657872079177,9445.914772649063,7648.048821710277,5383.46662932806
2723.9553815547747,4453.113813642892,11070.489875963553,9282.291722223752,10446.558494292321,6429.794966483294,9289.217896487475,7680.570252236404,5419.407535024436
2870.9608434369434,4471.61355299229,11333.59944374085,9256.909005138374,10848.528714898172,6348.407272147701,9144.180954287121,7530.60710903045,5449.084821190116
3198.90930365974,4682.346139044797,10593.093362286829,9600.761255218838,10784.407440422463,6299.156866276503,8872.62634047406,7530.154988087212,5420.433345423028
3343.657584273153,4526.680042390545,11667.058688956233,9342.119944655878,10761.527760366951,6254.589244155669,9341.919840003759,7528.810835905108,5359.108317235587
3528.7303317898604,4755.959687283696,11010.084730456292,9589.297715765006,11038.787821494718,6133.996584047778,10326.119873870655,7545.13313771204,5364.505432801028
3869.720696501225,5037.4589719857095,11132.453382398307,9882.610901649443,10866.787624447474,6136.407114668166,10798.058143348711,7449.139037362739,5407.951146221654
3913.0440655818684,5171.870505096366,11679.61834568999,9194.045168952867,10992.14247490774,6090.653620603188,11045.817335158345,7522.7552900581195,5506.294416965355
4088.5633693682844,5091.191316244682,10927.122320806599,8841.702832516585,10916.775627882718,6102.6028709693555,11232.883827873307,7431.672713718873,5596.952968754499
4190.211701100938,5340.601670050966,11127.096177233454,7770.25173062914,10585.163967369912,5987.915291955023,11065.64384212917,7372.968082632528,5721.71997325999
4258.833258444361,5285.27806702473,11437.301811255726,6848.642457692609,10979.15879550499,5747.555933525998,10660.854101569006,7418.464629507671,5680.582067248832
3965.9820361369198,5453.4527271121015,10864.134138242249,6398.42436389272,10765.077885834091,5596.601192652849,10205.793634330275,7297.654361628869,5625.191753569567
2685.9260449806643,5318.934414571635,11582.438289873495,6426.807756003568,10705.767908772814,5055.389585991437,9906.242236920709,7313.452303112084,5671.363214070901
2698.243650771636,5495.330931111864,10999.946504307447,6509.192062264711,10495.250189783297,5449.0009153601595,9682.972112815283,7281.583018799479,5713.86253888737
4672.918975152998,5607.87891132023,11084.082394332216,6768.779548801048,10179.662376466538,5783.9730159395,9560.25251496339,7259.759057331878,5669.218310433649
6003.378097882873,5470.994121600729,11645.722065973416,6649.852848589298,10262.322672094597,5781.877982825499,9667.693610441938,7203.533047176643,5592.457801163072
6348.121938600259,5754.885934296338,10698.874028399,7130.392194570211,10373.402149265905,5604.503678418971,9650.689125544048,7219.894916658284,5580.258936051212
6487.682666754411,5451.943962645722,11569.815799358874,7377.044114952596,10582.45077016528,5218.962690756644,9650.566442009687,7180.28898630399,5563.481767908626
6220.3155842849765,5659.913999773745,11445.416993193903,8003.427733183215,10937.648895866208,5646.689263475835,9732.453007843516,7180.126001003343,5740.435827161628
5602.21145208244,5410.900973975432,10806.39510425005,8503.386443444744,10939.01232861188,5933.84679055823,9868.418520360221,7146.687982370578,5542.879481320287
5063.685169020949,5532.877451967185,11907.091090680065,8356.815979111258,11208.015744380637,5971.042615073048,9791.99735830392,7210.617626243479,5603.267503906245
4171.893378717162,5616.430746366313,11023.3725486636,8895.76523707583,10980.60989115785,6080.810970446508,9867.462984400105,7279.059310602405,5679.798974195872
3801.8661008627696,5278.801187806532,11284.96917081789,8931.924213462611,10406.617420881192,6155.091661962087,9731.497983644873,7425.089481722052,5682.742016651774
3336.1712233194653,5591.376082732598,11147.628202009586,8862.695118427318,10370.233433068215,6176.644970900616,9659.373389306978,7484.950483740197,5567.412057640231
3052.128116169589,5462.960121249269,10429.55918667582,9364.37949520182,9928.763119524514,6088.188959510717,9514.135968688244,7494.459571112311,5596.805058813257
2443.7201778597314,5130.002195135101,11055.412568397103,8942.82489264582,9974.307718440159,6105.996931679314,9449.026945349548,7562.1265997966275,5547.939399322986
2210.6571837327924,5154.278603322615,10501.100499417476,9290.777108959184,10294.821542477972,6039.687010978286,9515.077212962287,7475.831175473506,5430.959868631866
2145.565630736927,4307.776308218398,10588.385382849117,9569.708469874906,10166.104888071266,5900.640134875598,9536.205615569606,7621.134743698683,5491.325414214018
2311.420684844047,4489.054272433396,11207.037503793466,9296.13058629173,10718.317886216166,5753.92250861763,9499.231890777044,7516.919668012403,5541.230928023131
2800.8804211427287,4392.269110505336,10624.299382419098,9818.622230659874,10765.104870473571,5827.587680321938,9551.407018488393,7499.487679001188,5471.0571355052225
3195.4231157233794,4342.920392674584,11070.723574355326,9560.85056505469,10917.724017861747,5917.1560128529745,9406.77976136715,7573.328980661419,5359.217169070832
3431.1299865322967,4583.051513148657,11253.888955945298,9369.997402443076,11262.45983428097,5927.9607652836075,9020.77141983735,7611.765433591446,5242.301209303191
3546.574524156719,4751.86665126688,10784.268796771918,9726.525821240299,10736.665699846575,6200.127483119528,9522.281838162464,7506.037111457854,5461.803549023647
3840.4503706241135,4948.099681967155,11549.634878552324,9438.3883310582,10922.005237754913,6036.334740906197,10343.799212529926,7455.503116859682,5461.545954948239
3953.362563288878,5239.076435296119,10888.814868754574,9750.00686641041,10877.864488571457,6078.923875300067,10705.455217489833,7519.289909475188,5499.672470850354
4046.551357660562,4683.990681566912,10836.805961450886,9435.909789184787,10611.595101266556,6131.514075003379,10988.33015621814,7425.871573222047,5603.20244201143
4251.163831823444,4853.528554683732,11457.82215652954,8457.961710310177,10897.755260879392,5846.903117636461,10886.398609838074,7411.085411972373,5694.893818613409
4215.327946907934,5043.231304335377,10633.77293078538,8079.595143104161,10797.040831583077,5743.361228624938,10747.152966055017,7399.757086896351,5599.682286453204
4415.412231653868,5259.93924656836,11088.02504879799,7086.489407094001,10953.759763442373,5447.327476418092,10444.058146746107,7418.4092121690055,5604.8445734587995
3536.1368449525366,5426.143490162419,11247.1955684088,6949.746484548532,11096.304527336393,5022.332998242909,10071.77174991861,7336.375210478684,5622.00912845372
2366.5163254489944,5539.870373872298,10398.186437213873,6926.757179041221,10973.045611202935,4903.151816838407,9924.149673891216,7274.571523883632,5714.284178504156
3557.886985254155,5362.67562473234,11458.852127046477,6915.909241603454,11251.489296477823,5412.44725160423,9821.159325556022,7220.807539522621,5738.9486269840945
5464.137217346368,5597.886940849489,10542.118857439647,6921.124831742743,11057.225656494651,5660.803969068268,9821.967047895654,7143.632637448932,5696.493742646287
6413.620101023842,5548.622922950874,10821.274290391208,6954.402548290088,10665.025164719407,5828.708834990675,9909.329848247186,7190.059948870271,5661.312973187533
6894.9402175372425,5523.0455374416415,10902.343674846841,6953.217056121072,10735.62127345701,5285.587205925329,9947.662858160098,7132.469123619821,5769.522937653276
6740.845869961137,5278.0613689916545,10291.354834731088,7578.221374361223,10363.414584808796,5420.443430513349,10000.715626272906,7203.370383984327,5757.351686678188
6325.944334928414,5341.032641436409,10931.990859065634,7544.266653906922,10306.124414579695,5902.645953806932,10231.801829538528,7084.460132345365,5608.288025490622
5945.826405134499,5281.4360964348725,10541.166521929565,8043.675576995731,10263.54751868665,6028.792190768365,10162.03904822359,7132.148349181215,5551.310038180871
4997.115712215507,5275.386852692787,10611.757905693632,8562.465523693792,10114.894157758947,5940.044082642763,10171.215488292331,7265.382922383027,5435.959789127045
4211.872612450064,5147.591188194892,10752.822267738298,8129.700236971797,10328.496210627989,5911.725258071483,10024.547067030253,7410.147906004016,5558.504367680698
4037.852418836952,5175.628448844968,10251.405484531437,9224.287439125392,10189.368079108586,5962.753517903794,10075.053776729419,7334.341953024142,5552.034942841472
3281.022159761765,5271.1311899441,10375.551312596765,9406.137687175504,10359.344700511418,6109.62251337861,10055.054867596451,7517.592336528923,5560.482449994139
3003.677967812061,5047.539367680185,10358.61694229914,9222.26607454788,10384.335722325353,5933.546346265518,10079.268890740077,7601.284203527786,5466.816961933257
2385.62949836238,5086.642269270315,9929.603106074823,9498.134771887027,10030.394443398114,5968.353968450464,9940.152379299736,7633.99333430805,5499.4051484312895
2151.2338236877076,4548.055085129665,10872.032413954603,9350.706000099059,10319.548813175446,6051.142359238497,9880.507135922666,7580.41342769056,5461.250384275629
2059.8787131052372,4389.9661952566175,10099.126805141763,9507.698677134813,10238.236144412396,5879.585975494308,9937.298089250891,7686.483701261837,5380.127466024514
2348.9310002526167,4284.441329321458,10598.541902878043,9629.766448569426,10176.376439485719,6037.446508077468,9747.88200898446,7719.183049816062,5452.608618115754
2561.2606187683177,4330.754515037384,10711.529216922718,9514.235621981035,10398.61782698608,5925.555756358542,9782.61167768274,7568.334089714774,5403.505893488933
2909.670108155321,4462.984115140447,9820.271929593331,9887.763570700148,10359.23473785951,5938.334553258462,9448.17675474927,7578.344575174057,5254.024184969718
2980.280070105389,4484.169146908921,10520.883713112153,9484.738486407336,10597.176273662955,5932.681815679083,9223.177100432917,7584.050024436551,5334.973589451292
3269.735564776977,4512.04034375203,10208.560603195408,9716.994281186993,10882.097044487136,5920.009323298878,9486.499763996584,7463.6071229882145,5427.106595280263
3407.747883996112,4507.39555457011,9978.27984392489,9708.255031803188,10578.479747675463,5943.553818305127,10218.330679266835,7482.211735135959,5490.609477654864
3587.6807023645993,4507.809712904492,10453.680318170545,8392.995162563986,10949.195726439237,6044.065091004926,10734.828187469333,7427.756067461765,5569.886008650903
3837.8192699619367,4564.777476865097,10141.609256022351,7751.938400339468,10916.24543620916,6161.129295592145,10894.326440621093,7384.409279511711,5639.215937927957
4063.774590123628,4572.394919939862,10398.546888492872,6888.598844811161,10666.518572438481,6154.323709554852,10844.001270777342,7293.212632377596,5730.211926835016
4326.029050325943,4682.91307352184,10465.866591654543,6695.819037023884,10806.370571072075,5898.898966038263,10689.834425286945,7343.098551575044,5802.961269961166
4250.6407189105685,4709.616744620026,10397.927789505788,6881.391589194351,10592.121193524315,5714.576698836731,10410.760279760292,7256.422033790863,5784.581565495302
3364.322558019824,4747.93857418247,10785.919084433195,7128.660628606911,10783.382769990882,5451.056481665072,10121.711942996251,7177.735007612784,5786.994617125502
2345.321686272961,4834.634408023146,10367.157793459566,7294.5662453589075,10859.011181336775,5139.7006083185715,9849.848459997012,7223.833996569016,5744.5204008724095
4332.023175127557,4801.429699196797,10444.636663081275,7333.257764580604,10449.437400419954,5454.435433263006,9783.835436786878,7161.56596032962,5791.1480061767925
5675.745174285688,5008.040811641087,10105.830672571452,7422.789678351762,10889.256163621627,5438.735131705531,9710.766505934951,7141.509468169909,5825.407709511419
6724.172395516277,4969.056669080511,10178.005544536349,6966.864091844016,10542.760950010352,5379.839878398503,9772.358312112974,7059.614515946527,5798.52501161718
7073.956661587526,4823.731482467133,10208.732539185989,7197.585710241805,10759.92866344385,5125.999109800032,9698.802857062656,7063.031077850727,5704.553514897666
6876.720483287766,5215.600050615475,10261.65643022071,7209.191401365147,10871.164268545259,5620.647368150724,9781.779522520179,7130.2147850744595,5732.4066097301575
6607.045579561815,4766.815889894083,10221.927120096003,7576.931670627537,10421.407595258635,5907.860431291362,9703.79097597148,7129.014805904142,5711.339777405421
5921.585744884055,4921.38472039668,10444.74473190333,7529.124475768028,10464.047910195315,6162.291896522148,9823.988624872298,7092.906586385055,5882.081997180756
5034.656858326476,4904.038733786927,9920.801308717786,7812.814748238132,10434.183564203331,6132.377037862209,9838.732652935985,7205.485958531808,5923.211387253081
4573.489169913786,4644.814448991971,10095.257443253027,7853.1777741074475,10077.239798452172,6157.225000307322,9571.93903663866,7367.546935214258,5625.888895891786
4281.669493161425,5073.490496126924,10449.503533628447,8204.852778295068,10026.379759711714,6180.796269040926,9681.742879167217,7342.535580590672,5619.605429445816
3807.742242020532,4919.585528906521,9228.625888246052,8385.794277833938,9980.47859018062,6144.709632054704,9642.217221573224,7358.955910806323,5590.957737375158
3464.759065548353,4857.352675563229,10390.808575960937,7921.560771394811,10071.63902889852,6282.7270472687105,9574.636431798608,7413.265397777434,5533.073810127351
2947.305724779323,4663.2015229593135,9728.417265947826,8144.737366035048,10045.036122110532,6179.25169464813,9558.401279122929,7500.494332312282,5429.415972541869
2470.4360477928117,4251.390371181178,9503.303979163367,8347.02575913658,9983.177204482188,6280.66864168159,9521.092783733868,7473.882386800055,5602.188281402296
2211.155023372608,4159.611060283827,10557.407147810338,8190.66991565524,10608.251232618575,6230.1615641186745,9386.11049255871,7440.986306471424,5547.710010764839
2353.7526716569096,4254.507610545917,10002.547871475777,8543.918310393703,10516.992634045306,6306.113556659407,9164.358115729092,7514.283971999363,5432.73399211463
2644.6406211598287,4367.312768414769,10063.30851236454,8514.740258804553,10550.18302573095,6428.754509935363,9076.537202221682,7451.600077885282,5372.158975536193
2795.603572638404,4382.509340557469,10110.399651044949,8842.30897868688,10594.825485036268,6426.945549764727,8739.79248332984,7467.619758609775,5380.318717809225
3257.935985233724,4432.418203512203,10246.75769949738,9316.014496092412,10596.699351172983,6435.872427691628,8456.77340065827,7452.343895949373,5410.540589323046
3410.188702870223,4362.477615650468,10592.577856055754,8924.362967771736,10608.452151556536,6414.838777284552,9103.53184115806,7367.577305244567,5612.116361749439
3637.848933038171,4409.946872595844,10017.994859737824,8869.30330188176,10523.439646560579,6373.84257021536,9918.048260586276,7350.552308182737,5584.016441774676
3977.498725997071,4334.991730023399,10408.47399897405,7202.952679482082,10564.369931739871,6394.642395811963,10596.295367083794,7314.722481096473,5622.51541580689
3959.5789768929594,4482.520925865666,10469.464347911902,7371.7125773843245,10872.079880433863,6200.564282168919,10809.789306856685,7243.325628115949,5700.355067561639
4400.681924616957,4441.033688354768,10129.015668357311,8035.168947402183,10690.325360218178,5980.853481293907,10972.12590765722,7257.888703390457,5793.52648736954
4328.239997069273,4522.945862319727,10692.553449890494,8784.023373629045,11108.171712918336,5731.788522769181,10936.160357438472,7213.5131574656825,5886.0027903369255
4317.249471427041,4730.9068500263365,10504.974387746794,9169.61896498225,11120.8012795071,5358.1853136042255,10563.58502723289,7254.634704907695,5869.499461299312
3229.4415546050286,4469.750616799995,10714.511779977873,9352.739567667515,10784.493738081315,5207.205798791962,9925.135121629337,7121.51681745617,5714.274546129748
2415.6251387426314,4847.283390353132,10685.050608035277,9257.650558962077,11093.466417519909,5580.175058403309,9640.444722831928,7144.860844531264,5771.755846445891
4215.372306971672,4684.928472378291,9889.260957872279,8872.956562374065,10976.514146359226,5823.855460707146,9281.625615032344,7117.369819885566,5831.157743146559
5700.732388124904,4917.725157982777,10777.475765171272,8557.929549307444,10806.775805425212,5697.488996865407,9150.31809935791,7055.171435166427,6094.263870889804
6211.099407483071,4790.122395684301,10027.296855451548,8199.865118470918,10953.908090597492,5271.605287215227,9215.075942049716,7108.563788138748,6074.1782383444415
6500.664348684308,4746.580148931104,9912.306495530556,8057.110802826097,10920.363010197756,5417.11591340005,9192.52790084173,7061.678906928778,6146.164157285209
6358.31135572121,4860.0987372444315,10708.956765585368,8145.683330445754,10741.604700654118,5791.381133666385,9343.057818278525,7015.279265576902,6007.640277800608
6015.711851347107,4781.806773401332,9658.890586310195,7728.921855614052,10527.488147972519,5970.278502146702,9311.80858675198,7033.9831007437715,5842.056175946977
5230.058192298473,4882.460850764575,10628.70620062858,7547.0059106236195,10329.660083413413,6126.0562655069525,9495.061170607529,7089.098696679327,5667.32720884689
4583.78331262195,4723.009368138698,10510.2147818982,7215.132934662292,10433.007826242252,6218.2230263851725,9540.953659281144,7182.731499054789,5674.994751106396
3985.7761646303866,4896.815764019591,9843.209584674749,6906.889481416802,9856.252277140326,6390.939908953986,9500.433461980278,7336.211041937639,5755.698179203809
3541.4391557117256,4955.890892459477,10857.678616859523,6922.774502701117,10000.262261239619,6482.0871298370885,9505.47546705993,7425.852712064445,5727.842606387384
3106.035909089861,4869.5639960179715,9541.237912796447,6828.864909783039,10118.237753708283,6298.18605829023,9358.652738651952,7424.47411915443,5646.963517900846
2615.813845055604,4983.572217341888,10206.013056550612,6798.664459362572,9879.800446720552,6305.3032484156165,9280.766883840666,7537.974265494962,5588.059856123207
2278.8693987061965,4542.737338383684,10228.165420910653,6626.048600582923,10128.417306695139,6213.102438220488,9214.720231169384,7496.960461625222,5496.263938902931
2191.6257785919715,4467.203287182838,9432.083666911201,7207.1141198068835,9966.502085229626,6051.737174591789,9208.40796762532,7552.36873653956,5542.485436420559
2543.0232228633063,4208.798537997364,10619.676006810176,6874.1410495984655,10041.92950099431,6166.554559025401,9278.285249871024,7498.660235599468,5578.398255215064
3025.7390056309596,4139.286817775266,10237.268010297334,7036.250358194594,10291.913095495896,6104.690144183649,9177.841940314416,7491.982290505959,5433.230067520597
3041.808464116006,4216.68303939273,10048.127694736264,7387.801539042425,9972.809079391896,6136.881879867158,9063.70123755515,7410.628159210139,5334.249412125494
3407.767439274414,4224.522739185285,10905.282864820343,7000.003628617326,10616.102498438577,6261.941910264865,8684.004648120488,7449.542044591892,5445.065942135982
3424.822044960199,4286.827253252766,10262.443026426978,7333.8528471492755,10817.716267808668,6126.141395174079,9545.26320041805,7397.517107906346,5463.442938642785
3623.9665373142816,4307.253329983428,10698.680059470593,6770.666458147545,10686.385194473403,6341.402903450389,10276.044922636333,7369.161769858292,5455.642293870448
3709.644945443544,4399.84893020496,10528.806834462814,6458.975411219043,11063.289763763858,6451.117129375889,10742.178395418307,7301.414154898508,5552.066223281949
3728.175411202788,4642.162224400036,9929.683385739863,7256.54528832391,11175.180041178148,6452.448437493583,10857.115850594335,7373.571443699541,5626.378138143783
3905.404821054647,4492.263189644191,11150.971628982916,8197.386703813168,11037.495252073873,6285.594127150214,10990.102846616694,7351.407543019017,5654.306340968296
3951.830176272593,4734.172859502161,9965.950911557233,8389.578866952392,11003.59298271651,5738.5732356661265,10730.67077805606,7353.04616619131,5779.486488892819
3855.992510389924,4556.590274998763,10599.735807164176,8678.383123335945,10604.01777865618,5458.948667335748,10558.364009218556,7339.8967887251965,5823.93322523524
3289.871425026244,4670.726619683139,11000.245084720002,9367.216041955251,10739.023137646489,4755.508921942998,10177.010455300593,7228.155339300183,5866.064171494512
2059.889770847101,4822.584725040129,10239.869821842209,9284.569553650394,10664.118932471849,5045.876392797922,9908.75833119538,7203.339207482968,5800.263327521017
3714.741793143907,4806.040867861281,11093.954944372983,8981.632195444374,10266.755373465621,5390.5671733264535,9821.373125132386,7180.336309330833,5764.720864413125
5265.3681862263,4913.254692345994,10494.589484343354,8593.499798181456,10643.625417943507,5347.089500176575,9797.203527715807,7071.021634705904,5735.206171313254
6161.324808885785,5135.305764306971,10401.103876875077,8061.336236508743,10572.238258304953,5155.478665235565,9770.292290878282,7063.856982690876,5952.260738357299
6436.46904259872,4817.925509904212,10786.564653848263,8778.629252638912,10516.075338276554,5069.725023750734,9776.751594003641,7039.560461123105,5900.216697981778
6325.5293319820385,4626.053265849705,10027.77913640335,8584.74997872094,10639.244567709675,5400.0367605118,9975.973054275562,7145.285090643751,5809.2179164823365
6134.569782902301,4937.992907631321,10533.27358806949,8634.568246935023,10350.220941625921,5688.109161537244,9985.918882346452,7147.114726722536,5796.950340264517
5410.036345482998,4809.207215228925,10778.31472307399,7986.113258767769,10552.616156430999,5681.049068714408,10060.008004719593,7134.970649546831,5673.259164180831
4676.643843836336,5059.977931787067,10304.109352804295,6835.374293127101,10033.751917946178,5580.296018216684,10152.097717840625,7248.063270852388,5595.405520538985
4194.70643848822,4947.37840990763,11092.804885065047,6904.611116475842,9848.992610211257,5690.540327138344,10073.601081096735,7450.562548925577,5590.491665113778
3623.239974658011,5030.540174788416,10492.712153687979,7518.682694032099,9868.436725073587,5636.574032552542,10083.546898921031,7520.892248548622,5655.482042674869
3393.8925796058493,5203.829197299354,10545.81065915644,7899.039674748675,9862.96423369413,5833.378712898095,10044.49493882849,7485.817149168321,5561.670548019708
3065.2237095517016,4985.93929944425,10635.970834087371,7717.335747634707,10145.03639282235,5724.83833760497,9945.621600927016,7517.302447296791,5558.139811574912
2534.555155050113,4723.752161213526,9882.249377132845,7461.583390748434,10275.275849533002,5684.817440388594,9764.73131242553,7593.756099144582,5588.732603046535
2333.0719630322155,4522.954032710261,10618.52927468614,6971.927557875072,10177.726131039317,5839.18709293982,9777.27478241451,7589.110318204596,5635.187105760792
2047.9523296489633,4181.819781614239,10454.660353590114,6922.065768680271,10538.182463695337,5945.939206960129,9673.20207847784,7607.753440419434,5394.312324894405
2422.0915733584634,4240.351568161125,10129.289420081268,6675.100942689117,10575.231595991698,5887.569681211035,9714.744054585633,7653.697408389079,5380.0262786409185
3019.4553204130852,4253.255134900889,11458.51494524543,6416.166416404592,10530.192426970094,5911.58735439113,9520.171748386587,7698.263403565529,5391.461344149565
3159.132475122464,4397.62372477521,10297.984810263475,7045.641258531683,10899.548699039393,5670.567228953793,9324.346956194098,7490.605279931362,5417.1135920530505
3658.4605356560714,4414.55720994173,11155.832993326083,6935.854311607364,10654.471927359498,5763.335854475809,9106.595271318545,7501.417113040191,5417.301758678297
3697.2785420147757,4385.346824152355,11535.07171815916,6847.537059138023,10879.066843415007,5603.165936388325,9970.659845759577,7422.953281588529,5546.6378216403045
3792.8469133497197,4294.538216915766,10416.534085176796,6563.835284833515,11130.904103703591,5582.099312138166,10823.422754125531,7498.509962186554,5568.306228972819
4019.3622087965555,4407.800459488164,11487.028352708112,6758.5869273887765,10927.909971053958,5730.049528098949,11175.62762102524,7573.4352460668515,5465.398210447606
3811.3499826473467,4496.930012384639,10980.481357354867,7226.4796017967965,11160.93133879004,5677.813256852396,11260.71520023717,7450.253131217008,5595.697475277994
3964.911149946925,4467.435083672556,10817.855078840312,7544.378957772799,11124.336142803402,5759.446887116043,11182.883666477688,7378.290558574924,5616.318291713064
4017.4767352566855,4547.095183261411,11537.368254615034,8144.858166903411,11047.724235219624,5677.51914931222,11102.24052305441,7359.299538007419,5614.392357504633
3768.55116240084,4355.055214512602,10850.124245554383,8040.711264740516,11045.953963722372,5514.318716345184,10804.775912995778,7364.062607858868,5759.034302462622
3162.659715437553,4500.491381302344,11627.818145153304,8450.936478908467,10893.255696887256,5049.933941978208,10319.89588562286,7344.881418659664,5762.383692649338
2188.9934253691226,4377.457236222298,11272.69429098263,8557.602444719276,11022.767550874942,5215.014557945339,10043.440172025736,7382.613865767143,5734.6813961918215
3874.377929219242,4546.807272215091,10848.93402315717,7630.388497497667,10703.8230942695,5442.054744684773,9935.885827317721,7244.544373140486,5722.661504332847
5145.46819943137,4359.124472504169,11553.203792205268,8029.644922227336,10836.178365186788,5375.148329227732,10054.16515748078,7249.482089670834,5851.779720776355
5880.0494101962795,4345.44585168649,10843.486470116211,7632.175682095578,10985.820293658593,5045.87133828522,9977.176278016053,7167.170641022021,5794.8379769058365
6015.747478773532,4401.349123333719,10645.273990307962,7196.533319523144,10726.757789542467,4913.826800344667,9952.63054974894,7169.170286543529,5626.111963327968
6168.876197727607,4271.406256938048,11256.053891827765,7378.302762894629,10845.218677719919,5335.875943419353,10077.328582744924,7135.9663960387,5664.446488368986
5575.244345309545,4467.356740225269,10447.15055869055,6841.063597543114,10806.519292617657,5474.4509591558835,10062.354963039837,7153.0977888571815,5658.99277588226
4905.701654191347,4298.682489572142,11517.407623923997,6811.631616815393,10445.330598132046,5698.043779502821,10071.641371649646,7231.614484068938,5579.990826377732
4156.048384872821,4394.687372531626,11009.105060605913,7029.951676639478,10444.875929430003,5690.0711017756685,9981.272808336978,7348.980175749973,5702.591110704387
3596.9980254199827,4132.152213914946,10971.646804190888,7439.154118769371,10193.595636892891,5845.479127185511,9896.894024664654,7429.925955079102,5765.315052292661
2998.531673609456,4319.673638717428,11471.697344487713,7484.795163160155,10117.845017296346,5802.712458928334,9890.203520727897,7515.720697163095,5671.486774533712
2661.6097846456537,4090.907209701116,10072.089234841615,7579.75456407994,10208.12684973668,5695.788659926527,9786.036586509103,7545.306766504441,5634.446581851765
2298.904167910258,4034.05818340063,11091.196543151029,7816.931108310892,10299.365223061957,5721.068532749163,9774.017842414954,7719.490493006945,5602.208893142903
2034.4309283413936,4076.3711423137056,10735.317251754726,7335.867770787652,10402.876124470426,5611.030550358635,9686.410657037595,7655.553973965643,5618.5793163496355
2166.1859650581464,4474.640223125133,10269.429283643289,7952.965352906674,10343.217402211163,5636.600099393252,9630.676772989378,7673.913576012627,5438.8253484511
2488.169790531368,4894.322534787986,11283.150195646856,7899.582248620688,10598.194270968614,5665.4265384798155,9623.843677102592,7672.317814024444,5391.1981464467
2734.8483129070896,5333.952255732555,10648.777888046689,8130.811861211831,10775.490174615812,5663.213908355989,9634.183812451585,7640.092310891391,5474.853420507573
3167.8871371829705,5276.128374522212,11161.920155203363,8507.860712169033,10948.88990483847,5688.841661308756,9455.20965296602,7712.305802558196,5436.5296919689545
3356.8576824631264,5743.9499586866,11177.180083463172,8591.626761323656,11121.26675315704,5856.496809710679,9080.134238445129,7655.067591481144,5391.796977712817
3579.025423602124,5213.955969500249,10988.16088236943,8983.57411132022,11239.189530516003,5805.8362535916585,9194.428270555836,7636.983122968046,5389.223222580519
3850.2407297617942,5782.274890496175,11529.05587236788,8228.404362826035,11112.43405719901,5861.560172730349,9882.774481028046,7578.970473353138,5479.035190230679
4091.60876980627,5000.550381565351,11135.335715177791,6898.667023060631,11190.646266109037,5694.037235201428,10432.361541005685,7561.631305002743,5340.241710111518
4191.417276774462,5325.020138557112,11012.955167101376,6593.375896631174,11044.348456195785,5639.52995947467,10639.608584570706,7594.575868741449,5392.314519307798
4324.000315217274,5029.583522060383,11564.883451762937,7198.959868936659,11003.471543434203,5506.820283312489,10606.996789749406,7475.2243415314215,5545.324360995453
4429.909480197875,4993.233571140566,11100.771171322036,7445.525792501034,10815.866449101857,5184.320552528662,10573.956496351346,7408.190437044345,5560.048505663384
4454.022614269131,5133.853525298744,11257.157707168002,7447.804834670788,10489.155421270674,5217.783578699535,10316.299148416634,7455.82613876211,5586.078876814001
3966.735974995078,4862.396574257819,11290.64993626008,7742.9767862164745,10602.70508267115,5014.0678167668775,10043.298811177185,7490.323933972027,5628.348763455148
2753.8052556999833,5103.8694882221625,11144.1050958577,7221.445682787055,10493.163616455664,4804.240070582226,9772.062734496674,7450.489343280624,5721.796672759215
2555.1314799458464,4774.493487658329,11477.373366810587,7176.616105901339,10537.853468212608,5362.220008288297,9722.034733710478,7594.687541799285,5784.783462047394
4352.0358808216515,4763.542611361086,10979.913847643327,6774.981351284039,10599.117745062285,5494.649734210578,9590.408576528502,7329.597594254637,5738.625394166556
5341.905075738446,4557.945056142526,11264.214646155715,6749.54208490104,10591.72374675348,5457.821623322871,9586.686627015226,7303.475846352402,5601.552811235876
5832.278805832813,4580.778124914228,11526.902050057626,7095.838184254147,10755.95769308572,5186.4911501964525,9786.428088377426,7247.647646261688,5526.675659239627
5804.089668451021,4378.682801062376,10612.145446966897,7107.654904950271,10798.771571727368,5346.181606266743,9681.713941211607,7188.562231461898,5624.629564639171
5744.378150662959,4481.0162452647755,11141.62767579478,7036.830277657563,10565.52395416039,5777.280784241866,9891.173962487726,7204.024623269313,5588.230853889429
4989.854520480659,4314.468904967511,11072.11730509923,7019.87517802328,10681.898725923103,5774.0867186087025,9700.295025829137,7213.833973245347,5713.808228657185
4300.074224033765,4341.609697947062,10478.21762113765,6914.068889357158,10292.62710132302,5773.657991319386,9735.45542723197,7370.736483210667,5760.355510738474
3633.6532300627723,4216.781027897422,11511.37713135477,7510.621440598057,10189.411985079023,5906.193601639923,9824.640968462401,7301.021831704165,5486.186279274415
3130.0710723625025,4208.36234620637,10629.51064943996,7833.071144296441,10138.339527135462,5903.91185948044,9833.980771329863,7477.754072626022,5417.5392191072715
2867.9563535432485,4057.5299968220647,10982.647494198,8542.893349192085,9943.588928957533,5940.237612402496,9770.67514618278,7542.065553016825,5463.851933934034
2220.1433557369614,3990.4635190210333,10878.562951006139,8247.736651414942,10315.620772754284,6034.372116220674,9747.003571702033,7609.356269131286,5539.437144847193
2042.818027566409,4214.224231548738,10415.496134155435,8934.413183584307,10210.748653540682,5939.763101385189,9737.194728268574,7589.327825833816,5511.057061308383
2250.562508537357,4426.606421148878,11175.174933072345,9135.733109716239,10088.313967001306,5953.372209807792,9498.329053261134,7539.11477928275,5504.793123167775
2614.741911210313,5005.858270941378,10678.931369075992,9040.45451051758,10346.538979396144,6045.439550503375,9388.091735504246,7632.043648752149,5427.3729475873015
3095.4924642578576,5285.155655006393,10691.438991742938,9311.042837780109,10191.746888311878,6055.263624630495,9346.146529423177,7572.817571568612,5303.631549514961
3384.1218150845234,5545.203707693623,11357.295854509763,8619.280864869337,10577.17763090568,6242.446877063261,9221.425076501599,7668.0378505053395,5316.707411996775
3662.7126856599316,5680.183033163353,10768.552808120463,8646.041443212656,10620.860698804343,6029.82885675397,8972.222384826027,7623.6418431953325,5274.287598391976
3917.950824162206,5560.553812633649,11184.546568630107,9086.68144954543,10554.906558555727,6098.368272684931,8647.382047237037,7591.820600532884,5261.468759288882
4001.1735395180317,5557.598676720117,11124.056009165522,8512.582777341582,10916.898459624636,6166.9602494308465,8484.192998588054,7579.973629133617,5293.931202616669
4272.485712591224,5380.838636858091,10768.57771412293,7742.867977776645,10790.006518775426,6117.235007515571,9131.549609196614,7620.899858398434,5479.557095844324
4148.462132179283,4936.8386207247695,11748.658317918667,6615.123957573142,10806.70231734054,6336.8195936263355,9769.743984165778,7561.653105267761,5492.7224957605
4389.928300986585,5124.844357792435,10486.6888699513,6375.820303760276,11213.14495870145,6113.230210565717,10076.04730186217,7479.8414370839055,5510.059948715571
4345.332687851765,4765.164579168456,11278.663542795499,6529.031659074172,10886.463522493355,5968.142003108299,10160.8923323806,7515.9246996137235,5533.6280556087495
4477.154995523616,4960.895989391404,11380.93996949358,6813.623430673777,10818.810082414091,5978.931610549327,10252.964415017665,7411.931072210276,5554.444101888967
4204.164461064328,4671.529563066895,10377.452021537369,6888.562945292827,10685.318771327044,5931.286619407442,10084.690615041864,7466.267681794471,5615.278451477235
3297.8129911139654,4552.007027110945,11708.216790830576,7154.817628856669,10590.944270574295,5686.743559420032,9620.130161755858,7342.430384462755,5628.135254160531
2203.1315807391525,4669.926992563502,10972.232840951316,7016.091622616721,10830.734650022665,5371.436193640769,9425.504027987725,7320.782434424721,5774.258348670222
4020.0781608582042,4458.24381110715,10606.786299515552,6612.964220753394,10369.67605960804,5556.592323096676,9199.269075991504,7236.423638422751,5687.74295308232
5383.479426134176,4483.8002252156275,11484.512791486832,6478.458858840072,10614.820210553084,5783.831560364568,9242.741483683343,7224.0996423085835,5685.101942910701
6133.761285750919,4571.03663599808,10660.255562737799,6807.11230861792,10851.153612623593,5598.2654457979925,9260.012363718248,7170.329877386822,5790.066421703436
6067.283454201343,4282.807473641202,11064.635696303858,6981.014115875407,10483.806864318474,5501.671857245295,9234.427151378079,7170.43713542902,5805.299097964014
6188.651289032678,4417.012698819875,11012.559404345995,7081.731697603932,10804.161808125533,5889.883508713014,9217.36912258055,7135.097007776295,5682.288273494526
5583.004140895526,4806.639848315762,10333.650326510648,7565.4843112438175,10739.748567436824,6019.214072341606,9203.109701328389,7209.966327970887,5633.6832228906105
4984.105722470522,4469.410913137047,11345.446939143249,7534.012107556758,10379.885860930128,6179.317440816725,9147.323744575195,7308.852551759524,5666.968982823935
4177.759900194388,4486.116463983259,10614.917460311754,7487.704972195162,10336.70836781583,6301.773549209264,9063.866085004722,7430.294938815014,5673.233946113183
3480.9495359116313,4156.019233368906,10691.88837921472,8255.312249920189,9929.916480220276,6392.258968085883,9185.776042352716,7373.520318833409,5604.578617156283
3141.8519077658702,4470.347120797529,10912.195224673227,7938.885812944587,9906.277913158397,6487.698413938375,9166.124692655483,7504.714944730036,5566.829141511909
2518.1448000658825,4696.082524136862,10434.28491609981,8326.869828997184,9793.969690895914,6376.209670161937,9348.707467016768,7556.701925732082,5607.1614972965
2141.275579354721,4750.984448805682,10465.889844629684,8574.885718816735,9810.771471073787,6333.25476751522,9387.272353379167,7660.021934875792,5528.5796303572115
2135.4943281102123,4492.127860841546,10638.344778931312,8479.21093534446,10122.288617636717,6263.070672648368,9626.03562605005,7687.0421007313635,5594.790069097204
2225.843971314892,4173.5965179680425,10534.59234837327,9040.973072326784,9824.902544753038,6161.356579848876,9464.937040677614,7695.692800530168,5500.413111382587
2511.011049042164,4102.716804300065,10930.013959986476,8773.54897452606,10031.066100712746,6213.659780371529,9618.691688199404,7601.524074569447,5520.121759659305
2850.6224543606586,4441.064408815065,10516.394149836606,9019.346260983828,10313.931981619482,6020.076358912531,9449.760432810444,7526.035187543787,5532.34188509592
3173.938639898649,4630.407875822817,11076.315386929442,9291.85368877201,10270.185502930832,6108.501347218842,9341.16269021911,7590.0448174490975,5353.532823163104
3392.4107234447297,4660.9133587157385,11306.12938074977,9116.72736126576,10512.486306121775,6341.549002028787,9023.353156638877,7579.786234585077,5328.891540025837
3676.58290255126,4779.158148853025,10540.549129220226,9291.562956510044,10535.118388448005,6416.53964963433,8560.249648664487,7430.174380046253,5366.224893093206
3804.3979679842337,4657.688897526109,11693.561435952592,8906.865241515701,10570.546111446405,6572.454925597167,8987.682979466894,7527.195666555875,5487.963865087144
3957.31907479943,4510.898496303072,10903.268500758935,7237.828205714409,10855.543489184964,6774.643544467994,9657.220089976125,7444.493589115407,5558.475421357825
4126.464431879914,4403.093949258365,10632.849325662371,6964.101845015102,10541.481673566921,6668.111110215453,10243.320986652427,7401.970042296144,5652.8857951617365
4132.6922260996,4468.707816041039,11324.14462648951,6237.447976941672,10716.404471926327,6597.408684202309,10299.763417350267,7443.508482034212,5608.846835542728
4381.189823286891,4455.744457137741,10562.401174090837,6047.930477187701,10934.70566404365,6385.828763266647,10397.134821239622,7493.066776779826,5742.457092871677
4091.5084909201596,4340.836860172114,10778.155657890136,6293.159490694642,10616.51434504394,6114.5918032273075,10316.465761107169,7380.584997502065,5754.864197555389
3978.309766205304,4429.283027412417,10921.946393796155,6491.848420014351,10737.616751489359,5857.903666585275,10070.086699704922,7327.588361543444,5764.857238824838
2467.291371726724,4589.636842975525,10658.964961822016,6539.363476554439,10816.366019971689,5334.265485045062,9716.19540918234,7346.1565225434515,5731.883235671377
3129.696738260281,4715.57822061492,11298.402802449495,6741.009112247659,10563.768386768357,5501.090217915605,9515.330389806686,7274.199709139959,5846.389266349571
4908.78974227001,4752.456704939224,11105.346169094619,6595.731434572603,10668.874697657295,5667.517104229759,9389.521807492314,7211.304516216515,5952.586838989109
6265.624379863263,4919.460940545949,10930.128963583982,7155.812288589092,10558.02027096805,5685.629749349298,9356.057814316657,7151.899140660528,5844.394004121438
6521.890608278906,4938.068141272466,11285.276140158318,6852.590826741764,10759.298912418983,5451.954938953816,9484.776076312392,7183.468527658528,5803.3241864509055
6671.071696694932,4907.68392538061,10603.50903993441,7280.402887278075,10766.330188382031,5251.020552607538,9414.786964207684,7077.44736655524,5689.047033886234
6425.989746105671,4903.7821660443615,10778.953235764393,7812.986882255741,10435.275126141205,5591.533373823771,9478.6021170073,7052.461586635852,5836.582499797846
5838.203863569872,5175.100060460284,10878.680975736517,7553.116574148903,10984.543739016734,5917.498510028271,9553.396774343399,7083.0406895270835,5775.771841755569
5342.864596208733,5325.50267163193,10498.756758174339,8409.521163187583,10579.387334266059,5932.902588694577,9628.00471511664,7111.108706348051,5739.510799258368
4306.5255279778485,4940.126681414818,10975.66784042436,8208.124160740388,10211.015238726073,6095.060220282452,9667.617834633153,7223.903957490423,5668.161786725054
4064.039862248274,5353.537613503863,10484.899316964817,8979.131663048745,10404.425403694917,6493.1545089199635,9686.838954558341,7232.18100496191,5729.641817628874
3477.1405570786574,5164.427455746399,10605.586518214785,9194.012013605885,9829.264674412629,6493.636190121311,9570.235580759663,7312.837583651042,5700.572174576551
3034.144583326351,5351.721256242504,10523.187019335528,9098.382809442623,10008.88717432902,6730.787208432102,9525.169614741824,7409.774314416552,5583.008988437238
2679.2328591896526,5330.96338448725,9981.193677388326,9778.065660305616,10047.036015363194,6747.8229687541325,9382.620642490338,7410.689187437413,5465.146531804956
2224.3899443090613,4816.707440255718,10734.47744259791,9534.890739342567,10003.004418997003,6689.666048975307,9399.414238289335,7487.390228012189,5496.572867419752
2033.8837960179164,4767.134620499966,10446.336872191287,9389.264253260031,10278.874987289435,6738.630380081597,9296.74249339577,7506.0060955137815,5566.156943567525
2182.398680719097,4348.066531290374,10118.564651051041,9598.329953526618,10128.482533064556,6336.524737849485,9342.518967723903,7524.4028158936,5531.891560260424
2392.649664344537,4196.452764523549,11152.112919585803,9481.068402919842,10371.837739126344,6308.781807586925,9407.97169156908,7510.659811262747,5436.650461192324
3145.947980165565,4220.316842319252,10215.721600924631,9542.324835168376,10634.53930971208,6301.867061569227,9254.687188807407,7388.638082487972,5367.324302209692
3019.054738664433,4229.107038431938,11052.129215429199,9568.640196409837,10308.013466152786,6215.794854671343,9053.416598383134,7409.821012447103,5406.761961452456
3671.822968506971,4250.6132373608525,11001.363959520388,9022.049180797272,10628.438234026742,6248.14695329214,8818.97865555038,7371.285003442062,5372.489294185559
3317.215522706588,4438.191748299382,10169.090736682982,8382.56574052063,10522.592476657732,6230.211020681317,9708.633057266701,7321.628198386837,5452.445278990943
3814.8914526511744,4533.325843769002,11441.011226705907,6878.6797717210475,10531.86590750547,6283.317702433732,10457.321345056642,7391.985998589915,5469.505797109928
3777.003062775715,4782.777996559485,10284.758259499242,6377.918719472163,10703.842331130989,6342.76393185193,10647.333752553,7275.774742357244,5728.0289842954435
4028.7861168144277,4825.860055354937,10766.931129920164,6356.1808777849565,10443.217938323784,6032.985438141576,10975.139210580743,7288.448620796338,5677.478446536478
3994.197278161859,4833.2319631452365,11211.93573334033,6702.244256274889,10602.78691816197,5797.948042263758,10811.301007765029,7237.249872649384,5732.95720894391
