Mean Speckle Flow Index,Mean Speckle Contrast
14899.630941835407,0.05982700770087538
14840.76032665091,0.05996412608302625
14728.356162607019,0.06015656060879894
14735.333600176586,0.06015068485398721
14765.0339810215,0.06005658251866186
14856.797251654585,0.059890180978156606
14957.556121890075,0.05966525542166842
14934.403029966792,0.05974493138090488
14863.287199762992,0.059869640622136094
14752.739403347414,0.060110192142968824
14636.998572017295,0.060354759077791295
14623.813611653986,0.06037337234743492
14513.659385874987,0.060614403734155
14404.772925650059,0.060819813718243625
14330.202926781343,0.06096911527341295
14209.153869462956,0.061196306870344136
14384.88544433605,0.06086044548592683
14350.066996701042,0.060930004337222475
14392.07748227837,0.06083741522319431
14363.783023856564,0.06090635249548396
14299.691925936537,0.061023829756805405
14234.298094820842,0.06116774026779585
14277.034455117433,0.06109367246458455
14500.191432335325,0.060616107277154066
15097.616950984013,0.05942258069444154
15644.125092875947,0.058384688033022374
15855.962934978723,0.05799976626442209
15882.668697349318,0.057957036678835894
15775.169323035354,0.058161077711643416
15567.591890428766,0.05856412004682895
15511.527407945183,0.058712871627909835
15610.931986159803,0.05851546440771076
15561.563298086177,0.05862531897248678
15441.985237507524,0.058866376544495606
15354.455630077227,0.059010399248994184
15415.332463157067,0.05893482972908168
15591.18297625586,0.0585941179773469
15635.443518660968,0.05849745182438432
15755.668355648702,0.05825490322137846
15482.052275459158,0.05869534300433966
15307.26658012483,0.05903385560401848
15482.292865133813,0.05874324800690831
15433.441028515597,0.05883923445844877
15364.007217806238,0.059040296471773
15016.773210608015,0.0597088426008213
14752.601216381045,0.060233049784465795
14784.990672963107,0.06016607308876598
14939.63220669304,0.05986379851132482
14955.075102592053,0.05982160026799526
14898.399335858581,0.059913797769815355
14807.12525298125,0.06005981826282208
14720.766093642602,0.06019943780531219
14404.056060130917,0.06085391198397751
14372.276933852285,0.06095419841872704
14511.624512131848,0.06067087959206032
14544.24339480432,0.06062979121361701
14842.275061711087,0.06006286106102266
15532.961918565281,0.05870004378768797
16083.884835786836,0.05770176553969237
16274.261893054017,0.05736895718503874
16447.838702391626,0.057117260966701014
16342.582253045843,0.05731628035897632
16120.672151979008,0.057700099932466435
15754.15255792046,0.05831886326365594
15472.993707403395,0.05876677696166045
15200.065803624162,0.05927819724574957
14960.53341477149,0.05968612445613993
14725.64423757516,0.06013930507905411
14626.952989940886,0.06036416560276542
14731.01307478409,0.060145924653411495
14804.79693227182,0.05996804505098167
14943.414018679692,0.05968692022617044
14946.90037436191,0.059712152297795085
14909.107342887402,0.059818894791485985
14894.442644667723,0.059857967533618384
14826.147110123558,0.06000215021248351
14599.156271543088,0.06048478005423487
14442.1121622349,0.06081199037021607
14437.599245624455,0.060862563603949676
14456.113498410325,0.060881511360494175
14433.521641790148,0.06091853087798045
14471.382533124945,0.06080144460870481
14484.205152862727,0.06076290805009804
14431.08138792054,0.060868918873805286
14275.84952219984,0.061169617575832655
14191.791828826288,0.06134569700827222
14193.105889602264,0.06135906836515195
14231.005505171534,0.06130085276098608
14533.309722262085,0.06062951865498603
15263.24994023168,0.05917071645141082
15751.562911643678,0.05826433886661558
15902.199016276933,0.057976641222985785
15853.217836890952,0.05807318308777302
15642.886593132547,0.05846020212242868
15343.160270601446,0.05906940957978425
15060.512594100119,0.059568465716939
14963.946072644983,0.05979072828046285
14916.339448078768,0.05987788364812825
14794.540243200301,0.06018617674503497
14674.956066997049,0.06040287378589318
14728.522465679791,0.06028055097358238
14782.438645902665,0.06015667647134644
14972.560639171674,0.05973942227946862
15010.442051777312,0.05971318276825356
14999.50043927484,0.059727708562293966
14874.45908673784,0.05997877483648602
14828.600160979939,0.060129320241096046
14705.75913257833,0.0603576485286948
14469.17429659086,0.06084969274672717
14469.101469583175,0.06082981638774263
14397.715962291804,0.060959641162434956
14263.819779014793,0.06118796610799755
14137.579278795785,0.061496611433390524
14047.059494803294,0.061708358552590034
14002.792083968563,0.06179511905018893
13997.819234870942,0.06182126425188953
13997.1664583821,0.06181400899584793
14004.198886827224,0.06182964098465145
14014.959761856458,0.06183148485430992
14286.75773225493,0.061215131320511006
14982.42017027997,0.0597427641308977
15630.215098311213,0.05850166048992307
15914.275752846153,0.05799202122029962
15891.921041014273,0.05802994221830272
15704.77668028794,0.05838681086596399
15248.718964362435,0.0591845876126334
14983.59370017403,0.05974199508290335
14818.824329906096,0.060033397361439554
14720.25762934791,0.06024935163331461
14535.888598851583,0.06063514892078298
14285.162207595933,0.061163927075908495
14313.908595309016,0.06112453983841407
14527.694846841418,0.06069119090841326
14793.796818288482,0.06013859192839516
14892.310245715193,0.05994106795296981
15113.263256995919,0.05952242373600002
15111.36819640969,0.05959436783175405
15041.587000265135,0.059768146854006526
14861.46845517511,0.06001621370929666
14565.186020536386,0.06061337947137871
14255.417073977098,0.061252006711537375
14148.898994967845,0.061510663191732796
14122.549686037917,0.06157372217751143
14084.303273910487,0.061687859969943366
14066.791272512311,0.0617418719150653
13906.275990163454,0.06208758962950566
13900.934499027186,0.062082337890797396
13854.699511750092,0.06220280866516133
13763.048250165411,0.062438083256103526
13758.450366297286,0.06246786537371472
13728.274927464141,0.06255508715954265
14157.686616648542,0.06155869155820425
15115.71190686836,0.05956152771034761
15774.767602983631,0.05830870007795917
16027.369480867765,0.057910970700807335
15852.06665722697,0.058146446141771904
15324.84468982078,0.05910634502320542
15097.683437054171,0.05958718420468697
14872.4827978017,0.060063831963799955
14690.782648027156,0.06043119221737259
14517.059284772724,0.06078938272444748
14267.67997378139,0.061329200813124526
14076.872843465191,0.06174095781884645
14198.927738135459,0.06145551678828879
14339.079731640642,0.06117287904322001
14419.572454066933,0.06103813945943342
14537.91740644605,0.06076889209365774
14703.459969038313,0.06042605896762291
14523.181840749035,0.06078768370583991
14357.808233545558,0.06114898169917661
14132.680883920431,0.0616058342302865
13944.31726902919,0.062059142631274385
13787.024707800116,0.062379961416939154
13413.823444418944,0.06319236450046611
13067.94905475323,0.06402136422218599
12966.502709965336,0.06427451405055545
13072.50778349337,0.0640828047302009
13192.579444970992,0.06394271992094716
13118.653259295588,0.06422270697099614
13176.490799795942,0.06400005722707318
13225.787430724647,0.06376725055582924
13092.63960759679,0.06412855653677887
13048.838988534595,0.06425280301140746
13507.227435891537,0.06309987405475925
14558.339703708121,0.060763635904356496
15434.329589964362,0.058980144927552755
15668.881002440176,0.05849927330481776
15304.292674687764,0.05914024323050926
14717.235065286335,0.06030427015495628
14245.02100540784,0.0613015814062124
13964.672598207198,0.06197978738889327
13577.349788404625,0.06293145658077291
13388.230031154664,0.06341358042500152
13102.976370774068,0.06404761224847451
12955.669624306705,0.06445979900739017
13170.08668681796,0.06388666356775757
13308.175984249521,0.0635606317330878
13434.665209640521,0.06327580157869797
13584.951304148595,0.06287301032844902
13549.303254616345,0.0629130999019803
13323.609072780042,0.0634668867470544
13086.99835096257,0.06406183455759068
12665.867306454147,0.06517916513676175
12397.183766891898,0.06593824531260231
12141.964869335923,0.06664502714261213
12126.340527173037,0.06671534637200696
12114.701178027284,0.06677559893269433
12018.422593688174,0.06703565732465289
11944.481547944146,0.06725969951313696
11692.59991075466,0.06801491530052796
11698.508278870895,0.06796149825343474
11633.48951345004,0.06819816461942961
11619.304716673112,0.06830485744704237
11610.666196942295,0.06826178313991098
12444.357416348848,0.06574950534141447
13636.97648228205,0.06265685976818465
14244.121931876049,0.06124832654555087
14401.1363043522,0.06093562546514722
14216.147193976129,0.061337395938725045
13781.489330014872,0.0623614681729013
13240.754600473265,0.06364709377444946
12901.584232456731,0.06450959100458205
12479.53826709959,0.06564964666839092
12178.340309850475,0.06642894469122047
11918.239426616388,0.06730496438625147
11943.66803029519,0.06720240659753268
12198.869762684704,0.06644944856586914
12399.525280493906,0.06585769359140169
12520.890796349255,0.06546324076653294
12523.20237759703,0.06549083577440969
12563.325302964779,0.06541314116629306
12426.201911348262,0.06573018003583662
12166.232910897175,0.06647771392965493
11825.413787768028,0.06745054860070308
11616.394799697428,0.06810839499265316
11426.395289711412,0.06872802629475055
11300.047736206705,0.06918686895242465
11107.959565165887,0.06979038900592316
11025.541630001779,0.07006751631712518
10889.435075652751,0.07050498744813881
10827.93440971238,0.07070783752622549
10836.75462251443,0.07073319184955763
10752.730456565228,0.07100331840935062
10883.776652789476,0.07056117102138913
11531.312369705729,0.0684526214051997
12830.132672940694,0.06465101352720747
13638.373729770396,0.06261897537721577
13993.818812728958,0.061788744931208374
13798.838795419533,0.062245111158046866
13421.102423672939,0.06315354121729591
12910.31022194344,0.06448062610887369
12482.643539362194,0.06564147895144001
12140.427473339647,0.06652714432691659
11967.867730868678,0.06707697351051503
11703.255542836017,0.06791141159044375
11591.616963690678,0.06827085945994824
11765.20260569543,0.06771723063460075
11973.968652615218,0.067099212624343
12200.018631497043,0.06638361116220093
12279.8835314189,0.066190686948701
12290.9913594598,0.06613411045256638
12094.926108469917,0.06669523035439882
11942.3910027703,0.06713841915547861
11705.802646490729,0.06785908996921226
11272.87863023172,0.06929013900639831
11106.492317177834,0.06982769846054693
10890.856922422845,0.07059768575986111
10890.142334329608,0.07061741071012183
10831.640201571101,0.07083817657245792
10847.389952291694,0.07079955413432629
10825.72747323966,0.0709362588736017
10892.99276092762,0.07058568923910849
10879.318137498103,0.07060857589638773
10854.248366675081,0.07069727767148554
11207.343385060421,0.06951147004263193
12429.282607873005,0.06576750012979583
13529.568375370915,0.06290280961330846
13920.236791660049,0.06195157849755344
13779.261479886944,0.062236484624527716
13282.929868631734,0.06343604224669191
12650.703076764974,0.06503484563065333
12335.758015587046,0.06589165581997519
12080.769480132985,0.06667886941078627
11931.207775174676,0.06714430336962193
11834.98846025504,0.06745234579070176
11739.703289222418,0.06771484545593487
11737.85080364006,0.06773999384784865
11808.481379878922,0.06745824077598107
12023.42072589197,0.06677948108023105
12095.910431256669,0.06657671485382109
12113.314474766772,0.06655163357918131
11893.390336531209,0.0672422365063142
11732.031477598184,0.06769904289792433
11576.744077155843,0.0681696710608034
11400.663879388016,0.06865524977034668
11133.852404533349,0.06959313753938078
10935.990095375544,0.07028580850483794
10776.8557229318,0.0708117989202157
10786.000864637605,0.07077390543204017
10824.267630169928,0.07060928722421567
10776.273878247659,0.07084147891286907
10704.053660379748,0.07114133527535531
10597.460900921475,0.07145024703608525
10536.303067002538,0.07173485506904825
10601.323216949637,0.07146407516008704
11149.064056466224,0.0695796096323563
12357.365593985342,0.06586532766219662
13276.188079244568,0.06344987305574297
13710.635618346354,0.06242540361796927
13556.095238827751,0.0627846378718494
13143.796618768782,0.06379892691092204
12684.025707407221,0.06499525336384919
12226.129476321465,0.06623616709596854
12019.141323880684,0.0668968925139817
12061.638962454499,0.06675770202481694
11868.890720013773,0.06731961064436794
11596.885420692424,0.06813040936595759
11470.947699401127,0.06853909049630925
11579.417710202013,0.0681768514326998
11843.426968591994,0.06738026623610179
12041.896440033786,0.06684553460267956
12119.247353852637,0.06663752242383512
11981.77172231591,0.06704947714034326
11740.70387561607,0.06779596955842974
11579.105387770454,0.06826910454992095
11251.034873730548,0.06927461510155662
10947.906583826167,0.07030797495702247
10833.392901757055,0.07074966477033959
10883.107717063533,0.07054283414092288
10926.15972703778,0.07040161250126004
10763.195901267649,0.07096480161548191
10665.237901962146,0.07129447700357033
10607.373604168755,0.07155315345118889
10648.06326605648,0.07139099946457764
10506.813559138433,0.07194345508985454
10446.896952527459,0.07215632068398704
10674.34695870448,0.0712976878911299
11565.628033588793,0.06831165396404236
12770.883395455037,0.06479276678539629
13517.80001412468,0.06290490361030454
13734.94803719716,0.06240934191362658
13511.544643175124,0.06294487342636239
13150.709303292018,0.06382916262420135
12784.982547032248,0.06483643549540422
12416.906588678514,0.06579932185283442
11960.276383683546,0.0671365273777397
11836.851689855524,0.06746801753804572
11659.872750224391,0.06803693991802096
11607.098335629003,0.06818245580422543
11838.667192592693,0.0675125558687966
12090.397601499724,0.0667345610318872
12144.71250917372,0.06656758287568988
12183.516866093185,0.06642245598115168
12125.554498071386,0.06661634019037029
12081.297054972321,0.0667907552182938
11896.631330370417,0.06739129316419913
11551.225343345404,0.06836723756407427
11387.36124301781,0.06887504739303718
11045.014532606663,0.07000521250610256
11038.140007995744,0.0700094384184806
11070.981798801302,0.06995733544443063
11054.392351044933,0.0699887438684281
11081.911812742792,0.0698925327253904
10989.301695186043,0.07023976786473764
10887.850083224555,0.07056869602693856
10873.106446233807,0.07066095797900956
10954.054537543954,0.0704060520069706
10903.118262016262,0.07044484376102025
11242.763465719037,0.06931092464416433
12205.923016105775,0.06632239496338915
13239.772743761429,0.06361387487543198
13777.163078165351,0.06227936997576716
13796.767722288616,0.06225140403418816
13520.517121302062,0.06293180475483791
13137.300530438231,0.06391839127589696
12718.392539038374,0.0650047093064079
12415.744844968958,0.0658830410334586
12238.443362100063,0.06637047759989144
11929.534044242288,0.06725051209790166
11763.470106262792,0.067756714109752
11807.524715170703,0.06766199867818534
12107.586875613404,0.06674605252337767
12298.01953133693,0.06619510377889282
12568.740799208275,0.06546132339855897
12721.54136975859,0.06504341171338643
12566.426324559605,0.0654460931421792
12320.494811160212,0.06609247560381142
11976.461059102296,0.06711293401415006
11707.870913252555,0.06791274445505213
11464.924588356806,0.06866970350255519
11251.859539342593,0.06933031918068265
11114.356787304188,0.06984782931676282
10992.910456364456,0.07018161504193536
11077.527266036332,0.06992539375204253
11032.354550938895,0.07012455240023796
10926.416403682037,0.07052264041045864
10850.368122984553,0.07074980502633875
10835.087090313094,0.07082108621365156
10872.572456759317,0.07068027792538688
10985.32413895522,0.0702798453489653
11593.225551581074,0.06829767189900648
12798.764805713969,0.06475276194603606
13705.051916885028,0.06248204601497341
13993.671508868045,0.0618427982080562
13997.594238297137,0.0619087387460483
13673.59036333578,0.06265657894326415
13221.688729760524,0.06369216151272895
12815.075994562649,0.06479956046689318
12690.938069696767,0.06510356619692015
12530.730560941829,0.06554863391621747
12366.958271075615,0.06605067834335214
12105.750836049963,0.06674037971417708
12166.232696967088,0.06656374128748568
12345.560069885525,0.06602835487621977
12513.464069747635,0.06552251622127893
12584.809658901215,0.06542800040368793
12529.963160699148,0.0655223691587685
12450.84821430608,0.06574760513685476
12415.387044797646,0.06583320401628683
12162.398325093473,0.06652343135480424
11885.791584011886,0.06733682883483388
11574.621570132942,0.06828864820510104
11416.978296419611,0.06879577584963296
11385.71696734575,0.06885160324660487
11412.275126236073,0.06875296033881373
11342.398063532619,0.06898243081418931
11290.022314906299,0.06915078480658027
11292.34694591657,0.06911077374176638
11297.034725224561,0.06917382728039746
11205.588500737551,0.06946618857103096
11098.640475498445,0.06980347300601464
10871.153113206892,0.07052335654343123
10936.168968942871,0.0702972659383722
11559.532590588524,0.06821325643636292
12725.696805831793,0.06482570877100668
13568.91944459846,0.0626980619098806
13889.819832749869,0.06201761896788426
13851.192707906603,0.062112546555801125
13561.31211860519,0.06279168730929012
13196.092178537248,0.06370154687985671
12832.286007966655,0.0645831813417387
12674.61473268888,0.06500386745105176
12624.840022292105,0.06517931910118935
12392.537164073674,0.06580172855283276
12282.30261021953,0.06604247098528225
12172.417576387774,0.0663348811015138
12453.064881386925,0.06559589877340513
12622.42986165273,0.0651362925090299
12615.153969055033,0.06517342877928059
12600.251210238766,0.06517226308947881
12512.451141937367,0.06543753816448077
12414.465849809829,0.06570312052870982
12194.562376917242,0.0662791118054148
11939.507594082337,0.06706333569363221
11747.175661299623,0.06761905238372734
11521.664697737524,0.06833948717926061
11491.671319214152,0.06838030263799477
11388.084467096063,0.06878292706285014
11430.655158374768,0.06861994003876412
11489.17669977173,0.06846417612377177
11500.103833227757,0.06840910613677104
11573.72214561454,0.06816211825430063
11537.325138370512,0.06824492723703243
11364.875617027581,0.06881575839721074
11237.480903658035,0.06924310092324476
11065.141281478524,0.06979026566919393
11110.166109717886,0.06964792160896725
11466.505203825693,0.06844964871955608
12588.798968199744,0.06518878448265812
13456.371830993856,0.06298337361423141
13837.948567712248,0.062055066733009936
13778.91091543245,0.06219684037434159
13536.889421228743,0.0627801446210273
13219.068007252274,0.06357556557287956
12895.990905544433,0.06436424261808614
12678.239866914062,0.0649333219738423
12524.997322445088,0.06534337230737094
12435.16900908454,0.06558208096457838
12289.463084212688,0.06600172292751494
12164.182814732565,0.06628760867282571
12176.418414867898,0.06622235314402217
12382.225273746517,0.06569492329335232
12537.16398586056,0.0652787070293773
12499.339778445299,0.06539021230882465
12397.861194915726,0.06563261134335602
12291.443303356875,0.065919661073489
12202.870480504285,0.06615570319628837
12036.967530788412,0.06661570728181605
11768.521271580616,0.06736573837695024
11578.363382558833,0.06796968145047795
11538.181806444605,0.06815284275744733
11445.963075977868,0.06838917551836285
11412.65603104676,0.06855575397510727
11491.995318163277,0.06830899190356785
11555.827897914125,0.06808604633180679
11551.705364128917,0.06811419707373083
11532.980650097628,0.06813697718746363
11390.38400885752,0.06860531336236045
11322.61939171933,0.0688103619302588
11176.849954928417,0.0693277039501533
11147.559273503655,0.06944085181783163
11182.383162687998,0.06927509441965893
11417.727498584369,0.06851465453180348
12378.744663449874,0.065657372215003
13181.589485107585,0.06352634115299442
13547.006301175792,0.06268923351295881
13491.062713086294,0.06275428551232742
13376.568799365456,0.06311886112145434
13152.145078448557,0.0637073150242408
12823.394276786032,0.06456207215297277
12649.043945050878,0.06497133823488538
12455.565252069524,0.0654883106261934
12387.602169704289,0.06569349874035543
12162.911871337936,0.06631028806527484
12183.497102198575,0.06626120670213587
12249.987360029209,0.06602154466770559
12447.151557506195,0.0655153266933229
12596.765214718424,0.06511630780407178
12604.718949920407,0.06509920225981465
12470.828338220657,0.06543628225196502
12319.388165599363,0.06582721662442488
12240.986757605591,0.06615843102181129
12065.131681016228,0.0665746284688309
11964.0327895015,0.06683740263451421
11705.128050042096,0.06758897545920843
11581.792195423188,0.06800585975901204
11463.080607954622,0.06832890725163746
11455.498350210612,0.06838160597929449
11337.95960074538,0.06872336136366929
11416.498486122104,0.06844530198889003
11562.567527437344,0.06805163942992161
11566.681076583436,0.06804563175415243
11480.974477349157,0.0683127682560073
11292.213046949451,0.06883159391145205
11303.879504392398,0.06885111740361438
11212.733410720672,0.0691000564229074
11117.345866489186,0.06950442258956235
11232.21504819073,0.06909374274040074
12067.089348785232,0.06651026750655993
12980.809402063918,0.06401265205526616
13495.135992462798,0.0628055623918157
13574.951254407555,0.0625886654245511
13538.223350520891,0.06275894022068726
13236.542151058376,0.06343419688728004
12777.097280024203,0.06455427713970517
12590.218368078224,0.065032803202534
12489.65804185882,0.0653507692261815
12274.497044538019,0.06591432294244165
12081.261688368517,0.06646409292781547
12055.790001057718,0.0665048620760755
12259.484420402996,0.06595241741559808
12526.481889370258,0.06528521321219581
12647.062327831123,0.06494855198571937
12631.23165592767,0.06500022257047211
12491.664558761644,0.0652868452249894
12478.727556205855,0.06530747854060176
12351.041469546255,0.06570652239126838
12155.396842938175,0.06621632564761705
11991.279692052585,0.06672725817463927
11810.923272519774,0.06723025113682717
11676.800108335228,0.06758104433215173
11599.09242792865,0.06785836248096308
11585.509480874172,0.06788242617470866
11515.026594652625,0.06810429715852884
11525.941578143815,0.06806303428419139
11678.262814042235,0.0676503822392686
11702.965309691655,0.0675514056139711
11622.532659935276,0.06776324125963881
11552.603538959265,0.06798497745037321
11589.59610617597,0.06787729003136368
11589.46288165214,0.06785232112119603
11653.017906605326,0.06766403730372657
12401.859596034497,0.0654882453764838
13106.734546497104,0.06369128027012307
13403.68143566158,0.0629584003849387
13529.85534926157,0.06266389642802694
13402.612566350437,0.06297665795542284
13166.08813252095,0.06354096142909552
12811.258809151688,0.06443174469328578
12609.871450856986,0.06493900483162855
12567.639637961522,0.0650596799160779
12456.188960399923,0.06539673116989848
12231.563795868637,0.06595463239174744
12120.203884267288,0.0662470810430518
12245.58955386392,0.06588902893542485
12461.964587076378,0.06532382495406458
12615.468601039067,0.06489821424752555
12700.531829003141,0.064675980716103
12588.448603417522,0.06495174800890727
12490.8044223592,0.06523995998866376
12366.86617745256,0.06554193235613079
12157.800454838249,0.06609446577701711
11970.975444780672,0.06666994594401246
11919.998644816938,0.0668179452678139
11868.187077975046,0.06692414214855194
11819.741390418247,0.06709005886622271
11804.259525962958,0.06710195589579404
11713.87240345183,0.0673725212678514
11697.65965988127,0.06747350021591711
11781.403996026555,0.06716278722558874
11778.825816082668,0.06717855281228184
11726.972646529355,0.06733966670253441
11607.249720296943,0.06765643446822242
11556.912936716682,0.06781213878481536
11574.921870786617,0.06780983677367482
11808.890890416684,0.06705710764279846
12517.960124169835,0.06506795939791762
13082.465619742667,0.06363284775170955
13281.054656730767,0.0631715178781575
13231.524493749186,0.06329811913394799
13138.147413460589,0.06352965842078317
12944.67345707643,0.06398173991467708
12775.0276705733,0.06447662307535279
12621.085746685798,0.06485290778952382
12534.572028135419,0.06507374229522721
12357.435702255105,0.06552769071255754
12269.389345672997,0.06578259276747564
12328.839693543987,0.06560075356395396
12414.40825294965,0.06538469756114061
12550.238634047852,0.0649999304728883
12564.73469314044,0.06493794809280985
12630.049006767711,0.06477808706027746
12686.001622733038,0.06469712724473504
12535.960969218819,0.06504688103283619
12318.595616666329,0.06562920967665316
12202.85183895652,0.06594480359311015
12187.96666510715,0.06595648766465854
12063.655082326924,0.06635186191331142
11956.021143590955,0.0666342892706894
11967.857142411516,0.06662929964687034
12029.722589219547,0.06642585954751089
12123.692589792381,0.06618974147198321
12080.427499801439,0.0662859182754433
12048.485552556282,0.06637106863988788
12109.637399865831,0.06623341193166557
12165.566978088698,0.0660546819168944
12111.007074256599,0.0662403604456442
12040.100396862566,0.06645519722514492
12096.11183263042,0.06624371802475618
12639.839321996844,0.06480188421529204
13317.204350557437,0.06310864837055268
13662.198959364056,0.06228665766068318
13689.26755027362,0.062262276311601805
13622.386234465139,0.062425689408894876
13489.555170857897,0.06273379202281519
13328.513873552754,0.06310658111685287
13110.812631890458,0.06358337390665916
13009.778883750458,0.0638611934428297
12965.590773460066,0.06396413436255635
12873.396172819504,0.06422711750338751
12854.517288633493,0.06424457664328005
12922.977944151602,0.06409318801866168
12912.889184452688,0.06407990262642381
13072.527248651511,0.06368031450232825
13199.921268766775,0.06338387496040196
13145.578736296999,0.06353389623976907
13127.005778140541,0.06356882566125373
12897.239908052035,0.06413726152797618
12777.556938560394,0.06443816545377573
12679.536466648135,0.06466508302849171
12730.951424628412,0.0646017434556068
12576.138846319804,0.06493376535598538
12487.287617230972,0.06518759402024366
12457.680413442025,0.06523130147606575
12464.585023611095,0.0652616263107945
12467.952852182765,0.06521915850215845
12443.698619713416,0.06530013964820151
12487.322072682504,0.0652134557809807
12440.248675040553,0.06533884489507828
12455.56346455171,0.0652620356943796
12311.63977603362,0.06561510342834133
12138.480082932212,0.06609769983994568
12059.299176179678,0.06630101586017859
12382.42830095687,0.06543135308827865
13008.170632550786,0.06378856077612743
13464.19519152367,0.06273609705718393
13550.157236678522,0.06260382419561376
13389.156373427932,0.06293205051464149
13254.150448480183,0.06322249852712286
13138.65326995237,0.06350732514160534
13004.639535692872,0.06385829762063898
12890.264405380169,0.06408870560255173
12946.64163500686,0.063997646109601
12956.373662891097,0.06402225752071503
12884.976776904394,0.06416822236903336
12832.168514570923,0.06426221358638283
12812.741227120852,0.06430860729263085
13052.667005453946,0.06378082664404193
13103.074168981066,0.06362788985562216
13093.785236592637,0.06364939885630637
13085.270257409415,0.0636546800257274
13019.270876896933,0.06382332724510892
12917.823733665724,0.06406330023549549
12705.315694483816,0.06460369167857845
12598.533106263689,0.0648428922396702
12622.457085131146,0.0647925033310736
12631.602891202114,0.06479800692314584
12515.83962598368,0.06509862628536088
12516.21548677044,0.06507232569048894
12558.893223008392,0.06497886807151827
12661.731326777226,0.06469587554329749
12620.98331115865,0.06477081533756432
12513.980710758002,0.06508328504795725
12455.510308712212,0.06523554023375214
12471.042313622505,0.06519965055062249
12390.229595173267,0.06538192227815408
12377.644541446693,0.06544680119652654
12312.622567741711,0.06563670225128188
12352.796986174757,0.0654839258466933
12613.772466089024,0.06478636837642508
13154.247810128832,0.06345883394531797
13452.523533873484,0.0627560390238346
13636.536696755653,0.06232042442528867
13694.814915362005,0.06221535759001207
13583.706614253528,0.06246116704797692
13366.010222989555,0.0629701035373003
13224.236919411824,0.06332645334761536
13138.931378492352,0.06352451449910904
13127.006433118957,0.0635244280258673
13062.304012732502,0.06370048126800736
12949.935693840256,0.063910733050969
12865.959630228474,0.06415574272771359
12966.24763322128,0.06388275690025857
13070.860851352638,0.06365846796011938
13183.228594240374,0.06337631815359292
13107.138787539945,0.06358577107023343
12990.132785365526,0.0638500078890567
12827.05049209271,0.0642216887772021
12768.89725480303,0.06436720692854725
12700.18771462593,0.06455424302265564
12638.33184395842,0.06470257559895977
12443.332019212621,0.065224688024514
12402.65970049416,0.06528791315713568
12473.65106213895,0.06511826570184778
12569.370804550228,0.06488470408171278
12516.92379225641,0.06500887936117142
12472.437203123949,0.06513074748788115
12583.32865148349,0.06485180703287242
12667.639118047236,0.06461938991561458
12594.90482276502,0.06483926190287559
12505.192541725619,0.06505162047987416
12433.033581107231,0.06526743716919788
12464.712374710072,0.06518581075143616
12494.04506936116,0.06508234332054762
12546.934982349669,0.06495879812896806
12820.139043484238,0.06425022281945328
13131.347952667715,0.06346828307918667
13309.612788625482,0.06302166193246579
13296.465112938607,0.0630853385292926
13316.220963976297,0.06305414776718335
13191.833795182976,0.06335894917985428
12948.140110922448,0.06392708830372093
12642.063309217583,0.06462386292111663
12578.606765464825,0.0648038415824601
12668.012904190358,0.06458816583572459
12685.990105469513,0.06453717805704874
12828.924646664138,0.06416429877366898
13005.495926937776,0.06375179375938063
13235.176318899103,0.06325804944705919
13352.187971876188,0.0629390968405713
13443.818427811939,0.06275757868358045
13542.686913045305,0.0625784393671295
13536.238088535467,0.06259547758779085
13452.052604849303,0.06277634795180632
13381.576880865492,0.06292744634395435
13410.838268944743,0.06289178732069353
13458.745214935678,0.0627968377438803
13507.53625505082,0.06270001328178602
13488.949867495074,0.06275321326558608
13495.264696936882,0.06271524407879417
13545.675186560096,0.06264473042499803
13694.5466468333,0.062304010561581406
13798.86401438622,0.062109434061321266
13699.193933275053,0.062354117447045054
13629.404049718112,0.06249775064872393
13472.598294157911,0.06281411980397046
13482.595819639271,0.06282035464738353
13622.98585652102,0.06249572505165819
13942.018981933623,0.061787860752455265
14441.394352053498,0.060759503787495464
14727.79051118619,0.06015078779203984
14716.114687981193,0.060150707411777755
14684.094929567893,0.060235888238438916
14752.785191695275,0.06011655872664911
14641.363829794836,0.06035706713154723
14445.304399151264,0.06074738694851917
14326.290217235593,0.06101683685760828
14247.051233792128,0.061164856527214304
14167.2412091079,0.061317427326451485
14047.708147664216,0.061606555210975494
14111.36143498995,0.06144137827044865
14122.796077010178,0.06145007588069583
14166.238107251103,0.061293283433548444
14141.088601610265,0.06135450997857795
14187.026852088467,0.061273154608409
14132.88247892971,0.061399830614343974
14098.302035172417,0.06145986894808713
13972.99355388461,0.06170349387551306
13865.273489673511,0.061947987976482044
13712.532514614222,0.06227470449187705
13690.053459060762,0.06234078038300118
13640.050878007807,0.06244051841868701
13698.206175898904,0.06232119009102455
13658.80600130264,0.06241837967649655
13677.617482119133,0.062333652230493586
13686.539776440992,0.06233923869551562
13757.101264582441,0.062213531989226245
13788.61177347998,0.06216574510557692
13728.373889757137,0.06225329328370429
13564.37665533111,0.06263162754682572
13587.424730885745,0.06259160410295712
13669.401853454325,0.0623964345935169
14053.182826433984,0.061541253298313184
14503.437182204556,0.060619746371157135
14682.978371760066,0.06025869064908801
14699.343013654556,0.06023175633206261
14553.304936257535,0.0604869773178366
14432.848033623202,0.06077677755636412
14418.926359847297,0.06079914052650174
14327.879039182677,0.060971830765646925
14351.825673169858,0.06093479817058152
14301.481922434541,0.06105860488991411
14207.753747788796,0.06124271466886718
14170.83628811953,0.06131323820306609
14187.401041007995,0.06129944194808137
14273.838136197603,0.06109620671792579
14277.414229354483,0.061082684427482756
14252.63206116482,0.061122826677078815
14309.662010536831,0.06102930569936945
14250.555952189468,0.061137510545960685
14165.036802131935,0.06134130609766322
14051.212193868314,0.06156026592848096
14027.832737609002,0.06158148716792708
14047.240674901775,0.061549746356282665
13972.145101055765,0.061761516545336265
13863.686869705603,0.06195088783153617
13753.892598735734,0.06219198580881977
13881.076299859296,0.06190191611373923
14047.300777290802,0.06155587578666681
14082.786431463375,0.06152309787068267
13990.085846330241,0.0617048965592967
13812.280433625712,0.06207318439895682
13855.761362388055,0.06199864634956405
13883.98817015806,0.06189146758882679
13865.308650679168,0.06199077959194778
13805.015500846315,0.0621264944326593
13963.257082243561,0.06176155971258406
14443.223352888996,0.06072338791502679
14837.327489983489,0.0599402885978327
14924.924212031272,0.05975221865422672
14840.129148426366,0.0599753286576704
14830.10987646349,0.059968700147176444
14831.624089521254,0.059981105028078324
14746.481695142704,0.06015046256804327
14628.399083916709,0.06041480619813959
14540.830791152328,0.060567859528736445
14429.601896955077,0.06078604913477223
14444.537958049736,0.06074499629580137
14407.197993413363,0.06081347401988238
14466.02283129998,0.060712332486800864
14468.018766472776,0.060736996254073305
14534.220554857298,0.06054646358693508
14497.622807356087,0.06060705830096561
14525.37142074429,0.060590808033227146
14430.105711464996,0.060774415038227
14365.905471054082,0.06089736311675514
14280.321046343131,0.06110896497965992
14206.395535844238,0.06124187733768619
14093.814270903214,0.0614591221774673
14102.905800794508,0.061451397189170386
14067.18713977387,0.06155769235917391
13897.477813287143,0.06187108726430477
13951.935017331534,0.061796309291150334
14020.293772642946,0.06162272925855361
14051.632195805272,0.06153526001828732
14106.181682765147,0.061452823858561566
14117.779872965399,0.06144584404454335
13955.847793121238,0.06173663756463135
13873.027053060583,0.06193792909110729
14000.013124180114,0.06166813102523572
13886.833077238753,0.06195094191966682
13806.597365648202,0.06210514572957467
13817.660471601339,0.06206374302326516
14121.944330914426,0.06137222043940924
14704.483040862628,0.060203044330438694
15065.578669396748,0.05955480971728144
15110.658905390756,0.05943804603138189
14915.038788484757,0.05979982376920369
14732.97517026955,0.060175071653858894
14721.763069548097,0.06015312573652683
14627.952562346494,0.060385881508502603
14557.473472906733,0.06054180653812724
14430.757190430597,0.060777867687641936
14408.918256549938,0.06082639489437672
14351.787547402035,0.060932455891333365
14418.218967945806,0.06081747839964642
14399.134387854605,0.06084250912122955
14409.643111111878,0.06080858010270578
14490.313597022896,0.06067852317366025
14499.425513828552,0.06066388579039974
14484.03754252658,0.060654270760773225
14371.332872529625,0.060921974136039704
14349.306955716847,0.06095384912072273
14239.553011659556,0.061216546264862816
14198.374397873733,0.061256209248134574
14140.496270835236,0.06135254805459996
14073.638002594585,0.0615134688082144
13991.05454097325,0.06169613982061379
14059.76673226311,0.06154457984333179
14179.034133276165,0.061292317362819204
14193.188932348748,0.06128960361131683
14031.648799584114,0.06158052154161076
13978.08030481827,0.06174689679653177
13985.76034923812,0.06173085620680156
14088.738531923353,0.06151334735715316
14087.020480416348,0.061525686448881886
13982.532214818508,0.061734607734574634
13927.115497275623,0.061809588366473246
14307.1064411508,0.06103215613614737
14814.898637702205,0.06003190558855927
15076.83181972747,0.05952571253735611
15194.33323499898,0.059310381720769516
15014.111800977284,0.059637586491591406
14951.169538192658,0.05975910072598375
14907.788424943603,0.059852962572305185
14788.59794331751,0.06010194525341594
14629.627435279972,0.0603795947924849
14555.997742819445,0.06056334413676026
14526.71153779577,0.060607744347796366
14401.97157656756,0.060875851997805604
14425.117099080493,0.06084438624949341
14464.775059819001,0.06071634277160717
14518.513177465478,0.06063279187496734
14608.840769281405,0.060451268557511983
14668.964502174224,0.060353060693260865
14524.708641239116,0.06060378282319834
14407.909468890008,0.060846794583670774
14425.798903275292,0.06082086243522651
14369.46651846533,0.0608878241276936
14303.90363011641,0.061043114809794685
14237.601680432173,0.06118581696198612
14142.0936982374,0.061398397570690474
14119.507596374686,0.06142357095242159
14275.163177682409,0.06112011804398176
14353.159326627076,0.06095776482403577
14326.65144133441,0.06104031723692337
14215.341586129485,0.06123210125449468
14201.304649932921,0.06126339518648423
14119.784067899105,0.061407891060917257
14095.936734464445,0.06149262085076396
14068.531908213341,0.061544743372506955
14178.35207390498,0.06131141804144944
14666.28045936215,0.06031710596488558
14992.686740236559,0.05964400578148699
15072.571895580844,0.05950808387864992
15193.501627450014,0.05929952887991773
15053.630783241442,0.059563649546962465
15027.127874704736,0.0596302335943214
14978.937430061524,0.059688461601302624
14863.610857820295,0.05991170552441986
14788.913381621565,0.06005784330752548
14642.699245996106,0.06037976329375705
14552.906609603131,0.06057544859108561
14648.911466272717,0.06039576547857857
14692.58683931368,0.06027574204827024
14793.66952941428,0.06006482719521297
14753.775711297892,0.06012057333427286
14820.830918958753,0.060002845441435554
14832.938294066722,0.05998378589334814
14806.057947486974,0.060026364256363283
14698.212269288044,0.0602765973076876
14501.980932566974,0.06064829458186042
14525.025417605619,0.0606098697966775
14464.223711751043,0.060700753946964434
14467.903344481343,0.06072064687466315
14351.358087482837,0.06095927749044573
14340.477480160602,0.06098597873399906
14408.119357642101,0.06083357098183738
14421.705057640142,0.06085682405862409
14439.523780197913,0.060790159785175685
14400.684631729924,0.060863232274147056
14277.663841207346,0.061118030447781406
14299.803374447418,0.06108828094235925
14286.170253076292,0.061128665981922126
14213.67623383793,0.061233316796073294
14306.570219348865,0.06103922429656096
14704.554382983091,0.06022308788951249
15182.587839992751,0.05930747774015147
15349.345968927208,0.059021666172856035
15364.003378693624,0.05901759701018532
15238.185186974095,0.0592360384172457
15151.517171105297,0.05937098046233829
15036.814806393877,0.05960533290006379
14963.376832159112,0.059734883123744094
14858.069970439543,0.05996906752273901
14805.448777654985,0.0600619206941075
14746.005785330557,0.060128021249653836
14679.425507511523,0.06028543365192045
14673.732322286092,0.06028674848110714
14785.725326358892,0.060101703244709516
14859.567670264401,0.05994632183012328
14818.959372471467,0.06003643034793039
14826.72211438214,0.05998336636001806
14732.120065112278,0.060177741910079484
14720.371273654338,0.06020468603109045
14705.769218119874,0.060232155547102505
14644.690436062208,0.060345329669617614
14598.151388758553,0.06044731825073319
14431.007901939363,0.060812339173614435
14346.887715834499,0.0609552212226911
14407.309671695994,0.060836571452679865
14534.036311272648,0.06055883391772194
14580.651100774343,0.060481443337518224
14594.518603689832,0.06046638804033815
14444.552097602764,0.06075098667891883
14393.794889381219,0.06087860802035582
14380.534672818738,0.060887582145816584
14335.789622504533,0.06098724703529807
14322.557319617097,0.06099506236607041
14400.452253800824,0.060857287979067524
14919.741170331527,0.059828619288978334
15278.178020472304,0.05913242493452389
15422.367211278335,0.05882946844644612
15326.952568912731,0.059042164856046186
15231.148325655078,0.05918001280072145
15102.991393744906,0.059444359912220066
15126.343476364686,0.05938336694728549
15110.663600568036,0.05942663703316341
15016.66147970615,0.05961803479541222
14816.715963103154,0.05998136079817287
14588.529450495038,0.060440925357090954
14623.953693113064,0.06037068143953587
14704.963378671913,0.06016931466246775
14798.837291860662,0.059973903223101116
14811.43380843823,0.05994401038080072
14821.31950122892,0.05993714657682626
14688.147675758892,0.06019022835645327
14695.76450205233,0.06015755031373383
14748.622073519558,0.06009368202812552
14668.516614912814,0.060261712430546455
14559.442267501778,0.060463703905419185
14407.488470444054,0.06078557206088021
14378.187643606336,0.060855323365181825
14421.874379733266,0.06081854669440992
14486.275979037488,0.060657436949957004
14492.889632605835,0.060638202588319735
14407.658110778533,0.06080276562785591
14454.775550186147,0.06073036903263256
14369.302720384385,0.060899573122258015
14328.027901878731,0.06097956351668207
14322.985885281516,0.06098838170412812
14233.393109254364,0.06115975996906285
14287.203009057104,0.06108183825654426
14295.232634632923,0.06101824415476703
14676.085518488686,0.06025926123198177
15111.649334920308,0.05941216425665974
15291.952068450411,0.05904115855324931
15338.091155255568,0.05894988995443304
15220.896781639502,0.05916448379441083
15172.329066540231,0.059266162206857986
15124.601751833732,0.05936204577717003
14899.979958238851,0.059802783085283875
14794.515231079304,0.060010308554421805
14710.788822034123,0.06014782658196836
14673.851684823658,0.06023171271713562
14670.7032921772,0.06026260438992516
14733.9830258137,0.06011264280672515
14768.71539192075,0.06006066577764819
14903.205941744998,0.05983198869836812
14913.501488592097,0.05974163017747627
14881.764456855724,0.059832695200712674
14785.601705224688,0.06002568239131681
14628.585691521717,0.06034065148607991
14649.452541574832,0.06028650985581048
14622.485860021723,0.06036065558565553
14517.431566465422,0.0605577309841219
14430.335133377492,0.06070771516979092
14416.441779724004,0.06075074307696305
14408.34071507275,0.06075771309095055
14522.826773503937,0.06054301500294961
14567.720413875184,0.06044315171972412
14565.183118218669,0.06046423545796838
14410.52050034715,0.0607461331803741
14340.66879321312,0.06088818882850665
14393.80811084868,0.06078975045891347
14439.62139406027,0.060703876026974316
14462.15875220665,0.06069025243156151
14743.336474368607,0.06009350365652662
15101.702233215972,0.059380290723766195
15272.943545958015,0.0590604768227724
15390.498458633803,0.058865247415539376
15439.783599953611,0.05877099391576435
15337.168203558045,0.05895483790635248
15149.22820714574,0.05932132835660777
14918.815690161498,0.05974487504201791
14934.115291072214,0.0597098249612662
14917.78301306678,0.05974462431201173
14880.630480079415,0.05984270083626653
14863.447277361094,0.059873796421479025
14819.174657785168,0.059949262308959125
14951.321710658665,0.059685276483944116
15095.52106620643,0.059435152037418136
15179.028183088401,0.05926830824909901
15044.29105717508,0.059528133309784424
14973.783206819184,0.059637763087410624
14964.822119670562,0.0596400926970986
14989.17167846306,0.059597090402695015
14917.07589256472,0.05977053791321314
14700.051682962705,0.06019929045419688
14686.043401853167,0.06022536560304195
14728.988304293334,0.060123051455948213
14751.282840623107,0.06007010182839956
14776.30200385463,0.060054093248402135
14721.758240632384,0.06014392249762519
14723.431376587092,0.06013495831919943
14768.319709554884,0.06006633142045542
14745.385061685454,0.06011195157535031
14710.23570998674,0.06016919200951931
14684.276054669575,0.0602186579890385
14936.165101936707,0.05970087107185496
15416.290161914862,0.05877142864241876
15705.76959954776,0.058298552436904474
15754.95305601761,0.05818888861459767
15568.047035587873,0.0585024859257707
15516.71986465742,0.05862558926086566
15448.578724790708,0.05874582178978143
15417.84152611735,0.058847751124718024
15312.78554031757,0.05901226386297975
15238.314574617412,0.059140225114066414
15135.992778625798,0.0593486827836088
15022.779780960263,0.059553528195787325
15046.714192844533,0.05947930816235257
15226.942775307602,0.059211247274393725
15335.843070750796,0.05898087563530905
15395.179069392021,0.05886293163165566
15309.568991861037,0.059009426995327595
15224.561616292202,0.059180672015102624
15228.911254354085,0.05917170487358316
15160.090604758201,0.05932983707910749
15105.307274803741,0.05940445710144568
15074.756673071686,0.05947792325990683
14927.886879791971,0.05975805602415581
14903.477610293434,0.05976263991191059
14911.302682582258,0.05979271815830781
14961.053857381441,0.059699070013617725
14977.540329583808,0.059688773946926
14999.629287305033,0.05963797537325309
14997.973325271256,0.05966469806921481
14837.209210924979,0.05996305858653105
14785.529641836594,0.06006364392539696
14774.65319312058,0.06006957412262103
15033.360275104204,0.0595498658252423
15521.10905859491,0.058674905783656806
15862.267774943957,0.05803844225318924
15866.951945017674,0.05804860351329951
15710.5300234581,0.05831309523557663
15670.057050007905,0.05834365723533652
15615.476996656376,0.05846779095942663
15571.679730403817,0.05854967750258927
15435.541875503981,0.05879365547960066
15342.549450600092,0.05897487331529438
15282.765942938357,0.05907663468490609
15251.32958957596,0.059148220917701874
15341.8717919039,0.058963909076442576
15424.033318633758,0.05883267057385696
15357.697616648531,0.0589620120059642
15435.033805143266,0.058828824836539916
15422.908613786603,0.0588332744191038
15404.970288580796,0.05887994277356467
15270.75229615784,0.05910372915455992
15221.529474921559,0.05922266402148386
15165.457620436006,0.05932928157856641
15059.929366498638,0.05950218070492987
14969.458226132629,0.059698899203284854
14996.83932951839,0.05965769654851826
15027.798497469505,0.05957409485357135
15018.45756882523,0.05959679288249591
15023.399318248541,0.05959685311722925
14945.737134416948,0.05974576706332822
14963.639011817006,0.059687843401762045
15035.415715572279,0.059548058261562564
14989.692588545899,0.059682523816387334
14960.499280727689,0.0597067741749461
14856.733003763848,0.059888348555148206
15078.728216024676,0.059483899249133006
15554.574821195825,0.05860888409767942
15876.223075798005,0.05805264553087875
15946.816735185266,0.057945297067081486
15821.167945783303,0.058161212584160016
15766.58263024688,0.058231928761957374
15734.14944568585,0.05829510512716706
15677.720837224055,0.058401499489738135
15526.296412632399,0.058641125762917905
15436.021886775226,0.058820334516142096
15440.789943774014,0.05880581982306527
15400.676555374257,0.058878183678601245
15392.740455360083,0.05890900207903145
15433.057318230107,0.05882157034311766
15489.651159919335,0.0587255943397612
15495.40850786748,0.05869210661629432
15407.007267185212,0.05882703175714479
15366.013301242789,0.058950379081287224
15305.62186844201,0.05903091602219982
15345.249338051768,0.05897710374583377
15261.985452229223,0.05913168357169292
15146.969242237225,0.05935996502463973
15054.803281906312,0.05949434557600796
15090.492072502673,0.059470901036329946
15131.600164523326,0.05940705115483419
15163.459704310219,0.05935327540400366
15204.038185587548,0.05926134621702592
15175.22940662602,0.0593426333530795
15073.71751465121,0.0594608274885648
15067.108943864496,0.059518222503743404
15014.730313546585,0.05960877248022532
15053.21832494409,0.05954132200602297
15004.629879247488,0.0596215104700714
15087.802025849966,0.05944538900782269
15259.98234465184,0.059119744853098746
15617.411106701078,0.05851410456395518
15826.63458446124,0.05811371008857348
15916.418744936911,0.05796450267025327
15866.131688507352,0.0580454399118107
15651.969430761219,0.05843167126658868
15469.631775008958,0.05875185161788257
15441.375913555934,0.05881033777881807
15514.888443551494,0.058660327271618316
15430.434378060618,0.0588503252100424
15364.367521018248,0.05895030361058582
15253.555373073965,0.05913342058759845
15363.562191695744,0.05895291629927121
15449.96363604839,0.05876626439555447
15518.51830306446,0.058626546592684764
15375.719686124376,0.05893525630296752
15476.549982708426,0.058739831453494484
15508.146312268631,0.0586540823263362
15454.887008686468,0.058775444500669786
15351.116503838079,0.058969325640990534
15152.620366032894,0.059325036465856185
15049.202361889464,0.05950443369299339
15120.608624568828,0.05938544686508136
15168.521692847511,0.05932124186952388
15139.129003286782,0.0593766951820708
15136.260574730817,0.05938642219422754
15077.325477807728,0.05947950185936059
15103.144648134074,0.059437105811770106
15143.275086451282,0.05939236745622577
15114.625668451337,0.059427102778386684
14956.781861537507,0.0597075039592773
14943.898991198777,0.05972921991347032
15006.945176968235,0.05960199114826859
15179.439356679808,0.059272675772848414
15601.346873265693,0.058519939341093646
15824.180400297566,0.05813446686102562
15825.066927596828,0.05810608795745372
15879.466715730783,0.05800553080810107
15806.032466979475,0.0581550128993696
15713.017756138821,0.05830882326133636
15602.158992513623,0.05850136476604491
15445.20510621144,0.05881334244897323
15333.69123364741,0.05899666879000867
15329.41390160351,0.059019482582466205
15283.90723911785,0.05911605818260941
15235.621744137865,0.05919321325969521
15313.274926822076,0.05905784663012895
15384.36813663129,0.05892248332877238
15423.82891597923,0.05884409696013671
15429.837108510656,0.058886329097192706
15314.460579745479,0.05903861952449601
15268.679262176745,0.05914704374867881
15255.479270842921,0.05916015449101997
15157.685567875786,0.05934150768541576
15032.790110081216,0.059546256738045325
15060.326966654462,0.05953823846831795
15059.108306141132,0.05952892287558169
15024.167482510093,0.05956893849121852
15027.286166783673,0.059583139500442396
14895.525517224914,0.05984050235303975
14922.134391428823,0.05979796672585573
14927.644332338596,0.059742515955538436
14937.915407624005,0.05975498258209172
14901.211340800453,0.05981396457767703
14915.832011293309,0.059770938955291474
15115.32985896669,0.05939055176865168
15472.663727820645,0.05871703495376431
15745.378145889707,0.05825088963122265
15759.601956139482,0.058191688785164994
15742.227889480442,0.05824476432346659
15642.05977563977,0.05839281597185479
15536.213724539402,0.058611347596826194
15465.553953702276,0.05874896345905253
15504.520089844402,0.05870741375205416
15407.948157597864,0.05889628326122546
15313.044145115686,0.05902759370395113
15236.057008266289,0.0592064648648258
15249.757194478721,0.05915712797477881
15354.759570358188,0.058972988791926556
15430.702771836446,0.0588224174147172
15471.85430237502,0.05875491793216034
15526.813886883785,0.05864306738587538
15517.278463746983,0.05869604271222509
15360.498322795807,0.05896129020856361
15249.486536304561,0.059187216718810734
15268.183147139609,0.05915566419969033
15195.73931998517,0.059248455612663356
15158.176199171558,0.05930198862101496
15138.490196959518,0.059368197076923396
15015.933358237071,0.059590789244128764
15036.070974821005,0.05955944174669233
15136.10149474592,0.05936066791112174
15071.040475670998,0.05947857617954248
14995.615251875784,0.05964826399282949
14928.36111289961,0.05975394871898424
15075.1122371178,0.05948818062938403
15138.061589895382,0.059347510017926146
15269.095106730927,0.05909812006873847
15570.734881105609,0.058506721281110424
15649.50832849371,0.05837665488887988
15746.277234100875,0.05821474164982216
15850.763661446867,0.05806302752906843
15876.209964546219,0.058008668100783846
15711.097168055634,0.058327208436420495
15511.525173907035,0.05865388058386137
15569.044375950129,0.05858449425044164
15628.722414370584,0.05845998782716041
15533.624754675706,0.05865268657263373
15434.605716427674,0.05880457953976619
15431.20057362395,0.05883728851409981
15471.186626089311,0.058740986185436855
15595.246121562694,0.0585287087402704
15640.911255442827,0.05841166309236672
15660.122236762076,0.058425975854161497
15549.794362630504,0.058633271543848633
15502.970677161138,0.05871722835057405
15259.699815518301,0.05912158626707801
15347.381999045108,0.05899225251831805
15329.268228914978,0.05904444901206887
15339.270552138527,0.058974235772195266
15311.001717600553,0.05904892011728923
15224.193765084292,0.05919196404444479
15226.523906755243,0.059176246421591326
15273.462938205845,0.059135984461425616
15328.792453554881,0.05901117099032243
15228.837317535246,0.05920704605961028
15222.346714866473,0.05922492155541558
15145.618333577826,0.05934011194796473
15172.996849167259,0.05929099773945843
15372.327724899782,0.05893542073957059
15685.826442896501,0.05834525262597274
15910.018816408883,0.057954822284571564
15883.13679602266,0.057993110728496625
15752.971393932867,0.05820394129483128
15785.221374036077,0.058199033589588056
15735.227777483044,0.05827698548299212
15661.332571238636,0.058411117280528904
15635.002380556483,0.05845989150835953
15606.37827594168,0.05852059968413694
15476.528047812715,0.05873634546551854
15447.58532392878,0.058803787954100725
15573.731577822395,0.05857208560107288
15564.021503100677,0.05858476111143425
15579.245453455498,0.05853262180403936
15510.354640164016,0.058667159980759935
15434.83109650788,0.058805541515941126
15464.781128530134,0.05876023796942921
15465.237854076202,0.058756204232261494
15423.278365600681,0.05884272784468862
15309.522472517043,0.059038164753426076
15124.9317174163,0.05940789129624438
15122.073551069892,0.05939486119537212
15172.589627475085,0.0593024229145497
15204.774411080041,0.05923972332010951
15262.322646414948,0.05915057451202063
15191.966320233385,0.059247641675219
15179.235317744233,0.059310571134128375
15109.639006752315,0.05943454887897481
15066.42488096524,0.059504563036456216
15030.115339250973,0.059557447512222916
15092.760825776195,0.0594846071248021
15036.461057993807,0.05958068035832236
14993.374080600632,0.05963476556194123
15252.169537384718,0.05916488267649914
15681.118522502262,0.05841403870617103
15949.482615381974,0.05790141938663699
16042.170343890275,0.05775614189090688
15865.34066703031,0.0580817859265418
15755.535550528104,0.05825294070320499
15561.176879850122,0.058611563478141115
15572.565882109682,0.05857640995274855
15648.847991270539,0.058473594332392076
15551.358675164009,0.05859457588872351
15373.726103008355,0.05892937219523432
15275.07328689084,0.059112720001399895
15245.499172540272,0.05917408101563727
15237.311300281228,0.05915404849464333
15256.128501774994,0.05916390480488993
15201.93194207214,0.05926649515292444
15299.709249303136,0.05907427391408121
15351.854808522041,0.05897969651867933
15280.618850585019,0.059102420701746275
15164.072971528452,0.059305389258307646
14949.500495271302,0.05972912494095663
14948.455480576165,0.05973640254095943
15031.190608365114,0.05959566889291052
15032.020623804932,0.05956770011368951
14981.721535018494,0.05968594437121582
14918.077457413141,0.05981844758498349
14858.686432516984,0.05993730280342382
14880.291001680886,0.05986456510036007
14889.94140021971,0.059856651688827874
14881.855011137026,0.05985792580163432
14875.642956007632,0.059912680794105104
14761.015191943106,0.060073090788721584
14684.03118604274,0.060293846794634925
14643.993138974016,0.06031842535204026
14624.34714758825,0.06039552870020427
14545.93363378654,0.06054299208189731
14544.122498381012,0.060550053025680776
14933.557371841058,0.05980402649246048
15436.99723895795,0.05880630273027761
15587.74769949094,0.05850873656553805
15676.401681613866,0.05840313823767891
15629.101456098842,0.05849231042494227
15540.236061891692,0.058649582969305954
15405.902350481818,0.05888095466584725
15267.477220319211,0.05911225553195399
15264.934350927506,0.05915166854413092
15051.585952375764,0.059564233464960016
14954.946758918628,0.05973069897538316
14968.305734630178,0.059718928921995
14957.317468506557,0.059719187640383746
15076.50523278682,0.059500528250459046
15052.541254607422,0.05954825861170237
15085.184900807795,0.059503856517118696
15105.704353465766,0.059463177533509694
15050.506603936497,0.05952725778095495
14958.597136454624,0.059734907739835114
14863.294693762526,0.05989435699059725
14770.717808448722,0.06005979300330321
14655.72717881272,0.06034981475814194
14580.00603661763,0.06045621435353611
14539.337126836524,0.06057227489611957
14649.203236252233,0.060342049497764956
14609.794831778974,0.06040734744514815
14530.404718036143,0.06054534082803222
14463.932812098063,0.06071718356525094
14550.10333351333,0.06052138341204948
14622.25829374129,0.06037089362008831
14612.677579580444,0.06042718895667519
14554.79092810158,0.060522442567415166
14395.86742452594,0.06084134934138022
14369.173463899255,0.06088375936274693
14336.004114177109,0.060968687670406696
14372.136075154987,0.06090281459078627
14660.245832679662,0.06034449824759391
15125.904683703418,0.05937318196411083
15447.372309315075,0.05876481527312909
15501.160192148242,0.05868518588380699
15519.914730960692,0.05864251852089694
15411.933870648432,0.05886859636946375
15220.73751045207,0.05922379595316559
15018.297254278788,0.05960458320038363
14873.962174535549,0.05986565727010689
14755.238252480154,0.060100448851748874
14803.109799515372,0.06004518285999865
14699.02040792869,0.06021928787635302
14757.244243914574,0.06013282206465443
14760.79535728306,0.06010328845813621
14840.32199180325,0.059951605222256614
14906.962189815302,0.059789661009936816
14923.068890355837,0.05978409872701606
14805.795909923316,0.05999117003794845
14735.32702121291,0.060156326056237996
14653.7160421266,0.0602846976457731
14642.747710958309,0.06037031316346078
14531.117959384754,0.06058057513919228
14442.331869376823,0.06077736915425716
14365.648223392,0.06089252867229204
14360.822794781478,0.06092013007169984
14420.7684840219,0.060807803154524456
14442.332963688732,0.060759608207055504
14435.100361110774,0.06075972581716776
14449.017841700885,0.06074414263074692
14413.424352096143,0.06082726753838273
14341.138229360657,0.06095744909217478
14256.968783318218,0.061137019930596996
14199.179423464144,0.06127678670197727
14223.240145675063,0.061227911240827694
14406.472805648971,0.06081355710934372
14842.711531335903,0.05995294982822071
15303.047830930882,0.059028820191205235
15424.65669249947,0.05879001489543794
15420.6234906952,0.058832926971555614
15349.106085635778,0.05893945052695245
15235.041859500121,0.05918028558602008
15002.782650525432,0.059639495961402715
14908.984922775437,0.059834645520548964
14829.464430908965,0.059954892533440385
14836.893553026332,0.05996815369617245
14693.975780900599,0.06024843704287246
14632.262077128944,0.0603549957020443
14534.236842593955,0.06052943927545879
14726.144693166601,0.0601654610211437
14880.846753385806,0.0598785412307028
14878.362442202704,0.05990152377706445
14859.396754554667,0.05990288134230208
14760.593628408156,0.06010003366543089
14655.616777258278,0.06028922680521544
14594.461369086386,0.060445829738125824
14522.707216886238,0.06056762916396177
14444.596493877127,0.060723733447181565
14370.843376959134,0.06093398010230138
14256.748260338632,0.06114380595940328
14298.848058641233,0.06104961200610481
14391.476074493761,0.06088254549286888
14337.070744279526,0.061009348364875725
14340.672594590967,0.060973340965905634
14208.666862418728,0.06123315293772754
14268.594435256036,0.06112676378541315
14214.096711427304,0.061229021593258236
14214.722601352392,0.06130017005932401
14118.492055667062,0.061441436173248445
14185.74796984869,0.06127967790460077
14728.68180618835,0.06015139577922611
15243.780322382343,0.059164094266051216
15550.532668052936,0.05858352817713935
15566.172330635512,0.05855060786781188
15450.347612900152,0.058794995790795904
15278.22115269311,0.05913185190769112
15099.58815997316,0.05948459869485952
15019.33678568855,0.05959586032976383
14871.629506425848,0.05988004861834627
14804.780033562822,0.06005030297460898
14681.815800839247,0.060269664052965376
14701.722585410418,0.06025159314093483
14752.505386569072,0.060144971629302525
14726.64812617824,0.06015291260199764
14810.038208195987,0.06000935916633182
14821.55677277395,0.05996857306998182
14861.988188271122,0.0599111420122894
14903.224480846515,0.05984659473664436
14767.059153840277,0.06007006105011601
14687.654570924455,0.060252944120612495
14538.704254126833,0.06054713065383281
14447.167708299601,0.06076562150693159
14396.176821667565,0.060860408587363586
14355.22410270218,0.060943744505351345
14324.934819351038,0.06099655946485469
14447.382086099358,0.06078385911652396
14386.374910509563,0.0608896649484018
14420.239918275549,0.06083200461458261
14355.050249932685,0.06094255396917012
14251.448333049117,0.06116582259889677
14247.111304077216,0.06120207649038388
14254.476557323644,0.06119532343638626
14181.011912643278,0.0613127830596732
14276.543564528334,0.06107917845130183
14771.447544921903,0.060084606603180435
15294.34075002828,0.059085611081995885
15606.57019831859,0.058491626048092334
15553.112055268408,0.05859015119424303
15384.057255365951,0.05892908015304103
15292.785330346836,0.05908297652847006
15148.84832771028,0.0593581827615198
15144.874184406552,0.059362681159689575
14969.498098146862,0.05972716400844074
14863.833956598031,0.05991309584194782
14776.020459145295,0.060097336137233406
14698.700979440151,0.06024117609050135
14687.94691835347,0.0602598149205208
14796.361700630363,0.060046940257942695
14814.728014702006,0.060000462631076355
14910.850826902943,0.05980953307505494
14891.367962455888,0.05983438875493813
14878.617874090094,0.05986494514905178
14805.80098328794,0.06005114395115222
14660.689556583427,0.060324555067727055
14546.588574647865,0.060544687894508724
14409.222026928894,0.06083668708618358
14375.994361415369,0.060869444700054
14367.51057378215,0.06091437998400327
14381.012493281165,0.060872661713375464
14359.972919244705,0.060904839631322934
14409.429735988735,0.0608338521030386
14422.58924644826,0.060792719305005044
14367.402536689277,0.06091548385605034
14343.82670353785,0.060945641851924026
14283.77761869349,0.06111581437551498
14155.202829965174,0.06132347264277165
14139.009879107703,0.061380927922983275
14307.595697991395,0.061039978387947266
14828.595073820226,0.059926036603199416
15367.010088011357,0.05893272890439251
15552.392328831836,0.05859798470546671
15541.862220495494,0.058626248595455475
15538.426118432879,0.05860801707951194
15462.306504995897,0.05876552990711552
15242.306621571139,0.05919689694941581
15080.510901848103,0.059484389407604504
14930.869481258129,0.059802802038029235
14855.700927069385,0.0599001041898524
14712.236012903624,0.06018979256487227
14695.237091646124,0.06022370917408864
14734.984216651015,0.06013150833131746
14769.717331290725,0.06004565383072699
14810.674177258157,0.05995134044779633
14905.030921740354,0.059809526918313004
14910.061410830698,0.0598143158844183
14865.589927726032,0.05990137577277168
14701.403833659033,0.06016372608774249
14591.14713566898,0.06042655089243202
14511.354674790115,0.06060269026538848
14503.249140668084,0.06065423794789684
14443.624230828216,0.060737477475709845
14393.31145887293,0.06086265767667413
14400.135266590449,0.06085120242920299
14377.01189680465,0.060887576372954645
14418.089190112769,0.06079668866268232
14494.62288578929,0.06061414549530559
14468.486938474141,0.06070742935849611
14388.908261451861,0.060867310321492486
14319.289440964698,0.06098928651659552
14250.682417866357,0.061129392862655715
14253.105484386062,0.06111954901791786
14423.841244362173,0.0607635657601195
14886.650736236896,0.05984261643917135
15333.163110772983,0.058960662637824866
15494.247501343476,0.05867721842293351
15546.219895624079,0.05857262093392899
15481.557821868388,0.05870578259961477
15307.941259422425,0.05901767877013222
15120.240807937662,0.059380557066124794
15057.977621564893,0.05950607036854227
14928.654686538102,0.059728710748798375
14791.76864011877,0.05999704707954713
14690.225573170774,0.06023166006462322
14682.706775163904,0.06023748034450513
14838.358948928175,0.05993669551995136
14940.278005487648,0.05975244636407736
14935.208733857356,0.05976995667052267
14954.385942701665,0.05970594355948854
14907.014597093077,0.05979541928736915
14899.177855975588,0.05978324832159567
14782.213016499483,0.06005699348724793
14714.58759359782,0.060222740857371886
14589.10790505057,0.06045767261188549
14479.574394526191,0.06064200415245094
14445.75246236981,0.060750298406082336
14452.833818229796,0.060673994876771324
14520.457507598043,0.0605874001211699
14481.708801502262,0.060693793699151184
14463.15622236051,0.06070882060672513
14408.174017976256,0.0608153207032576
14354.87557719236,0.06092052376125586
14368.482236873568,0.060886020947311145
14364.232525171656,0.06092530865367779
14363.046017154396,0.06092582108284173
14603.502930019724,0.060417327335311403
15107.956946942197,0.05939450997425396
15440.139406252227,0.05876642773098362
15650.450745630083,0.0584309614586835
15650.27030579411,0.058393871581083
15411.72716161761,0.05884931403263975
15320.168064311918,0.059024994260896496
15182.699675017002,0.05929459031118025
15124.26312077124,0.05939419602940986
15017.02521308771,0.059610366794615705
14944.662285545317,0.059745236062063
14781.203889316977,0.060053438163980025
14878.097467318212,0.05985799967816845
14983.04188364845,0.059652056190098404
15030.915603566908,0.05957987044887357
15038.802920655042,0.05953859517770907
15021.603232503763,0.059594993062912244
15047.840662580256,0.05954332894827122
15027.150437924438,0.059586963051898076
14952.216133644006,0.05972030227538728
14812.16064508438,0.060015550190580344
14676.591571934463,0.06025366278174884
14647.581398340579,0.060322004098788275
14592.229313617298,0.06043642744298859
14605.470048739155,0.060405751441512605
14636.916366242765,0.06035929857947431
14563.411195972823,0.06048098695922888
14612.919623266633,0.06042481949548023
14601.025246879448,0.06042579803145335
14572.577913783372,0.060477245848752796
14508.139040442244,0.06059852656212549
14456.151154363624,0.06073142367435459
14470.422979995301,0.060675148216167554
14782.589017468676,0.06005470822858985
15288.200182167475,0.05906614933479893
15649.358413146712,0.05842543243153458
15732.698249958274,0.05825595934323806
15667.311773263731,0.058374295785468246
15540.78186134538,0.058583596028716364
15428.28133611984,0.05881389953142548
15268.46105058446,0.059129177984824415
15199.996580452938,0.059214247859978766
15072.119682971337,0.05949675507544138
15064.938226701885,0.059512897556659866
15013.193669994185,0.05959931856018052
15002.985621010559,0.05961988127731672
15018.097789288187,0.05957974138978212
14979.916027594898,0.05964644821740849
15120.583248124402,0.059402885526291596
15170.809487494904,0.059287407404565805
15155.419703525833,0.059349295780994724
15008.968449626005,0.05962464663057127
14894.04771136273,0.059861250188571406
14855.97256454638,0.05990893631317144
14780.828992453417,0.06006168188710737
14703.196628399715,0.06021404473351008
14643.419826436188,0.060321728620133845
14583.223839473007,0.06046570325928236
14659.441690668047,0.060301970196476075
14731.269470104377,0.060190490489351454
14666.57382884758,0.060308133531980126
14739.63569271547,0.0601406405908172
14632.391119298934,0.06037725849340389
14594.049303859174,0.060451752104886444
14542.488382772995,0.060514258691527774
14504.653208339056,0.06061172565093179
14511.932932271324,0.060592098045315776
14921.62475534206,0.059796126792243685
15521.889696025462,0.05867179962816497
15820.145522997129,0.0581110452768902
15732.999462134509,0.05824563831993784
15636.668435647627,0.0584421860657973
15551.51027159084,0.05861835113741165
15490.225011539253,0.05870137599537132
15403.93428846947,0.05886777605836881
15301.433351242285,0.059069634971905094
15183.648278374174,0.0592852795669388
15103.931354049611,0.059444008648343205
15071.70035400773,0.05951491408670816
15157.151764562015,0.0593401441851396
15229.077833189951,0.05920592536416617
15277.512282253208,0.05909611119502943
15143.85679837504,0.05936096823767121
15111.294968153112,0.05939699541766173
15205.675846952334,0.05922969286454982
15174.236036168375,0.05930823106215791
15014.00388851404,0.05961887362946281
14881.664442841024,0.059854625678541294
14764.695990521901,0.06007655744825723
14803.282694114663,0.060021327590151864
14751.877652318197,0.06016555211222448
14719.486730132645,0.06020991787882219
14694.92980524971,0.06026417257863765
14777.682682015398,0.060106910449126506
14813.194362953484,0.059998093478582336
14854.417592255058,0.05992710377583446
14714.792410714568,0.06019245274943437
14686.57178647461,0.06024017908782683
14723.473319966228,0.06018703685522141
14675.379832556418,0.060254438113142614
14628.919168005601,0.06039049473084467
14492.270633844817,0.060678738155195686
14569.761246802642,0.06050907292477116
15008.986308795062,0.05962854671572795
15624.790361740896,0.05846133459491265
15871.806959843643,0.05802474711865234
15827.024032838128,0.05810956518309377
15672.632334831591,0.0583840002802213
15576.235094223643,0.05855649633009626
15553.456362512092,0.05860563596183751
15424.76865716697,0.058849805330384974
15312.308032280564,0.0590643812738283
15243.732411682071,0.059187990213965584
15102.84411113212,0.05941847385672063
15020.397567360847,0.05958327623232671
15123.267438816407,0.05939373329367111
15289.994967954482,0.05911827381697303
15337.930961551789,0.0590302092458319
15290.084002821159,0.05909886383015598
15263.552677552507,0.05911879421177513
15269.429463500106,0.05913882603143341
15217.729604622074,0.05925802713372955
15160.04256457851,0.05932104109661415
15046.16613644541,0.05956343861339687
14950.963856207261,0.059723143248134464
14879.690362700794,0.05985635187326756
14820.018802291783,0.060007239032133855
14818.731557902142,0.060023520634430005
14699.328864994808,0.060225615197344984
14735.506712427985,0.060164208471468174
14762.080279687156,0.06008444920680279
14794.50197742948,0.06005439978881298
14763.712513507267,0.060097208892646005
14703.324032900293,0.06025422888820082
14704.731493050656,0.06018649943704754
14699.675757936197,0.06024457484964518
14651.0716863399,0.06031861585873171
14613.440221748242,0.06038812596552553
14581.929937018653,0.06047075544181058
14536.289734667742,0.0605516506076785
14870.389244092474,0.05989905794533633
15430.068774021101,0.058794142571217956
15742.020107967468,0.058237996846203254
15770.978035866725,0.05820866366088177
15778.820271519884,0.05818479710683123
15869.11153429108,0.05806714235635224
15691.63111263519,0.05837302029968128
15426.83231424801,0.05882951200546842
15119.437229970017,0.059397710424836984
14972.134756591082,0.05966421347192327
15044.947156530448,0.05954687375465058
15123.249396477016,0.05938056330135331
15101.627762079028,0.05943361245746696
15051.052727447897,0.05954991764669422
15118.788034354287,0.059379456365691675
15301.57878089858,0.05904865960258198
15330.916704062049,0.05902735641874015
15308.924446879691,0.059056446619804255
15097.186174311699,0.059449732702344625
14946.07860638508,0.059738108819930774
14969.385133646565,0.059698071058039814
14866.578736737229,0.05992331377188753
14867.736141956104,0.059881429817220944
14770.154712156911,0.06006424830974249
14701.375303294444,0.060207426509813707
14713.758827744305,0.06020230418584381
14741.930024985273,0.0601175598672712
14826.588960459048,0.05999430388676171
14795.914390183607,0.060016985486592414
14816.547196907764,0.05999844919135887
14815.492319392295,0.060004157432677487
14640.067723852939,0.06033037750568875
14603.063573170215,0.060410621043026344
14705.636450818682,0.06022415006211723
14716.680548923656,0.06021334351730984
14817.758288396995,0.0599847067093138
15291.33094369031,0.059057306664597256
15561.800513769398,0.058540997054278246
15865.860867303949,0.05801136837912723
15986.113308738912,0.057855184585146324
15817.092953921165,0.05816439878903843
15560.232482691272,0.05860385694020774
15380.92716761247,0.05892181195643048
15354.383026075846,0.05896892533527762
15312.992249040797,0.05904006331830262
15257.571479147326,0.059157670962884185
15070.11607088993,0.05949691404250307
15056.445280367254,0.05953442485495306
15165.222440457123,0.059339298025971064
15244.184894606138,0.059133928884361
15347.25649060369,0.05900423387098746
15326.929376405333,0.05902741564197401
15359.206198999504,0.05899415690181259
15299.277221004926,0.059083469140652475
15200.365542369018,0.05923051036860196
15137.616108592867,0.05938669888907131
14967.132399212704,0.05972049720841001
14952.123699183152,0.05976471459896999
14881.73894542487,0.05988511573107361
14944.40916797465,0.059777442569278735
14913.179394038321,0.05984779802620593
14930.096359787169,0.05981262079783339
14878.824193620858,0.05992042280852582
14952.160592018457,0.05978446439090254
14905.661464491137,0.05985312731584418
14895.345247180456,0.059887682737662734
14818.208809195788,0.05999571714692202
14755.723037178579,0.0601470394334717
14749.343458558073,0.06018107005393882
14851.1295110151,0.05995145232946342
15203.538793407311,0.059280447517824464
15657.038744977917,0.058423372630250416
15949.423857694286,0.05788523123888689
15881.621789484872,0.05804544625136568
15865.666017340216,0.058073684185095974
15859.549586236162,0.05808826074544692
15753.030211043259,0.05826770082198324
15584.786830798199,0.05859162668205289
15437.251794033393,0.05884438188455357
15327.793606935236,0.05907674494311204
15297.48235971436,0.05907584647815677
15204.134276401392,0.059251958052975014
15251.863247228963,0.05921680391945291
15275.33558697721,0.05917786658560452
15424.080445655156,0.058889369037078074
15399.023874055003,0.058896734737614385
15426.578545838956,0.05886125317324845
15406.580345452605,0.058881316312567517
15350.31967568117,0.059016374543831206
15240.05408562237,0.05919561879738243
15182.647556835818,0.05931371895198368
15091.543034783293,0.059500759238343526
15066.336452133144,0.05951694767043723
14988.019075263359,0.059716606993781174
14859.37187010484,0.05996254883685475
14936.436681325404,0.05980451536157095
14993.32748171516,0.05968878439660012
15050.040851025225,0.05960343512425346
15036.741054661146,0.059589735317306616
14929.488915313232,0.05979470408488293
14894.858965122326,0.05985726073558808
14884.126116566249,0.059878977101562196
14814.505353820323,0.06001325829040384
14865.859549069542,0.05994077934806653
14843.452493882296,0.0599819761100604
15361.10381829513,0.059000668262255286
15776.625734871877,0.05817269938617635
16022.951734722583,0.05780331610365666
15977.676471558028,0.05787326282414919
15864.930352845804,0.05805335191769142
15816.256347065842,0.05818524604587933
15718.59968146252,0.05834536153303753
15654.043705425765,0.05845827006849647
15530.776611261865,0.0586848285700836
15489.959121206304,0.05878536879063055
15361.019191386315,0.058996396577630006
15290.540662187062,0.059136000747963956
15331.31084550813,0.0590284971561364
15473.542581171238,0.05876871945070437
15550.117044389492,0.05865997532007965
15552.189871715198,0.05863951862073751
15400.971660010613,0.05891638417006284
15353.459746777902,0.05900324329359394
15507.514318925898,0.058702950288626134
15542.63289533963,0.05869757254470526
15431.85363128914,0.05885611716537047
15234.509025735462,0.059185656889439
15143.500438235455,0.0593832742135223
15223.679908398693,0.05923422677649536
15210.556813964022,0.05925488963646608
15282.055653702279,0.05915608322794425
15246.797761834048,0.05922111612676706
15258.410098426317,0.0591963744252329
15360.062353936453,0.05901535430079349
15262.131663467095,0.05915169393439289
15254.375067846628,0.059161072689284507
15185.539209220648,0.05931241325801326
15088.582175243611,0.05950944569306681
15071.723392137455,0.05955906069039616
15067.30538730876,0.05955498996162841
15180.70314534334,0.059323055427069234
15591.777512325867,0.05855525486362175
16034.46285808068,0.057804073233176156
16118.0735532591,0.05764918300509562
16226.91215211971,0.057472437425647116
16225.067142622867,0.057444905939193304
16139.06201285151,0.057634862839105155
16050.61780894566,0.05778055336009444
15945.645406508627,0.05797185800655176
15863.329945835256,0.05809786700801463
15929.386746987062,0.05797875520374374
15801.56153622218,0.05822018997257929
15758.089703001697,0.0582864086711781
15811.545773158734,0.05818550199403576
15886.38490582684,0.058046433794842235
16157.401756590101,0.05756918433645128
16088.546414283806,0.05767405441757333
16158.346210448282,0.05759743681456857
16075.593822226168,0.057705695402664244
15977.324448552195,0.05792977350244828
15958.482849714906,0.05791831724573313
15830.374519396686,0.05814830522842024
15792.482090464218,0.0582332547855338
15732.81502830728,0.058335176113044056
15546.947623770862,0.05863630550620022
15583.403389290863,0.05858148072295112
15613.662908973873,0.058540814175217684
15624.80714753838,0.058526895416002096
15723.493309724263,0.05835905677411167
15611.295722329038,0.058566070286353425
15544.13026574831,0.05866438967716437
15531.735377984422,0.058732254006981774
15568.706081952972,0.05864270661750369
15548.510215463648,0.05869443215002855
15450.584909383191,0.05887074417844978
15393.392788932426,0.058974441571289844
15458.046635334436,0.05885860424774131
15690.085683728834,0.058419112868982714
16140.721563362387,0.057647421765272475
16580.535305794212,0.056917654992659786
16718.10508708742,0.05666807734265435
16722.911983156017,0.05666907943164924
16503.549069277033,0.05701744026368522
16402.65389851696,0.05719399326201186
16263.151935375781,0.0574261131278766
16214.477209124667,0.05751187121966467
16179.112760217475,0.05758957309823663
16097.975490791358,0.05770630032656559
15933.131482317776,0.05799993999237647
15950.051764572117,0.05795897304228334
16100.897737883486,0.05770266302289602
16193.908146809763,0.05755038443986328
16284.889809953354,0.0574331298528411
16177.618204387112,0.05757885829110866
16069.792225377865,0.05773659649756397
16158.403621343092,0.05759325420525604
16142.076111779052,0.05764976018668867
16050.706697227619,0.05779908045616142
15825.202299436782,0.058158045510192324
15720.967666048917,0.05832823156639117
15617.484792401245,0.058535692252654245
15738.00950767494,0.05834948861033352
15758.995089441822,0.05828907037824564
15791.837897025442,0.05825829443419082
15814.669649488815,0.0581896220374618
15760.983709607028,0.058310281950881226
15760.664215507537,0.05829400830399579
15690.41536714931,0.058419599512186886
15707.799402138447,0.05837366262567201
15749.251255110512,0.05835763152715858
15726.747830864482,0.0583330287171717
15624.046698872971,0.05852776050953604
15609.782664166107,0.058560113427410576
15640.950745237167,0.058459958575695914
16190.494624639576,0.057531856374028086
16575.159536968797,0.056887841932799624
16808.915199732673,0.056541364744368515
16827.976023287392,0.05648322038843136
16624.168637892908,0.056795708123644026
16484.993583204658,0.05700664804295853
16357.53839456041,0.05721944559097165
16310.90084779951,0.0573330637634427
16277.769362099178,0.057415195890017624
16219.52498507767,0.057469450721403116
16138.33918727097,0.05763286867441856
16110.064607075361,0.05766178247247546
16197.415393375812,0.057531085093186794
16362.834121507223,0.05724536736847343
16530.396590101736,0.05698709612790435
16476.275022153262,0.057045459269593354
16453.31942202742,0.057127159168658
16530.001960913836,0.0569912267277164
16477.070467752892,0.05708680574338137
16337.914446662073,0.05728155687056675
16180.032011761721,0.05754411635944266
16091.855033515028,0.057718329477556236
16138.587910244658,0.05760585568697165
16057.629561929973,0.05774660926705998
16138.21284575395,0.05763474401572755
16058.757935181613,0.057768689489045844
16111.326296324622,0.05766830866379169
16046.20897879179,0.057760809062685034
16071.859499998813,0.057757173395483426
16024.586918409908,0.057835336314457655
15961.827243840333,0.05794944855716061
15920.289561313532,0.058007449428253643
15835.32748684154,0.05815458239272985
15794.436057820933,0.058216574601430905
15905.47331662648,0.058049218761342294
16297.588190194903,0.057356974072492795
16757.15807239648,0.056596324143940106
17058.9712795943,0.05615521465713179
17049.932472671022,0.056162661453097194
16947.300378599182,0.05631721015687654
17027.660694588445,0.05621443489110918
16892.068523788836,0.05641512361386095
16799.710274598867,0.05657935784103331
16575.448304995352,0.056908946850391565
16448.216131187197,0.05711870938144328
16421.597532152227,0.0571790709016576
16483.794394719127,0.057060861317413655
16591.499330702314,0.056904810154616285
16628.045959604977,0.05683913980144589
16597.321031523796,0.05686255781517135
16546.5149846843,0.056948849568102915
16624.21740001387,0.05683366007225917
16524.21176555073,0.0570005711603465
16513.20053473413,0.05701309509531041
16454.682799428952,0.05710382172489463
16310.244753852052,0.05734088380101827
16251.468360797891,0.05744537690060111
16245.249446009733,0.057493600021392754
16222.759383686598,0.057504604650669706
16149.302313900642,0.05765353442626313
16184.52070922674,0.057580722615378305
16295.862894862672,0.057398222428527275
16271.188689157669,0.057396504435840524
16281.510960249605,0.05738933590077572
16328.979505302439,0.05731659272622011
16149.91201327709,0.057640059597647376
16178.405689327303,0.05759090548121281
16121.395808757514,0.057673635688329096
16108.426917841543,0.05771460563100393
16094.614713157816,0.05771796998548244
16123.566969156085,0.057698966053409406
16380.553886625697,0.05726228695624945
16782.672001888113,0.05656988942314948
17017.007967083326,0.05623242439176033
17164.793521596242,0.05600599725255583
17113.276542840573,0.05607513455435014
16984.365928082167,0.05630310564850509
16839.121339341385,0.05655217869210994
16812.5128478876,0.056552259387208405
16799.114577920725,0.05659852574844614
16657.845965689605,0.056825377839637675
16558.447445491896,0.05694894196628847
16538.57552512271,0.056969029456731005
16613.082112026845,0.05688215467429763
16728.055763808436,0.05667725003169687
16671.69301546141,0.0567570526835407
16709.778075483388,0.05670985390286991
16918.81374198298,0.056399447908723505
16835.727740808223,0.0564931003941848
16734.962466841414,0.05669624834233455
16664.93223150124,0.05678786175920643
16489.49219988136,0.057065444597491216
16417.896397783516,0.05718856376488425
16337.142896315157,0.05731253092112892
16382.948938044558,0.05724004035179122
16323.214253283664,0.057347993181368156
16184.40602039004,0.0575961680476634
16198.62527794893,0.05752197762180998
16292.311134165533,0.057403851185496554
16286.610984066772,0.05739990703041613
16304.98968268742,0.05737506891281344
16230.150088614571,0.05750798567706845
16052.993320685893,0.05779580075986617
15954.741947217717,0.05794428069404039
15881.803787749224,0.058081157535642323
15899.016586159005,0.058027392897080164
15928.65395637823,0.058007631573388285
15950.041185051037,0.0579470312654328
16150.726917544396,0.0576078346087695
16522.55666622583,0.0569875256217923
16788.661466633403,0.056549987985150554
16854.022181279794,0.056461449730048886
16821.910229746078,0.05652546065343961
16744.29725866404,0.05667202268866465
16594.97233141559,0.05689743789005008
16574.8040312679,0.05690261348520779
16485.12646687414,0.057062303482126334
16372.254355080368,0.05724774460774362
16190.162174256353,0.057565760871949194
16152.46058341714,0.05763904162798089
16219.066247472438,0.05753796117111279
16239.47144919111,0.05748769967857188
16271.982946965258,0.05742026608831882
16233.700509495417,0.057464729153867494
16172.215283436357,0.05758118492131236
16198.93768251125,0.0575527421806465
16139.854867626551,0.057627880480101916
16124.384561776042,0.05765575803784365
16023.503237229797,0.05784126427555717
15970.611322477047,0.05794573745861939
15857.195502983164,0.05810588647202186
15902.102869173817,0.05804479697856514
15882.113820325165,0.058064694185105105
15877.746405311207,0.05810420539786999
15885.385365135155,0.058079647715869334
15885.240850949618,0.05809274521844781
15958.290497826949,0.057923430038402106
16055.015577629301,0.05778283512086318
16004.325694133444,0.05787582282783914
15991.942397434992,0.05789615997191795
15802.742558481757,0.05821825018419935
15745.944805976822,0.05831213388689473
15787.893081299835,0.05824272623366682
15787.607516913373,0.05825813056526644
15767.680867387724,0.05828941390673335
15905.842791266236,0.05800514510117758
16249.563120930794,0.05745272310467642
16514.40983286012,0.05702635709417165
16513.586913014482,0.05704758289204153
16490.076180893113,0.05704416347180312
16571.736440773813,0.056937888314935195
16468.606400026638,0.05713199632391013
16358.063126834613,0.057285673448719876
16131.283955854802,0.05762776831497977
16018.038356781723,0.05782354200261416
16166.280963809384,0.0575888751519436
16157.14116403304,0.057625304154936746
16174.984788936965,0.05758554067833093
16159.223126119578,0.05761639679334554
16212.466785810188,0.057502873588669096
16184.532909664984,0.057560909190639456
16371.016509745099,0.05725572288790482
16329.997508300985,0.057344499541457115
16170.588539511056,0.05758708109236184
16100.473093729172,0.057726989115711294
16045.676448465652,0.05779632337780033
16072.7470924452,0.0577599752860341
16032.933570070596,0.057831202755110646
16016.371701148626,0.05785750993936038
15966.76294986248,0.05794657836106923
15911.334572246262,0.058060804100481346
16012.338653767647,0.05789798545676751
16120.361293628664,0.05764347337304105
16090.904070543102,0.05773618206998932
15994.446441563388,0.057883423596441795
15909.838601691925,0.05801148894118388
15891.10703951763,0.058081951542713985
15950.328359975822,0.05798583812572516
15940.131981240887,0.05799057005864084
16004.44518678973,0.05789007367855475
15936.929617750739,0.05799482564435506
16073.027772018642,0.0577612934079367
16450.963554266214,0.05712307164453373
16696.652912892587,0.05673571661707116
16790.10029456285,0.0566206926996523
16838.538353802476,0.05651463426396506
16646.43952130509,0.05683329720098413
16529.53110346344,0.05702449226204521
16481.620180118935,0.05707521029326864
16510.36399697716,0.057065838933212154
16437.258292879516,0.05717025263684759
16330.01817449687,0.05731434499371614
16357.716514114301,0.05728501024768892
16277.24907769877,0.05741224549802213
16325.01472213079,0.05734565782881223
16341.987233517964,0.0573310576226072
16386.392143847374,0.05725539825072013
16318.899376635389,0.05736244299341439
16295.275366695658,0.05738970328289575
16337.957739735628,0.057300337963168364
16332.833510549448,0.057317400962929
16247.430574486101,0.05748076992644978
16108.685329634965,0.05769269733443784
16310.776834072252,0.05737829826926787
16475.4588531378,0.05711793776058418
16560.98410117874,0.05703048616310939
16470.94674393612,0.05712529124932341
16159.40106136839,0.05765260694046729
16084.746801356476,0.057766103678113453
16300.08825286769,0.057375720466870506
16292.077838316638,0.057410884647148136
16335.51547423057,0.057345052287056525
16098.922568562703,0.05775435580548079
15878.413818085675,0.05810168891110131
16045.105068657334,0.05778462414576479
16258.338718590083,0.05746371281067554
16630.538117153264,0.05687474696111971
16876.007809297244,0.05648909485058717
16919.56719274245,0.05642661843581734
17058.738467182517,0.05620671439132506
17017.979188694622,0.05631253718933003
17013.325984655083,0.05631023974001529
16902.894052297946,0.056501975757593595
16877.444993259844,0.05652176466049465
16812.175883011987,0.056623493410023665
16663.21843186508,0.05683500641534693
16566.95514484466,0.05699504651551239
16579.31023049557,0.05701338390099721
16632.456585836255,0.056872225276978106
16608.65793969304,0.05688661803901227
16455.925000229276,0.057164448671750585
16467.602347154676,0.05714254117084857
16552.850081372093,0.057011924683487356
16539.179052624637,0.057063555532753905
16436.769009040003,0.05720571278487364
16292.431178831222,0.05741157142475809
16262.662010706248,0.05747902372258262
16179.72870866388,0.05760004695162648
16167.758811817803,0.0576395202351474
16157.740930622538,0.057667061532316745
16111.220526246974,0.05772338355729612
16123.819893562451,0.05770392381135984
16175.122176853058,0.057596278338827175
16265.251164288858,0.057489195125456784
16140.991089683448,0.057684279787685325
16156.373169481485,0.05765834651210698
16133.994906534677,0.057708726271725734
16141.426056252969,0.05768362927992444
16215.083037363738,0.0575558262598438
16195.728812757923,0.0576034481028965
16232.357442514109,0.05753619981284964
16562.76484041726,0.05699737978170553
16893.072046791316,0.05647964425730029
16934.461518626653,0.05639059208617231
16893.936918700656,0.05648644428704972
16897.586221461177,0.056474100382835415
16801.18712955135,0.0566144837188084
16784.82735070758,0.05665547138476631
16585.540357181846,0.05694572180117246
16507.987603529647,0.05708290539511666
16418.39893678791,0.05719509987763262
16416.959651033212,0.057212044815590904
16307.815884078236,0.05736014039128198
16285.671806145669,0.05744188701690754
16303.820853327017,0.05741057309539615
16289.4064990425,0.05738875753826242
16469.319320648992,0.057102010128931
16471.250812438433,0.057096546039993055
16431.310568620094,0.057199696059470395
16277.741771177942,0.05741309016203522
16203.860534571118,0.05753084920053417
16254.183214970468,0.05748027003154109
16191.804439505648,0.05758341310877667
16056.386393495497,0.05781501079580213
16070.414575031002,0.05777420733008586
16095.895032599914,0.057758504688266085
16168.932064996301,0.05760884643024098
16119.96025574191,0.0577009191464572
16198.116151067668,0.05760507642326258
16129.855597509377,0.05771238000043031
16093.967702580541,0.0577644177718447
16093.167486953473,0.057732974297560906
16050.83162266861,0.057836003908455356
16075.4533541999,0.057790999402079525
16100.121175345055,0.05774652206012632
16202.003220283877,0.05756863443065229
16483.657105957787,0.05708423001086835
16732.611219626,0.05669835109399413
16907.368852979413,0.05644436426640652
16929.09502139631,0.05639612391315803
16871.666909618354,0.05650916786599946
16657.836469767586,0.05683732971206464
16551.02082094591,0.057016956447141415
16529.284547289186,0.057049188324759484
16586.833236695424,0.05696672972125274
16490.834581477873,0.05713192233011822
16312.577823962976,0.057373501095943504
16342.620495648742,0.05736957504104196
16368.749997948127,0.057290619941725074
16461.052043336924,0.05717549981281105
16526.26478450281,0.05704768172716052
16446.567791618025,0.057173187249695105
16429.9883347621,0.05719244925048888
16408.180336835467,0.05722423512576456
16305.790797243295,0.05742384671293887
16295.942785002122,0.05742232800043642
16202.417503376579,0.057609540328128116
16128.207951817425,0.05771378724131349
16082.23728591366,0.05778446378626677
16106.446828114402,0.05777389664898895
16195.368744753861,0.05759413097315346
16359.574773859205,0.05731986388093547
16282.626011194961,0.05747605932046795
16295.703985544225,0.057402739959989645
16247.230746325502,0.05755560982842519
16210.243662160226,0.05758718580169638
16050.063284450887,0.057880159297453895
16084.657841441984,0.057767242668253484
16143.821605643665,0.057709025223133696
16195.068335673239,0.05760615451960598
16444.374788688536,0.05720840801945958
16728.96600765842,0.05671348870929009
16897.880497258844,0.056458881870508404
16886.22787641114,0.05650362596913809
16856.016427705155,0.05656078447752101
16800.82133810969,0.05664617636104177
16661.015265782804,0.0568474038899685
16528.031746304092,0.05707545500859478
16513.21738813195,0.05707684811651781
16469.88238088559,0.05716519073118621
16408.559292122758,0.0572713393416959
16372.134165955067,0.057316339682491224
16347.68301020597,0.057383276488261616
16366.881580853857,0.057333794393552795
16423.02606445046,0.05724086296271729
16511.1404670796,0.05709768684214603
16488.174643208647,0.05712687420456662
16474.400668303922,0.057144984058971435
16362.811492076637,0.05733573992010986
16138.919705887982,0.05770214788005656
16158.578377474661,0.05764869461535208
16190.598129337302,0.05761763524450314
16137.912070614162,0.057681695406319476
16135.964143124804,0.057684309454851555
16017.27776126835,0.05792103056735351
16105.652616065581,0.05778825674095803
16129.74884064937,0.05773048648597551
16140.138458207002,0.057721700139758844
16094.75389674366,0.05779833192798402
15996.969346705408,0.0579656085249051
15995.05756307378,0.05798613669057064
16003.245077233301,0.05794447420984776
15934.204272859075,0.05806727951211826
15985.767291598575,0.05798479717334969
16343.172873983405,0.05738286248722302
16728.556950833925,0.056743540366764184
16858.122238655367,0.056561513604814935
16923.317196174194,0.05644948696805941
16842.4517523247,0.05659059839259407
16812.979272869554,0.0566216434183957
16742.39891319342,0.05675990001595196
16633.135229395717,0.05694075617381793
16499.813639983953,0.05716225846226809
16483.1613979148,0.05716276066008766
16441.778589531154,0.057254951089079464
16437.381467590516,0.05725481100321297
16440.949853140897,0.057229498070387616
16435.811033571677,0.057261999914109775
16396.770326646027,0.057343062676969224
16411.85750427754,0.05726492446006575
16449.260783321493,0.05717897149816987
16370.240238102198,0.05734807021112309
16335.192717178508,0.05742737563228924
16259.813227465871,0.057564979424295185
16196.790283555652,0.05769514415231475
16025.946806563466,0.05793167202797889
15989.647173076453,0.05803969422528233
16032.058447208827,0.057994724911448796
16034.581260233294,0.057966536166921705
16088.820049365097,0.057844986867908434
16035.51333005539,0.057942060209402436
15944.350739039277,0.05804784861805784
15923.19705480045,0.058101706287320566
15984.921286358389,0.057998237308568935
15960.843629011923,0.058060909948412606
15965.113319510734,0.05805488216305279
15733.154154928185,0.05847245156260713
15655.584232080955,0.0586040916860399
15916.331481063788,0.05812957957257709
16403.85039652098,0.057306501035749906
16831.65948551305,0.05664074133739629
16956.70276204444,0.05644411650660527
16913.33334745631,0.056483746122733686
16781.24648572034,0.056714086100655314
16693.636289743547,0.05684702178967888
16675.524759989745,0.05685838847197822
16543.29904907476,0.057083214426097935
16556.367767617667,0.05706594009039939
16390.224927852778,0.05732655439471032
16250.024708455156,0.05755367643350113
16215.458353249216,0.05759993219071439
16289.996005085515,0.057476889361878225
16323.306246092385,0.0574402971654425
16263.200157753345,0.057546083508398384
16232.942378730762,0.05759598145357101
16277.626775089777,0.05752645114272503
16305.643863674799,0.057464380561823174
16224.198570929477,0.057645839593122604
16135.363100949766,0.057764226582854454
15930.79399200128,0.058071363644574076
15805.538236788541,0.058340563240194515
15804.057952444613,0.058328475706492494
15814.037584116866,0.058323212637103744
15741.094191259182,0.05846124228356176
15785.45097682803,0.058374876110352844
15755.540512888016,0.058415315295560225
15723.824389590445,0.0584657987626968
15740.745832381532,0.05846773357130698
15639.670759294419,0.05862058751450524
15579.11582253442,0.058756738686025385
15613.177253076217,0.058676741263068294
15558.23591894888,0.05876411904439753
15519.127907178437,0.0588534026016151
15530.030901977816,0.058787913872145256
15825.35611162678,0.05828167066682399
16381.79246050908,0.057310284823920525
16689.008170247143,0.05681354588258604
16697.875573889432,0.05679926673563429
16651.5228584006,0.056907093402796725
16523.782400821896,0.0570893119693614
16311.08714752674,0.05745368030861421
16254.498947908058,0.05754038224806547
16177.244198680783,0.0576733718544303
16049.73363078608,0.05789301314794668
15879.842667234778,0.058224739912145246
15981.845226905452,0.05800272859613479
15979.76631479622,0.058051033027929626
16081.297810501197,0.05782994274911587
16128.613255458684,0.0577506946575882
16050.569241101406,0.05788622058822447
15958.01491551796,0.05804885456362283
16039.473637934483,0.057913253118735276
16028.577679112741,0.057919818441519874
15881.351353219628,0.05817651327047649
15784.945593610582,0.05834316614163053
15488.37334779505,0.0588607770318407
15328.387096614037,0.059123950981958724
15348.219272966735,0.05912136404089366
15576.042086255744,0.058709308055956214
15558.605858110872,0.05874008865599475
15546.983848887232,0.058735582070226104
15547.532447001402,0.05875735405633914
15449.397812258258,0.058946197928138024
15432.127762132439,0.05897557699513683
15446.74752533497,0.058967159657056886
15384.150376424634,0.05905809817476744
15298.861054286777,0.05923935830556576
15269.369495551915,0.05927294172207708
15380.113858487714,0.05908908568402349
15662.689533152536,0.05855798196838158
16202.471692979074,0.05759763934536941
16473.993184711675,0.05712671082932671
16495.33742411056,0.05710285310014425
16492.994563185883,0.05709976284965352
16436.15992398852,0.05718735133956017
16292.35964408544,0.057439318961250686
16141.78440173741,0.05770636482162724
15933.448912426133,0.058083961884035334
15926.918228200202,0.05808312187399546
15788.453635674749,0.05831397939761051
15736.918962011381,0.05841958853247129
15707.01469649148,0.058445961752633335
15820.56423863456,0.05826447255339823
15848.91883359246,0.05818432943845738
15910.729288435727,0.058071544725871
15964.774033772961,0.057975115881715465
15881.033664762794,0.058151957379497285
15822.373049813368,0.058268138103317976
15744.24022848481,0.05841027888985574
15685.812152269848,0.0584983972851957
15600.354661176721,0.058665979186904534
15544.480668917724,0.05873757359734059
15435.139428449213,0.058964131520251074
15370.029469314315,0.059057292163104964
15376.900636708138,0.05906205888652026
15357.40203977073,0.05910025044289207
15384.314242375283,0.059067800850398665
15414.57441017105,0.05899517824157912
15425.892240282557,0.05899270605639852
15281.680197052243,0.05923981600413316
15253.61288069261,0.05927858399760169
15308.046527879165,0.05916691599245142
15443.87905996822,0.058921404392939074
16026.067400024273,0.057905771182621274
16360.57033653155,0.057303704798454196
16513.099276515142,0.05705328707414937
16548.73338403453,0.05699503231661811
16494.389541069973,0.0570749464354128
16382.7558982622,0.05728942684476722
16187.229015902902,0.05760033579163613
15998.721552589452,0.05791622696361073
15852.026492226598,0.058154061173224636
15850.907073185312,0.058166940035734783
15678.416021563862,0.05848317631157304
15786.587003589719,0.058288109834343675
15862.725692583972,0.058182519697550394
15821.034412010215,0.05823819601668543
15854.701276332244,0.058156171351099635
15927.811393786491,0.058033082512315
15941.04986166215,0.05804686650042751
15882.623916010503,0.05812613628185729
15848.333590722745,0.05818551197958167
15712.17575080407,0.05844169933510915
15490.103915152382,0.05880315491608346
15368.53125630684,0.05903428457918365
15400.656723933489,0.05901512576738373
15409.062573683592,0.05900147372790627
15328.843387567695,0.05910220915747452
15390.544348944622,0.059069301433976894
15271.332350832816,0.05924259036680888
15245.346779336904,0.05927876097069781
15285.293298103215,0.05920136045343699
15274.05265013824,0.05924227963448426
15270.354395119664,0.05926731600695469
15287.403121312309,0.05921788754071755
15398.400456419868,0.05896010483893798
15909.69377763228,0.05804260249179857
16360.29289904011,0.05729487755909751
16597.34115538024,0.05692347161595033
16560.313525473117,0.05699235943853468
16374.119280471767,0.05727622198581012
16259.29415969586,0.057500766631890056
16112.210637213459,0.05771142952296175
16009.264240408267,0.0579149002377426
15992.359754277319,0.0579625839447829
15982.185848521343,0.05794081151231416
15810.02041414229,0.058269010256125825
15707.839713053643,0.05842286398820582
15727.783120017895,0.05836472185704489
15822.009345587847,0.0582293562086657
15889.546775605822,0.05814158602117098
15944.172014198082,0.05800079436442802
15893.465393788285,0.058091864547064706
15789.217577037636,0.05824939120079449
15767.681001616147,0.05833517203111838
15752.807103844398,0.05836950332687993
15586.443092181706,0.05866348543042671
15438.499023198301,0.058938954325469715
15374.065256990183,0.05901945598400221
15450.384150271728,0.058965067175255646
15427.44250143235,0.05895888179048889
15397.92335867098,0.058997542894455066
15374.21281278559,0.05904039635567665
15421.947234595462,0.05897622413655305
15373.002544509593,0.05905739350191613
15326.424865334287,0.05917758425385816
15280.150727145865,0.05921629992135545
15203.736965814778,0.05935355823657289
15346.482524302359,0.05906842442957521
15764.999656443611,0.0583374925746169
16240.81043632867,0.05750485434498168
16488.92805855869,0.05711577750050505
16537.77840594534,0.05701481672354839
16500.065592268475,0.057077938356823114
16373.433742518931,0.0572921036603264
16300.978611891938,0.05743815104524673
16144.48693730691,0.05768207610385874
16078.991865548436,0.05782171389429231
15892.207614279854,0.05814149810157672
15818.688903708096,0.058261036372892004
15721.597316065903,0.058430743662984334
15811.815934524531,0.05826855393390046
15924.369253381765,0.058085433016063975
15959.728604955102,0.05805727492313711
15988.837469798336,0.05796672172295229
16000.46616782286,0.05793697751465737
16053.759764671118,0.05786159638481942
15989.95899366875,0.057963904829618974
15715.744390951355,0.05845129318497146
15558.311406797728,0.05872653347475513
15574.654166101265,0.05870161285193617
15539.190089343841,0.05879029302879708
15556.933460545928,0.058771354731834646
15447.60967987099,0.05896495746695893
15332.163843662285,0.05918286141139544
15416.987867921636,0.05901669151027395
15442.51839997409,0.058983540555788715
15354.832534667657,0.05911873484686811
15450.255141550764,0.058969197378687804
15383.465556559093,0.059081250512581465
15351.572242040353,0.059154882006577154
15327.981814513887,0.059182319121926806
15466.901137261559,0.05890021838661638
15967.03224528707,0.058045738527219434
16452.71816445564,0.05717851636638628
16556.694185544377,0.057002182831906015
16518.15635642087,0.05705162646638793
16601.4685044633,0.05695479252707936
16539.72563781307,0.057059613508265085
16412.23147202396,0.05729493392662041
16211.489091888725,0.05763814358787939
16031.304990611976,0.05791236648446408
15885.628937092662,0.058132890215763046
15764.11458344014,0.05837641842151394
15781.836776851422,0.058344346151246944
15808.381607920232,0.05824044833928832
15965.581797947181,0.0579972754670491
15973.992342427497,0.057979267244548965
15830.46714796349,0.05820957598030903
15877.936566178743,0.05810863233385546
15935.830785986254,0.05800832026714871
15816.994299978494,0.05825395536140925
15697.432200501335,0.0584738217564402
15539.670614897765,0.058779992700697864
15429.612420277093,0.058945645047319466
15512.568593415288,0.05879599271679558
15606.584848489243,0.058639176602539256
15477.737179925907,0.05889376244478098
15513.757393356702,0.058812689187064726
15373.013155306706,0.05901506516110106
15430.536931552715,0.058935764658880674
15414.592872276655,0.059008603618026144
15287.195106328383,0.059222354201001706
15224.145391109194,0.05932545661001895
15278.15142693934,0.05920299992361501
15390.466333025235,0.05901451547483947
16136.071691556024,0.05765288718155145
16411.969288508204,0.05721076365430169
16657.689932789188,0.0567945154412227
16606.544585893298,0.05689232597774281
16549.102965026643,0.05697946109533665
16417.038509914088,0.057203906402801846
16394.867192869442,0.05727895405654972
16199.028346832303,0.057608751687209504
16067.720447840507,0.05786541264318089
15892.975700413212,0.0581282272003523
15828.833971316188,0.05822976341115292
15787.126062046498,0.058330032489636384
15842.610888624738,0.058227799141142685
16003.64235534784,0.05793117963235672
16121.318288265076,0.0577159484200935
16161.85758532482,0.057659426793901444
16197.659135899405,0.057645060860348624
16089.514327645102,0.0577935630348091
15941.473976414554,0.058042201076707156
15822.872144158455,0.05825769899876837
15809.064457676855,0.058325718716286064
15686.295152809082,0.05854391219711628
15580.774063095841,0.05870567543891778
15599.818216635247,0.05867306400051066
15590.864682624007,0.058697590626561644
15592.40727587894,0.05870880689707401
15653.86507637823,0.058585602926616874
15661.903336783627,0.05856855186444592
15529.982541336209,0.058801590856319634
15514.441659136794,0.058815728641189335
15474.292146547172,0.05886740955301537
15552.110895247253,0.05875569392815292
15910.046353179641,0.058093641244397524
16427.937695611763,0.05722615446840593
16627.905867931746,0.056875925374971346
16772.320733315595,0.056675790336587116
16683.43012655423,0.0568221410470978
16513.017614115946,0.05709314758381005
16404.216982219852,0.05727258945060203
16315.21563165254,0.057465198904655825
16232.725491910598,0.05755553654604836
16125.566074823779,0.057745485363922835
16028.527260467465,0.05790472330947837
15882.322997907151,0.05816389233736779
15984.482003574785,0.05800894666347311
16113.381650532443,0.0577724294416654
16141.172336817008,0.057721492075307135
16168.281368315585,0.05765964294403579
16312.433829797505,0.057443091224338924
16342.499395584699,0.057355293742247876
16195.691396616225,0.05763729077270748
16007.913045836664,0.057947371482493855
15875.088445721649,0.058177033016186076
15899.060908800131,0.058154350956204796
15812.10476185769,0.0583087069741917
15809.235283177519,0.058302020393496704
15835.700608667705,0.058270488317376044
15717.413243850051,0.0584632167993711
15675.299610350257,0.05853712787892045
15750.827586523817,0.058389708097616184
15640.213396855757,0.05861018694179654
15725.12464380828,0.0584636392068201
15762.655687853656,0.058390050726180656
15765.981183535428,0.058376620490564635
15958.958364578846,0.05802735367491809
16430.751009148273,0.05719549917705581
16785.038455330785,0.0566454154840447
17007.56528870847,0.05631831363270194
16951.91454842896,0.056410749492142497
16858.153705541114,0.05658395651380288
16670.178841794106,0.056873613289039414
16551.95609838118,0.05704322100970597
16381.65196557691,0.05731661901113465
16351.938080522195,0.05738749189426897
16252.329702692632,0.05753904815353348
16198.17810282844,0.057667113850971126
16161.339834645694,0.05768500725958859
16212.650411366314,0.05760516625070856
16403.642067018565,0.057261631522109016
16439.233517063196,0.057239195722710655
16459.89700481158,0.05720911023355378
16407.455539992552,0.05729407468751923
16320.439230893036,0.05743333740090202
16256.211201005144,0.05754557568230655
16196.85278774792,0.057651202740925965
16034.595763776028,0.057924568967400364
15966.463647234674,0.058042412069470285
15946.869617829412,0.05807734025839061
16006.872037609004,0.05797650241870412
16001.550275481099,0.05797413096969042
15984.157639682831,0.0579772683552542
15952.73834419145,0.058019470316549006
15992.271004606238,0.05797062528641205
15987.17131715489,0.05799334471732948
15984.685716502498,0.05802143590191159
15951.295511353164,0.058059507943938465
16110.745488069677,0.05778972597735131
16511.833636758594,0.05706908286150294
16850.137315548236,0.05653996531568334
17001.793124559965,0.05632974302548821
16895.7792912554,0.056481714039928924
16894.490757774485,0.05645691037058053
16992.02345819153,0.0563651109827067
16887.15306431243,0.05655196400648427
16762.56239556043,0.05670003592829206
16715.544659249303,0.05679270851173754
16605.073091386774,0.05695578569776481
16521.198973626662,0.05708889227465765
16520.265036464672,0.05708432659083462
16467.940112312284,0.057149067826512405
16535.170653551908,0.05708892147646169
16637.16677956412,0.05689115509866646
16679.45247093042,0.05681534923174484
16664.024703114348,0.056869074639900305
16592.577133808285,0.05698934217020926
16425.70224514855,0.05723651798636271
16368.043885949854,0.0573164862513403
16336.47632006869,0.05734367256765081
16301.623492541577,0.0574235810332342
16194.962490955419,0.057617476558082956
16205.293926710767,0.057624485719561414
16222.154770240079,0.0575702018640335
16134.20437279065,0.0577189431626931
16188.644528037297,0.05762909222929497
16178.358885763942,0.057656311831411636
16118.549213426217,0.057729188146974995
16074.128457230765,0.05782101944573678
16014.577569452484,0.0579426273438076
16063.498348194538,0.057837822736871713
16240.72478291417,0.057545722475102666
16493.792325250237,0.05709925630119223
16953.846425680887,0.05638895791321172
17186.490580072852,0.05604398595630823
17152.32325107056,0.05609465653025452
17103.761288413643,0.056180596313466044
17033.061673546825,0.05626782907653265
16915.937719152855,0.05648021553046708
16769.574469164498,0.056715158911145334
16613.142870286352,0.05694952061599076
16512.61019802314,0.05710893242635358
16421.050306397898,0.057224576704981406
16401.675861997894,0.05727271530583913
16445.079289931902,0.05721886356822699
16497.77629065413,0.057091930311367764
16508.666173505324,0.05708082502467834
16479.09343809984,0.05710271414566209
16483.424522824316,0.05712982476469911
16415.21893463603,0.05723576777711771
16387.045717868034,0.057286510768504995
16273.470025035253,0.05746774992309394
16123.811219912974,0.057678214612927145
16045.165717898884,0.05786782340386852
16051.941742695875,0.05781616884053864
16076.566483495979,0.05779615804735099
16052.45785947902,0.05785507258047656
16078.043367452261,0.057803403571268994
16099.538741854163,0.057743652999635645
16027.857638640178,0.05788369476427263
16019.460487778199,0.05788621976122392
16034.892349607517,0.05783691225795695
16064.517056720772,0.057808991516319345
16012.00983675579,0.057892771311154445
15841.595809724857,0.0582135321155564
15841.641296511632,0.05817587364161188
16029.337650467673,0.05785392265623433
16563.978066374253,0.05697592295932451
16866.658673835587,0.05650769793854977
16979.9429383861,0.05629740802383398
16768.690765239855,0.056663353611047504
16651.721014762996,0.056813566939829724
16683.87554053878,0.05678471476930273
16576.74167464346,0.056962620620482705
16466.27498753882,0.0571542840630403
16408.051633548766,0.057214209380455926
16230.89772042349,0.057539192632419335
16062.534668555054,0.05777915215299728
16199.691397462993,0.05755122465140031
16301.81047406516,0.057376478789413786
16415.37296710268,0.057223398237866645
16389.874373364142,0.05722500463230242
16379.94728880965,0.05727505775197437
16295.03230463046,0.05738705084493493
16213.982881712971,0.05752991828798609
16109.883077220218,0.057735787928756
16102.914943822389,0.057769742096948344
16044.048016014674,0.05783116311339674
16058.844424272751,0.05783216823058976
15998.949693064647,0.05791430996377502
15951.401360223537,0.05800519746404427
15975.198330661015,0.057964533859760484
16057.362278143806,0.057814041734633066
16029.212301284007,0.05784366400013968
15972.8884885882,0.05793611275960988
15937.80138065474,0.05803915398334383
15854.757329565506,0.058181915064105444
15902.376050521978,0.05810270670195357
15835.197260136867,0.058188340466927085
15906.954711262866,0.058074673874874236
16251.91099657684,0.05748651608364852
16557.592352556407,0.05693060158881697
16738.339490414444,0.05667010600744735
16809.273907836,0.056563697824051865
16776.50689093819,0.05661347812326184
16656.119624046467,0.05684469631434849
16534.6394822374,0.057008108661400506
16472.954923178204,0.05711858501708873
16283.842552539987,0.05743516816239755
16267.707827373311,0.05746801903934407
16181.613134629586,0.05759336943743798
16191.803753534885,0.0575824579428487
16239.46491876911,0.05749596500560947
16370.973702093104,0.057277012052330684
16319.26611833223,0.05735025401074395
16375.191436528203,0.057281158370079056
16360.319653200177,0.05730175992253925
16285.938753346045,0.05743182888922863
16240.48918733273,0.05753302858500908
16111.247011618609,0.05771301490147207
16009.981853058953,0.057919745365219294
15960.156048293537,0.05796692392878492
15954.268091906588,0.05797785155964905
15983.570150675518,0.05794311669357681
15971.479668036913,0.05794701107273983
15947.385084960208,0.05798842133601461
15901.628291435429,0.05803810656543667
15952.332637013958,0.05801030295266152
15960.607122317817,0.0579701007601387
15985.372663264894,0.05795492751423798
16016.461626381328,0.05789717539700311
15890.39742600713,0.05813870168876755
15932.668826807268,0.058033266994707275
16135.214431035454,0.05767811206972176
16685.50584563447,0.056796067796847885
16924.95716748332,0.05639642261202817
16941.115023753344,0.056372653912768404
16824.713022885662,0.05655904080519525
16648.94580660989,0.056822786494999535
16603.302329585826,0.056914121898622244
16584.7474913965,0.056967330890257226
16563.618603698003,0.05700192698214152
16559.237898854553,0.05698263847699567
16470.96950224275,0.05714662950749009
16312.772439709448,0.05741914133059742
16285.302860848858,0.057418373234234196
16430.873747127513,0.05719389591619695
16474.889966443618,0.05711867338538826
16559.93283355807,0.056968736033184135
16474.02664733927,0.057126665621632065
16381.01086444691,0.05728130840462906
16374.94689710607,0.05726407841533882
16442.709830717,0.05716722086990885
16299.172068090254,0.05739575880230265
16219.032471003255,0.05755346301299198
16122.88219602615,0.05769683205036318
16130.634304281495,0.0576872430412763
16206.705312678396,0.0575679849616174
16220.232533595097,0.05754649537970792
16207.61075697946,0.05755329049609565
16143.758692754102,0.0576788371333465
16208.507436370439,0.05755344226640162
16160.96682731114,0.05765973375690246
16098.975404699171,0.05773553412193512
16067.27028692183,0.05782630919738484
16020.630185526425,0.05790072117125332
16137.656766789407,0.057644751656418844
16517.72093629462,0.057041801504515585
16959.464849147804,0.056311190524413274
16983.347323663544,0.056314108958712396
16955.445712260123,0.05634891588306657
17010.42090191741,0.05629475327528014
16935.54360959517,0.056406130119443856
16835.448022778557,0.05652505444288282
16869.448136120147,0.05652450755078472
16779.42887683577,0.05666316640276948
16696.743799560565,0.05680516817662983
16590.52761832833,0.05694454375985628
16513.536533979575,0.05704722236749311
16574.84784039067,0.056952538052227546
16621.03705880479,0.056874193211113394
16653.188600188525,0.056838661367323774
16578.55445524121,0.056980228843007553
16652.0426255421,0.05679914590902642
16669.556120457844,0.056786163738970157
16590.0259162151,0.05694247704977286
16404.262925138508,0.05724280976800587
16397.630296421772,0.05724414680097794
16309.19545899974,0.05739778868868996
16315.983122655532,0.05737406836391866
16260.51252538337,0.057483801220143266
16133.817095285494,0.05769016314542371
16268.601218926286,0.0574369784047084
16323.5730364005,0.05740187892317761
16300.4369978498,0.057405403005564654
16227.446583988842,0.057546863509095936
16127.600089505795,0.057706743974434864
16151.313865707285,0.05764929749496858
16174.414226878505,0.057629904232700695
16173.576051260983,0.05764657729143124
16204.713139938534,0.057566175534777324
16443.736398194214,0.057159236427963764
16960.132406282053,0.05633715065542092
17172.661195242352,0.05601087089396714
17293.540454166072,0.05587986512426004
17205.59250212554,0.056013550701575
17063.57079590829,0.056217250378583626
16879.51445462251,0.05650124348041218
16825.99688002227,0.05659479136549903
16763.907055550535,0.056681565482346374
16772.80391374016,0.05669721368146971
16657.218918564184,0.05686311285321219
16572.621582867443,0.05698710456060077
16606.20380754979,0.05693183409213207
16639.448477408925,0.05684919769035237
16657.687849125698,0.05681009414324375
16725.073727625655,0.056724348535109964
16678.300991050553,0.056796136597465664
16593.783218705048,0.056953420718847625
16484.052521803962,0.057095984152865153
16493.567858170234,0.057098199453773646
16485.389320357197,0.05713839994700107
16407.045612288053,0.057267248800165954
16326.746451027895,0.057409984066497506
16271.405273817214,0.05751235225314414
16200.465727174671,0.057601437651819624
16219.099206621366,0.05756452838678168
16208.379719537734,0.05759873161820951
16203.953806175752,0.05760150581994419
16196.224681574542,0.05759649995833551
16125.117908599961,0.05771162544443356
16019.229908982206,0.05789233376123453
16000.824893095441,0.05792271056233149
15923.224972319776,0.05804166488932987
15882.451877240668,0.058087963537060736
15986.433111409238,0.05791253832973772
16426.06407282838,0.057160049516963726
16788.562566876335,0.05657845733391624
16877.360281589365,0.056464976170816625
16854.764449676786,0.05648830342359007
16934.526986946854,0.05637977325115732
16904.736528664092,0.05644951219373004
16717.45961611394,0.05675222495605458
16643.81900051599,0.05687015427125566
16384.971229925737,0.057304247064649406
16275.59198974229,0.05746496109381683
16238.527588023562,0.05754028051180633
16310.5869199473,0.05737508061511178
16365.72210963907,0.05729791432248306
16391.32800713233,0.05725903948047031
16534.441950284705,0.05703117082199707
16564.67151779078,0.0569959173916988
16428.4518841553,0.05719767946760874
16437.585363622533,0.05718572984509815
16149.88015578476,0.057623468183712674
16140.910629880493,0.05770778518904753
16125.645620832729,0.05771056814415344
16026.44229382088,0.05787577567773558
15946.156355667614,0.05801349745733071
15869.98559847637,0.05813033734763216
15892.066026825889,0.058100742042235115
15931.130945825407,0.05802505991331938
16046.913686256687,0.057817142755374445
16031.42698314452,0.05788032823009048
15990.719317765392,0.05792971230301068
15876.999638371799,0.05812693908365618
15957.675170311873,0.058010408156332564
15955.440565511446,0.058007837045037335
15944.60133763306,0.05803040258816598
16071.081161889995,0.05782093211010924
16459.924421304007,0.057118866826489575
16822.12514456081,0.056538927892581664
16895.443217768785,0.05645315255989213
16900.107191146224,0.05644459304558701
16849.49125393338,0.056548065175536705
16803.91617553881,0.056623020278417986
16615.39787436179,0.05694842386794359
16440.120003906974,0.057220470505810944
16344.228397433915,0.05736322186301182
16222.472376799233,0.05756344694978258
16271.246258048517,0.05750143853792745
16270.777283637588,0.05747904153686995
16254.13473450108,0.05750906381564731
16330.365020997755,0.05737292452429275
16349.89050017663,0.05733446403750889
16445.785443986726,0.05718250910522377
16438.499563009915,0.057208892558007964
16259.528338165397,0.05746977409725144
16180.438130121149,0.05763594736103929
16085.27192524376,0.057751420750125924
15998.748202751704,0.05789659265908915
16043.213062571755,0.05787143102360666
15981.869336174312,0.0579567635889944
15985.900685923556,0.05798820888274008
15991.098508533658,0.05794601371620899
15891.152959628567,0.05807179769550217
15830.826506583548,0.05820652592615186
15894.709462710114,0.05810460508242761
15967.801179178581,0.05799496197793992
15919.03881332687,0.058091762063857515
15846.685419937648,0.05819407914952371
15851.503548578641,0.0581799983461854
16114.705286611821,0.057707769993770135
16582.455820976487,0.056925845073922544
16834.350700502247,0.05652643718596151
16884.667237853253,0.0564504275376484
16857.687281737566,0.05651663193077761
16859.89211700259,0.056497247208665176
16735.4435348912,0.05674375340781038
16488.6059668721,0.057098985806893966
16406.548409802235,0.05724779258110805
16394.868678955063,0.057262519326311115
16308.989946112755,0.05739167162927508
16257.035603610253,0.05750915931431616
16162.726769052797,0.05765185022421883
16247.82885353925,0.0574875294396453
16392.515951503156,0.05724655373735627
16501.06217490666,0.05708442151499644
16450.36496949472,0.05718325589413496
16402.705892087462,0.057196338493156924
16369.682040869166,0.057304838403760695
16321.83371045398,0.057398217923215485
16137.243099109479,0.057674725709506
16152.342038563138,0.0576699616256806
16125.044138812094,0.057749960940886684
16074.929070196911,0.057827008354904556
16080.541518311456,0.057812919716224674
16026.13861698639,0.05788437355054241
16028.23285852895,0.057873741540023185
16006.869483926721,0.057942272496705305
16015.580969899316,0.05790094303674116
15979.13488716761,0.0579673235595654
15996.560549295597,0.057945558298298686
16023.824945245635,0.057901720248689545
16127.380717115542,0.05769291227830337
16621.06042768569,0.05688713482799411
17014.862039839034,0.05626261452433289
17091.02510124251,0.056166288565513346
16984.465868149,0.05630802894838041
16838.99158445927,0.05655666818605956
16857.618950486212,0.056501734651028264
16888.88516954647,0.0564677527684304
16843.726099617637,0.056562139821468384
16665.860564811977,0.0568202169215087
16495.122544299298,0.057096242958840984
16471.52656310573,0.05711175050333311
16587.08583793491,0.0569358970482901
16617.622850017113,0.05689331892735318
16717.614247011334,0.05673929602229317
16671.715559319255,0.05681011094257358
16701.898401095565,0.056777702715234156
16706.022852664402,0.05677280624114071
16629.098663597186,0.05688502606161984
16562.47177776324,0.05700806321438581
16382.65368752244,0.057289088788785116
16317.812633283924,0.05741704077747537
16260.94967992202,0.05747935830961569
16322.199322354407,0.057403928697079366
16304.142619626566,0.05742532704233097
16280.550337992629,0.057493122647890554
16314.120196338012,0.0574053309456459
16240.629409601182,0.057540217242448954
16304.263066212096,0.0574384302306691
16228.278831778121,0.0575672389355856
16209.293944214964,0.05758931053829507
16196.17254894294,0.057607486292794476
16268.187144301322,0.057471783024389926
16547.504082301883,0.05700474522820225
16992.83540949625,0.05630304159670032
17236.431185978738,0.055949474978210685
17238.305278357737,0.05594361503290882
17188.76484082962,0.056003377093124224
17005.30924144712,0.056322973896159506
16939.521869372955,0.056386658649606104
16841.882797912094,0.056546168898989155
16608.15217622054,0.056879422247904474
16587.989976000157,0.05694544223007767
16576.566642009206,0.05695932472142335
16513.569701888893,0.057055091527335566
16616.096263272026,0.05691040056086782
16577.711056185966,0.05695270110985075
16567.56314079141,0.0569650451324338
16585.197877791546,0.056942805948553325
16598.294809390063,0.05689995296796184
16613.902807729035,0.05690169190811781
16575.3552017652,0.056951364720387414
16426.360589463475,0.057156516697337255
16253.896477717746,0.05748388721241205
16137.799607780817,0.057710282933603266
16172.113122802013,0.05762336875988323
16128.480505111362,0.05770583695985848
16149.592421604462,0.05764952377972999
16147.85178358825,0.05765132292694056
16055.176295506548,0.057825811625239185
16048.885529899226,0.057854237316293126
16135.006333881252,0.05769043248009694
15979.022821178478,0.05797447547940483
16056.019059832528,0.05785749344319601
16082.611612608562,0.057782725967657565
16204.451250559589,0.05755900160519235
16475.536177199177,0.057124722074324896
16937.041022118367,0.056375423873524
17177.079484597252,0.05603568718158667
17193.6481713852,0.05600177050018968
16996.416984338914,0.05630729338900231
16829.392916931134,0.0565632446155779
16647.580974462937,0.056840811889848256
16572.0670353929,0.05697775115880892
16600.569475829227,0.05693334167079593
16547.327670154817,0.05700086578982744
16407.135970438856,0.057235306056699714
16326.499399826978,0.05734006350188074
16347.544898454275,0.0573270024570785
16360.908047929148,0.057290680548450705
16460.19073018881,0.0571070472113749
16527.564598603032,0.05700738312315571
16447.47779175991,0.05716471516146874
16325.652532644137,0.05733564781215034
16143.62306603332,0.05761516046145556
16067.847060161104,0.05776743958712975
16001.270917582584,0.05788405931411565
15980.316686298202,0.057908837037707
15986.937066723043,0.05796841521264862
15955.22246159489,0.05799241327150022
15970.279483899034,0.05797331019323545
15959.77391538759,0.058007984289876025
15859.312625217413,0.05817743582352388
15870.956110821004,0.058125206107376884
15928.272580970297,0.058067592649832266
15884.987211146214,0.05812368620113731
15866.279707397043,0.05815140942016245
15915.037360720667,0.05804890615789585
16113.495082658403,0.057689719835334
16532.050395605944,0.05699684287318182
16825.47732890758,0.056522039822816346
16877.240449430854,0.05647029458680217
16857.856712622484,0.05652117348685677
16772.982601527227,0.05663903706992668
16665.96245690965,0.05681952162852057
16507.92780956068,0.05711006420193914
16324.15866295565,0.05739041752521375
16237.118015524966,0.05751867684641205
16156.96468754679,0.05766272887303127
16199.611367553876,0.05760100758322756
16200.380967712856,0.05758602148575787
16232.447602081123,0.057526147234071505
16269.916626338898,0.05747912561152983
16361.453564129706,0.0572987815587156
16383.653752375281,0.05728888470336635
16293.350108703795,0.05744054349516285
16280.907563775841,0.05748421095607227
16055.492747897157,0.057838509019545174
16003.871045641083,0.05791126121821607
15976.000221345868,0.05797344278891374
16004.690629713214,0.05792782461860285
15991.83930509578,0.057920706637149204
16014.771183871188,0.057944022631476674
15918.674980596314,0.05806893229168774
15887.884915676184,0.058155949971196386
15890.7053665631,0.058143483678306386
15996.023164838036,0.05796311509559277
15983.055082383897,0.0579989932520078
15905.765402101482,0.05809381136793424
16030.734347836207,0.05793663020847547
16278.330431927288,0.0574639462901512
16696.084011160863,0.05677279236879798
16854.864384822715,0.056523745551262126
16920.391535933595,0.05644422151930518
16832.786013782697,0.05655833238771935
16747.518674402978,0.05669808738786517
16623.060780236065,0.056899421757346136
16529.04566025786,0.05707043624445898
16369.23545529216,0.057329993335087134
16248.095975651515,0.057528018157711754
16236.966807563767,0.05755805971413466
16288.267366404394,0.05748177732947372
16348.82468621867,0.057384160240449775
16434.144380882364,0.05722683279955927
16410.079027879572,0.05725124322248324
16517.16088185533,0.05708952990685739
16456.052131016684,0.0571708151694814
16391.739436101612,0.05728768901218117
16316.159078184226,0.05740272879612196
16243.288224846328,0.057518070190438704
16129.487639584953,0.057733869531120134
16009.093064770235,0.05790460965612715
16026.938001732562,0.05787337934978664
16048.699374573114,0.057877040565897334
16031.40656659923,0.05790333300779457
15981.968291717401,0.05797269301630286
15996.791166588033,0.05794138437088706
15928.762682127031,0.05805680876241976
15889.694430770533,0.058115651020138964
15936.131895217171,0.058064584885394004
16008.142916181483,0.057931757982211694
16268.3285136927,0.057513600394306336
16736.309930157313,0.05670785227442761
16983.260506904233,0.05635281927666722
16988.306316869173,0.05629739048188454
16916.461490109534,0.05638189079118279
16965.717841255195,0.05637025342297407
16722.19171169917,0.056713700537251506
16728.73623592635,0.056760989688252966
16600.883854795644,0.05695314587044866
16566.20856667069,0.057002137522407494
16381.100710110575,0.057303911029586624
16305.252826826276,0.05742054015001118
16374.528864266626,0.05730182101372645
16471.08248601737,0.0571819056414275
16581.087668035263,0.05698396938510167
16573.867586954046,0.05702409199636397
16418.24390277428,0.05723455651027974
16466.831533553526,0.05714571753345947
16492.408813598773,0.0571593425482103
16338.270577703886,0.05737633987254489
16268.183024673732,0.057493767285648194
16173.533130602438,0.057637145366606544
16057.596080155874,0.057854920597032365
16148.865015852529,0.05772264107090231
16211.83102126765,0.05757357870825098
16161.186129370584,0.057702612721529746
16015.733314979649,0.05794736390973531
16045.652959161122,0.057892250300539384
16155.563230927615,0.05767895335450329
16043.31536577988,0.0578416518501015
16055.357739595942,0.05786895195889716
16031.725400856933,0.057887606979096486
16418.445058248228,0.0572340013727392
16919.938704319862,0.056408369905258715
17122.336905444274,0.056103861958576876
17219.6950203752,0.056002564473002114
17015.07029031924,0.056302161069010356
16789.95863266103,0.05663713462129672
16661.86887867243,0.05685019360278221
16657.217017413772,0.0568513468874693
16655.364291350303,0.05685282448935273
16603.35294926783,0.056929001985773206
16445.262204664436,0.0572032139382947
16393.113290528265,0.05727294108813499
16359.731901122484,0.057330734267116955
16414.662159433406,0.05721932140773639
16409.304051279865,0.057237065927754106
16484.79148200043,0.05712497927825211
16493.994650877252,0.05710234122618962
16397.70506793351,0.05723956674651868
16359.154646694675,0.05732818052226458
16230.517864729478,0.057535314093876425
16137.983446452747,0.057698367216294955
16114.013659143398,0.05774957792718874
16124.520970169153,0.05775181765795299
16072.23584464026,0.057826942684511655
16114.5746319853,0.05778154971919039
16087.917251341165,0.05779690569703223
16122.803190386874,0.05774061234897029
16130.767804103769,0.0577106548354948
15973.160638020285,0.05798180743234246
16028.405266580688,0.057886104369115995
16111.725147655918,0.05776855490286405
16029.931904449166,0.057886738284726444
16443.843929533785,0.05716921498860618
16690.70807514166,0.05675303540869582
16958.003885894515,0.05635185435243045
17099.240064648755,0.056151669215560654
17057.026941189364,0.05621109038863828
16874.54109096398,0.05645780418315868
16642.418550298138,0.0568749448854471
16519.336351135567,0.057056878385960054
16521.578939014402,0.05703043544831201
16405.28542789147,0.05724703496417346
16299.930375223083,0.05743501281555236
16133.850795331371,0.05774025124090999
16102.163775064519,0.057735613838461146
16095.49604664907,0.05774942434364847
16233.892719444562,0.05750722272583534
16365.960899034491,0.05730601169382809
16293.468976437021,0.05742150561596533
16272.99557695533,0.05746277667722423
16103.959787333619,0.05774152012924768
15998.295094335619,0.05793202918055115
15924.539850420191,0.05805675666773777
15774.86966074391,0.05831486517118685
15716.697193016673,0.05846159769145876
15710.091815511962,0.05845086627518349
15724.137754028412,0.058415971266994375
15704.967477411885,0.058447197627860055
15643.500452125585,0.058591798611107
15672.421115718544,0.05850204133675051
15719.514635513264,0.0583931696110647
15705.52204887929,0.05847095451675351
15531.307355898462,0.058764002195034644
15419.421401837344,0.05897530458050572
15536.488842169243,0.0587660250661321
15779.89799640439,0.05831109076834524
16304.362228744398,0.05742937447300806
16650.352456175602,0.056852684160063956
16702.421152910803,0.05675613129955203
16707.69536837474,0.05674131396742045
16482.715483229462,0.0570928409139861
16361.340434127402,0.05733507789550287
16185.034652405857,0.05759197315175425
16068.84247829589,0.057804396142123876
15988.946739761626,0.05797611817981098
15842.512327007229,0.058214603650834425
15768.899981436623,0.05834342730837059
15849.899034959175,0.058205127852242106
15999.795785066015,0.05795897129748792
16024.912275122495,0.057890341776722254
16019.254033613854,0.057907728255755846
16023.023934627765,0.057895659210347714
15947.832191473924,0.05802622911246
15890.229248486487,0.05810664911514032
15789.442666523553,0.05831250078666018
15603.102156514908,0.0586295809465443
15492.650874420135,0.05885135607949739
15478.40221240359,0.05892041202992671
15393.075929914163,0.0590490747841645
15344.526963574397,0.05910347808040998
15375.579366459706,0.059075758598274145
15347.023419696841,0.059126539676219864
15321.713746424588,0.05917695025581125
15293.3358848466,0.05924022315053582
15285.87467025092,0.05924924048327733
15162.625510314429,0.05945554536020718
15161.218264571775,0.0594662129293245
15143.185134313711,0.05948833014066938
15292.839262198471,0.059203407142712
15886.686679849516,0.05810311993757904
16351.2605896668,0.05733699584642515
16536.531192078422,0.057043391411978714
16419.461309493327,0.05721034790704569
16326.885779439797,0.057358056835581414
16165.268261779791,0.057658018550449955
16121.805387734843,0.057757526242616784
15912.649420973377,0.058101083239414424
15767.91965506941,0.05837436620509508
15562.156516536817,0.058691436065222924
15451.8822314881,0.05891856574445199
15502.274080917432,0.05882124721406217
15585.808192179069,0.05868848362269952
15665.7860821606,0.05851009536055661
15845.529568582186,0.05824123540261949
15852.638809230597,0.05818870935746532
15711.973937443789,0.05841670504710591
15636.816814795884,0.058605919413289416
15614.386308681835,0.0586272224069576
15483.037375425123,0.05889476565049993
15309.846666442427,0.05921492360318313
15219.593832294928,0.05936664847803853
15095.649986985047,0.059599941383550806
15184.275785933687,0.05941593601431659
15206.179163002198,0.05940986352385411
15121.316683607494,0.05958851058941295
15024.495543732499,0.059733686336857855
14998.879193005843,0.05979795680118873
14998.618298108504,0.05977598309916398
15017.498382572485,0.05973318795424183
14939.935806841111,0.05993801709522219
14818.602971642622,0.0601625037322439
14976.221933152268,0.05983639815280116
15628.752135842029,0.05856562925617943
16151.069717112592,0.05760067265528041
16333.163888802497,0.05731675381501663
16134.187344155993,0.057644417039631614
16136.257741391519,0.05763448584573018
16077.619203462125,0.057756175736492825
15925.370364574412,0.05802328943928257
15647.52918638641,0.05850739781399843
15478.591646677278,0.05881317814028963
15401.421343804632,0.0589909690835374
15378.315193151167,0.05903304330576607
15335.188385774514,0.05911078670110823
15450.752356861689,0.058899079899300724
15410.57554530564,0.0589716293734807
15563.670401263871,0.05867847545193274
15563.158133300574,0.05870257395219816
15523.675029561582,0.058742317083432374
15398.01555774061,0.058971275982757906
15267.943688742342,0.059234765679423165
15185.29722888303,0.059408414786654075
15087.258731360384,0.05962649384031345
14933.180223580008,0.05992067137729914
14929.73913438691,0.05994022104020245
14858.90254134347,0.06003547980365502
14922.300908662843,0.059971176506700745
14864.777720590806,0.06007470304734128
14801.676155924917,0.06017582980758693
14834.604166685192,0.0601349958058894
14744.53444480463,0.0603189675606687
14643.179494671447,0.06051151585629629
14684.18399354923,0.060454973300436504
14622.575582665211,0.06054258935351327
14663.5521249836,0.06040919004457597
15373.138331636477,0.05905187806346959
16054.426588565164,0.05782580859898951
16365.73268898973,0.05727314203230458
16287.27433320518,0.057416817464596794
16144.727724419006,0.05766925578975402
16060.739552439589,0.05782468907904392
15905.314511954357,0.05807192625992952
15694.148218252934,0.05847900834104306
15508.92169523105,0.05883171458846348
15350.041582119684,0.05918107637810662
15174.429972929851,0.05940785555548726
15184.05565954291,0.05942666766629609
15326.884169676821,0.059213840938533414
15406.223913345853,0.05899814124810613
15479.325119461928,0.058883491226751634
15530.14712099772,0.05876041190065975
15490.73435443541,0.05886098512093756
15405.162603833332,0.05901553098937141
15311.711603731148,0.05915761875087494
15146.671490583038,0.05951368320954942
15017.408223259506,0.05975740740789078
14877.607107054015,0.06003250601486985
14816.428759325434,0.060136597239308566
14808.590997269514,0.060206332444064176
14777.135678483814,0.060255161409193354
14789.969040124495,0.06022706082588169
14758.239961950247,0.06029681562328186
14656.388073595477,0.06051370207146382
14705.429421758941,0.060425697054778016
14685.050045886008,0.06046408590627183
14675.54179924389,0.06049682044748849
14694.760299571482,0.06048742968796202
14637.287571611054,0.06053802171372866
14946.675404274773,0.05987784423363649
15650.302701534001,0.058546129917105096
16266.909497426803,0.05747671307364401
16262.185954240207,0.05745888949023102
16171.846492113138,0.05762980935730049
16088.753066617566,0.05777263835566845
15880.834071507965,0.05817727696182166
15693.96614069602,0.058495681016091115
15489.438468695818,0.05892567466240135
15346.163556303043,0.05917635055121153
15073.24934444822,0.0596784252422623
15032.120257124589,0.05975141921683466
15176.107296641245,0.05946460883274786
15224.40216678784,0.05936224520431795
15372.161971013758,0.059080148885737746
15432.47881869114,0.058957143716982734
15432.783479010795,0.05896671754892447
15373.53671213052,0.059082645778624626
15222.137324532918,0.05933762602055309
15163.529142181327,0.05945707002070526
15010.471935074072,0.05978618769586492
14891.569539087928,0.05996564286284686
14744.981357053073,0.060279288087633526
14673.043926806049,0.06044448288321278
14697.593602732171,0.06041402441012784
14716.929214946165,0.0603802942639421
14756.977113391871,0.060277708464239896
14704.51450826307,0.06041007806573508
14606.98958788613,0.06059508372722983
14493.82087112757,0.060796868216099594
14483.82166011864,0.060828225558171765
14456.9911967087,0.06086728131470842
14582.08101488561,0.06061280364513156
14984.962872550659,0.0598027039954684
15632.933909375706,0.058528703121845306
16021.73172536384,0.057857449125752004
16197.458240032223,0.05755421477674919
16082.794797263952,0.05774767787880299
15905.327198924902,0.058055435570304036
15712.383478476695,0.058418315705112495
15459.769344313456,0.05891376692592524
15197.800557143972,0.05939586652140502
15172.050205345276,0.05942784311818259
14987.076131284859,0.059757133301347305
14916.332413745991,0.05992364389104172
15037.11827953843,0.0596895262850041
15148.316852073194,0.05946975989898964
15269.776353725721,0.05923527495780657
15401.355832014406,0.058949934101582245
15361.696723473668,0.05907336750449093
15311.65153308566,0.059121149410083826
15112.264201600263,0.05953254428511419
14988.677754195749,0.05977113462460699
14879.81562080545,0.059986877149166076
14850.105610597864,0.06007884908698283
14780.041728326834,0.06023599210401362
14772.764168192432,0.06027998412314115
14681.081745826961,0.060398077860924666
14704.417873201945,0.060380111178834336
14616.337351280275,0.0605698527269806
14658.690397655078,0.0604435961705245
14745.518439074162,0.06031253954836818
14711.280088635289,0.06036930713006314
14589.280801215255,0.060548522462877986
14910.086107301462,0.059923139645746956
15509.156155153503,0.058774802381934485
16015.736926392981,0.05785670218794043
16252.75482900611,0.05747533965721336
16246.275369504672,0.05744921005393614
16070.457207425688,0.057784904525704936
15841.901047610627,0.05818163152075976
15687.186758009839,0.05850386950856348
15567.576595480401,0.05869691646681227
15450.018656317268,0.0589902335668896
15323.184868940769,0.0591928943402477
15260.737741575924,0.05930084065629802
15273.334256411388,0.059289781931375365
15414.156044711495,0.0589953319665264
15597.771328405734,0.05869431398119714
15657.535840314193,0.05856061690055318
15668.666188605033,0.05851459906473703
15570.55794783706,0.058658155696890306
15525.086807621217,0.05878274270000775
15369.895509695638,0.05907615215452525
15240.356206872282,0.05929875060912218
14994.807430505884,0.059782750828664494
14962.357078650624,0.059865446325595366
15006.638879701826,0.05979821241799174
14985.639430328469,0.0598701915488788
15009.444334026686,0.059820626678217574
15007.750123235777,0.059788529508462696
14893.245581070076,0.06001803659033392
14924.563394931085,0.05997111874094915
14906.269581421846,0.06000832947593726
14926.021274630415,0.05995975579350237
15229.129419674033,0.05936143065407539
15880.805891474625,0.058139450366681576
16340.756850162863,0.05732561185862011
16459.79347165441,0.057154539636490975
16504.938919401484,0.057098977069519004
16485.08438373901,0.057130138745050414
16215.002211257179,0.05756264820807751
16010.50034288657,0.05795562594765642
15748.206965527654,0.058401559155740294
15634.670327249914,0.05856858228704024
15558.532609626951,0.0587385877307886
15526.641819043749,0.058861361025703766
15502.908356659294,0.0588563039866809
15659.313903305481,0.05856755824876753
15748.667891878118,0.05840010586551238
15807.992367833722,0.05831619025779378
15860.681432408546,0.05820664402783057
15856.591136083782,0.05819911857176906
15724.301808305032,0.058473388950189234
15640.521454443842,0.05858199371345156
15310.426051315882,0.05919968767180645
15349.205513046174,0.05914316954124038
15311.54359219051,0.059234968521267944
15243.613033064606,0.0593575079129693
15211.112915898131,0.05942427407153673
15030.110040713507,0.059748471971457086
15073.328959302975,0.05968610314301983
15146.427787842587,0.0595791856503079
15164.093126423668,0.059538636520080644
15083.99996678429,0.0596616799080177
15134.079101661684,0.05958713246971569
15301.549244820348,0.05921062678643385
15878.101639600649,0.05817546721352729
16443.537182869793,0.05718497083344989
16706.87933868412,0.056817522072358545
16721.95838165598,0.056775999910262526
16527.01390741656,0.05708238721074995
16226.908927903929,0.05757661706292906
16077.607125042026,0.05787828219574585
15991.026485000042,0.05801702684201833
15901.419566424685,0.05817223903232804
15839.309414990947,0.05830784357194059
15714.982124956698,0.058464285177920614
15614.78053801177,0.05867212017689404
15692.004767280807,0.05852711021804771
15738.811876309828,0.058427775240400395
15954.75202803575,0.058069638417056146
15901.27356855094,0.058148972423389976
15874.94858429939,0.05822258107780499
15771.764832565479,0.05841515758779086
15565.924034081912,0.058772236710201015
15458.495216919862,0.0589567706536132
15388.945240706193,0.059082358299552835
15333.16375575974,0.05918900236450916
15321.28838889584,0.05922443797823971
15255.899458140626,0.05934919498312023
15108.926136209384,0.05961284784753491
15202.093344474873,0.059475758324466346
15308.395540051393,0.059271986605023495
15153.900886842644,0.05955374635925371
15108.239685946626,0.059621497926509615
15044.632912932013,0.059743851350639296
15191.788688522718,0.05946618204875189
15611.624441109716,0.05865355946844117
16250.71120425467,0.05752246557815404
16671.435161978916,0.05686761425938162
16691.376316374448,0.05681054335517521
16593.269769228355,0.056992475866511946
16403.014127375034,0.057284675416687574
16290.32030665228,0.057457240914745834
16155.129810121134,0.057740250026657974
15958.24953951752,0.05809523703481133
15923.24104367082,0.05816563782189118
15742.0164097255,0.05843412044791004
15612.717683086694,0.05866807704451308
15652.205253873568,0.05862441294533276
15670.31755307918,0.05854294066740047
15857.193776939446,0.05823156787045216
15938.640793237151,0.05809265050603324
15905.473098719065,0.0581286201061485
15708.466355124277,0.05846578651749111
15662.4059205685,0.058590173104910694
15496.125659673908,0.05890440786557418
15338.363078608867,0.059194595937136746
15258.612982043633,0.059360780084771636
15155.246629987922,0.05955672347346247
15099.550827893603,0.059642640014440224
15136.015035316628,0.05958359637148405
15107.883258853628,0.059636861805428196
15093.652228104263,0.05970211515586322
14968.034911949531,0.059923887967391454
14953.231561427563,0.05993572428150131
14944.413601345466,0.05992107559305196
14949.106119693224,0.059988687184768526
14842.570964602528,0.06019765013943229
15033.521592309253,0.05977410587204375
15486.409370522551,0.058889098829780315
16127.260208071879,0.057709773806114875
16432.931705541065,0.05721349975449753
16423.90952662206,0.05722271046688827
16258.746602414862,0.057507554230313264
16159.266449105871,0.057683339097625685
15857.145892480903,0.058202675605727894
15657.019593281504,0.05857923489645002
15569.813725146736,0.058727120590038095
15483.457237549259,0.058897602475096976
15321.157441820125,0.059194658857460405
15236.781761559232,0.05936305467393693
15219.948034931786,0.05936573626277093
15357.364164380706,0.05910166773888028
15482.8499644059,0.058859104244408655
15592.791309173874,0.058697780356759224
15569.716930499002,0.05877043091271684
15576.169305475258,0.05870121367166308
15520.506705390042,0.05880644345635269
15388.61281596449,0.05908596191465805
15127.146565835123,0.05957392422165037
15082.562103684977,0.05965926608534697
14987.45237960634,0.05985136024110525
14912.916729483504,0.06000412664232414
14879.808753926342,0.06006116076722167
14889.4294197582,0.06004311025420562
14937.44121026712,0.059956621495610436
14916.983646748991,0.06001003443574334
14954.259228316876,0.059927663287398465
14862.248857967528,0.0600979988855635
14833.519771519239,0.060189124212551126
14645.554690549172,0.060513269079269995
14596.524363649909,0.06063655593348704
14695.305991450881,0.06040564234368655
15387.432768988298,0.059087615324897085
15979.485497083719,0.057937650109422124
16331.719157457663,0.05735177486885402
16463.53949314314,0.05711534996473291
16347.86608341363,0.05733545528679991
16077.69813135085,0.05781618348453084
15851.09841962123,0.05820655070883677
15621.683769897063,0.058635890658796555
15593.250822203241,0.05869289457719455
15445.186773420059,0.058935701637121765
15262.135440412276,0.05932782117775433
15184.91642891589,0.05944479381902675
15187.164177658768,0.05943957958933345
15401.718427370144,0.05900214508554331
15499.718894847825,0.058855990810333485
15566.931936531768,0.05868672961486887
15499.970147382117,0.058821039066810646
15374.756036401579,0.059073267782433755
15216.811847930672,0.05934780791769679
14993.414382273048,0.05981090085753023
14840.24721251232,0.060107872204616275
14786.03865380127,0.060232884853069144
14675.381592295693,0.06042703605400654
14755.021019686323,0.06031409179834899
14712.724791501323,0.06035892758354287
14744.867141514249,0.060349705728775904
14729.024972544905,0.06034342274494314
14779.59645501469,0.060238519836634107
14786.325102815557,0.060230554979887406
14677.721721126993,0.06044890610887003
14525.614455818728,0.060723228970297645
14483.789818860301,0.06086512272206205
14448.494824357062,0.06092350646032919
14480.13021842338,0.06085182061639645
14538.277440198433,0.060710150399739385
15076.852317819552,0.05963666468599449
15763.373700202352,0.05831790396467505
16222.363405117869,0.05753362003148361
16315.29138636415,0.05735885954639223
16328.865219634356,0.05736940511381448
16061.306068803271,0.05783845687821068
15726.121639296034,0.05840766896634359
15547.0019578912,0.05870361133648446
15441.189822240925,0.05892672607589679
15360.439736238302,0.05911023867025971
15235.368790355089,0.059322695570964375
15149.853548529525,0.05953244532898803
15187.279745451278,0.05941486822101804
15290.96196156911,0.059218769564934784
15468.325968947713,0.058876734927512865
15496.378941618586,0.05884153417546073
15480.232317413114,0.05886336874441697
15374.518464225048,0.05905663384291815
15317.468893540614,0.05919543455741693
15115.43208195054,0.05958714118744635
14989.242850507168,0.05984782174592184
14804.276536345535,0.06020966355209498
14764.178690460243,0.060303752482693346
14763.252039181962,0.06033760757192097
14694.383956041072,0.060442911436324215
14815.829126835852,0.06021441204434084
14812.66751535034,0.06020429595175981
14774.535277379666,0.0602681306020578
14784.500795234628,0.06025684780468096
14819.012829028148,0.06017456489416333
14649.406709725632,0.0604867929767579
14625.71127037711,0.06055788149573664
14683.466103270242,0.06045036053851515
14642.611685761396,0.06058853305999128
14515.809609478098,0.06083262204958053
14370.346048665237,0.06112679737833856
14260.388658470216,0.0613603051910414
14556.071785949287,0.060755198816333
15567.351370960165,0.05870002123272098
16318.173156300982,0.0573677874006944
16698.659889020506,0.056740507987044005
16585.17745976687,0.05694360125654975
16341.03683424263,0.05733575539605555
16123.123749820268,0.05772043256575658
16009.094821306891,0.05794395944137629
15859.292203069986,0.05825656705242974
15678.596769757623,0.058557506736486416
15478.425932852055,0.05890960050670564
15332.407007680762,0.0591662161585006
15403.613291482603,0.05905454655421693
15424.596636269429,0.05901668704065121
15512.823690946176,0.058818001752103215
15647.96578165816,0.058581891440911645
15649.092543258823,0.05860948175412646
15621.089735915426,0.058626738459667586
15462.654064554019,0.058891686177252975
15360.901220697642,0.059134587281891915
15318.629163830554,0.05923584441809578
15206.423367159534,0.059475828830172425
15095.63159500023,0.05966170555651267
14983.832932044279,0.059886919439597563
14953.440883861098,0.05993305811839048
14840.907763172541,0.06020911947092994
14779.033228538588,0.060288041344775826
14864.613347210387,0.06011047943952658
14916.558044103747,0.059993947292482516
14884.272804929778,0.06003761456197703
14892.761272186195,0.060010932649810986
14820.68639169017,0.06016333363714316
14754.97298498169,0.06033412683929178
14662.37994419919,0.060486827585758685
14556.314363057458,0.060764039108544034
14507.6525810364,0.06083661890086443
14393.522401794567,0.061077905454318265
14501.814577479936,0.06088294339713169
14914.173874110995,0.059983120553203394
15915.427615614637,0.058066740756833074
16366.537782729405,0.0573013236321802
16498.402174028786,0.0570606723491447
16440.438218670795,0.0571703160632066
16256.528863165287,0.0574823334652681
15936.787367863742,0.05807412369095103
15769.50219067385,0.05838403576009261
15677.66960994088,0.058560125527234434
15562.216154394495,0.058706583875001724
15397.725985354567,0.05906883373106003
15278.559583341894,0.05928338139386054
15315.80335789671,0.05922828361044891
15431.78627010248,0.05895988178627226
15522.590585924247,0.05882402920147462
15570.688916750134,0.05875816927627281
15698.354023463815,0.05852638028209831
15631.089547204063,0.05858507214584675
15487.187074403355,0.05887778715749515
15304.077000549647,0.05924569154258944
15155.514021781899,0.05953298575755338
15071.89747779693,0.05967726419114617
14915.777406731366,0.05995433014485999
14875.778391014352,0.06008675278373395
14886.90062354973,0.06006562315412542
14770.670933645513,0.06030239326355869
14826.592118199058,0.06015537543059303
14828.130048333198,0.06018600572302386
14787.90604196261,0.06022971570706973
14753.342259081544,0.060294615920572725
14717.329754617125,0.06037323817095207
14657.05380482499,0.06048789750602633
14558.002582746614,0.060683119952258946
14456.220698263742,0.06092456825742522
14335.579153943374,0.061151293939953714
14307.89266866528,0.06123841638885233
14474.00633335451,0.060856856107268494
15191.597825113515,0.05940865426912097
15885.8194417428,0.058089786888956295
16332.327740690123,0.05731915977233823
16424.050220065674,0.05717281853384173
16229.005569949128,0.05748833272261752
16007.45029742327,0.057903266844708055
15684.084766353162,0.05847246283987999
15593.181179016548,0.0586768373413891
15436.304103033635,0.05895980805617005
15342.921458802797,0.059192420131514586
15100.152257201575,0.059594464841497795
15082.013767568818,0.05959357215772736
15102.104660459396,0.05956572665949317
15303.92380495605,0.05918246697459296
15453.602324618885,0.0589129972901757
15446.532612450877,0.05890299663076108
15478.471490399055,0.05884290788067988
15413.990340737802,0.058964660254739266
15260.15787977609,0.05927309734790537
15096.265292616037,0.05957107770826518
14958.905533302812,0.05984633128365665
14762.93607791663,0.06023936238658085
14833.631213599083,0.06010098062107931
14692.824545657193,0.06037565979814072
14532.906847304457,0.060707250349172986
14584.808851313792,0.060625084679772734
14537.77270314209,0.06068798046680891
14537.044268738495,0.060647419725355624
14596.601927402206,0.06058782447408542
14571.022066179587,0.060616763715660694
14509.74961206381,0.060780664826976145
14506.919881948608,0.06076184666394699
14486.937539245308,0.060877377856003445
14571.500420811726,0.06068146172338892
14786.614245229166,0.06018494494174741
15457.987760976495,0.05884810196572404
16041.272677491172,0.05779670069309345
16370.694987964716,0.057251061005952085
16337.58024782723,0.05730430024745191
16228.310372511374,0.057471073728742036
15960.577396329078,0.057963898003627154
15718.260460702866,0.058365911037305714
15547.256454756101,0.05872097645862576
15411.01188245287,0.05899777605582455
15269.135860350932,0.059274986122364225
15141.53240671074,0.059510564682238344
15152.796966200674,0.059449954303697414
15306.87047824046,0.05915661808511628
15390.209186618125,0.05899142628394832
15498.62568138805,0.05878966764909205
15624.116372833118,0.05858928482976459
15578.577733497623,0.058663045088054575
15451.351122473397,0.05890350722108372
15399.235902594619,0.0590222114038195
15153.514830206737,0.05947591390630111
15070.46307828906,0.05964338367781027
14956.163084286096,0.059853279396738436
14812.119474804347,0.06015481468896092
14811.046174792202,0.06014790383955697
14839.438220155094,0.06010371281978952
14718.698704480727,0.060350747971578356
14691.298904257565,0.06041149872026365
14667.041689865517,0.06042893517003194
14769.571947286739,0.06027228527004916
14759.01172487685,0.06029886815826923
14754.833339177296,0.06029034527060843
14798.035041372921,0.06020804401163528
15319.059857981776,0.0591953570875179
16010.501170542966,0.05785839292862044
16445.294804349254,0.057148668454888876
16563.95575059817,0.05692387646993338
16521.132808695063,0.05701983774752438
16417.85381111054,0.05718782542741919
16174.484662956096,0.05761234735380246
15909.011646001405,0.05810044382350924
15707.026592157506,0.058441882406638716
15606.602897621025,0.058650890844040585
15386.055425473478,0.05903998068096596
15332.03545774133,0.059139372867738814
15505.456824334706,0.05882561977048692
15561.022909600519,0.058658281335149345
15729.98658817985,0.058371314902332376
15799.264274661396,0.058260459061094796
15801.658013862449,0.058287060045263656
15867.097823987491,0.05813299978523756
15755.108175035655,0.058343154931577774
15564.136790192153,0.05868966508375006
15375.663155384596,0.05904137084587286
15352.905990637106,0.05911177588700368
15273.881644928792,0.05926896665917793
15172.2399016654,0.05943965345392903
15206.543897512629,0.05938546994492912
15128.27459779085,0.05956303369542821
15117.632301615997,0.059541344414042775
15160.736428816665,0.05948852659930667
15060.19054229286,0.059666554578648064
15125.399592209747,0.05954205579418392
15086.855688656326,0.05963318434697952
15038.047652087213,0.05971896001661757
15226.024453592192,0.05932580276647
15922.392504223948,0.05802787572576838
16555.458588445657,0.0569352600046117
16804.467392713563,0.05658151592094592
16841.55729700572,0.05649072807511961
16786.548750311325,0.0565935953458552
16543.920232505225,0.05697235024592476
16301.769501717803,0.057409307015125685
16168.663072275722,0.057646671952974404
16070.917716174812,0.057783876466581695
15966.647856336172,0.058002262877350684
15806.034086975931,0.058250126536368255
15719.312136892388,0.05841067018744463
15784.957119358372,0.05827300663586479
15984.841365602231,0.05793967552675966
16152.632913172307,0.057675898872224664
16192.300090987657,0.05760746023294204
16150.211408133142,0.05768268914443761
16040.126581732871,0.05784740881826363
15996.173695117597,0.057932027982279026
15896.658084418612,0.05810930462580694
15783.91035840102,0.05830683502164884
15617.342503243695,0.05862789656199023
15614.889886332905,0.05863354503955774
15638.575023875039,0.058625928292174376
15538.009387493907,0.0587853283200366
15554.880362065425,0.0587526996947639
15533.396894862464,0.05878671997986439
15516.58997314171,0.058810038415519995
15505.671972034943,0.05885409836391143
15543.426638662666,0.05880696232970052
15493.551522397474,0.05888810514293212
15677.262962189157,0.05851626522402256
16299.151400235854,0.05741974084840692
16922.330990545834,0.05639087284442372
17117.547498132557,0.056098491648154086
17087.53335870022,0.05614184479238388
16985.98802071423,0.05630345365475745
16764.59785014686,0.05663780871594058
16694.340622879445,0.056768361888826564
16552.540036667833,0.05698532760629808
16476.399854233885,0.05715716059000589
16382.982197259207,0.057304851336189545
16142.908060950336,0.0576769211145296
16252.575906663815,0.05749082754165462
16320.074113905182,0.05737811098599423
16410.38937778961,0.0571785049898938
16444.212127471143,0.0571486632205572
16411.679758867806,0.05723535259055403
16349.17700781892,0.057291631607673275
16389.741498542146,0.057262605634374845
16339.772382651861,0.05730874164136244
16237.60861891655,0.057511682445539176
16114.389081056435,0.05775148692206901
16008.681494456609,0.057896620089246426
15843.63483451696,0.0582106076667493
15838.950426909436,0.058209007125057506
15871.48535620415,0.058188210746042024
15809.683052770377,0.05828522754201118
15865.586037605499,0.058185575404172914
15802.814562297897,0.05826514759648357
15772.141407323546,0.0583315173173931
15686.741787947078,0.05851217747408972
15777.019340990513,0.05830741775632177
16020.680198138169,0.057910676457597704
16573.060031857316,0.05694153611533424
17071.30663652851,0.05610962179206516
17176.369340479072,0.05596160390051201
17115.997468684553,0.05605676512169038
17070.07781094776,0.05614343864927849
16888.211430885556,0.05645718009475704
16721.265740911025,0.05667480647727053
16608.720246712797,0.056894647906935734
16490.76585544406,0.057085966829128525
16411.09276050541,0.057243749752267446
16252.954583375784,0.05744339940085336
16191.519049044415,0.05756583041212156
16217.951252079145,0.0575252728562517
16361.264080631336,0.05727739990383695
16349.091981651725,0.057265765627885275
16407.712306328773,0.05719518265905213
16409.415114059728,0.057184998258329435
16297.764784213618,0.05736429822754798
16204.527353706462,0.05750584707258724
16138.38522849623,0.05769291265742857
16018.51723789993,0.0578712520416327
15822.407404769598,0.058202331145741276
15732.453081177942,0.058354465766255435
15771.624529741655,0.05829926728442834
15813.035015097907,0.0582241280309661
15800.403878468676,0.05824170667968187
15763.219884167682,0.058283164686375254
15701.15943369465,0.05843596053087208
15661.642897395393,0.0584578408248141
15665.900179914592,0.05843602878766706
15664.00925016771,0.05846146820155843
15620.375161465534,0.05852733370351802
15764.721699223397,0.05828504498030872
16186.610692655893,0.05751246962317647
16589.850634081205,0.056834921346113766
16839.723542740703,0.05644496835486321
16858.28834811317,0.0564156611751439
16787.909661830352,0.05653106144714213
16701.529277187346,0.05669781520244677
16515.635054650058,0.05701392402409527
16359.656497105878,0.05724329788261565
16180.8951941951,0.05755506046073667
16120.22940204781,0.057631239173637876
15952.233491742114,0.057932311173869856
15902.124421885477,0.058005563074261336
16079.748635470396,0.057724136120107954
16220.601274785291,0.057447293819606025
16262.769740775144,0.057376217445193306
16314.065769267041,0.05730401442574228
16270.183297743388,0.05736278140950391
16210.204167645086,0.057459357336325304
16114.739124382657,0.05762994572675384
15984.041734798264,0.05784674551747303
15890.797811639786,0.05801483060515225
15803.64052200955,0.058149189984609766
15742.968185218791,0.05826588419951053
15704.129835528256,0.058336613963212255
15643.405646999798,0.058455840766047734
15715.603875092285,0.05832310984399773
15712.870574137381,0.05833882364100563
15703.706748941562,0.058380993732928946
15684.030128705504,0.05836237266750669
15598.185225419647,0.058529240914129525
15613.951922501872,0.058504373213080337
15697.55697093832,0.05835793428880471
15841.301912105322,0.05809549980576822
16216.087388279675,0.05743099545815294
16533.351408822145,0.05689133739872856
16789.254008450753,0.056477228760609996
16771.993668165946,0.05651052731344791
16669.92715772047,0.0566885795186999
16579.389529465123,0.05682229595517979
16418.73861119153,0.05709377668000899
16349.307467219069,0.05718821890074348
16167.746222140302,0.05752501784798709
16060.152506021735,0.057708465365540695
15995.074114144842,0.05782169956075521
16039.057204411169,0.05775047187454906
16157.360236741479,0.057519275940323016
16215.572079498417,0.057446623416505305
16331.076395245123,0.0572530396972907
16230.225158299772,0.05744346635455913
16310.80831249292,0.05728828939449919
16236.19642477936,0.05740903186723651
16148.447694661781,0.057551425649681826
16055.432821352777,0.05773609926039481
15913.203487829298,0.057982705139452514
15760.10864241098,0.05825527370021605
15838.671088110985,0.058128825196686634
15830.155072046848,0.05811268184158772
15808.806421754245,0.058165668241300074
15810.382124669515,0.0581547016538037
15778.999320865336,0.05822507614102127
15779.264279494711,0.058227001195492484
15769.220788616412,0.058233311105326
15721.677155007246,0.05829673549334731
15682.800493039225,0.05837830021135484
15701.652226817074,0.05831692306125059
16007.192229354145,0.05777537193249769
16549.55352385415,0.05687482075014248
16771.872481798306,0.056518297512569086
16817.10626195886,0.05646541019259433
16775.62272059217,0.056556973399763406
16589.652023789826,0.05681984381328539
16533.500142172248,0.05690265517091206
16413.6199235821,0.05710940362020092
16307.77962074134,0.05732282648038118
16255.209842960927,0.05741904827004316
16108.879929257204,0.05766987442321461
16082.507461441606,0.05766621206414417
16146.848888163919,0.05758936544085821
16202.480072970404,0.05746851422493172
16289.98308070907,0.05732222900085781
16454.244054031584,0.05706354680471663
16439.7691224589,0.05710081118184337
16411.650355615544,0.0571299303227375
16167.07744295452,0.0575436206684275
16097.770323473422,0.05766776993589215
16035.324622652543,0.057746859432944844
16059.507330105283,0.05773299192186546
15958.480221006377,0.05790355361226109
15881.983058071592,0.05805876855773356
15902.587704675545,0.05802163609408147
15984.335771691884,0.05789479982028673
16043.954833153559,0.057788824027697666
15994.270131659865,0.057845123309036545
15784.496202380642,0.058194542303100144
15782.456530560847,0.05821765299354391
15861.758869909956,0.05805289635080047
15814.584081140923,0.05815123731256209
15858.924166781215,0.05810374285800409
16155.186684223085,0.057542566688206426
16576.3250603628,0.056836058084932445
16872.119541647837,0.05638267187884615
16935.89823893439,0.05629345449709079
16825.75154643794,0.05643290478283846
16614.784721901204,0.05678144090618406
16526.486024914342,0.05692355602165587
16505.790844720326,0.056951389425238044
16425.368108382583,0.05708217109221769
16396.62806690187,0.05717596316630588
16298.235619393612,0.05731526221166844
16254.519801113358,0.05736272237440302
16238.393918028842,0.057400983635020775
16338.414851805388,0.057226560543697486
16445.37331976361,0.05707502309833611
16509.843339451134,0.05698249170783358
16535.93564877063,0.05695144534359334
16434.819576620794,0.05706979103969264
16432.522864727543,0.05714148150456272
16351.08568817176,0.05725961844796725
16209.817210400626,0.057507030232996345
16112.261998996322,0.05761907118958269
16086.120073375529,0.05770866836298977
16112.49201011921,0.05763715905518291
16124.675028579886,0.05764543076180198
16048.738324965656,0.05775602958046815
16076.081126930905,0.05771540067835615
16059.1267583127,0.05773878986705479
16131.435817477073,0.05765801052616638
15975.773219030672,0.057908809973616374
16024.684206582695,0.05779340307178011
16047.159882282966,0.05778385090374179
16058.234370698592,0.057788093831390275
16110.807349546563,0.05767526693350095
16435.22300388502,0.05711173701571231
16887.71984505001,0.05634477108280869
17202.097305098217,0.05589863300308454
17258.32634983269,0.05579218662151281
17108.645026046164,0.056013860526246566
17043.666584317223,0.056158540785968616
16978.541985853884,0.05625709382150323
16892.415964805154,0.05640807311764381
16718.423255390462,0.05668255064946304
16616.607314658406,0.05682652080084968
16530.556499099057,0.05697443011270537
16521.060382585358,0.05697134146862854
16591.26366868976,0.056854994363217205
16746.744739088987,0.05663460939747575
16725.52374057624,0.05667642062084715
16671.515727198213,0.05674493286782322
16767.02127812171,0.056606445488932476
16809.720153886905,0.05655036003032108
16771.924959166685,0.05660834714619685
16652.488779499792,0.0567816891583029
16440.079180623343,0.05713246616330447
16336.514469829133,0.05729874799339322
16371.276630093103,0.057270933232781485
16432.303568854342,0.05717875563553784
16313.209941272497,0.05734761684833548
16329.071503773042,0.057329849666530645
16296.59775590998,0.057376858777875475
16365.892076146718,0.05725032577620685
16354.634478108977,0.057318520705365646
16279.191457671232,0.057411685755788915
16232.68126549497,0.057491558383809954
16274.270683710765,0.05745399406342217
16240.56304189364,0.05752836146220451
16247.200237160605,0.05744946152102224
16552.462863214438,0.05695878465967711
17046.67438223103,0.05617013566317514
17417.137747577468,0.0555932400884738
17384.272570913174,0.055660850654624686
17296.822217010777,0.0557878172390816
17118.882972516694,0.05606285817542128
17020.18058011053,0.05620496589212284
16965.661374858344,0.05633332906199572
16933.947443945963,0.056345255919800434
16834.06693558883,0.05650331032187848
16563.17654987641,0.056928646131197434
16400.80904020448,0.05719780330013265
16624.23484724196,0.05686638540198568
16671.6286812911,0.05676645906289408
16730.13130445274,0.05668911374837511
16767.68824997433,0.05660398122835853
16765.44620881693,0.05665716672599666
16761.926679568052,0.05664707680580453
16722.18412573397,0.056688355827030336
16595.481338325404,0.05690533964557262
16485.648027389176,0.05708371435700958
16431.687854905787,0.05719166028763683
16351.84307235036,0.05729942195790219
16289.132417545587,0.057413925491390766
16299.884375356474,0.05741361778625134
16309.821712413675,0.057409510547077124
16360.003540332385,0.057301262937901894
16356.102176374035,0.05730900402606444
16386.614827535148,0.05725822559669006
16240.191939197535,0.05750397246836808
16322.697563629466,0.057329914335652966
16362.203853230398,0.05730259128166394
16306.840622425085,0.057361197868883246
16432.60004919285,0.05717103654439195
16810.80426110139,0.056537204824426236
17263.479223173854,0.05588066282306788
17433.613968636462,0.055586761334685174
17526.406781187703,0.055459544703252595
17463.574118156805,0.05555975832566645
17282.74844748937,0.05587631082168376
17129.742924266473,0.05606121998046024
17020.78236326811,0.056230024176519386
16861.95725493615,0.05648445024869771
16674.516518260978,0.0567926116229189
16598.55448337124,0.05691373840475645
16638.5492931072,0.056883049716177324
16795.087362329792,0.05664540938881982
17054.442239566863,0.05622592313601642
17130.59748984349,0.05608827336590786
17077.91716507962,0.056172285785771575
17053.605891716983,0.05618975663768397
17034.93996701632,0.056237040429639326
16834.366703138905,0.05653036022928427
16739.049112287328,0.05664656449402537
16697.255784327917,0.05677093861689147
16634.83520182355,0.05686081066380321
16622.29646087203,0.05687011183462076
16551.04179598163,0.05699470561536489
16575.37647772887,0.056951786691002204
16464.767767781505,0.05710495006773592
16509.97811930147,0.05707847800884835
16498.790623446916,0.057057823535075984
16534.71059147335,0.05703389572031488
16449.892719051317,0.05714417068089487
16425.532597365534,0.05714703508094813
16383.388443808064,0.05723911818008569
16691.493869617567,0.05672560736552349
17274.18718924117,0.05584357159212347
17565.3339896029,0.05538633390135423
17604.434213861572,0.05535684740186066
17426.009218000676,0.05559615119314654
17383.653202504935,0.05569889594090238
17173.294796780065,0.05598587273200402
17146.344170078988,0.0560453669421052
17088.515311846215,0.05616140867560677
16950.34818005546,0.05635375189412102
16802.576781996093,0.05657912609444353
16685.932475401285,0.05674938104736897
16784.24739837727,0.05661933717698817
16857.18578444387,0.056515303451123336
17013.18251987514,0.05623163893458216
17121.85778540947,0.05608263724146473
17122.085989434432,0.056099843570477724
16986.99668667158,0.05631091601636188
16823.10431942388,0.056532940269914914
16745.979978933814,0.05666621070735825
16688.542410493505,0.05674588257660463
16617.007470759796,0.056889994352331726
16495.924711167052,0.057067771691759875
16503.505857206415,0.05705225394762611
16472.874588399784,0.05708676295094832
16516.941128457867,0.05701691264360783
16520.55549202404,0.05702158230791861
16579.45837661641,0.056924269743616314
16522.499591570755,0.05699927393246134
16411.739521977535,0.05719311147679772
16401.769118340344,0.05719084106978331
16401.242061332072,0.05716167088871208
16616.91744228653,0.05682647335907124
17065.17460898095,0.056110573366905926
17421.023123906303,0.055591906386583435
17509.919250230316,0.055469948331518214
17446.994182889575,0.055540133793761014
17318.648563225208,0.05572741725923762
17512.968377522393,0.055409398458382386
17371.267481735445,0.055636761761454004
17335.654904068775,0.05571174440854903
17187.703789134255,0.055873689774498435
17002.563646251725,0.05615181109037463
16880.94451676447,0.05633944947963166
17027.436715616834,0.056149798592270705
17099.56803673128,0.056005554187487684
17112.529317256052,0.055996568280815416
17072.609127559692,0.05608735628401301
17005.862486910133,0.05614702055982532
17071.74365404979,0.0560549518944844
17069.744855689856,0.05605239215188305
16997.96264822845,0.05613825013498725
16844.79171892439,0.05641138357115074
16729.286343860833,0.05657655427190836
16741.577864616524,0.056550767006008
16760.136128325168,0.056572979800107205
16690.69971897916,0.0566746284765595
16679.781578546015,0.05667846289666718
16669.09876406776,0.056692515625142194
16647.005001365756,0.056736707991747105
16605.10709149207,0.056787061003422006
16576.55384052136,0.056823152242740906
16722.380159336713,0.056606579360533996
16723.448226090062,0.05660884015514687
16705.094057579085,0.05663711441406542
16974.57745697606,0.05618473860814329
17477.736615486767,0.05542652951815834
17735.01793455957,0.05501875562199889
17718.418006390173,0.05505378568019319
17623.82199288364,0.05518747821905238
17541.999479221005,0.055301530614800004
17462.899325995182,0.05542375634625374
17337.7928454939,0.05562025194699329
17248.087252508052,0.055733670855130125
17083.191744196927,0.05602956099947143
16981.421852903975,0.05613831978328617
16885.839250418878,0.05630373726845164
16919.332220705186,0.056217328338693286
17029.676892588286,0.056109626511197046
17059.30778552494,0.05601835469734709
17077.341353019587,0.05601097341511955
17132.660785983793,0.055904439240076216
17092.05892402244,0.055976543579469074
17095.33733639518,0.05599543797006424
17066.182174298126,0.05605124423717116
16869.35719924211,0.056363478950309624
16860.823122736092,0.056367049983357016
16809.92745388841,0.05646263144403365
16824.93767814352,0.05644882519935831
16799.261947353956,0.05648375769795469
16889.86562516866,0.05634329184862076
16799.67520164216,0.056473450889911195
16818.47623566919,0.056438839328274384
16734.267203618838,0.05658317116683953
16765.658142020548,0.05655027269811445
16781.68953426226,0.0565020077574492
16696.25198939222,0.05662966003079777
16667.44734419489,0.056697188700078616
16769.62687788048,0.056512652206712206
17261.500478751444,0.055760954030460726
17677.011701411648,0.05512213339635918
17688.23200955677,0.05512415703785225
17721.990737709235,0.05508238649077951
17677.35827571349,0.0551442390074543
17618.922272432905,0.05520796121120399
17569.693799460256,0.05531562206976399
17373.064549149753,0.05560822288010498
17365.079330837067,0.05563061533206757
17188.224503269044,0.055896104957803554
17123.078812519656,0.05597636700940119
17051.53086173727,0.05607993932086798
17105.21906957119,0.05599753476794591
17207.43778567099,0.055832744609512985
17276.291569780384,0.055740020879392685
17300.48263807515,0.055714778927081675
17359.52601220215,0.055641291521256186
17265.109574257727,0.055757545317498984
17156.8437288943,0.05592499079505243
17087.992950693235,0.056060469030958036
16978.01399470304,0.056253158231946356
16983.385815922666,0.05619115162287647
17034.17929798883,0.05611421203985566
16837.20373175576,0.05644815679868119
16847.508812860247,0.05643831278044846
16827.535881143467,0.056463083964816675
16927.054020547315,0.0562839723601245
16896.491885116444,0.056350120471016965
16842.347699107046,0.05644021715608458
16738.71779733042,0.05660536290048613
16796.198939832284,0.05653309058603964
16703.233802523177,0.05667101824475483
16700.63657575766,0.056649290971459265
16687.597179582404,0.05669393809121555
17059.36027041798,0.05607847184257374
17524.14444345821,0.05538841770687184
17752.367247640675,0.055038629273597185
17717.05792439362,0.0550735449697614
17679.871053213395,0.05517668932064293
17664.36193918324,0.055191464920446576
17493.31237558986,0.05545157528058986
17400.464962250804,0.05557959624043408
17244.083750881655,0.05581724855419125
17097.80302923273,0.05602785252757417
16948.403525562426,0.05625620607431617
17013.173383859186,0.05618415970789414
17054.891580830914,0.05611903271848651
17097.736850479167,0.05602652788945378
17140.542426704564,0.05599109114697519
17203.759536811747,0.05590202293567928
17209.71521106603,0.05585006118143005
17169.990472828642,0.055905949454099345
17023.25334521781,0.05614616922901936
16853.93331362575,0.05643079096898426
16772.68727613741,0.056518321394027196
16765.090818599565,0.05656014374689939
16735.582656298677,0.05658962645593582
16667.503197279177,0.056735199360488514
16679.17106143983,0.05673247732277366
16664.88806820751,0.056748192760012854
16712.71865223069,0.056674794397259955
16672.541476052127,0.0567264906157255
16625.035043881333,0.056763969647076855
16649.291680870494,0.05677368127960244
16615.80615765278,0.05681659038468287
16611.243012095387,0.056799054354301215
16589.13325337069,0.05683664384504445
16779.03870721171,0.056514638361352
17176.961448641207,0.05588868508596249
17457.648095044995,0.05547042055389994
17632.298176545,0.05521723617365278
17633.433640312178,0.05522636392107003
17581.811858136432,0.055320254616488776
17414.609902009604,0.05556640980000636
17280.71338684062,0.05576494013324685
17149.878071152903,0.05596419728659831
17029.360540188372,0.056136469966425996
17021.579741687718,0.05617416119649949
16965.739647016795,0.056263451311239825
17022.02734297129,0.05618641719525886
17108.128822763123,0.05605049204092868
17116.899356768266,0.056005156193233215
17254.91484112259,0.055797346084632854
17244.599084802117,0.05584713177907787
17164.6506458982,0.05593978630740134
17091.28090818375,0.056074772348743855
16997.850520444845,0.056207518225279064
16875.96108795391,0.056386015602048305
16847.656698712348,0.056453287126495236
16801.288793926473,0.05653397519267553
16742.919938540785,0.05664501433664436
16659.709323609426,0.05677452072580024
16758.281576765836,0.05659923372235763
16803.98070748828,0.056553774058664665
16733.99150101463,0.05667077639472206
16753.080536184614,0.056623862750314245
16748.536973431826,0.05657406229083521
16714.977288358,0.05664719579980551
16639.23092640263,0.05675354759835371
16692.974610277444,0.05670599214973946
16969.91372373956,0.056246923913984344
17472.892711192253,0.05546016898075789
17659.212531063564,0.05522747770150674
17654.520043617344,0.0552403358895297
17623.203859682686,0.055241063125566904
17591.9048580205,0.055292878265568064
17571.916140865207,0.05533665859075739
17455.181295672886,0.05551694641672648
17343.519057876918,0.055708515692842867
17196.70351489149,0.05595119938261446
17066.431101193542,0.05610144689559049
17096.40353212912,0.05607257735486506
17163.105573258046,0.0559530642368415
17262.922613943847,0.055818600597414524
17217.151697622314,0.05589062813856616
17223.207105512458,0.05583910789154683
17297.876619731345,0.055765373538865126
17283.08990459409,0.05576474982160875
17223.975793675538,0.05589122510816509
17126.54687674846,0.05603321080988051
16922.781086260333,0.05632090380722357
16959.845757049174,0.05625997661505881
16881.503897252118,0.05640717725369645
16859.158641163085,0.056462291143838376
16787.59271885644,0.05656224859353142
16891.62453555189,0.056392258996902124
16942.476488236684,0.05634128156438294
16939.329598388707,0.05630640700757907
16876.889005585846,0.056400865993140044
16787.231107246527,0.056551494766817555
16789.99357009897,0.05656020007284062
16871.435726282954,0.05640427823715834
17016.296487358526,0.05616395534462039
17448.306190154515,0.05551451271507661
17757.773346799342,0.055036085266554034
17895.065683158467,0.05486130664336624
17846.327518841397,0.05494607552368735
17805.6769301984,0.054990496283805035
17708.974039038465,0.05516082035898506
17546.02531874018,0.05540986421414204
17360.206282163217,0.05569002647180199
17421.439675202073,0.055580368183671666
17340.4012550758,0.05569971535890281
17195.227224730173,0.05592271279947946
17107.393372241997,0.056044605097796546
17138.71158551356,0.05600914147830895
17268.40795150552,0.05581810143370616
17401.55088170053,0.05560515554347294
17364.106591928532,0.0556471221238383
17409.707293870113,0.05561037033144559
17266.48423961383,0.05580529471692895
17233.690386086844,0.05584550980232653
17116.161033972232,0.05605106530309573
17082.831600306203,0.056094893619398956
17084.11544031942,0.05610491319289688
17017.863190730914,0.05620094755551545
16953.975982979806,0.05628510058491818
17001.682726696414,0.05623256592055126
17012.55550307481,0.056236517061646826
17039.639028937676,0.05616262925022554
17104.54017907929,0.05608241857219901
17119.97177457727,0.056047841993279585
17090.21615054002,0.056096895022055386
16971.862826085668,0.05623438094585376
16937.482348688583,0.056314527232653115
17022.227208217384,0.05613824241341231
17311.51979284331,0.055700367553401645
17723.540930606716,0.05510456798670471
17897.845469229655,0.05483949527085317
17747.901649269636,0.055095405146343354
17732.30725941296,0.055101578758958776
17750.35997350978,0.05511320573727597
17552.702440419504,0.055384345338736735
17488.05024379722,0.05551840519269312
17403.804386099015,0.05560770760712708
17310.732195768047,0.05576091287335417
17186.547818749063,0.05596566895564478
17171.302484527052,0.055951009099793746
17248.924834240257,0.055850399948457446
17325.027302067574,0.055771162671961964
17372.66986052999,0.05565744254483088
17291.245015230263,0.055773645298637146
17411.979042939824,0.055629312787907524
17350.659904600885,0.055686513969245774
17282.74333481413,0.055776478644548044
17170.524650084837,0.05595819055235172
17106.547916476185,0.056085254123590784
17104.6758879812,0.056074057632678864
16992.140277423623,0.056250828701168785
16917.794054306996,0.0563867196849284
16957.359086042856,0.056295143134600045
17051.78920393234,0.05616070842345467
17043.076999630048,0.056154425398579774
17007.490935340593,0.05618422150122995
16910.15697089015,0.0563763853290836
16818.86783134025,0.05650974201088362
16846.297612204766,0.05647802922964607
16928.270504813638,0.05631811642408854
16903.524460123423,0.05639198887335508
16956.378906041573,0.05629671131950094
17179.284082887178,0.05594612832303631
17448.429535095125,0.055542513037819284
17685.20894325652,0.05522604018764067
17690.795686166628,0.05523776049466926
17618.788594047404,0.05533133609932034
17421.706634408132,0.055637117741781796
17315.663894451267,0.055747233405837086
17263.374899453767,0.055844093023864755
17238.62614006505,0.05586695499533208
17116.048055957137,0.05604733321527806
16993.11010185193,0.056245390841424735
16990.34824231791,0.056272555715601844
17024.76874647854,0.05619841832100334
17148.4938285599,0.05600574537444306
17299.876199912942,0.05577822613334526
17252.63753591669,0.055853000854056326
17236.257675169672,0.05587659135130163
17102.68996177263,0.05608755982108807
17001.964339259604,0.05622325193994164
16913.079151515587,0.05636646253179164
16876.513853828423,0.05642696657953406
16877.598799442454,0.056432183100923926
16834.537840867368,0.056514118730688276
16825.301216465265,0.056485392857382535
16717.666774359583,0.05667139933432552
16706.982784494943,0.05670796380767363
16798.55257430094,0.056557237853839364
16825.41051149158,0.05652908067046539
16841.169420776932,0.056493660391321164
16770.24611586396,0.05664439202397614
16638.146997071228,0.05681608627515276
16642.090337167196,0.05682845004993199
16745.307129893547,0.056639993599641614
17152.989196231236,0.05599855289797371
17483.810228105827,0.05549274715833478
17670.20045264451,0.05526447663196478
17567.145097796438,0.055367775024457354
17490.751928183723,0.05549256486724023
17403.25385458692,0.05565250103654077
17357.12582008871,0.05573534936128768
17360.1619589121,0.05570583526895546
17347.912044917306,0.055753702897773545
17179.251552779002,0.055999718602518
17009.242677428636,0.056235191280168156
17050.483414606926,0.0561791225549991
17165.14548688494,0.05604448425040876
17335.28699938567,0.05579332012747414
17309.544118358564,0.05579752115559312
17343.82192780718,0.05574474465663769
17410.06396093177,0.05567613934605588
17258.842903851848,0.0558656203307766
17216.190269003302,0.055934158597310414
17035.372882907697,0.05622683867592252
16974.2841601237,0.05630205792986758
16905.39469527274,0.056394883153210784
16949.6324598035,0.05632968190613139
16973.990996803903,0.05632825487643957
17045.571297911494,0.056220596748424286
17065.979572079537,0.0561764267188238
17049.189859170216,0.056206927910526686
17058.95554322899,0.056175062789370706
17048.74596553955,0.0562140156033676
16926.600829377163,0.05640765808932052
16937.22779661919,0.05636350721953521
17085.923145477653,0.05614990318591334
17329.852106157865,0.05578516919334553
17735.613664469674,0.0551668991210945
17788.205333080285,0.055092197128128254
17789.787122982263,0.05510970829892174
17790.805049166735,0.055112181872125195
17751.565484968734,0.05518241852093221
17695.79442019486,0.05524796482150705
17541.621857459162,0.05549583102418612
17483.733881681645,0.05553935380967115
17298.437426817458,0.05579669195197718
17231.88640093932,0.055944274478553394
17188.522259836747,0.05598659188679439
17268.268594416975,0.055863985049357405
17388.744852065112,0.05568983099028939
17402.38118235204,0.05565119055508706
17481.173017659024,0.05554966070150953
17423.022133800343,0.055620859783678096
17371.641936281212,0.05573102421760113
17334.75756422302,0.05575833349912477
17320.849711826177,0.055741409160250624
17179.112759999323,0.05602343801151331
17069.531471979015,0.05616915898639817
17013.09105007968,0.05623606404492437
17110.003178418432,0.05609436820499868
17294.967674086518,0.05583751283878553
17276.316281675936,0.05586268186384333
17199.207647698313,0.055963858084140866
17064.746968206142,0.05619217691095743
17007.768063017687,0.056263837002629095
17098.963851697765,0.056127005568593104
17066.05005474165,0.05616414134216318
17094.64101772284,0.05612328806051908
17182.402071219385,0.05599691549479313
17557.967920273517,0.05542695759288804
17815.6552771561,0.055045952950248576
18014.006134427385,0.0547822632260106
17960.215271567147,0.054889749048880165
17810.314393194898,0.055088431915287055
17781.68022098812,0.05510727388495263
17801.53366740349,0.05510625972925408
17765.42163505932,0.055147591702433
17681.376063439133,0.055285212350120926
17527.76845593716,0.055499583979708444
17482.639085483966,0.05556090087291766
17475.974958910178,0.05557050607831247
17503.380451630925,0.05552265311746384
17465.31801304332,0.055593896963009
17565.72103516412,0.05539866949419705
17572.318230304216,0.05541170374412376
17687.745180259673,0.055264026420893626
17669.578324968003,0.055278889143752404
17548.06252366574,0.055469409290213684
17360.38803110118,0.05572605987869844
17331.556738356216,0.055789457133304236
17335.52838623436,0.05576506799318898
17392.5560022139,0.055691546291661634
17307.9237099147,0.055815418091933536
17273.891448271486,0.05585362513314561
17211.1665532339,0.05594377952137743
17335.744781224676,0.05579187716661135
17385.186032911057,0.05569282605115433
17348.27275677084,0.05575505821946706
17297.60481324068,0.055853490017298425
17204.18559263568,0.055947093977238425
17257.734952837214,0.05586448770729946
17437.229999030376,0.05561393320853258
17883.093733586153,0.05496516269814656
18074.061774129772,0.054693014575886885
17985.252908076258,0.054856730809097094
17918.682829418594,0.0549339990559775
17958.038574045127,0.05491497237401356
17942.421280232134,0.05490819386349302
17883.18659866316,0.054991912865649785
17704.20568889713,0.055240652562305044
17651.809645258185,0.055313536621760605
17580.013261597323,0.0554332392613303
17573.081083639034,0.055416488429345684
17603.79838237214,0.05539137523519961
17607.797739269092,0.055369651725704294
17550.512741590363,0.055458126253254254
17593.566316280085,0.055398422196633115
17622.44415538897,0.05535260292865442
17692.800398408548,0.0552871963425703
17708.53937535699,0.05523562787863091
17598.489693471915,0.05536149901566766
17459.485544881576,0.05558632747797434
17268.19586042193,0.055880605254897714
17311.682295386825,0.05580913678747614
17368.441103234425,0.05573038997955783
17358.26442263567,0.05574643580228671
17405.25493621857,0.05566086474799446
17343.014928089946,0.05574095902857033
17260.778016968437,0.05588871638188612
17289.304305458136,0.05587514656613398
17128.43943339717,0.05606750959203096
17140.97729428635,0.05606218378648889
17094.55113819075,0.05616609032837889
17171.844678274334,0.056042854499918915
17311.060209344974,0.05579746058571681
17721.608061494804,0.055195663049453114
17940.217776373014,0.05490061326616316
17945.143984664814,0.054901296535997596
17956.717926531284,0.054886340372051125
17828.85260809542,0.055086333923866214
17787.011005903718,0.055148582550541204
17697.264280035797,0.05524270676909413
17707.456073740614,0.05523769932944846
17544.178357459412,0.05545671244216839
17439.65483115841,0.05564005931700542
17289.02525510302,0.055876833518948475
17318.92778583956,0.055839091675046186
17360.954395259585,0.055733021678882645
17453.102493269216,0.05558763437535268
17524.770207844354,0.05548959682270296
17479.981792206465,0.05556368247097944
17349.070164047047,0.05577020572408726
17280.129329591655,0.05583690957953565
17284.15954570497,0.05587539568437162
17224.385857693487,0.05591966116155066
17137.813932824,0.05605971338301848
17032.169605713014,0.056243833747967015
16954.512312232382,0.05634903564376712
16997.37705774166,0.05630598159588965
17066.292548885973,0.05619848371568929
17034.885723321102,0.05624027882756615
16969.79748605136,0.056339759062737534
17034.108729094038,0.05621899236223933
17074.51347093625,0.05617535283054478
17011.612631903874,0.05629017089672794
17019.485321662305,0.05626834825891719
17011.713423630677,0.05625804504310945
17305.950024380647,0.05583174653512867
17624.995662646783,0.055342747699502516
17765.736921013675,0.0551532631926587
17814.904485326082,0.05504883459426133
17649.292883497765,0.05532012856378232
17556.884633822923,0.05548993850315041
17443.313374505102,0.05564421105762044
17273.841899825842,0.055886744269345805
17188.27147507627,0.056026306872302305
17111.787584159774,0.05614698439896774
17060.855756805697,0.056205236425598715
16965.51850591921,0.05632031193401138
17032.115022810834,0.05625511699151366
17056.639706266393,0.056195766239015704
17111.574751422177,0.056124774819015365
17159.71977830516,0.05607073332705765
17217.378916648693,0.05592221838408621
17152.67409385892,0.056036044712638275
17130.467332966444,0.056105053216134404
17072.101832702763,0.05618163372976036
16928.148136294287,0.05638887024176078
16880.991416744815,0.056494263119070624
16885.282325522247,0.056456327324920764
16826.254239225385,0.05652663740897443
16841.953307698466,0.05653830142697502
16888.675155159395,0.05646127335254808
16880.187157362176,0.056474223040201214
16802.415857700977,0.05660083564401556
16807.035295561607,0.05659239957246917
16766.78186533559,0.056653498513909585
16733.830782302146,0.0567137898204828
16749.13667414879,0.05664408274692038
16867.354045571363,0.05646158723350701
17178.298856786852,0.05599516454138028
17451.413473260418,0.05559037020694278
17432.89986680906,0.055609256229901156
17487.246380485434,0.05556108083218054
17443.199009624677,0.05561825958941682
17402.246204677314,0.05569173518410522
17214.34296124327,0.055946877409324865
17120.456698826983,0.0560997672458862
17122.528736720673,0.05610988330233603
17101.81458059393,0.056139233984640574
16925.474186817177,0.05640931260697821
16909.722689312068,0.056436532798810536
16887.9250345314,0.05644959088954877
16989.72094838922,0.05628521373108703
17049.845315554932,0.056203284445039664
17123.390768459813,0.0560881707978949
17104.124712055942,0.05610037039753244
17031.08763715384,0.0562233807998828
16930.191346258034,0.056380695835138155
16785.97393186286,0.05662391620649248
16794.323978980585,0.056614949110567546
16828.02202528381,0.05656190810330039
16793.06225410292,0.056600546199562514
16743.029184491523,0.05668522702826932
16636.883900141518,0.056869073467002776
16653.946096456246,0.056841726166053735
16716.299217846987,0.056744561207254685
16711.927145944366,0.056776101063362366
16668.332840940435,0.05682204712945787
16617.129230793358,0.05687480474818914
16706.54362527909,0.056743802263958976
16776.091919900096,0.05663007946355278
16967.761307120498,0.05630459591783827
17293.690897530483,0.05578793654417838
17573.765361202193,0.05540443005954989
17709.068093470636,0.05522630628430108
17745.977695633574,0.05516032385634633
17709.199081717015,0.055209317418973725
17467.935376877747,0.05557742476882609
17395.816041278435,0.05569249297270966
17359.115520652354,0.05571909737145326
17347.697577529263,0.05573232904166245
17163.73143875296,0.0560464178839198
17020.786297887946,0.05625238594869668
16972.22186795344,0.05631764767289971
17096.510704663026,0.05612494520330619
17139.160792918934,0.05604317494442237
17185.903579417973,0.055995640365704126
17187.714793947376,0.055992734936863395
17115.18567155991,0.05609958503550374
17057.79744313213,0.05616254900822419
16997.954863288625,0.05627097240965195
16907.02327771601,0.056411306488516846
16808.793226686696,0.056596158319143455
16762.7085011895,0.056635437381076174
16590.680741518732,0.05692901440786632
16663.71053673611,0.05678099309092932
16671.043210537002,0.056819491849770115
16649.74506461157,0.05682494042585362
16619.9830433491,0.05691619383596045
16575.57492305095,0.056959990718533034
16574.305982126043,0.05696683900592665
16470.882392712352,0.05711542812362357
16455.430604715362,0.05712849906383088
16512.9759910101,0.05705496029904026
16678.731640025147,0.05677131432389567
17137.321621354513,0.05601936400258891
17457.564988037913,0.055549320668875295
17555.92170568383,0.05541962619781738
17574.520114868825,0.05538798389167873
17479.22888584258,0.055542901090555596
17294.04730910932,0.05582660794691826
17097.201199255873,0.05612632652472787
17066.02306007129,0.05615529671876396
17116.530817618546,0.05612330833895924
16998.47483367906,0.05628969101311599
16801.54304689299,0.05657686032651319
16774.164132018093,0.05665015020253746
16897.08500969299,0.0564574798653504
16987.04717728596,0.05630180239914774
17033.72026564728,0.05619987606366333
17071.46156994383,0.05617052211007179
16921.377296595147,0.05640124472379667
16881.590395330382,0.05645536072291395
16806.195576924612,0.056616483958364716
16703.213005654274,0.05677940373973811
16540.15070292828,0.057027926550486475
16528.149514292083,0.057053211637332735
16421.899822344403,0.057225806696825796
16429.012874717395,0.05718827277517968
16446.700004380185,0.05717091077998342
16332.793250772595,0.05735602104434801
16308.9926629985,0.05739784454612716
16287.626687195216,0.05746340475945644
16273.994627298529,0.05743363129010719
16218.74154570655,0.057526991419725414
16235.370929130766,0.057535367163693556
16155.941965151726,0.05763945344950881
16260.366266513813,0.05749021097363173
16703.35731238738,0.05671690495560685
17190.27464364871,0.055955783779818934
17396.86801590271,0.055634440455677114
17434.195311656305,0.05562866241108869
17308.490521868815,0.05580569214551323
17213.16917583076,0.05595155729581891
17114.581497629468,0.056100786307251016
16871.0577387449,0.056482252341731806
16746.445197078923,0.05669933301336213
16560.179423629444,0.056983407852001414
16449.16642151783,0.057172292367242784
16476.211150436313,0.05712228068289016
16499.452814516597,0.057058022188699146
16626.659546658233,0.05686199899046511
16729.89514665057,0.056705336271256526
16754.660987596733,0.05665405382701873
16721.00262526231,0.056706526826127854
16676.08360690478,0.05677778898827904
16573.100140817136,0.056933979771440324
16400.69401725805,0.05721642401694249
16320.794335069615,0.05737171588293588
16150.184241746016,0.057691263755494
16081.769560335513,0.05781549579154903
16098.295239941222,0.05773138898217
16133.831996227907,0.057664025074102974
16182.16932614804,0.05762499541452653
16048.534651604718,0.05781666020994841
15917.808786464853,0.058076154194848184
16016.240825792473,0.05790916493188705
15893.717453002298,0.05812569792395145
15901.043016244128,0.05809041066215382
15911.560123762381,0.05805451692077125
16262.916217082946,0.05741914750477345
16840.79560583845,0.0564962741152854
17274.691879254242,0.0558282173350878
17318.765837281037,0.05573256904245017
17268.710722603962,0.055857050715846145
17171.225893339033,0.056013319444133354
17047.20405741416,0.0561938180651753
16812.887478690915,0.05657265975528068
16593.967608068197,0.05692116794240264
16431.558115580647,0.057213304251978195
16347.745365332792,0.057337213134571914
16302.071145511412,0.05741840979675558
16366.81898877388,0.057321994033586815
16390.886583440442,0.05726462267929745
16502.86932096693,0.05707079062124524
16614.979768739886,0.05686445460222105
16730.589562874527,0.056726573929614145
16610.48939632456,0.05683594592606766
16433.09249275343,0.05718298127765064
16229.342139436087,0.05755568543019502
16165.866692562588,0.05761310569601495
16204.185233762155,0.057571539410054405
16148.767293734665,0.0576728240877214
15980.651923509891,0.0579583747998769
15847.9623315987,0.05818310960214995
15872.48907665867,0.05814386663614199
15951.382419494159,0.05801179938039308
15846.58702849044,0.05818204196440679
15895.393071333428,0.05811656106740483
15836.26837795096,0.05824164661125189
15755.579616996858,0.05837361790270401
15912.828119370175,0.05807846075141146
16423.9864014518,0.0572034700661711
16992.847051004974,0.05623773964836795
17402.542269740312,0.055636749077837805
17428.027670835792,0.055578747550939944
17320.742487209744,0.055716931509196294
17012.445824367194,0.056240775125973745
16822.597448796627,0.05654770066093372
16714.533958855976,0.05672638058385398
16597.590374724434,0.056931390170997666
16406.803299505606,0.05722609292957843
16211.580300043835,0.057549513783257865
16175.655181999227,0.05761718038324372
16270.374712473282,0.05745466766261906
16372.478196497052,0.05728219165764697
16507.074726063438,0.057053228044927955
16507.530458874433,0.057041185931968906
16527.112738159085,0.0570209945723695
16430.835719623905,0.05716171603466947
16347.601304890373,0.05729596482889591
16248.290392427672,0.05747737147727845
16050.013569872952,0.05782839980808264
15854.93091654503,0.058155485326794855
15776.985651842533,0.05832178393601313
15798.207602634264,0.05825368424297116
15814.370351748854,0.058260958183168336
15807.63336974128,0.05824827501919117
15750.989862672666,0.05839350227839079
15731.037939150912,0.05839489775685499
15583.209230988865,0.05866903884440911
15651.162798579822,0.05852409326106338
15818.734323733463,0.05828433647735029
16163.365310391411,0.05763411959754503
16923.66899986942,0.05638179611626506
17277.025502563774,0.05578368301480364
17294.966347390684,0.0557839968091882
17251.25364308051,0.05585671934085811
17191.763926386302,0.05598011826362993
16994.107614883837,0.05627152540231229
16798.522066712518,0.05659997240426219
16571.296030769463,0.0569391733506545
16410.088606663212,0.05723640529644807
16247.227480132635,0.05750053943992018
16186.801126766886,0.05760178711608218
16304.94177019693,0.057395213208790055
16352.500468566577,0.057321190122219014
16459.017923876327,0.057129572608290866
16395.60394486771,0.057219355149314456
16478.96670503296,0.05709868447976204
16518.403191515834,0.05702640089333802
16383.81330499928,0.05725995887181106
16282.7237933755,0.05743520893356672
16076.244904744932,0.05776382949836671
15842.554949890142,0.058210392217933254
15818.441398860055,0.058232165706863535
15757.113716335585,0.05834355241795203
15773.327199475714,0.05832630370301026
15766.670870005659,0.058344091996335
15702.802225892134,0.05847319071922606
15623.682139081186,0.05860122697081865
15687.178394246655,0.05846478368126906
15602.164453693758,0.058645383300478526
15645.36240433206,0.05856681676869298
15852.731321944122,0.058165821524977575
16535.290487250244,0.05697563087131911
17081.751387958684,0.056111586684261694
17287.53689170805,0.055801422741404746
17167.22031236189,0.05597912232058009
17132.25670630108,0.05604461076404018
16981.963750570936,0.05629485323695928
16799.46004004038,0.056580460580706905
16615.441675791022,0.056868791871763254
16454.0867441862,0.057152093536343304
16340.664863629358,0.057358250730748475
16221.945972760266,0.057532518273173926
16179.73972639197,0.057623985379266836
16270.671533605324,0.05747580734703849
16386.17225197326,0.05726499396951445
16399.703379251645,0.057260806656174425
16563.57318508921,0.05694280123580489
16583.581916949166,0.056923434895099684
16421.663502407846,0.0571969405884094
16252.249145104528,0.05745589480601714
16037.010788175285,0.05782779412201328
15936.167909055066,0.05805682582085268
15943.368695220854,0.05804902562965826
15840.026845432829,0.05825297579388336
15843.830198614562,0.058228449167377495
15715.148399293972,0.05845404545851338
15747.078186892717,0.058387885046748474
15757.140774701133,0.05839291738434878
15670.077105655631,0.058531178480311294
15560.264252137671,0.05869257554741774
15556.900358945404,0.05870287845943812
15600.193790486983,0.05865709056673418
16046.84663297184,0.05785987491021188
16659.267813071336,0.05679225482483741
17091.121835053647,0.05608473846856295
17300.811183001035,0.055766515869135606
17206.88432357713,0.055929077767840944
17118.212821488964,0.05607218537038963
16818.212599068665,0.05656689271162667
16658.878407551987,0.05681808162539652
16511.160648231238,0.057086127909971224
16357.843023921108,0.05735963485358196
16251.9836632732,0.05752749687309032
16127.92735570747,0.05772288730406818
16087.93979107554,0.05778727350481612
16208.967308930478,0.057572880029670356
16333.63118815586,0.05731534446667603
16442.173364176386,0.05717589806437336
16408.06664367261,0.05721556195122974
16289.149989712838,0.057398507950391066
16313.048573259804,0.057393898250409456
16273.134636456241,0.05744075892560802
16119.70591773842,0.057736011662711785
15928.945967096613,0.05803544474833885
15827.107327588086,0.05824482359748464
15768.395684583238,0.058348403025312655
15751.685836675453,0.05838398083177097
15782.323632058266,0.05833323925184751
15714.796275081684,0.05843890184351295
15636.25240723722,0.05860798484489319
15577.63243866386,0.058708104627509576
15530.309089661858,0.05879765088494973
15586.523529013733,0.05867516509765075
15761.682588654134,0.058366595633899086
16150.475885946216,0.05764820385795238
16740.543020199773,0.056666819577097516
17061.264256486116,0.05613285149234944
17109.528804554488,0.056063580926447885
16956.03327759177,0.056299335549178646
16824.843485688347,0.056522285772678225
16586.58193661103,0.05692080937603775
16364.038715914241,0.05728101913832714
16196.703737462443,0.057554622972068675
16092.318578006485,0.057737068237470414
15922.67415712446,0.05803212677960985
15981.972696676321,0.057946070336413684
16033.340766340189,0.057824432051579555
16130.705490135526,0.057653853650309096
16338.341302684163,0.057325066223382494
16410.45999872553,0.057177809147322914
16370.285857650599,0.0572669401658418
16296.664157309744,0.0573816930401608
16148.929683211152,0.05763586959968401
16002.507374690347,0.05789897210338505
15797.275553544969,0.05824513217323956
15793.866973199354,0.05826891780917131
15682.09495023583,0.058449112203740064
15682.062527365108,0.05850468978061358
15694.525679078055,0.05842466212462876
15736.52338345712,0.058379165354550996
15672.051927464448,0.058475127336707934
15640.773710515228,0.05856005391889356
15664.897105292534,0.058511868570065705
15712.16981795554,0.058442121658611276
15868.744004024853,0.05813362403570904
16290.633566757224,0.05740660167525663
16738.46427741967,0.056630740183295745
17134.122074731447,0.055989197948179116
17183.049880527855,0.05591880054224368
17054.749848643245,0.05610135844654598
16921.1186476869,0.056350062136237146
16700.587335623695,0.056687634174819715
16541.497779284993,0.056940526617640326
16415.435369363204,0.05717213229359082
16281.56906483063,0.05741359986387707
16143.760333309712,0.05762638417843532
16036.714933970683,0.05781922454425479
16158.766840459342,0.05759500334283824
16366.277794951659,0.057235597734044234
16547.186894906765,0.056961061856050425
16525.790014361875,0.056948041081805206
16438.9811289158,0.05708347681399675
16435.54782593181,0.05710949690253586
16349.722673619457,0.05724336648666731
16207.11261666674,0.05746488895243638
16058.732481352014,0.057715009550624224
15854.774594072363,0.058097206121211956
15848.381637795612,0.058083391141101594
15881.968034918513,0.0580706251732809
15856.992018128884,0.058113571959020435
15814.989982987678,0.05819288304917778
15783.343203532506,0.058265045685036314
15811.306784612538,0.05820070540236104
15779.081326633066,0.05825882277813178
15745.241295958258,0.058307765221365375
15988.298498422613,0.05786903661115248
16678.84720274545,0.05670323718585938
17038.705133027506,0.05608710907206483
17112.24804835457,0.055991578058748714
17043.73151499454,0.05609405737519631
16923.768627155176,0.05627653001286551
16831.23823085306,0.05645388206022336
16700.865038553835,0.05667817972091497
16590.047264582412,0.05683016020706172
16419.476696497484,0.05709263045581779
16198.26417582566,0.05748019459565302
16106.785264275664,0.05763062601692765
16215.037044977937,0.057457842246724136
16336.988886753341,0.057244355498125024
16427.11259961071,0.05708151704515285
16471.85582686001,0.05704989814179408
16434.94672102245,0.057097257525528765
16433.29469529602,0.05708170060887829
16404.32099750345,0.05713265972926962
16214.76302722771,0.0574474646140043
16126.205585990794,0.05760678771118559
16041.781932585558,0.05775602041456193
15929.719553334911,0.05793738587792761
15908.71802665777,0.057999707702574836
15975.722610228016,0.057890696530492995
15962.206756872534,0.05792253242218241
16004.895005403074,0.05787060431321271
15990.425285435898,0.057853581340048525
15844.507008014602,0.0581356395409378
15828.541024043327,0.05812053593686198
15968.14819597313,0.05790005883551265
16390.146039730902,0.05719995183985072
16982.3038339334,0.05618024983995864
17224.632409124228,0.05581885778286834
17179.943731511506,0.05587196524516256
17147.274254590186,0.055946529942028096
17007.90242207873,0.05614662101843528
16914.319093874463,0.05629538878296901
16783.261538215505,0.05651616831285902
16679.18576572991,0.05668650364231943
16574.139943519367,0.0568696098499614
16445.470500752937,0.05707060879079819
16372.690124493258,0.05719795557514817
16377.218303009306,0.05716680152749749
16499.744131426072,0.056975497775892676
16590.533457275957,0.056817709809203566
16713.151914022324,0.05666474609133691
16666.513096375562,0.05671366658619008
16628.5714634648,0.0567728996257891
16489.605394242084,0.05702946322026461
16352.33542116956,0.057241864181741126
16274.835219711444,0.05735001508175162
16237.255983784238,0.05746447569686573
16197.244336646803,0.057538007630257286
16179.048310481052,0.05754884243277664
16163.31095395726,0.05759521993048413
16124.922547976315,0.05767677250467434
16103.759542078744,0.05764170783947209
16170.751490833394,0.057583315995320426
16104.211838239653,0.05770591068415309
16058.320022814003,0.0577312724662477
16022.475978361565,0.05780149854245386
16378.187252795313,0.057199243313981095
17020.667928526454,0.0561448122409436
17424.725864621938,0.05554011761781482
17400.493999842485,0.055584958469832496
17289.021475346053,0.055734309661539486
17160.47372794527,0.055946793313244855
17056.007849843365,0.05610206007229117
17000.643490648064,0.056180631759796554
16903.58998279406,0.05638128873253199
16864.89141701664,0.056390482018007136
16696.12824486393,0.05669984561857514
16510.55713798965,0.05698719865546597
16595.362932042142,0.056852001105298276
16683.787496331293,0.056687323797752785
16757.78812814593,0.05654907876251731
16850.066939063134,0.0564407705132546
16780.583371439086,0.05656609192159658
16713.20383597288,0.05664966115137879
16711.08072422368,0.0566346487942077
16634.729580773146,0.056794901614530095
16469.406871651314,0.05707420430762679
16368.434067008107,0.05720879869517043
16268.766301824075,0.05742273780003825
16307.960007415624,0.057341444166054426
16295.253668875086,0.057386737330996654
16325.973182267284,0.057330313158749424
16329.479611102297,0.05732855947275422
16328.043321390165,0.05732759727442223
16199.182993247046,0.05752065812854561
16222.175575115902,0.057492026877963724
16157.569730286425,0.05759639589500724
16210.164015139353,0.057525861285538236
16340.687930487991,0.057246073710757586
16845.542215728674,0.05645201378961403
17348.45458079555,0.05563184196044436
17487.375531808168,0.05543286008103913
17469.81963859571,0.05546665743522752
17406.384274133186,0.05559813277506419
17275.505047410956,0.055766111605158146
16987.90413955234,0.0562238579736386
16854.76246417635,0.05644337535904462
16842.150321028068,0.056455063668662396
16707.806833283168,0.056689412453482566
16643.02405084541,0.05678518109981937
16606.25334470503,0.05682377338776801
16587.13216099082,0.05683911597480818
16570.52634893597,0.05688179729174292
16662.556972767015,0.05672453764169339
16695.15438448697,0.05667998804250551
16720.749540582026,0.05663367596507521
16648.26717045884,0.056779126856473336
16519.78177934048,0.05696566880503371
16383.056736422846,0.05719746885462268
16269.891293094755,0.05740062564410609
16121.841264421028,0.05765618741000436
16086.643805153253,0.057711588224683884
16100.159271699695,0.057699279086329665
16126.340496800756,0.057614062748790384
16164.101970166143,0.05757523819511564
16038.385138995533,0.05778157964914132
16065.53887645988,0.05775337797661799
16000.209037657383,0.057855907386635146
15958.276209333608,0.057899875176703246
15956.552166135489,0.057919815250024174
15928.00174963376,0.05798791016907927
15950.800280966923,0.057919257151875854
16356.421918595075,0.05721794227665477
16986.320432589175,0.05619843165945865
17222.117617383417,0.05580221894873707
17341.42787297767,0.05565675394622049
17180.12924820621,0.05586608901505466
17057.44253835018,0.056110953889976556
16841.994070035744,0.056452327796062
16657.36814768761,0.0567302975301712
16516.276025013543,0.056970676300673095
16432.45427273719,0.05710292141359497
16342.569193273219,0.057259742190478205
16285.201462242025,0.057342483796928884
16363.73777672319,0.05722877953216815
16359.11212323956,0.05721319539109507
16411.580047781652,0.05712833976543087
16520.501450902662,0.05693866033718473
16561.779190073903,0.05685878217199748
16530.09253857377,0.05692208839857962
16371.63237873514,0.05720429605856486
16260.894662028086,0.05739274928334103
16145.81410225722,0.05758337492500211
16029.969742078265,0.05774258039114809
15970.22237839374,0.05791730259637712
15912.45925733766,0.05798879122012699
15864.665279211595,0.05809904066095253
15919.521604586484,0.057964428254114624
16014.07817464113,0.05782481188325307
15987.094089917,0.05788406923341756
15891.18335633831,0.058063419246347364
15750.633118857751,0.058268339626808004
15847.88514767419,0.05809484558249094
15841.039978218818,0.05811629162773137
16011.474144577203,0.05782440483856636
16437.073533195708,0.057089118736902845
16995.050324563505,0.05617806790050153
17180.09906281012,0.05588306798051886
17297.093495789522,0.055679037419036875
17224.859207193287,0.055810618030307506
17029.64449292059,0.056159894292589656
16828.166056733688,0.0564166315371718
16573.909060113932,0.056851621968039806
16325.051340403252,0.0572977318962902
16233.865477470159,0.05745147956073484
16280.345180175176,0.05736680627102742
16249.298093061238,0.057419787066897106
16290.188985806733,0.057360113668059404
16442.213230502093,0.05708764465132061
16523.46248233651,0.05693547463042787
16592.363547972403,0.056839332729740386
16549.50763183347,0.05690172521905005
16468.648694234656,0.05704476509092309
16344.594425992402,0.05724965147191336
16128.69994950912,0.05759967553668473
15971.957333059936,0.0578592872364767
15964.31630370684,0.05791685127693723
15924.275132209095,0.05799129395812732
15866.229662124277,0.058060641714150214
15954.187223905335,0.05796990080196198
15918.970209899158,0.05797494029430359
15910.861877826977,0.05802701442749723
15875.620377629553,0.058077660575783556
15869.159318184262,0.05810951024956371
15777.202216426587,0.0582768893426138
15752.811683534776,0.058309300629693375
15895.935549676304,0.058015319762995274
16414.56477852683,0.05712603721124203
16980.93648558205,0.05620225099991399
17227.331935503145,0.05576278687864649
17304.857069403904,0.055685438872772476
17286.173565968547,0.055748992940878754
17107.245944610124,0.05599796144292566
16882.653454239604,0.05636002288717219
16686.8320027287,0.05671183151343209
16549.260243353507,0.0569320961588739
16386.738473445763,0.05718167350284046
16251.692359314982,0.05744404400192104
16294.538186721446,0.05734042826263861
16306.761891400589,0.05733241653650416
16360.190037136521,0.05720860396951316
16472.81180018578,0.05702225619883769
16644.250357660345,0.056784992798169766
16611.792248634392,0.05678949814385467
16548.267934019128,0.05692728321883546
16511.91364840116,0.056974088209708736
16285.766342603398,0.05738508373116638
16034.69589334889,0.057760531652932566
16042.535702531766,0.05778803821236194
16042.580391995454,0.05775467593274891
15970.080617611593,0.057938430779324146
15917.877561872176,0.05798759745068863
15874.213506516446,0.058088253937212474
15837.010652305851,0.058141711239290204
15878.355704770614,0.05807353077623601
15921.251263726255,0.05802199633741707
15899.977704673496,0.05806820241077508
15883.615090381625,0.05806294826272136
15939.17946361494,0.05794909412610218
16489.89308927368,0.05697445160566587
17129.426973953756,0.05594607670507042
17469.00377992505,0.05545618960062596
17553.650134576055,0.05533956752010385
17400.066900702866,0.05560068828149707
17147.82715925606,0.055962004593753
16844.670620781715,0.0564470966120369
16787.880419310088,0.05656523302794075
16755.171885828095,0.05660967818694373
16505.68440633027,0.05700596553479313
16395.61677743655,0.05717244254279054
16404.397739757565,0.057146474714995996
16334.726251734077,0.05726737936472055
16567.886484128456,0.05687853387172998
16757.548380776127,0.056585273556158874
16754.50326243056,0.05658278903091743
16662.73220133723,0.05673723288335446
16574.561466890416,0.056844097048840504
16502.3638555683,0.05700492526863261
16463.666506167887,0.05706767664673294
16308.19503083807,0.05729775711423792
16197.654154855429,0.05756592603699892
16197.080252717775,0.05754076687553813
16043.742316416232,0.05779162385831668
16044.82843202587,0.057829942126087414
16103.922720039262,0.05771429581756807
16131.463225473923,0.05767207202702042
16035.426197842971,0.05784577102166205
15993.534746502506,0.05791113494499522
15930.282591363242,0.058011097023057116
15842.063209005868,0.05814150476174682
16171.148471525194,0.0575535994228324
16889.148981725786,0.05637434103831854
17437.995242867793,0.05552629306303651
17611.615012342372,0.055272937405384595
17523.780628446006,0.05537624161847666
17470.938513461042,0.05549266721018594
17287.37468166831,0.055755780145789746
17196.07392808357,0.05589968786515534
16952.65072359563,0.056308643776755554
16742.957583031417,0.05661024890350253
16612.147403975105,0.05682840534926329
16525.353110522734,0.05696871211157753
16552.41937539164,0.05692136013289941
16599.818037698475,0.05682924833072691
16660.5170365719,0.05673429652526098
16872.717796463905,0.05637892383312774
16930.934341190212,0.05631294878398586
16911.84114569096,0.05634192971410633
16765.26600058883,0.05657842682169451
16710.30941518842,0.056677353127519904
16503.27871274253,0.05701621404070291
16440.6706997035,0.05710188539645024
16345.131354929767,0.05730870235617637
16203.243842852005,0.057530542231925115
16239.346917731706,0.057469305717418005
16288.786015881971,0.0574147431183771
16173.400651550586,0.0576054979959025
16153.237605812707,0.05761351687608874
16081.717957278524,0.057734319117480254
16088.064178988896,0.05775260052920294
16039.24290298756,0.05782920124986376
16065.73998583575,0.05779179419083835
16234.078912599094,0.05747098863222687
16891.301683153237,0.056377969395424145
17407.839694049155,0.05556566107864968
17537.44882470437,0.055393540465951484
17575.402780014745,0.05531537823841813
17598.278683899905,0.05531663404069321
17411.05094922967,0.055611584565726735
17085.991411177256,0.05610781859072975
16912.363229088704,0.05637415766551741
16827.19539270807,0.056497950983785586
16819.918509665364,0.05654130797572453
16736.733526836066,0.056649238142995245
16683.70636869701,0.05672509642088825
16584.76479352799,0.05684751735632675
16715.625007462964,0.05661585616498429
16908.53532334956,0.05631598278252262
17014.554980365825,0.05619391429712167
16882.723951740896,0.0563603982552651
16719.16771056183,0.056627816383045274
16649.79673416109,0.056755986467477634
16540.58260951893,0.05692506231221491
16433.85377382158,0.05711108826537856
16415.278902165468,0.05718375246032258
16314.251711775836,0.05733811785653423
16282.704422180374,0.057360234715244644
16337.627315741018,0.057330829983903625
16271.731851986917,0.05742117979582765
16293.966335574682,0.05740741486280347
16186.29251646321,0.057561709030219524
16195.719061275033,0.05756263477437564
16220.935127432194,0.05749505194533344
16256.233415482187,0.05742836308438249
16410.17191747149,0.05716626023614603
16857.433116074968,0.05642498842860318
17364.194473310108,0.05562953003370793
17572.798125232406,0.05530650564154142
17601.822849951215,0.05529674771531828
17507.681502603315,0.05542048270536701
17245.18172759231,0.05581730716856202
17071.639517816584,0.05608831562492497
16931.6816731868,0.056317650409266284
16755.694125656286,0.05657550905029952
16655.62707662531,0.0567891896774273
16613.52797164693,0.056824781867099466
16580.815618304234,0.05687437581435066
16737.55287567316,0.05659949861082276
16871.70994611305,0.05637613011789057
17011.203569545763,0.056176533464600116
17001.67684622768,0.056189216515882906
16957.5008401574,0.05625598995524759
16968.886237909097,0.05627183861677984
16809.102164028784,0.05649108283375752
16677.470779405317,0.05672035534255942
16430.759783220576,0.05709735780828844
16500.704718555666,0.0570254380173766
16485.76971879799,0.05705835713776145
16476.73800337927,0.057064225620289656
16409.902090909294,0.05714558601701056
16393.31241564389,0.05723044230610294
16382.134783579757,0.057246317467937735
16397.53741119312,0.05719278773487356
16293.478027533016,0.05735770947607642
16339.695341127946,0.057329087439458214
16401.64085112895,0.057159462357954834
16789.458093254878,0.05653347601319874
17373.320899002993,0.055608801942160044
17713.3310622397,0.05512286706237944
17666.05187212426,0.05516597152092928
17643.244322506194,0.05522520369335251
17529.48370905,0.05540725197791708
17319.403273294654,0.055705515375868965
17183.853879117545,0.055967415389492965
16945.03088421141,0.056288389999813115
16884.81602514777,0.05636684105663412
16740.506580438276,0.05662200848347773
16744.08744504921,0.05661093559882224
16836.467760111027,0.05649468243310789
16903.221164621023,0.05633275318044334
17040.446779968206,0.056130395579933164
17150.06510782072,0.0559841763323735
17145.95747269661,0.055980684983822804
16979.377599393378,0.05623416003920009
16891.686013706254,0.056399557157159184
16863.87486728246,0.056413505397380326
16796.270729003358,0.05652496783894692
16681.279624017596,0.05671422320271388
16566.333183951483,0.05691998909465074
16487.736221686122,0.05704393135478886
16555.129088893776,0.05691517093405483
16514.471268191217,0.056987271574437524
16517.96598926967,0.05699708985132977
16531.350267603168,0.05698631545986741
16480.987072672742,0.05704933832071794
16441.65220773576,0.057115704493898745
16532.217455845508,0.05693166778578414
16824.734970718644,0.056490200356088684
17393.52211390008,0.055593595033589696
17759.64604127857,0.055005895410988014
17852.57816454728,0.05489526177864352
17785.60206865624,0.055006977794625773
17621.016017253263,0.055226338095589
17575.908907443627,0.05532123159926177
17429.55066301527,0.055519223125046153
17301.990315659714,0.055754149856651475
17147.636357496423,0.056010281692752704
17065.571126110808,0.05609444040655151
16955.90929926086,0.056257476226671446
17054.680155089583,0.05609401460619522
17154.585054648887,0.05596855205667742
17204.396879745676,0.05591261811747216
17196.402727185887,0.05589858138730961
17255.006891124907,0.05581000291508595
17290.264119397063,0.05575704191546631
17176.385739769405,0.05595696240724634
17054.98215246545,0.05609049915938001
17031.73543861004,0.05617564364682797
16854.12604338515,0.05641143916420139
16780.17692810348,0.05653935020577384
16784.674749090067,0.05654454440478534
16874.733972500053,0.0564309256342861
16821.994151527884,0.05650565792660268
16802.223821259733,0.056551237857990995
16690.697786575627,0.05671609780578589
16813.558879909273,0.0565074454030697
16731.343438348875,0.05660456050378578
16858.6464104646,0.05642852474398511
17032.803084216932,0.05613236718834846
17382.51218513207,0.055546537431613696
17700.53015988569,0.055091768080114054
17780.519442822697,0.05498258051698355
17692.553944555857,0.05511722422978264
17545.88542885912,0.05531190213740154
17446.76126291356,0.05550897006391078
17344.8564716423,0.055651372392698954
17213.726996866317,0.05584739279433041
17100.46221835178,0.05599742371695008
16974.264490324113,0.056223185819415274
17021.69781941374,0.05611773913260686
17070.647582891568,0.05606810791225587
17123.273411105874,0.0559711992282662
17140.049757390807,0.055957106806643696
17118.276364122125,0.05599101815335002
17210.080758436045,0.055833421583934256
17178.25914503024,0.05588877964446594
17102.82931331962,0.0560112271779136
16909.757706971537,0.05630721149634784
16790.203925130518,0.05649179765918631
16794.038842660182,0.05647594687460373
16772.936545654244,0.0565301397300567
16818.02758930192,0.056448252712767696
16724.171442373114,0.05658377659508659
16734.068669558914,0.05658015998039212
16714.139557046336,0.05661318340877159
16686.076353474553,0.056658921324503064
16758.190972080192,0.05654731976311031
16652.58123682837,0.05670392354529294
16680.579525252484,0.05668014998157556
16715.11345079623,0.05660413262155565
16908.638500038844,0.05630709909381496
17288.228628272114,0.05572394780974114
17641.847807882088,0.05517927042187278
17721.277657563656,0.0550347263718661
17707.224814854395,0.05511250384274487
17604.953561612274,0.055259444547723614
17475.143588761493,0.05545530103808211
17365.00898090209,0.055625643152933724
17284.629404470983,0.05572075036087479
17272.978643647446,0.05573532714613394
17138.748341820323,0.05596265104186115
17145.93690293594,0.055923228407976686
17037.878502963526,0.056094304426049346
17060.5079000059,0.05606106456613405
17073.334675242353,0.05605913485398349
17115.28775852589,0.05598396810658815
17233.51987195369,0.055801865630787414
17162.452601637273,0.05593547979904224
17045.266392960795,0.05613597620876717
16914.516140468233,0.05632030352188868
16924.697067644356,0.056300309336431535
16879.630342632423,0.05637024106297698
16862.285526322197,0.05641095270336835
16730.345511614072,0.05662201818917623
16609.748517728214,0.0568073016609441
16710.371061420632,0.05665642102789186
16759.28839896683,0.056537231139274995
16752.171417920923,0.05653661147536112
16744.774918889692,0.056593496912680195
16570.545599355613,0.05685016891421966
16607.791995605625,0.056827060507703184
16589.513904923497,0.05681093212800475
16554.22024870701,0.05688128290747741
16777.82114306426,0.05654000468010183
17204.183083077867,0.055852653968649135
17606.5612167857,0.055228789527894416
17659.25574585364,0.055171055363920155
17590.542050587508,0.05528885122763105
17471.002634895915,0.055458297409655445
17501.17595872519,0.05542937080248651
17283.75713809149,0.05570454053298884
17160.383890757144,0.055923896547805295
17102.356564886795,0.056002752732271455
16978.651426416098,0.05619455880059246
16890.90277114165,0.056327044334578844
16926.77486676069,0.056293464387787706
17052.408634448195,0.05609102688989444
17145.35826188502,0.05594916960138607
17064.130754404825,0.05607523567117956
17059.22854615904,0.05608826896634346
17047.20953181097,0.05610188016448835
16957.3998038196,0.05621957248142126
16875.646748673655,0.05634712966132777
16730.263273177476,0.05658877622893122
16691.89370782571,0.05664031766634375
16545.66987497947,0.0569131239459758
16533.45111052079,0.05690918482781701
16530.513039363206,0.05692719109232
16549.360284989627,0.056891810956755676
16600.356165667392,0.05681971960999328
16607.395743432495,0.056791699528473176
16535.3194115309,0.05691195493468266
16541.12109571228,0.0569068032724152
16403.39290801799,0.05713813450734164
16420.02678119293,0.057102680024576705
16483.779822749042,0.057005194011812754
16721.700555101113,0.05662627967534828
17175.235913415116,0.05588392537450965
17451.56008192693,0.05546701354512553
17512.93968647588,0.05536573923272315
17438.61366024586,0.05549126989686722
17436.356101042376,0.05548934695115538
17373.242983382628,0.055594837747914655
17210.845037978852,0.05583758843992655
17091.0912013588,0.05605285967686614
16897.679822634127,0.056314177866329994
16833.17809862862,0.056465179848292545
16721.646545615167,0.05661065095650136
16761.96052414957,0.05655786601544936
16811.80584021242,0.05646066002267122
16941.676792257917,0.05626794172537531
17007.454268513884,0.05615549508124859
16994.53044219016,0.05619086541544882
16897.890121190394,0.056313452621237735
16844.048713132204,0.05639889000104744
16772.67685434199,0.05653227805686087
16651.261941610035,0.05675183171107628
16581.638781139085,0.056870216724746146
16431.645309874537,0.05709580316724835
16479.958964444086,0.057003257361391085
16470.441508579825,0.05704864982918461
16486.2970539043,0.057016913191386506
16464.033940196787,0.057059319246833655
16409.52811335914,0.057146997087737406
16387.226069226832,0.057171296580148134
16408.302763842974,0.05713108115136902
16324.45101227175,0.05727134843466313
16276.102236892228,0.05736866733106483
16313.891766790868,0.05728710465573307
16747.27636522785,0.056543239647324356
17194.385979837567,0.05584767611300598
17505.79144125199,0.05540507183439064
17565.41568779833,0.05528775571884713
17486.746816119652,0.055445056517146284
17386.84715113106,0.05556678128450555
17184.58459713214,0.05588267870534325
17044.325904224617,0.05612569475852136
16924.84604306341,0.05627395360620019
16921.389736632897,0.056277842789482765
16791.12924582444,0.05651827949492602
16750.620503886617,0.0565488965271516
16751.289862982365,0.056571580430572865
16788.207543175282,0.05648904723113691
16858.90247095154,0.056399802647256525
16893.143888389273,0.05632535795764518
16934.415345853835,0.056291029140904766
16886.526617438514,0.056346565694606277
16786.94858567343,0.0564860797105676
16666.148943975422,0.05672376494560047
16594.06312819163,0.05685910781139368
16451.473186865886,0.05706770128518986
16406.59513588365,0.057141813517599976
16381.243448697285,0.05720891367181441
16315.90276219619,0.057296791506956254
16345.472788044937,0.05723497510279384
16356.321033156335,0.05724673401446216
16271.817506472853,0.057382556584523715
16335.489040634018,0.05728431945740872
16368.258348639638,0.05721668603302125
16258.119945550037,0.05739532361775309
16284.138569773599,0.05735429132563516
16254.25949202183,0.057403257987679826
16676.681390952104,0.05666352240582826
17304.945292295415,0.05566421588816327
17576.676490831804,0.05529617110843391
17661.58754337459,0.055165172369960006
17492.885588800506,0.055380526545683664
17265.70157512655,0.05576445251564511
17110.13872575199,0.055991863474557584
17078.924271522843,0.05604732495699653
17009.95240310158,0.056149539484629946
16914.453645051257,0.05635404982649189
16723.263934434748,0.056624718459223976
16662.722218355888,0.056693035410161276
16579.359577712057,0.05681957726497208
16723.47574218407,0.05659589757485184
16805.794353996916,0.05647682239387591
16833.125571938777,0.0564122993218716
16831.56984239727,0.05641781745086844
16783.55772453672,0.056483650147559794
16760.823868830557,0.05654642256182845
16576.368548728187,0.05683898273598751
16430.425448568414,0.057063722101749315
16319.065786900674,0.057284549428882205
16263.434494579125,0.05739136872664312
16277.569745820654,0.05734651994674502
16262.919229136609,0.05738338429635006
16264.519410658339,0.05738354909273067
16239.384180932258,0.0574393186189158
16251.255677932826,0.05738692366124192
16272.381184287507,0.05736924666536335
16202.25516343781,0.057472169972759155
16149.00715571145,0.057584999700891606
16052.361472497396,0.0577582359825613
16010.62427934664,0.057789499243052336
16040.660958739798,0.0577644665289463
16666.289969659298,0.05666907478976204
17253.694238934502,0.05572650211971084
17510.556029978427,0.055380999429296855
17533.35160423763,0.055337661174942473
17397.289369258353,0.055533197140933424
17265.94758138439,0.05574249445428356
17013.104192729803,0.05614900730385868
16911.493490154986,0.056288909109382786
16876.915857168628,0.05636732710245427
16788.712917685403,0.05651479028828543
16672.25594383279,0.056682324922907285
16427.757904644805,0.05710795887662388
16427.669822025466,0.057089798194610165
16641.552032900767,0.05675061434543227
16796.454780866363,0.056493427307611525
16882.57495706316,0.056372728528515985
16741.115153731935,0.056565450742308857
16678.26535984855,0.056730146653083464
16581.508120342103,0.05688489159867467
16436.864396998702,0.05710344289702831
16274.526873199773,0.057376133165013415
16323.660050511235,0.05730068547077584
16184.803175991437,0.05753860359846097
16160.759644481517,0.057586168971850434
16103.801920905802,0.057718275298540594
16013.236612112354,0.05783015983162644
15968.775132008881,0.05791881041254776
16031.599243100965,0.05781991926465564
16111.985255752319,0.05766030563360215
16086.670907723088,0.057751857684174825
15974.559528917876,0.057904710498727134
15945.172879597945,0.0579843821662689
15875.767738333958,0.05805936535374494
15960.163785178574,0.057908340095154394
16494.757645984555,0.056950445782189246
17137.36706300754,0.05595156891671714
17326.6649403208,0.05565684372765626
17303.57556875237,0.05567808042749175
17269.53720903681,0.05574632019024428
17149.019591662138,0.055959853570719004
16947.416092808402,0.05631107687285245
16633.05006310528,0.056791445067359086
16551.310484784422,0.05692366298121864
16384.08483084396,0.05720071568056604
16233.234973522765,0.0574756032876876
16172.758804868154,0.057548416510923246
16349.848556991272,0.05725787433058837
16493.788842051246,0.057006416224789275
16640.26577232116,0.05675968008804957
16682.25800667341,0.056702373203605126
16690.06381496591,0.05667091971412004
16521.142970788802,0.056922884270827846
16444.65164783139,0.05705525280935343
16336.9753370199,0.0572657815902896
16158.324805535985,0.05756474857781153
15999.562320058212,0.05781138256793215
15941.530590683864,0.057935923043186704
15919.416653540526,0.05795818753391947
15937.502711859755,0.05796716686623495
15880.966040439516,0.058072704477551876
15932.969544768586,0.05797234604434889
15888.264091474537,0.05805704244828111
15775.014756699968,0.058265527794194936
15842.619990510471,0.05813562723241581
15780.947985314011,0.05824366049466729
15808.886905156378,0.05823742095235984
15792.15473490222,0.05825877281207027
16377.738993061475,0.057200352931724915
17012.667501269636,0.05613685589968592
17323.211410715307,0.05566471692798445
17351.024789761555,0.055614767721416526
17331.875465762543,0.055662022308447044
17152.168590196994,0.055951664047870595
16885.07176500546,0.05640091057366254
16663.591479836916,0.056734581997881825
16515.659491744416,0.05698694600447095
16302.27837433459,0.05737943748006582
16169.49281536155,0.057557129181220176
16127.763855221501,0.057656132891835424
16163.913698879842,0.05759283213138121
16354.2316923193,0.0572329548533743
16556.988238299473,0.05688089732002452
16589.286145043883,0.056849939182372515
16555.81127137497,0.05688124049828434
16567.421871716026,0.056879507309193535
16451.761416047855,0.05706492155280046
16225.864280580468,0.05745718048939862
16085.105052490762,0.05771605456720504
16060.284089406368,0.05775360685413833
15976.357934844908,0.05791817237006056
15851.836319941893,0.058144473530188506
15839.585867228076,0.05817986631297839
15809.25891835076,0.05822624073266914
15753.297483476566,0.058342871955454824
15792.708770190293,0.05827525950826537
15780.06492328915,0.05830877533236544
15834.86029727641,0.0581772620363673
15782.20462461132,0.05827848832940026
15834.697498279622,0.058185184479895874
16433.885981440962,0.057098336330602406
17183.51258970276,0.05589558607740312
17484.422564864133,0.055435097161328634
17440.531969429714,0.055502688005393576
17371.405373209625,0.055618108711277744
17125.852796293697,0.05598230456780636
16917.263889485894,0.05631732710721911
16749.117626776235,0.056619968135305704
16530.34476669496,0.05697150056682746
16425.71305310115,0.057155047608269775
16233.823368203977,0.05746629849214062
16157.314202724761,0.057581404417475036
16341.140411993967,0.05730435193144696
16546.944678134285,0.056956824240806836
16675.98936685713,0.05671347296067751
16708.829969953447,0.05664195285103544
16704.453347843908,0.05671283631481736
16568.816281185333,0.05690194274069564
16546.42229080237,0.056924897930573856
16426.532814462546,0.05715423459080261
16286.286144455016,0.057410861263010725
16155.102206143658,0.05762714794219555
16067.567199425432,0.05780710076524952
15980.01425398006,0.05795559761089791
15963.571985092589,0.05796727834947711
15971.403269557442,0.05795942813068786
15837.208170239297,0.05819998980213
15886.708053587212,0.058121018521535714
15873.919697188658,0.05811618781347117
15846.443719940791,0.058146848489829685
15823.542506028652,0.05817490352959756
16184.645980007797,0.05751086985822459
16879.113517678787,0.05633892109930249
17283.467997305044,0.05572297639383202
17408.55326649269,0.055530347431664684
17402.657112021137,0.055587938833546666
17242.05679409021,0.05584123870360022
17091.656020632527,0.056073653208490504
16871.416113026135,0.05640482270831834
16817.71402236641,0.05654628937981151
16594.496857363225,0.056859772947955085
16516.66171152591,0.05701623634087814
16277.188996521198,0.05739285360855955
16309.43567055354,0.05735339978071134
16532.786316585418,0.05696528865865532
16757.382604152972,0.056596349851147795
16805.424321883413,0.05654255660107985
16725.062137504585,0.05669873786739681
16656.26732431167,0.05675416145335447
16661.675649526787,0.05676386957568025
16552.135755877473,0.05692620856404239
16433.690744505726,0.05713637860989557
16286.065221752167,0.05741960157405614
16221.269847613245,0.057509548691793116
16162.456283050291,0.05761705190825619
16105.809161742087,0.05772987016396308
16146.190496817806,0.0576627072826662
16093.650078625484,0.057746466124112314
16119.375067857649,0.05767099703804802
16128.263993682165,0.05767450430313125
16123.814381031785,0.05770680254609171
16025.681468718878,0.05785960182350356
16170.53747808998,0.05760363985546098
16765.14462528688,0.05658294155055227
17415.70510599333,0.05558578243178212
17615.34027626904,0.05527617384507645
17640.622060371563,0.055226723137364646
17578.888868233284,0.0553245723575655
17378.836570197356,0.05565220816022198
17161.852559659987,0.055953971198528914
17016.10223070791,0.05617630185452254
16956.42726033943,0.0563365481229626
16820.076777197817,0.05653805631220007
16752.67655910931,0.056638291006506344
16581.055631104853,0.056906828108043594
16693.066866162433,0.05672595738467143
16864.244134116656,0.05644519244281521
16975.48704005994,0.05624844165155531
17057.655802883182,0.05612250148638282
17051.272523259046,0.05617057021762339
16830.464551385645,0.05646527180630269
16769.387855074416,0.05656892286535083
16676.81304257938,0.056724404712343496
16631.386474892453,0.056846426477817076
16510.555919613802,0.05701538196561223
16325.918462359376,0.05734033009315491
16292.848384245504,0.057418255999212645
16342.04003095614,0.057284327667216035
16479.274754826634,0.057079161172317795
16420.769018719493,0.057178918793521535
16351.908340074346,0.05731016779045739
16257.804567075325,0.05746706976799281
16284.158095611616,0.05742723778838045
16225.552646391481,0.05751443187130379
16522.463786515098,0.05700717942264346
17121.3420927486,0.05601556635471785
17609.39210091973,0.05529663528109966
17656.02794255219,0.05522589220596385
17618.746973753226,0.055260716325335135
17519.656267284816,0.05544529538447507
17342.47587474575,0.05572264465637532
17212.8359500096,0.05591450224997063
17051.739015871583,0.056145908741462136
16926.788381694056,0.056375366208036404
16737.014393340396,0.05664514525128632
16685.93641620727,0.056747936079070915
16707.761101882592,0.05670966654880841
16831.0310060115,0.05651299085290847
16954.897371876486,0.056300636196436785
16978.636351062396,0.0562437221839814
16956.440419679224,0.056256990737225336
16956.740337076793,0.05628467108505232
16917.12441386877,0.05632463486072261
16798.410077617722,0.05655253991838619
16695.87069766282,0.05671102424562299
16552.592344305525,0.056937817994442703
16439.104322150783,0.057114834996789675
16463.64836014476,0.057096082027100106
16425.69359235492,0.05716715296892874
16479.645362432988,0.05706347347483921
16433.748885031044,0.057166869438154924
16356.548942334328,0.05725854131926634
16345.61707247558,0.05731120630719661
16321.215966865799,0.057323573621043726
16362.608701837344,0.05726356763736287
16420.559786379097,0.057175755984023954
16667.687491923996,0.05677156152263585
17143.07997037745,0.056007089170247534
17541.211995998732,0.05539121764993384
17669.67054883052,0.05520465901488457
17560.512400873948,0.055341886699440124
17412.155579861013,0.05559603442442752
17107.18079775786,0.05603669543983953
16985.941921809706,0.056243605357875995
16920.830509563566,0.056337722082532106
16766.206170883404,0.056587430872627575
16615.403054940558,0.056831810212339115
16460.87177401697,0.057056780310377586
16539.15615569902,0.056904962860205105
16660.159727847637,0.05673933812340233
16761.552125042897,0.0565858477992041
16830.26751847338,0.05648086900275663
16754.273179040967,0.05663853254058559
16669.305745244346,0.05672402410757621
16587.746617207675,0.05687104406415642
16479.66680679865,0.05703031553066103
16409.38649670799,0.057172814458869646
16280.189816495595,0.057381432175584716
16277.184277021093,0.05743047992083964
16343.26161310018,0.057296297189678554
16314.079167883745,0.057353262021582405
16210.217795749168,0.057494081288087064
16204.608581800981,0.05751302419880386
16198.263758491219,0.05751333826088234
16223.675416358645,0.057509281865294117
16107.940735954982,0.0576618212442788
16196.978321559338,0.057561504568294765
16380.982546091715,0.05719838231179185
16827.430669633053,0.05643221272212433
17238.48767633168,0.05580737639639869
17344.216472171996,0.05566323053094232
17278.65776095584,0.05577350415271108
17256.11081465447,0.05584042755374505
17121.26718184632,0.05601139190477643
16874.984029480256,0.05638251104697383
16690.305873033776,0.05670083775284754
16509.96981660296,0.056965422824108165
16464.87438437609,0.0570756140596207
16420.555797134857,0.05715852449027963
16522.86251919616,0.05699293257507756
16577.35690413532,0.05690522210942983
16631.755882970247,0.056795341526794295
16637.561630449596,0.056777512267560566
16710.48045883538,0.05668465732621993
16567.721257172445,0.05693457161478899
16479.263044185493,0.05704566101468861
16440.564661478158,0.05709455596382132
16269.814125086985,0.05739380321230356
16085.667134756275,0.05771233931177292
16022.595370238623,0.057803845169411706
16033.077867148932,0.05782728531558351
16028.089872161336,0.057795094411844126
16070.552043910295,0.057788838076668216
15989.198295494078,0.05794769918917441
15922.896339515288,0.05801408187984082
15929.82079669049,0.05801114713829404
15869.421648803049,0.058105344176444904
15896.273545510425,0.058073869942732004
15972.555749983492,0.05789581311547064
16358.765855191547,0.05724340734794283
16899.770237261106,0.05635800029193751
17119.842721584067,0.05602328473515089
17103.3269601793,0.05603967356241499
16972.627634884888,0.056286364386777483
16791.23584832344,0.05654781595732043
16652.91703919477,0.056809099241155986
16460.0747814995,0.05710223315233991
16345.427969694529,0.05730958259660168
16183.060331636154,0.05757570164052254
16055.27151552272,0.05777872416466227
16033.354512193613,0.057826141884865366
16115.196154866784,0.05767723598335888
16228.231608188718,0.05749339208255897
16330.603432486516,0.05731256530606313
16313.959285519253,0.05736539189675161
16288.205527744698,0.057389836372488984
16240.383911911522,0.057492626446088
16102.008803580029,0.057722019378729054
15898.478768293591,0.05806568066445042
15689.433528603526,0.05842004894493346
15671.15780122703,0.058485823224217484
15650.22667453284,0.058504598980794194
15698.04169393829,0.05849548054371737
15650.307666256487,0.05852599795273106
16043.092545476491,0.05783314814035128
16325.732772014404,0.0572946309918604
15673.561843665226,0.05844326787314311
16688.52416140113,0.056714866147528076
16534.4739134757,0.05702634862190701
16871.255543387364,0.05645045530270585
15984.986729002758,0.05779036514708835
15259.324895268097,0.059016416259562346
15377.609426661451,0.05882207544391723
16779.884209263524,0.0564495011943257
17728.764980323962,0.05509927015954156
17503.525546073754,0.055373382374797
16564.63643149077,0.05679019908151856
15714.280690193786,0.05818396684975483
15694.24931678019,0.05822885776080638
15931.758002353003,0.057853019550651016
15801.83489604809,0.05812648787175193
15652.659454831737,0.058347627867011156
15011.715171617407,0.05950709225572357
14398.183077657923,0.06072022490186349
14504.290371897998,0.06049126620035557
14916.633861861788,0.059710655780762165
15180.989183331134,0.059281073361369986
15137.321296569344,0.05941792285224392
14993.266383200877,0.05966179093497178
14895.663800953716,0.05993912125163952
14891.935565058851,0.05995991787431678
14874.43150653953,0.060001025062905965
14704.649851190845,0.06036173626014834
14550.177572723242,0.060669640196484326
14265.959678851877,0.06123067044040003
14223.913636158964,0.061320752170351316
14424.31204612962,0.06091986499933092
14429.665126087244,0.06093946500044265
14373.021291453455,0.06110872875253029
14233.821167625303,0.061369430726162584
14099.945028246428,0.06165299215516576
14095.533687718991,0.06170463052603474
14107.259754726556,0.06168541182836431
14112.631728033435,0.061707897519298706
14079.011458097008,0.06173689321364091
14851.598636382383,0.06009467607721068
15940.070878848457,0.058034570586876444
16270.042368093207,0.05750427128258435
16157.965288190451,0.05768090268625655
15878.148770026797,0.05817049060211217
15706.45818331455,0.05847947892809265
15442.66356707763,0.058974051497337636
15166.39608047164,0.059507670097518006
14982.194231607134,0.05985693189631355
14672.839714011026,0.060478262405990725
14581.447160028947,0.06066986516572108
14475.543267623296,0.06091809542097085
14571.282464056816,0.06070747064347305
14676.388122563365,0.06048975302912655
14808.44928679049,0.06020714627596347
14961.399447477743,0.05993611668575946
14864.632709399531,0.06018594091835457
14720.604068312816,0.06040517018378643
14519.188851859644,0.06086032428711564
14387.940211725165,0.06111446032254559
14119.931999718541,0.06169177774119314
14066.070466415129,0.061810348443104055
13826.143492921909,0.06235010814133857
13799.487044810705,0.06244973949909926
13719.955631101757,0.06263457288300849
13696.01852736601,0.06266645697827107
13684.710190005839,0.06272835715460089
13670.754137478263,0.0627483809450913
13571.664037522172,0.06299773504015403
13427.5178341605,0.06338371218441699
13341.236776201335,0.0635384797034661
13246.007309600729,0.06375128812282846
13256.285208011635,0.063776002662178
13411.251283511021,0.06338444486254707
13956.400675649997,0.0620995030654068
15245.911923404525,0.05935667874035556
15795.669928093384,0.058348021338272334
15789.345306524976,0.05838145048601782
15550.383066330822,0.05882071927413316
15266.468884132639,0.05937813073341882
14970.690527335495,0.05996580342978363
14645.705022256087,0.06061974183012947
14383.403200370001,0.061151566822196905
13998.600012901898,0.06198159315815568
13707.422366745588,0.06262328457278481
13666.01181922584,0.0627695380066134
13709.826472679151,0.06267363585076283
13802.118244950007,0.062405677869843586
13985.714746877693,0.06206650268777201
13974.400009637717,0.062054967831582916
13970.259408261265,0.062057606399738514
13836.403636608418,0.062345308255747175
13608.111748126552,0.06291699379864882
13400.438271204146,0.06341031859630254
13140.200318420973,0.06404067209620948
12928.781857734983,0.06454544383623545
12705.401998840818,0.06513049558921473
12644.63569022454,0.06532762429773092
12492.177953341803,0.06578887776223988
12363.179907783253,0.06611394042695175
12412.180963814508,0.06597929394117792
12330.11474962424,0.06617047556226473
12200.474307427323,0.06656623954011737
12192.694968859967,0.06657600068348586
12017.268551633339,0.06713113303922105
11892.631964682538,0.06741405094370873
11825.44807402063,0.06764799679614092
11557.094321971816,0.06846331605393792
11548.810983884383,0.06845391086331527
11467.412577354778,0.06879293062944242
12317.324915837278,0.0662008774113375
14055.015330522405,0.061858080033717455
14708.615463003114,0.06044855551120871
14519.086601067927,0.06084516166260175
14279.291052112665,0.061365224637455106
13901.64608938244,0.062197075626461776
13498.378988524337,0.06314331655832045
13102.069428849203,0.06418798450628958
12688.749507708295,0.06526703352816529
12265.109457853645,0.06632959159775872
11974.591596607554,0.06717782676719233
11973.32756267709,0.0672039742751011
11954.330986015639,0.06733245339031735
12051.061524188155,0.06701222279661026
12227.572900035906,0.06648455587459405
12214.17450828423,0.06653939879139732
12259.76344245518,0.06638287006311082
12108.661019892017,0.06685158843740953
11781.589692311523,0.06779922510163744
11647.853390243581,0.06823432109426894
11318.54162751483,0.06923063465073946
11120.29676900314,0.06990735700197612
10784.125148229543,0.07107329622866992
10612.74764714389,0.071662839259985
10483.316102405744,0.07216823470333596
10305.615955155994,0.07290701596506068
10339.19732800197,0.07272995498627237
10301.592404751453,0.07290009083582527
10230.023720999698,0.07312356254816972
10045.65445690829,0.07383304874522723
9886.61671067353,0.07458214633187643
9800.447654920978,0.07491961272351814
9733.550603461827,0.07516879518356304
9477.616194177825,0.07628394195671497
9487.660627724965,0.07615854830246259
9489.789460608152,0.07619507860101205
10939.54357207958,0.07055095959209443
12789.122603164356,0.06488229955399069
13336.439753873212,0.06349866681239993
13044.689783824848,0.0642434004842948
12558.73145506618,0.06557759596962622
11985.52780690655,0.06723341438010268
11476.587541262712,0.06874962830358958
11187.90469202711,0.06966399402601982
10702.797360010842,0.07135397075496115
10301.160133609173,0.07281290502160018
9965.636289236534,0.07419020486784449
9746.881823763382,0.07512371153370379
9882.323062796035,0.07446182336487679
9899.203910875165,0.07439594220231842
9942.907924659383,0.07426855387304235
10003.243483217651,0.07404050501956498
9948.98655038268,0.07418316435675015
9835.87497379413,0.07466703044958167
9639.166807525633,0.07550138969198507
9327.840850793807,0.07682048788715469
9144.431227203439,0.07774247174033473
8989.273967110017,0.07849536095492816
8916.165434938592,0.07885571137135593
8726.242589245734,0.07977762734244324
8665.2250696763,0.08004974035565983
8500.334558207258,0.0809596290608499
8563.027225607386,0.08059745378273599
8349.003289609464,0.08179266502106772
8209.278177583365,0.08250793439645396
8219.773325815077,0.08241869594666872
8255.633955971474,0.08224100652444588
8180.970142861065,0.08262688578373939
8060.447426572658,0.08330518903001075
8130.540341182403,0.08296703715864018
7908.619269470303,0.0841793510799594
9120.626150232747,0.07777439183537418
11051.21109439459,0.0700879214572971
11591.787546675694,0.06833763778260747
11634.592264059303,0.06822098172338449
11163.251729630565,0.06980157179237167
10466.029229270498,0.07224034873883578
9978.743816454287,0.07409845209352514
9553.749658886009,0.0758592902236525
9069.145564971244,0.07807956188851499
8681.45206724781,0.07988772754753137
8309.670539014542,0.08192237627761553
8078.627806728791,0.08316449890048426
7992.117988636155,0.08367063980065538
7974.4024890604405,0.08370634777221837
8163.961902307397,0.08270163664053869
8021.610079875189,0.08348867923141601
7765.843968339299,0.08501439970834535
7760.93660628629,0.08507909716724954
7467.331017027618,0.08691000932620853
7668.337279683969,0.08564385877619944
7545.279989889339,0.08636261998227762
7267.952796478469,0.08812751610614254
7118.874507946225,0.08917471157489798
7094.279889534471,0.08921811346758318
7069.4648344957195,0.0895729116238712
6956.025542850047,0.09038647602845701
6918.686753991849,0.09059633653289209
6531.983194158816,0.09363547623194945
6708.709395995219,0.09206336192618116
6892.36113730332,0.0908145472500938
6567.8252928231595,0.09331909489414149
6437.28198543268,0.09428242269160252
6357.276161402189,0.09486478695874674
6413.155790315881,0.09452919172459494
6503.288481048728,0.0937880146596281
8774.648208329914,0.07938306059229569
9863.321952508126,0.07452556039210945
10014.25896279864,0.07394645759146551
9681.119377763682,0.07532657210964393
9028.153858123258,0.07829638068281024
8369.933586474022,0.0815579470896671
8002.536225130589,0.08364885486297277
7450.958726464511,0.086976160742803
7198.035926355013,0.08863831431637041
7071.883569528534,0.08948252726807955
6719.92512452936,0.09195246392437215
6473.13716264047,0.09391574314348371
6336.140562922719,0.09508008539481448
6154.54842726521,0.09665097370829706
6220.6497274116045,0.09601899263884472
6293.034552506949,0.09545129563218786
6143.770515758003,0.09674714592194562
5815.120393850854,0.09967553571262826
5710.362148055744,0.1006538707675273
5788.438039277625,0.0999348800065429
6044.41012358125,0.09748571347632728
6025.33438713045,0.09769120361189039
5859.355965468608,0.09930125893038738
5675.173193491587,0.10110989245124749
5506.192527352737,0.10260368825954291
5340.078604109364,0.10470194125862119
5385.661250514118,0.10391309047106671
5163.416776089445,0.1064191824369537
5217.724293788037,0.1058648457047747
5311.842849843774,0.10461570976782776
5269.841765390577,0.10531833398847541
5052.103433639252,0.1077394092167709
4939.201687382848,0.10906974676220497
5037.498680222673,0.10786421675116209
5690.510670080276,0.1008005801812913
7977.459661990273,0.0835566694518982
8406.115772932599,0.08123354666347571
8288.225500950653,0.08196655027913037
7683.074843929184,0.08554772789095365
6985.673767622575,0.09008216436551235
6385.302282461603,0.0947656012513803
6132.512376980417,0.0967705012840877
5814.170517331328,0.09953262116272343
5446.519359493644,0.10321921901743702
5431.320357013087,0.10346149152099575
5078.683123834073,0.10750368743046042
5124.723803778786,0.1068638052564935
5388.845701386879,0.1038079934151866
5668.514062874103,0.10102848726818796
5578.696542901508,0.10170967890936537
5077.044189934749,0.10733166416946811
5128.3228326452845,0.10667201187643101
5056.656078775033,0.10747173188249445
5205.880098455199,0.10576862110784081
5101.075711849407,0.1070878759164371
4743.563540987471,0.11135139191546511
4723.437469337821,0.1117568696636701
4883.441193119047,0.10949734652468704
4925.516695459153,0.1091022248841798
4864.105139239779,0.10990749642773276
4621.119210126509,0.11306224036878847
4564.791391772317,0.11388426500161429
4559.623270806584,0.11385697205890903
4651.187497409282,0.11253257699333537
4710.805837452643,0.11171578241405807
4429.275043854694,0.11561743127410233
4326.1500320545665,0.11720506250293462
4472.163560683699,0.11501310726266395
6903.900887448847,0.09063804506652762
7747.356580637221,0.08493512017179726
7394.26223602013,0.08722821953292506
6903.836997020627,0.09058704092642159
6514.990911675889,0.09357806441193427
5973.677411518095,0.09807575660779459
5727.295828188853,0.10032874833508224
5823.29564113527,0.09946256633414728
5540.783953737984,0.10236316439738352
4915.954489996504,0.10929252695313924
4948.483672426315,0.10894617493017014
4896.648525180698,0.10953761458223704
5094.564110048638,0.10722274843048886
5207.102096283724,0.10577594799772727
5192.135490890483,0.10590017151853141
5069.08575742245,0.1073985244781309
4886.97768137782,0.10959291772763478
4930.173571103495,0.10893902463463728
4834.10970433736,0.11035270416232265
4827.998279957015,0.11031836084325318
4525.785197095405,0.11443144170933417
4786.332104867656,0.11093092057434843
4973.768426493638,0.10858032735973898
4624.822535290742,0.11310818355188576
4634.864184043541,0.1128293534953866
4519.836765549342,0.11451933394834146
4526.879526609241,0.11426849387997554
4527.407283468658,0.1142256451864901
4552.662570690495,0.11385418774366775
4512.404319400799,0.11461635775678214
4562.5716799342845,0.11388173566120706
4583.171060548927,0.11339612783113977
7153.3741714099,0.08870579788708957
7944.929313431426,0.08369505499422061
7405.593312751118,0.08716465949209513
7162.538109175054,0.08871139267348647
6700.427748106916,0.09210621043901933
6192.085164098569,0.09599123863905677
5791.3603205935315,0.09975901425200939
5617.856588402487,0.10133131263433513
5386.920267837853,0.10391201495069448
5188.334760743364,0.10608772695508285
5193.112629937204,0.10596417767802582
5290.7311940577365,0.10481231330261974
5427.35168812631,0.10341440149561934
5464.396321758784,0.10297498494743869
5463.332508208219,0.1030624710138073
5417.897146593775,0.10347158145892331
5387.27408628751,0.1037909899863119
5066.5822364424075,0.10735442450985813
5374.494794944243,0.1039531446322407
5267.783911738357,0.10502942140172174
5060.124418882893,0.10772675125771831
5185.511889159776,0.10607257428817729
5275.320079156059,0.10512528707704012
5089.819798257874,0.10709811972164862
5132.037373309513,0.10661005534412585
5065.766769094306,0.10741329662340258
5146.815292377112,0.10646087819250949
5257.1035213819005,0.10515715038944722
5082.513442684123,0.10706081273207962
4854.559927946043,0.10981456959912311
4809.927803703562,0.11054431379340916
5106.614898612765,0.1067889213109423
7576.535499382024,0.08587216927141016
8476.596105798413,0.08079202620182072
8161.135236191875,0.08245483908724839
7639.177009681477,0.08560775725241823
7130.4499764863895,0.088847968568942
6733.424601762481,0.09175355342205982
6425.7425569494935,0.0941513865233102
6113.613787416344,0.09686807567354365
6179.755844203074,0.09618245178700664
6254.277600876342,0.09554014851440565
5814.101033560201,0.09937094672885914
5848.271053280784,0.09925859561992106
5842.1268144615715,0.09933481965107763
5719.427761816241,0.10050626740579648
5810.241068631904,0.09957426383804983
6013.472990591312,0.0976637087890354
6018.685132213449,0.09762317465576238
5722.45449924467,0.10053377901305485
5588.489824136654,0.10169990337428833
5612.976959639847,0.10146596483907003
5599.520679972214,0.10170448062613835
5467.8806517105095,0.1030541534870443
5829.775395879587,0.09940696121223308
5507.350665088901,0.10252256261338635
5637.7851875117085,0.10124048604340385
5805.747247115544,0.09968744047418263
6009.618624628706,0.09777794461029136
6217.40930316385,0.09568360128863783
5880.928853914084,0.09880256542101296
5658.231052451832,0.10090815822417562
5763.69585319197,0.09997668504668324
5744.578279914662,0.1001595092150511
7359.088423999544,0.08729793634001777
8241.914637146581,0.08195411427819482
8232.150070131038,0.08209540241172786
7984.222482473357,0.0834182137676635
7586.096902430362,0.08579060467124361
7022.185879517718,0.08956072465767585
6717.053104096177,0.09180913556949448
6774.5022388992575,0.09158290184756455
6584.0633315689465,0.09285729905351384
6696.767164922166,0.09195795654420309
6862.314987471649,0.09069720796491454
6944.976540344828,0.09016704126463594
6884.9375544221375,0.09048282678101058
6535.906920153514,0.09328295058100963
6516.691595606605,0.0933648272384014
6680.654602033731,0.09199346422618039
6746.322292871419,0.09169350614531982
6676.367027121306,0.0922048116920851
6698.336459268309,0.09202345641312129
6638.2592745613665,0.09229581623789873
6610.207358831229,0.09268130458409869
6714.809717563868,0.09196476907547807
6645.379285042138,0.09240250213308962
6540.38299737069,0.09320675811810922
6588.367010189813,0.09271725852740635
6677.87652281555,0.09213187967996832
6802.693241033731,0.09121883517396696
6790.193670098826,0.09127393575575192
6717.845872735455,0.0917181478454958
6619.498732000249,0.0926381998741332
6774.636589904093,0.09132595096256664
6700.596029539401,0.09179200686230557
8297.913769653487,0.081709878819719
8938.376393507764,0.07842331810151015
8817.979414918276,0.07900661606611843
8467.667271953113,0.08074444749247821
8211.682966920618,0.08223573255992404
7788.587984005159,0.08456786546966688
7579.8904404555615,0.0859302287616426
7548.463831449592,0.08612099883773619
7483.318921428327,0.086493009582501
7605.890307028053,0.08572022720953341
7690.65667074894,0.08512690116715359
7639.144433716715,0.08544653494190328
7567.974300436635,0.08596014890843877
7636.755983813003,0.08553968685473591
7623.40934237816,0.08553967194460899
7731.4383440552565,0.08491314647548745
7731.187211866412,0.08491405290665227
7601.50164543617,0.08577388839153974
7493.709603497173,0.08635554899875109
7399.045697226653,0.08695352329969663
7513.460845760201,0.08626693323828562
7467.129025181226,0.08660586960002489
7409.132257617552,0.08707826730360162
7494.473056703609,0.08643899785124451
7514.172183709932,0.08633469833839157
7543.943212837624,0.08615671606143294
7740.321700708905,0.0849767631176369
7594.392183279412,0.08572833709191748
7605.931759813323,0.08572219239216107
7640.330701542432,0.08540667397864142
7720.476222047793,0.08496159442692569
9095.508432147017,0.07767307258580369
9660.257935900103,0.07512911810678456
9621.13713830252,0.07536072280441154
9230.956584464266,0.07705404580430945
8960.641402479252,0.0783593960492084
8638.26604751819,0.08000546581220432
8474.838851303453,0.08070780338291957
8380.739447501994,0.08127398416873126
8393.684210187417,0.0811654158362828
8425.67115175809,0.08108176652605097
8473.903123438582,0.08078429460522384
8588.534455475901,0.08012319744911953
8633.12779872839,0.07999179437698156
8581.718524715494,0.0802051981486433
8549.269997760148,0.08034153332115565
8351.022472888313,0.08133776602460856
8426.760573472555,0.0810303138514619
8420.23331674382,0.08111897162574097
8285.319957915377,0.08174442602693721
8286.09705052656,0.0818713524988141
8311.292468093323,0.08159083116714638
8196.324031263202,0.08226196491004305
8238.453948770652,0.08203900989478605
8168.859895917963,0.08247986790347155
8169.381707321477,0.08233549283944012
8272.074932068723,0.0818902105577609
8338.110562669051,0.08154121135913002
8301.668673972423,0.08162957315809409
8094.156842606956,0.08282394460500436
8106.969837495045,0.08262520782754601
8978.404307109411,0.07817468046363639
10125.857612515087,0.07329519174376993
10318.995796555646,0.07258178505157332
10107.417584513585,0.07335869758484026
9636.10197126341,0.07530239281567841
9376.067728304213,0.0764647580608636
9120.682880483198,0.07760887587043526
8875.580111059777,0.07876379666198927
8793.445334514485,0.07915417134967614
8872.238619744081,0.0787252898551513
8900.344325751586,0.07859342229101526
8797.682322017588,0.0790944601713402
8817.126336934813,0.07897692278973768
8796.143548568349,0.07910997324174253
8751.530292408288,0.07930018791938725
8814.096994874228,0.07894584447751271
8651.955144276153,0.07980073988020808
8699.395619808432,0.07955409004369189
8666.413492871417,0.07971641244590069
8677.218612132529,0.07964426430731643
8674.638065145382,0.07972504320576632
8641.88482853252,0.07985316828854819
8600.657168125294,0.08009912160300765
8559.21952040247,0.08026163095519744
8568.62772957588,0.08024519586422532
8427.577694087677,0.08093003819692657
8413.774146626967,0.08101880032490229
8447.086017962616,0.0809718450200119
8468.508235816247,0.08073280696880468
8610.155225266868,0.07997047500315893
8530.438602155178,0.08037955624899418
8980.045974632068,0.07812231028692923
10218.888190364642,0.07291614543276943
10610.595230400544,0.07147622468720019
10415.59677352453,0.07220402012293363
10084.802899650384,0.07342761456431478
9798.503454585874,0.07454648981146098
9503.669479760887,0.07589509366859236
9366.70556318231,0.07642382894270723
9190.036324164363,0.0772118073624905
9157.257652776614,0.07742091450365009
9153.444102924255,0.07740896681073223
9131.914580638722,0.07749656146012823
9182.614821380137,0.07725439908596363
9217.798238949665,0.07713034270889196
9268.553604253199,0.07684368807884624
9082.931167618313,0.07767961380180141
9179.046739392252,0.07733416365031677
9155.395770057534,0.07734261731045931
9128.434063210028,0.07739757520689261
9117.946690062547,0.07754492755932252
9036.889950046118,0.07789432896931027
9096.74028022345,0.07763980486071011
9023.417257777248,0.07795122595357555
8961.398485931395,0.0782565736937214
8881.435337608315,0.0785912912278696
8906.132387750196,0.0785300542684239
8795.067854015171,0.07916542341690873
8848.420871835537,0.07876589596958483
9084.376122760586,0.07763402333476817
9134.623178477266,0.07740589471511197
9030.224178477165,0.07791659472655552
8953.12169914097,0.07819251610788323
8942.584206153408,0.07834678594651323
9041.053351430957,0.07781165764337546
10207.97689715746,0.07286114600341752
10581.127243689676,0.07153980283463857
10495.956449753317,0.07182580005419094
10133.55852771187,0.07319563825056653
9933.115319727289,0.07402338999831604
9705.147182514816,0.07492069587351426
9512.799263510718,0.07571257103582725
9404.27331284264,0.07615874821806158
9513.565791171864,0.07565822682985042
9563.051499589554,0.07555285287384211
9588.557602378512,0.07538184904051118
9564.263306530243,0.07548875056015833
9474.599484374132,0.07586417783395626
9398.839890471258,0.07618994783375815
9562.712404313717,0.07547765143350624
9504.464815452971,0.07561659209227906
9559.987245107148,0.07548050096148165
9377.117632555297,0.07626862149454217
9383.079407362127,0.07619687666083937
9283.704460071442,0.0767516827593249
9345.88302505384,0.07651524403363752
9243.648685383534,0.07695854151959099
9299.877557259151,0.07667332087386343
9297.775478265688,0.0766396628191427
9291.978093601389,0.07669571936442351
9174.80026170228,0.07719338492205283
9206.18454322486,0.07709088887044098
9209.29706142861,0.07705492938879661
9151.138787483036,0.0773159563063965
9205.173267409493,0.07708853686326339
9098.000404515353,0.0775601351572633
9095.169818186798,0.07754190924204661
9078.579895997389,0.0776737265317976
8924.621780540894,0.0783761247382711
9509.817728019345,0.07566244199033353
10215.368957838926,0.07283514749417631
10284.934559126048,0.07259085900608843
10217.906318539483,0.07284082192755084
9900.860888207912,0.07414944047133068
9801.034245710649,0.07454925142291416
9645.496568269029,0.07505812340582466
9628.877697261029,0.07520100773799361
9761.847880138044,0.07471468331351347
9719.944472704456,0.07482109480082978
9701.22730196128,0.07492692018345666
9661.937602878,0.07506389558488993
9557.607909369604,0.07549164388964705
9534.675308283571,0.0755899797293445
9510.179331302787,0.07567493564000032
9446.02585286099,0.07600596736553264
9482.440437996527,0.0758494310810926
9391.999960884918,0.07621997215025275
9359.18967237766,0.07631868850085323
9328.603904497782,0.07646738042737962
9282.390591871108,0.0767197268207386
9292.280503698728,0.07672844527363056
9222.206223432346,0.07702519135421944
9174.105725419939,0.07715748221286545
9147.932580028726,0.07730761739089147
9123.954331885176,0.07742272421257747
9036.132621671182,0.07776865073520746
8979.795777310432,0.07803094885640714
8966.753163772473,0.07816642356637858
9011.149155447423,0.07794308238215503
8982.814741110224,0.0780640583257683
8997.988671235544,0.07803637444788318
8965.63884998042,0.07809615382567406
8835.81233854982,0.07867924017614952
9244.474436588509,0.07681511948474738
9653.944104332582,0.07506692897214161
9670.600422575331,0.07506363585033377
9412.84583022878,0.07610241152712448
9162.412638913602,0.07713933535074426
9206.569385507897,0.07707941282497512
9196.325179495958,0.07711971485475995
9133.706583872921,0.07733624464034868
9004.19808901221,0.07793599915551808
9052.379866094303,0.07781504156685122
8928.267917673162,0.07830190036657074
8922.793221568845,0.07828167638785963
9008.832213838263,0.07790358883878641
8996.990943674056,0.07799590287041827
8729.15597572875,0.07922704240325634
8771.492409226885,0.07906871486718461
8621.782369860235,0.07976772853940736
8666.233125473032,0.07959709550022483
8666.8424776826,0.0795522937826594
8533.643441596758,0.08034797339238073
8403.953430198097,0.08092663232048106
8442.534786840306,0.08077011696819185
8406.471764332866,0.08087277523204339
8326.54030495871,0.08135097849007655
8306.526354416235,0.08147389943160664
8266.406749001799,0.08167172456194784
8136.229283194747,0.08233147748788769
8110.446143331959,0.08248701568255744
8272.267165906052,0.08159372580652612
8394.823649818603,0.08100450068579375
8241.651962158148,0.08171463311514962
8021.184665170692,0.08307305899088627
7981.489704616309,0.08321284119075815
7809.874949227237,0.08420649597608
7946.137987657326,0.08340673813635116
8513.812586283597,0.08030496239569616
8610.023226745336,0.0798260629798983
8431.888988312432,0.08074020087768495
8135.198587723979,0.08239691348455834
8172.056949806758,0.08216732802453916
8134.499355540667,0.08230282203919942
8007.703924947426,0.08315819668460711
8036.191815648328,0.08295052112295562
7935.321975220579,0.08344487991743339
7973.3671561341025,0.08335920425860217
7873.972483108172,0.08383165598843084
7862.330616474044,0.08381975549436292
7861.812743642199,0.08387299273810635
7927.968256335233,0.08348723792286147
7829.464965608104,0.08403155361129767
7643.768100867128,0.08518037805061567
7629.252197808234,0.08521966337797991
7656.498891131387,0.085101183384199
7547.624118969539,0.08574641346991191
7594.668818884505,0.08550264811905586
7471.888738114145,0.08630097166727357
7469.3025750893175,0.08636593957016174
7361.542614456276,0.0869173194962436
7500.5737404347,0.0860141030392816
7511.8199206039335,0.08601136588537518
7389.716445651081,0.08677997120479854
7241.218932509025,0.08776135360674621
7116.318414386321,0.08850412724942426
7175.241409213314,0.08823762681223835
7208.115273230062,0.08802221375202743
7238.879099070054,0.08781969706464346
7235.96729261887,0.08780480262125763
7054.862185980764,0.08896050687045756
7078.431084228963,0.08888795422574729
7108.066598860333,0.0886963985403167
6953.427096163659,0.08976668289831728
6964.0671744408555,0.08974018833034883
6887.460183212006,0.09024471507769041
6953.846804698743,0.08975174820588697
7036.887309028069,0.08920301315873007
7022.920361705922,0.0892390188118516
6860.633297915856,0.09048803303899502
6819.391731066795,0.09071636906917976
6882.612203548196,0.09031663135237612
6795.714706832324,0.0908764341161182
6813.303760900236,0.09072328324333467
6812.3134458101495,0.09075090846516018
6874.957411566008,0.09034311086450915
6700.113577129715,0.09174870745490335
6734.205708329551,0.0912981302093158
6660.177955098716,0.09189829772847344
6669.106918474437,0.09185659667388756
6694.865927629345,0.09161533587246795
6687.561053596628,0.09163817050814554
6677.122621484821,0.09170723660272294
6643.476769874749,0.09207274439376102
6659.176051811783,0.09183714440194228
6624.417825572247,0.09214226738637463
6625.231202826713,0.0921822824714691
6677.982140654353,0.09169039912627498
6366.43689946459,0.09417859313713565
6572.042189592454,0.09250093858072259
6797.156621353379,0.09076336258277665
6918.950590919687,0.08995041372560159
6803.790371358722,0.09080600845275569
6488.21491943579,0.0932046935157231
6560.752337483935,0.09263240184949484
6260.811741476249,0.09499368175199487
6370.477002560376,0.09416302565932315
6363.758941988088,0.0941080775449672
6420.7173558356935,0.09370394704540266
6318.1237684130965,0.09448025327563098
6276.386008657622,0.0948443592622764
6287.993048026121,0.09472066624879127
6300.380856743209,0.0945796205046373
6396.409293576182,0.09394306078749066
6279.1647254712725,0.09484303261148001
6236.578175566862,0.09525881835532175
6371.914236560485,0.09405666274813598
6533.073632740156,0.09272170056613353
6467.4019778872835,0.09317998243521339
6311.4412568356765,0.09453562273856583
6302.273943251993,0.09466844519068525
6200.041044319426,0.09567318691839491
6159.800319008523,0.09579348337327209
6187.562331313183,0.09557680634236511
6140.551314951749,0.0960334368733384
6169.061630653808,0.0957873427299058
6016.910186947985,0.09706496164847893
6091.8408695201415,0.09645533296767968
5904.940947633065,0.09806014887706922
5865.44669406224,0.098395462688696
6056.2753830658185,0.09672804193848783
6251.019463361141,0.09505439783413737
6447.483576996453,0.09335252909675461
6390.864229679322,0.09381645473796764
6111.011135710715,0.09625214441247432
5884.106838218636,0.09837348529583045
6020.781224109151,0.0969511229338162
6108.578015660974,0.09614880749958345
5808.200598653141,0.09878636207188943
5841.249875529202,0.09867602593661078
5813.431206123407,0.0988532910470416
5794.561343198151,0.09909862727251559
5823.29070097889,0.09894938740433491
5891.09019227319,0.09830578999117048
6091.259912670857,0.09639134376445152
6050.311812306622,0.09678787801888732
5977.319888038552,0.09744510738986843
5831.578141542722,0.09874497831425277
6028.447145143113,0.0970014914955804
5988.72122512513,0.0972868240859231
5852.276667867008,0.09856393851281105
5985.966163487483,0.09730036671881336
5915.11019453491,0.09803570067381295
5851.606505955439,0.09864049931617537
5901.354674248591,0.09804044723837418
5876.367836392765,0.09827109825249412
5825.116875895456,0.09882958967598113
5748.166029835001,0.09951900630251717
5775.201458930808,0.09911446171362852
5726.775108222464,0.09980292344071454
5571.489999688592,0.10128612138172494
5888.588651640711,0.09813095337449568
5936.447572942493,0.0977423640393273
5930.397668935498,0.09786163655205128
5763.2505197555165,0.09932553170141556
5857.773573472427,0.09842411993333292
5895.023079927941,0.09804378169171896
5797.745157318497,0.09892868052470975
5831.428199910123,0.09868827130575064
5581.340968788117,0.10126289868907332
5685.1213714343185,0.1001497662010628
5589.3630832037525,0.10112471758585077
5612.409112582864,0.10086266633288489
5538.725359584883,0.10165237126062704
5423.501442717079,0.10279571911393194
5519.406469613389,0.10197084334151335
5621.963021359621,0.10091303597734373
5495.7463464104485,0.10220923794419996
5528.738325251755,0.10182568126250438
5542.835259797997,0.10166009741417135
5426.611502061051,0.10270708679853521
5454.240346115962,0.10249548804629048
5556.618825135316,0.10140104386238326
5539.528002260523,0.10158256796669604
5555.220813819433,0.10151680196412807
5731.878229146543,0.09962431910715171
5549.699569812385,0.10155420728280248
5608.43573098586,0.10086763915899119
5478.290218907683,0.10219534077731064
5444.636727249475,0.10253508882204523
5344.548018854141,0.10374147656001437
5370.651396235385,0.1032743886666304
5523.206072427638,0.10171467690829704
5420.488953508604,0.10270177332108381
5476.818814661741,0.10216542853632815
5415.048037728955,0.10296528923504643
5367.936185974329,0.10335172797096172
5710.404928871542,0.0998459180553998
5814.313366724289,0.09880479931690009
5754.138230429909,0.09925073048057644
5486.710154469351,0.10205205751796581
5363.903638322661,0.10327130733198488
5248.490323790992,0.10452053177980271
5355.731483544693,0.10333512132796716
5274.87377488991,0.10438180908740245
5230.761146701826,0.10475583195240912
5177.015380666432,0.1053149222551073
5266.625902433977,0.10438399145486708
5294.379203892568,0.10413572383246042
5244.123629694561,0.10469316379193126
4996.090300136355,0.10752225504806345
5088.823147023005,0.10643970389233079
5218.530839383956,0.10497672468714743
5328.174217672871,0.10374504837234305
5367.080571471548,0.10339568095870152
5059.205226264938,0.10689626887127315
4796.54712251326,0.10987451890748283
5118.704145607279,0.10599835425158266
5035.941728732759,0.10700100045003202
5152.533404508646,0.1056220186096781
5216.090617725862,0.1049075193003402
5156.762770909178,0.10573781250874613
5191.05058592452,0.10509295404918165
4964.5733751976,0.10795281344247673
4975.272398942234,0.10770271689008694
4873.710745888122,0.10896226516300285
5042.355628655261,0.10696355205647845
5148.465062141731,0.10569218426171575
5313.00103960373,0.10383389197965254
5389.345637913467,0.10288750422186163
5074.9864057955165,0.10640142509868994
5053.713431910959,0.1066977382658424
5044.691145510737,0.10686301428303598
4853.22563141492,0.10901524377204672
4913.539996654489,0.10841764360198844
5135.999028429064,0.10568005812675839
5352.028178644183,0.10336535354660631
5366.497276282457,0.103226318173714
5166.004365420271,0.10550636505015475
5164.360875476355,0.1053271199264867
5030.974405798766,0.10703910595501476
5154.435286332437,0.1054543160869069
5013.769141737182,0.10725638407243626
4842.369636795479,0.10934514052855548
4971.635095472195,0.10766153065695389
4522.730870395589,0.11356543430704857
4487.881937298859,0.11410340396385248
4805.948513773312,0.10959666739022862
4785.609072296792,0.11011963871731496
4603.5265325494765,0.11254793547419976
4370.196321851769,0.11577942428386732
4282.2230874393435,0.11707907376759195
4424.189494054632,0.11486073946109493
4509.353501345057,0.11372657136646554
4484.844021499806,0.11389130283402454
4592.069100644138,0.11263523379370861
4416.464706634866,0.11513241967732374
4496.706295546716,0.1141848614265481
4396.345622336592,0.1155341026305606
4403.136718864629,0.11528705681610155
4471.190514927891,0.11437739208406086
4629.747938095171,0.11227297426775933
4732.417315271543,0.11074278367103149
4499.59139065398,0.11390834270447743
4110.955449656748,0.11958583267172136
4298.999181527278,0.11673816863693179
4295.114408707475,0.11669050711180717
4430.106710646644,0.11469457434123821
4694.788601313501,0.11111409604083569
4564.964243329168,0.11285539097273149
4302.36268748062,0.11682088920805764
4042.972315365758,0.12081176689317707
3915.6509929646954,0.12286526651005966
4154.448626515511,0.11898433322087815
4286.270898064777,0.11691034020715416
4346.452180332557,0.11614339654578586
4253.038217555612,0.11758519905589954
3833.6952532229843,0.12432137194841804
4043.217490595073,0.12086641320779787
4190.984255869015,0.11827522980797678
4466.109960343753,0.11415886835879333
4549.703037501244,0.11301211241607338
4417.243914439233,0.11518393032339413
4278.128011939292,0.11722844658712593
4086.3531547367174,0.12026343788573733
3981.227277359435,0.12184868663030418
3833.9663241885546,0.12411629487512653
3927.046173429051,0.12286155915553844
4004.3698095195887,0.12144003662378491
4069.3412460556024,0.12040904834627514
4026.03114258492,0.121020803975897
4069.181246283487,0.12049867576848347
3998.56800808651,0.12149666297548184
4223.302858190738,0.11790783828438176
4221.872289513895,0.11795001990703043
4133.705166670855,0.11921309249438604
4046.529293214932,0.1206833468435062
4085.419692060516,0.12003019760645561
4252.234865679191,0.11749132850072376
4334.326910694547,0.1161314525748037
4098.663405872604,0.11989849213310531
4199.857447068987,0.11823545820746714
3979.098055068354,0.12176508457419283
3910.822325322468,0.12309010175770656
4017.444965163571,0.12121419226422539
3908.8085053148206,0.12308998831142517
3993.161665725878,0.12172757699252502
3536.3236686128503,0.12993490730028148
3880.7926005237373,0.12373230636201309
3975.0476909895324,0.12190787560867679
3822.1573855721253,0.12467213931782063
4007.6030740806573,0.1213557161240627
4121.116820834371,0.11958084750873514
4287.975545218126,0.11677612646552772
4044.8005426593495,0.12064026844068663
3819.396470816758,0.12449188716180955
3740.918770030108,0.1259288028741431
3746.3384822487687,0.12595510681062558
3833.4243585476397,0.12442742142414535
3950.4234310774823,0.1222474543605217
3761.6797117007172,0.12547295623603247
3866.506370827607,0.1238562489138423
3851.7485735519213,0.12405838587132541
3808.3011712025163,0.12493172970327394
3694.0887859903355,0.12688083665314873
3931.076566313413,0.1225921981186167
3871.196812987384,0.12355374329658322
3763.609219978936,0.12549505029187857
3458.611615622339,0.13163508636540944
3581.9330737160603,0.1290419868216124
4198.047316517187,0.1182272718253897
4287.276276535799,0.11675689350705948
3784.6763351210216,0.12507982476685534
3519.848056062291,0.13024708283996522
3748.1400814116673,0.1258423348532805
3708.7361314365926,0.12664497340335956
3933.1090108335534,0.12246789990756525
3947.270728438185,0.12224453835500404
3819.6603123742893,0.12467516239789185
3785.941087850717,0.12503733048853724
3444.53136885504,0.13175095227589334
3603.760341169157,0.12864502443915776
3530.586586936456,0.13012717565190596
3650.2508029539504,0.12752491789075357
3768.464034696609,0.12543405865004362
3738.071657980968,0.12611281878792654
3606.501064077366,0.12843605080285117
3308.2911310851637,0.13493039634180434
3602.9709945884374,0.12855771221895518
3625.4337420603824,0.12824129992690517
3799.9666691958873,0.12479001442363788
4078.40476285309,0.12000924693818954
3997.6317125940245,0.12143232943040655
3533.1539841887807,0.13002600034696069
3252.59376076223,0.13599870846360862
3345.7647289249767,0.13387471366443165
3495.985269303716,0.13067509660388119
3647.4914889559245,0.12772955183785903
3843.206564074855,0.12424947524697369
4200.352043500288,0.11790249444213262
3595.7488237348475,0.12861305562017786
3556.8541732540507,0.12932142691401782
3616.7183340609026,0.1282877932304821
3432.70860375689,0.13211594198785775
3780.4443694407237,0.12488825224324888
4015.258927012613,0.1209659151093504
3877.296043434373,0.12341923493182784
3551.9884594058913,0.12950749234168374
3559.0874683114284,0.12960530109498258
3717.3905544787526,0.12631269797264352
3750.974687558765,0.12566179430049942
3500.3020632209186,0.1306327168922467
3470.4258700558094,0.13124458785702042
3642.867463467275,0.12774182578297053
3198.153379777231,0.13714403308498024
3541.6692636107628,0.12975075562661362
3466.1683106658256,0.13132528356716616
3420.165400506001,0.1322673910707623
3671.7313465449997,0.12701363836889054
3746.4906955851375,0.12576653720779865
3463.627911691113,0.13157350936900122
3385.639270762821,0.13304737857527357
3221.430794309628,0.13642094129642368
3103.2258137772865,0.1394310922522499
3352.7138334103247,0.13372490358474134
3631.4586519552163,0.1278757421426912
3704.9947404690943,0.12657373886194973
3581.920456320362,0.12884597802294856
3525.8779754837647,0.12992850183520008
3285.328186458992,0.13544927183550642
3060.2508771868943,0.14048414358398195
3362.361082505524,0.1333347274067207
3419.2893662525753,0.1321474678774346
3404.9475606890646,0.13270672687364635
3307.7010059231384,0.13454891043378592
3715.970469872633,0.12614228348298787
3768.300152459095,0.12506784512175548
3499.0893733441853,0.130307568508955
3587.3930983485893,0.12875121985807272
3465.2568610051103,0.13140055908378148
3085.30273307171,0.13997143928458142
3287.203532246206,0.13507885451495824
3289.5032427185356,0.1350526927462882
3318.809497911362,0.13425413322456237
3407.8400766310388,0.1325347356530111
3586.5412170813347,0.12858609427613815
3254.9178413862714,0.13567092850045404
3191.5951024958963,0.13724206641457704
3164.252423262517,0.13781857874286904
3276.185432193838,0.13545159829196263
3443.688609754948,0.13148583092369026
3026.5522663500465,0.1413735209511029
3105.698282417265,0.13908258817029542
3069.8164572868304,0.14014307512410581
3188.4937989290315,0.13730823123614672
3678.49790586893,0.12670604391131593
3379.273487654757,0.1326307732318568
3337.1771985393343,0.13391571285521597
3339.7033980771407,0.13385417681453055
3002.8079423737317,0.14192719737231668
2784.03797212455,0.14776297155256943
3035.610607002334,0.14110742165764417
3251.5934789057046,0.13602144988102985
3164.926229365973,0.13772898384992605
2951.1967812944854,0.14327832660339748
2873.0529818471064,0.1452472538492327
2929.8366637641234,0.14417925649888533
2992.657849230312,0.14225554001587143
3174.48101969088,0.13732998272432548
2963.009015418009,0.14302332478196444
2953.2682579394145,0.14309310061737374
3241.5157366875956,0.13597990100703686
3234.013495583646,0.13627335438801877
3167.805872032873,0.13772660106954512
2745.423366629765,0.1487432531694528
2773.1612321035122,0.14816236939808405
2961.5094857868175,0.1429333663224068
2745.6520938869003,0.14884862249733577
2936.9801433468197,0.1433777785380968
3045.6699839470766,0.14066022603049735
2906.2062844672287,0.14428586983806554
2801.626709961268,0.14721697649259755
3285.2843377690288,0.1350840673674425
2677.6849812769624,0.15104706269208648
2978.08243484203,0.14219987192745742
3110.355820403186,0.13885804689043876
2617.5417288454623,0.15289419150802827
2743.4242821868647,0.14885023432591182
2830.9457818391916,0.1461608749400829
2696.114164688061,0.15018570213507454
3030.197228411631,0.1409456264255773
3138.66251976722,0.13838604345758895
2780.329691610655,0.14786263928109994
2690.3355016124056,0.15046154418912552
2370.3105060349953,0.16146473089354355
2510.785503209574,0.15628573518311825
2769.9704781091987,0.14821863425695847
2703.562544064021,0.15020276760060391
2561.0983838469383,0.1545139092846136
2635.1872405511626,0.1523009730648976
2830.8039812507195,0.14623928074322984
2353.9470114379933,0.16161942922102865
2438.3559443665667,0.1587032252397442
2233.162478890082,0.1664895590948285
2223.157460273143,0.16662547528928875
2643.476021644004,0.15172922201369363
2825.6270738184253,0.14635544895728073
2527.18346701196,0.1553632613083694
2347.858135182997,0.16177664509013698
3009.24736373814,0.14144186311781223
2770.827603078185,0.14779324666348256
2366.9459054734784,0.16099415745864276
2184.5651645280923,0.16823999223736175
2314.6051031912793,0.16332363766049118
2113.944893280745,0.17131048062021786
2010.5753311683618,0.17597205849274644
2119.2124612169987,0.17113427172388934
2254.313709723126,0.16519426938564977
2174.421554040381,0.16895495063668398
2053.5473564168233,0.17396773117276282
1969.4426247468368,0.17804959594817735
2038.8290560047244,0.17433732702329693
1922.603534786564,0.18016632186870443
2061.3488907899605,0.17339591120889553
2220.732006598248,0.16646117827978885
2157.431999539675,0.16916680396101808
2121.376237286669,0.17074165339631714
2091.2435317026357,0.17162769271334363
2288.631382371376,0.163792417496703
1792.3331380858815,0.18710982713235783
1753.5843395399413,0.18882334464968603
1990.831267079714,0.17638144886828985
1877.0111146057807,0.18234350978768388
2051.6410030873694,0.1737478093026091
2170.4791330367675,0.1687186959422855
1834.443608506543,0.18478101785657777
1869.6174606506029,0.18240582877599676
1811.63010198027,0.18592483825103948
2048.900151851512,0.17384942205504675
2391.164842198787,0.15992633922434688
2547.154277099599,0.1545236909066554
2198.449490431604,0.16732273179018542
1686.2253321082474,0.19280907086266566
1657.4560199463958,0.19478370779430795
1905.6403200831,0.18048618385211546
1683.1088609097,0.19273526685513495
1662.913475998786,0.19430081940064725
1617.4373664177058,0.19737746659300326
1499.0149945606647,0.2055266213614324
1710.7262651977812,0.19149536432156578
1671.2224084443055,0.19426004732242266
1500.467315642834,0.2054312767957011
1596.7282019137683,0.19844667256346665
1676.3213916977716,0.19314983850066808
1962.1849888105176,0.1775358063247274
1690.1915721154003,0.19223251737489938
1906.9901457660164,0.18040016763880773
1743.2001749977799,0.18920848911918028
1772.0671403537372,0.18759707311029333
1569.4568487257134,0.1999810815838091
1425.331377225735,0.2104039182859745
2096.2492182575565,0.17141107223372126
1504.5589842587235,0.20478803299950554
1321.8670865274626,0.21890949599403872
1419.404779493223,0.21069593821794305
1718.1365151259429,0.19083778957275296
1821.5206274233512,0.18489269124048457
1573.8674567404307,0.19984693127249237
1413.4299127117322,0.21164384565861127
1291.1828666444826,0.22150686461036062
1599.9339404751975,0.1978743877976238
1773.1449487292728,0.1874406651342375
1817.883236460356,0.18503928914245804
1857.0789761446833,0.1826124636417749
2001.8767640771691,0.17560055599357055
1494.797848550062,0.2053957811378372
1435.2162157454213,0.20957307012668164
1216.46539356149,0.22873531259985108
1337.8627350048512,0.21782425645356934
1391.5299896937636,0.21334408429216534
1238.2285329801327,0.226729325256913
1376.2118347641285,0.2143171419972542
1469.3093291178834,0.2070970579618263
1738.5587314261957,0.18909785023133754
2011.614560390327,0.17516282847110767
1939.3074389538338,0.17885637097732854
1616.1628940618748,0.19692897367355
1475.7030309060885,0.20644403771802328
1251.6158788232076,0.22511051820607775
1384.0534747734507,0.21372901427291163
1128.4945448813767,0.23775466835071957
1477.2644786305223,0.20611453651330314
1673.909432625509,0.19298366048415266
1553.194334134811,0.2007567935961198
1219.7944298797624,0.22838819607825772
1591.6561557382345,0.1985580951860729
1193.6111761995357,0.23084923988151887
1521.0020776577276,0.20328743895824122
1369.6255489658743,0.21479898196831118
1213.1030832109373,0.22852023061921672
1153.0683723341183,0.23530419467560743
1211.2370133433471,0.22874044246105996
1187.1026884637733,0.2313324263616024
1306.8981360845764,0.21974170433048207
1211.123633824619,0.2289974890715829
988.2349698902941,0.25376025279485837
1085.0047728763504,0.24234439288294873
1291.7196895715988,0.22100738525426317
1365.6378516227182,0.21527710219872878
1908.7090896341097,0.18042591579335993
1687.2132720419056,0.19248297812487986
1022.2272965733905,0.25007555180569113
1181.5883249831732,0.23159411826426712
1325.0368735246655,0.21820716816176217
1062.1101762052397,0.2453412676878988
1140.458116425519,0.23623893003351498
1081.005574973083,0.24279634450083812
985.9571589195817,0.2542274120615184
970.7279396536044,0.2561130063679053
1260.3204197695823,0.22353746635517469
1104.759295922776,0.2398656874960126
995.6015338240529,0.25324860903889856
915.6185642073053,0.2651487112462544
1225.0839330743602,0.2279837646718919
1421.1997531229372,0.2106635550471342
1177.7304724892836,0.23143409461742132
1095.1827061771342,0.24112218077602557
1519.6642914530855,0.20337806184413681
918.1161390830836,0.26363237470680734
919.8084199725027,0.26338342237117746
936.3389289810059,0.26123846092463815
900.0203421783193,0.2671800358519031
939.8632752347809,0.2610285558047434
1138.1660917926206,0.23594885532345516
1247.667729827883,0.22523937069963876
1001.8128676294608,0.2521543173568332
1112.8738936066175,0.23869527313565372
1110.4181693376427,0.23954296191634453
1078.7650468541474,0.242609263055568
957.6227247083574,0.2584637125724903
1130.8187462124831,0.2369051265028379
995.0518521238229,0.25271981842589136
1385.0546929296204,0.21269120524130966
1019.367161344511,0.2503567431566544
956.9161786017365,0.25762467364710523
1083.4649110945402,0.2418027847951439
1038.8471391508508,0.24765783164294042
929.3581566448981,0.2625340846479841
1070.0130017049196,0.24412651144428096
790.1982514344445,0.28462060867181693
937.0890323736031,0.26089241461316715
1037.5018562561002,0.24751113576875605
1008.9526843319795,0.2508942958050173
1098.7766936200142,0.2403020790344385
819.869749174602,0.279501505557527
809.2903344127031,0.2811825860123275
923.5431410600092,0.2633239648777684
912.5480504566668,0.2644982877085153
893.28707934629,0.26754103807680263
1241.7297718255993,0.22557098681821539
1180.9258233157548,0.23207298736127982
855.1186376176179,0.27372332853919057
786.6645627184193,0.2852303756619102
858.6773554717292,0.27285614538145286
1363.896727403013,0.21512174998428554
957.6324984536515,0.258293562119901
678.1106032443886,0.30716329766168693
851.3794994168176,0.27433602654924777
1168.2233269732008,0.23291183094794826
1516.4722964525206,0.2034651140210733
1657.0829061499533,0.1941456452199881
997.8681259124763,0.25298588938720806
1178.2422250822656,0.23202163390275404
1140.873461158419,0.23563695824949513
770.7392853976176,0.2878783320605147
946.7811047151707,0.2591582225301305
1288.4543207818183,0.221115663231011
1276.2434322089562,0.22253996312042176
999.6647269880555,0.25250950826408103
1270.794781751883,0.2229424836559621
938.3109232357264,0.26109076513337787
741.3596501551257,0.29367084258675114
720.1109371773172,0.2985096183814315
956.8270652588761,0.2587944921568338
800.0437244613767,0.283741839819901
1056.0457836874655,0.2449861860873522
868.0565246670054,0.27182303991546625
870.4985736223653,0.27091964460841966
959.4522368899584,0.2577198603992434
1001.5942274119484,0.2524249827590662
1073.3567405570768,0.24292904486410793
1424.1735854854662,0.20998300184973062
948.9652548703555,0.26000081042084433
1079.3131587985695,0.2424634970743378
1188.0104164164343,0.23126864352765691
810.8245936568027,0.280795182504131
842.953889469239,0.27612208235842167
796.8143327451501,0.28332462411588316
813.3862207971242,0.28111500680116897
1026.8238902419014,0.24900876954854684
1284.5743154333938,0.22136563928556663
904.4336281651532,0.2660045462791362
1083.8637905075486,0.24218903441109108
779.3869458543261,0.286623528532618
1109.7153793378257,0.23964233200987542
1184.5335602999214,0.23098764667338437
1092.9202908613959,0.24140749184030844
870.9332811181976,0.2716662747668878
834.5431124320737,0.27709537797396233
1208.9329696017908,0.22904618210178707
1000.7716400991345,0.2519785974691402
1066.1370505607929,0.24418337845356394
1207.3871697248985,0.2286364907446555
991.9492887235568,0.25288461034984494
839.1712634923308,0.2761690141991783
1074.2275560453913,0.24318404516781983
1414.7687703421864,0.2111062591131118
1524.2788790241334,0.20269946497009794
1351.842079704932,0.21597054301476779
950.9357689432866,0.2589291022534796
774.9973913614729,0.2869742950155927
1263.652086997813,0.22336302354426216
991.4796847278419,0.2535215443422255
840.270715968845,0.27556216545368833
732.4726568821903,0.2955385767021177
912.399520631348,0.2649222766905222
1372.5192165415522,0.21429595983940017
1482.072254801656,0.2058799675484594
1044.3329682518752,0.24668681358005834
767.0925465428937,0.28828691949422414
805.8492833460763,0.28157149984256263
860.7405987177193,0.27185949308031904
787.8788572481282,0.285103457001679
955.9839521198429,0.2582078073443346
1093.158370611375,0.2412021213444704
917.3230629572525,0.26305981611989476
831.9721051671117,0.2774285680392754
859.8357686868732,0.27222041752523035
799.9342748719497,0.28234247865629775
766.8998290277503,0.2885523512434698
911.1230676649559,0.26507955899273494
983.3326830187277,0.2542813064210053
775.2473519801478,0.2873745696245328
1378.783834571856,0.2141756521423291
2121.0922135392852,0.16978293460286556
2439.329908525107,0.15782483905288308
1352.4889967275537,0.21570918327078134
866.9757217010499,0.2706805141673911
769.78119511824,0.28893808375158686
916.1750653704875,0.26380230683363015
1234.0390397409662,0.2261951197209377
1170.970341913416,0.23216842575045185
964.8603462641335,0.25672151874308174
1047.8193931004103,0.2460852526392111
1064.8862898164064,0.24405605217408824
991.5430198012928,0.253247487355648
965.0984470649051,0.2566507509933017
727.9385026173675,0.29691739402528444
1019.8767295243895,0.24954835727530106
1593.2811351830628,0.19798469655734405
1868.138201254175,0.18192435308024485
1346.396456227832,0.21633316038295444
2176.51113898139,0.16772144192975386
1507.750445581354,0.2036603011960234
1146.210453951411,0.23497588841673467
846.9995015460798,0.27445663607348236
823.4073290483193,0.27877626564817487
1078.6424272507945,0.24228905027365089
897.8338188150765,0.26610103364128085
1459.9327389114446,0.207389689083359
1434.1247662286855,0.20924786004448603
894.3369913039752,0.2672847024557548
1023.2557578679132,0.2487199067641734
1497.4237996361737,0.20431847226905994
1271.976286311348,0.22279021184406178
922.2622430626353,0.262803477590085
869.7464023753382,0.27074208627746166
871.9652880765938,0.2708763792545881
1000.893332071209,0.25190062843522093
893.6594934439495,0.2668745777268892
786.1012499626121,0.2861757479035248
1149.1566785144921,0.2353064367775299
995.7929462198647,0.2527029770774317
1097.5512483502937,0.24030973507880846
1096.4280181657991,0.24022347314513104
1256.2274137198958,0.2240556841406968
1604.2715239611653,0.1970764062790298
932.4084748072821,0.2614462921849223
971.2975002199067,0.2555367926904154
954.5158954038736,0.25812799653752916
896.2883274626427,0.2674147751981932
902.0013802939293,0.26606404877134393
1080.6868713315707,0.2419913403587737
1261.9023908356266,0.22389024909235108
968.3938571141243,0.2565352620711526
1144.0875356759057,0.23512545590480605
1115.1506611643586,0.23912603611335198
835.3671321171014,0.276844799184696
1120.8547798483708,0.23738357077403008
1074.2607682000826,0.24317048632201038
907.7410978566519,0.26499139062347593
1830.3917791499764,0.1843112506873901
1635.1129208892264,0.19579268273267603
1315.0722043552225,0.21911117413757336
868.7015253736463,0.2722233668291874
824.0486058807397,0.2781019084842002
796.7953332632279,0.2831485828037925
822.7418236016954,0.2785962335714883
1112.0132628953068,0.23912489243444016
914.198962186357,0.26408622084243333
1374.0595454877769,0.2139219946486433
1925.339461004171,0.17912711213384355
1839.0672915082216,0.1840470641612587
960.7008459980433,0.25861194661569115
1179.1718820023525,0.2318772369060395
1793.6402722322441,0.1854943872796173
1575.4991424940883,0.19927980264044723
1049.60124851952,0.2463559524281185
841.7727027891242,0.2760504448247043
775.8400471452167,0.28708559090389113
868.285913896631,0.2703991083290636
1054.026459426442,0.24529033718361085
1232.1719897887672,0.22606095655543285
1775.377428469726,0.18701237776455001
1944.9030394847862,0.17800113998715453
1589.3625285655128,0.19804107598614748
1635.1300327396114,0.19544609017192838
1354.2644545492976,0.2148992701146321
784.7215910684,0.2847227773468737
832.2128334584319,0.2770323837777768
1313.219055985083,0.21887714654790455
1119.0360484589487,0.23789668282419793
1279.590774498465,0.2220076385997532
911.6059798630574,0.2647590587953827
1074.9947472028218,0.2430798284794344
1396.8458620123488,0.21235497515884955
1276.7753648992518,0.22247862597633908
736.1625308280278,0.29476990191775504
2300.112211581533,0.16295736534468686
3794.7760125192317,0.12409089142392941
3318.4518196350605,0.13367049879860451
3780.4026970351656,0.1241304755294605
4226.56693611225,0.11703080559170928
3663.056181893587,0.12634513239781223
2259.662140006577,0.1642086934193399
1090.8336926018244,0.24066240807094663
1519.3789643880739,0.20226521831674457
1742.3527251095343,0.18859237792378114
1650.6203787298557,0.19406054914369134
894.2583292459142,0.2673625878088533
763.9712994221128,0.2890882879407508
957.5965641060184,0.257627036856093
1430.0838607366447,0.2096588725845095
837.448936098311,0.27572782042306965
1126.454124732557,0.23678934204497698
1737.8496797484836,0.18877253790890297
1351.8829990213671,0.21594187006415247
1023.9395744199003,0.24959292057016172
940.3726435195861,0.2598363267163245
913.3084892572168,0.26403423856895003
921.7392928597914,0.26228899680032774
920.5871264799642,0.2628797519727146
1576.8949322963608,0.1989487829665672
2102.7177005941226,0.17071289026770775
1557.6828105605393,0.20031906760006896
1022.753888889749,0.24974514939929826
1024.316315633516,0.24933729594748558
940.3786517043992,0.2603818621365722
782.8832976519509,0.28545574769967336
725.5939762707142,0.29701039144417557
1055.6636756849402,0.24478034592812214
1125.92720665885,0.23667928875635988
1126.541555697862,0.2373734859420038
954.6244679858938,0.2581326225280556
806.375233339424,0.2821068869803151
947.0665006039192,0.2589835460576235
1394.311770218871,0.21197219324946281
1680.8217162456674,0.19294720876049976
1465.235958785342,0.20690006808859737
966.7416570361985,0.25741367806268833
729.5898219961006,0.2965759224875156
780.0812855638479,0.28566451157007416
1310.0614012161675,0.21933304963753977
985.2506226705328,0.25414499883828673
698.8625692558753,0.30267295279453293
898.151853743468,0.2664320416224772
867.6682057863344,0.2704500472928369
983.2649915763042,0.2539626384838284
1460.831330534947,0.20665911693766195
1299.7225736872972,0.21985637093407165
1337.2740375562514,0.21645500925414507
1189.9563997410255,0.23024404868435433
668.3934177311099,0.30985211147838115
758.2240952347917,0.29076693297633277
1034.5112713176325,0.2474435983443829
669.7242106000361,0.3092160040890332
572.3772324765562,0.33449825809731104
530.2286764697565,0.34698351075366346
855.5817157263971,0.2731823028941334
1111.3848168620925,0.2385714393353491
1126.343992651728,0.23723000389126553
649.9186545561571,0.3141086098185629
733.9029749768887,0.29524022404795913
658.6916828194572,0.3116245627970257
745.1328105913032,0.2924979636648059
1370.487571303713,0.21471830026625097
977.0617179139008,0.2555432842053352
869.528608326983,0.27102895412245714
916.6017812901237,0.2639898499744284
1177.7550215939996,0.23163448249950436
1472.8032750559569,0.20629345931086054
927.1933091086179,0.2622767733654421
937.6608236814664,0.2608124800669775
920.0208799729119,0.262790998196329
861.9197051388106,0.2714213550703759
825.1167580772628,0.2780665905486917
864.8883400569453,0.27141432304819835
939.4749150639641,0.259999694891118
733.3264954667536,0.29521764280297413
860.5203066008053,0.2718682569035168
976.574396880839,0.25491351611479235
1106.6000524789433,0.23925943866115618
789.576234973828,0.28547358952719987
1050.2688772561733,0.24698057440443455
1458.5876927226911,0.20717771279956101
1415.0276310541838,0.21082448827686992
958.2586971097394,0.2579283162770845
1082.5292938063524,0.24224238075192206
984.305271907094,0.25425631891155515
1143.0991991138758,0.23514809125276426
1290.2788937678583,0.2213343629032968
858.8173345305192,0.27207261131204713
933.9748552398128,0.2616813331905374
1056.37498545354,0.24550798619554903
1091.6637242258616,0.24145712702147132
1310.0971004761282,0.21911472706411977
1271.883926635104,0.2230415543110495
1108.991469795784,0.2389720291973441
1020.7852595209228,0.24938654034979207
1231.9909266164868,0.2264696594999362
1370.0118039976144,0.2142131615654069
1624.5702328637617,0.1960383567280811
1147.432268759347,0.2354005729439949
1050.021884363552,0.24578323769242177
1375.6911658472784,0.21391076837095058
1256.3522261338342,0.22432737174531497
1059.6676943755867,0.2451341087910571
1343.7805139753232,0.21667694615421842
1437.7637965243975,0.20892196083255438
1579.7325676581138,0.19896479173869547
1720.447389639531,0.19006985800004705
1611.5088413592282,0.1965015289277476
1364.3794772808956,0.21494662805801198
1374.3481202848616,0.21360120778813071
1280.085212127068,0.221676744081282
1279.1638312481373,0.22165935783574864
1239.9064031606001,0.22559994495402866
1200.533907124521,0.2292213450800044
1278.8060527247458,0.22203217593784888
1400.88942188244,0.2113021309627629
1595.1916268469333,0.19796016970414568
1800.6733596159736,0.18541704564647127
1603.7373133948213,0.19691034601151494
1587.3162498670433,0.19847924775060533
1436.5804814218054,0.20902550157850966
1828.7456152077207,0.18378145866743925
2130.979920672207,0.16944584150148653
2238.867260580149,0.1648676769649472
2270.6696121448313,0.16403081728509306
1841.5286093458299,0.18333349813195213
1696.1591077746014,0.1915524655632021
1649.8142051496955,0.19425872433271843
1838.5232887371233,0.18353914052134804
1518.9731228937494,0.20312542942801998
2015.888192353814,0.1744230333030685
2220.7544893942963,0.16581575242985377
2016.1541289086672,0.17450733338572505
1752.4536615020634,0.1880950033688016
1674.3364909883785,0.19275243609442072
1796.8189039244633,0.18569424177111563
1774.315369576805,0.18726804312409226
2154.320126974456,0.1685959965291409
2064.755951606985,0.17228408041989185
1870.063680174664,0.18184905235422466
1918.0088764063744,0.17955822919958006
1871.83023542141,0.18183453068216854
1605.2630107912858,0.19707588366782247
1808.9884326125555,0.18548220777481
1838.4846197409886,0.18357190178845134
2137.5057569558553,0.16941680627151232
1985.6376946666705,0.17615713310482534
1848.7768729089653,0.1833854143716299
1776.013761865464,0.1872236339859074
1713.0987462263097,0.1906220955046337
1665.206429103497,0.19344289475871826
1919.7161798630623,0.17952178904885902
1926.58464044046,0.17908949493414186
1825.3813487064838,0.18439906714953913
1927.7706319283227,0.1791357508790177
1850.9563826604976,0.18295101190188245
1989.104994225585,0.1756564683683935
1876.6433274826832,0.1815080489507554
2297.500293652707,0.16277554014531237
2116.4668386135563,0.1701376334465924
2032.1270783274551,0.17430931892722898
2023.3786350867015,0.17439724232382628
1961.241145581189,0.1770976391952389
2002.1843458316982,0.17551830097065546
2624.3533773732934,0.15146883581670106
2584.409350119998,0.15265903237811346
2489.5052693411462,0.15587599361232335
2467.0669162816907,0.15678760566540303
2125.0066354189244,0.16988349137127495
2023.5604831568219,0.17446240041936156
2365.641665913696,0.1604082598863978
2306.635560442756,0.16256014888169593
2253.637752851061,0.1646078954056515
2196.0671247897635,0.16666683593152493
2186.371733328418,0.16735168756261326
2097.474639529463,0.17105675813083096
2128.8299093154023,0.16985387176138286
2337.296439950282,0.16138418741611277
2345.977001365493,0.16069213479364833
2392.0404153884388,0.1592200945120726
2205.5126045706015,0.16646839937669652
2182.187824027549,0.16784770744535163
2109.1550113799935,0.1707994296921842
2092.9507220609044,0.171627705430011
2214.3974781696907,0.1664469783563181
2298.9294762877225,0.1629803897117349
2653.8109442683813,0.15073200756831284
2750.4939998142477,0.1476717601908378
2302.612825804214,0.16283158261435884
2228.0621569750397,0.16569055792340293
2423.070597381586,0.15810229275828966
2490.3961615806534,0.15611659870078437
2692.530026987155,0.14945512374612502
2465.111136399256,0.15689244141494327
2435.773124616986,0.15798141652585945
2558.2349353232385,0.15342754031412761
2421.549506538478,0.15806363167693227
2704.1455827462764,0.14907288601067303
2606.3352799533895,0.15203698650888375
2456.6963685641254,0.15700531815577468
2378.7701647867752,0.16007293477915277
2443.0119876268664,0.15752088614576784
2533.8043454393464,0.1547541161310435
2895.108783174927,0.14345495689389842
3136.68726185681,0.1375585758891767
2821.6594048572497,0.14573005442853268
2618.929413219528,0.15189140032211074
2989.2747645151703,0.14142958850869236
3129.208587118414,0.13774367985342864
2833.884778281624,0.1457150668436477
2575.640642076851,0.15340737961372145
2612.53699419001,0.15181668886472022
2742.0271603729198,0.1482809353702294
2582.9209411455518,0.1530039278176446
2561.3333404171685,0.15348988338434846
2585.392758426016,0.1527879558830596
2625.2452902768223,0.15156672032053856
2659.8657689850797,0.15050053701406474
2930.6989816866117,0.14268792039608472
2946.664674047629,0.14230657821259896
2763.0701652957664,0.1474408661822093
2822.154228844844,0.14591598697120836
2782.869394414724,0.14692764294737568
2887.1841766493303,0.14409881550214718
2814.351296079496,0.1459349302184771
2993.940367642003,0.1411303739810425
3027.0674844351124,0.14032949718821902
2970.247456833122,0.14163029241427466
3040.9892220135307,0.13995073437810568
2811.844815103702,0.1459668093698254
2814.303453979589,0.14577327344256882
2872.540650612263,0.14428997515393482
3135.9878126638805,0.1374185416120708
3071.632493422235,0.13879849087503682
2997.122776931471,0.14095780461928795
2921.518517357264,0.14303254116394296
3175.3999622105694,0.1366192925104757
3298.340522375695,0.13385241761161468
3385.024418251248,0.13199799001351334
3164.1458340777112,0.136983658468916
3007.443930621137,0.1406733389025409
2886.257624166777,0.14408480782497549
3315.2562392900572,0.13339958361314944
3119.915525758917,0.13780702832795533
2949.251595356792,0.1425213082028226
2965.842556437015,0.14188956953088092
2979.934211532176,0.141230892475906
3071.311872986094,0.13931374575926841
3066.059040409179,0.13928058654090866
2923.1139608966614,0.14312599976431875
2963.4143193478008,0.14181706539822614
2993.2812338953713,0.14114661849444693
3096.383128964841,0.13860597796183033
3182.4856405885707,0.13664678003987835
3235.5431383717973,0.13520807286951125
3109.8330941785957,0.13816567542462624
3101.334079119811,0.1384561216872611
3159.7245091902964,0.13705661344253045
3106.125079345595,0.13837105345006204
3012.8681765959304,0.14071489681392496
3170.289681496889,0.1368128479052574
3436.7444414700376,0.13060668892890348
3444.6880007010905,0.13059824397090264
3161.913110956901,0.13706802477503677
3143.871754082426,0.13741046161577355
3162.3470430294688,0.13681433329158324
3294.7366726166406,0.1337594941347647
3585.668593687175,0.12792410911665733
3432.0315704503814,0.13102344810867889
3387.8641489635884,0.13184093558207752
3632.9234984241793,0.12701566329869776
3413.263796339414,0.13133546912356808
3353.295689152897,0.13272853431500817
3250.593297156776,0.13475850613653145
3382.5394774063993,0.1318961355359587
3365.573780220208,0.132263565019895
3323.7466788491274,0.13315488680316168
3196.0311881776183,0.1360485144354119
3328.6014803853536,0.13323067047244586
3444.833455555787,0.1305086791598719
3323.2173279314466,0.13322472176332067
3375.2116109374483,0.1321762379754046
3356.4442434200473,0.1323549644694978
3356.5771657691043,0.1326409579551009
3471.786716447107,0.1300417029562152
3727.0067477218167,0.12509394374930172
3720.864690992315,0.1252095929094161
3368.9190054579876,0.1323187485208757
3327.139967562841,0.1333711530144671
3287.659626328808,0.13412083295611957
3424.7546255600055,0.13112663795419385
3516.082899138659,0.1291031165762039
3436.7342319135864,0.1306892842994413
3375.3016521633185,0.13210147107324505
3460.5722897748956,0.13019780398464434
3525.3759751513376,0.12908794977967822
3653.3322910611173,0.12636885434388742
3542.1214106306334,0.12850245415665043
3382.0821874237013,0.1317547857732453
3540.8091904157454,0.1288262706813055
4039.4056012572196,0.11970075321355288
4134.205586281118,0.11802093823125617
3903.1006481517584,0.12194850177921791
3627.981710637069,0.1269365686410108
3539.370036695936,0.1286174687447587
3490.7375203521024,0.12980488567635948
3551.3724620648054,0.12863049171918192
3701.3606516909354,0.12565804295998234
3807.935399435125,0.12359543217862946
3650.780736767473,0.12646289711957903
3611.198936509079,0.12733372992064593
3651.566696270426,0.1264016709611265
3701.3305691467026,0.12549734733864898
3475.320900210559,0.12994559277176915
3466.505779002311,0.1301615794008853
3450.718164281996,0.13046027948375238
3729.5462108100382,0.1251932753108725
3680.535206415744,0.12581110301510853
3739.2471348159747,0.12494155041082129
3591.206473121334,0.1276944724064669
3464.0901806622624,0.13028063534903417
3429.243937425092,0.13087962346665186
3409.418357441034,0.13140183681589204
3368.8758505418136,0.1322832247262051
3388.2412118557227,0.13180196869047256
3494.70942339243,0.12940991352472211
3634.0600195344323,0.12674344675642923
3499.4290251604266,0.12949078860476748
3744.0250026105614,0.12478677262439705
3477.4914136998464,0.13000641357074022
3456.2274356728262,0.1302303308758034
3496.9588973614436,0.12934508421046695
3629.0910160472995,0.12668965599891083
3682.3760076110416,0.12590928149613398
3708.5882913729306,0.1252872523746589
3639.737896345789,0.12681311291340042
3540.1892383377794,0.12876475064083934
3445.3197002338,0.13061881505016804
3380.8174004701377,0.13186527353109684
3473.368493331656,0.13012839441095767
3615.3094233644288,0.12729565585084113
3774.019926994467,0.12401223278128504
3638.5150539237943,0.1268249117220019
3384.3527953407106,0.13178804327136526
3441.5458333868355,0.13063354323103002
3488.5874689105362,0.12961564287036403
3406.4906325058873,0.13142132250846783
3403.0053521396626,0.13146051136204812
3510.737804978379,0.12923367516155793
3755.6282973053794,0.12436138122497102
3663.861763091818,0.1261159387667411
3550.4855093177644,0.12842020198261322
3526.8393162920806,0.12893364884214836
3419.8228914003435,0.13098450498936406
3447.126959060289,0.13055841778191352
3461.016303431309,0.13019914743244662
3476.433841647978,0.1297702663311164
3417.5713572475292,0.13108944833756078
3426.72025323835,0.13087201395141423
3481.0839592552447,0.12993395489253645
3446.843271212246,0.13064965506873147
3441.711535612021,0.13060408728003037
3378.766807970316,0.13175904369195848
3340.363190815194,0.1327446514596951
3289.426292560902,0.13381327312029484
3356.383205531301,0.1324097304664725
3399.3786077856494,0.13152017941875407
3418.1071290311766,0.13094273104076726
3467.8852887971675,0.1302320687600579
3469.599883221548,0.13014197489328325
3495.7096256103755,0.1293499086707267
3450.355163033116,0.13026775700179333
3560.966401006267,0.12814133489527682
3542.370365214702,0.1285857018351578
3392.9385131152603,0.1316874693058664
3341.222689562725,0.13267493234863162
3378.1729165905326,0.13191900700787035
3309.8128041815467,0.1334489488530586
3257.8166520572304,0.13469908698298672
3203.4892406808035,0.135775116940139
3192.8819922577886,0.13630038554542312
3214.016300279862,0.13547279274908966
3163.7548303280105,0.13674963144526117
3255.6711873982085,0.1346374327408063
3181.213344123905,0.1362416506808357
3159.9252332104447,0.1368108575892261
3218.3067321235176,0.13562245860861277
3324.9112953152317,0.1331744393255069
3305.391230820779,0.13367608237494166
3154.494445388265,0.1370255508767515
3089.4722312711183,0.13839239582472124
3055.805044800986,0.13933751181315568
3108.3907452511557,0.13802554699675681
3283.1508506891564,0.13401819022388722
3285.5013687850187,0.13388847541399965
3067.3525170986845,0.13910259605811012
3095.1252405002974,0.13843969648131912
3042.995541980666,0.1395605417544378
3031.899990503672,0.14001578351358632
3077.8524489750157,0.13887720868315484
3074.613758307876,0.1388869324006907
3069.419074970779,0.13914148356378792
3175.9080171372925,0.1365952199247465
3202.630593985196,0.13571333442298833
3265.1625197149733,0.1343705190455578
3286.8393925607465,0.13375093711422759
3169.0863947996963,0.13637315763455105
3332.9889780119347,0.13296189733919941
3485.7382488085314,0.12960762595661443
3559.3517904876103,0.1281935475886115
3313.558628543193,0.13331793147500157
3258.2001859614384,0.13481805520715034
3233.149693130777,0.13517830782919965
3499.519809069013,0.12930604227708795
3237.86148352599,0.1350375809021567
3195.0097450594267,0.13586661315392023
3128.507779356155,0.13741351206692518
3211.3658466036322,0.13563329439891772
3275.8799917266238,0.13414235714329045
3426.1081444971837,0.1306803320101505
3548.071997550452,0.12838980582205284
3371.9930202358337,0.13197796238308596
3254.549929142044,0.13453121024065814
3241.7342154586904,0.13497999531401286
3306.3836669314787,0.13341610235740575
3277.9135753094088,0.13390825584782504
3147.601031850565,0.13726003454857863
3123.5483113135456,0.13774485431881117
3289.857367849569,0.13371498856770028
3262.557588629347,0.13440111006831446
3072.4973562262367,0.13894504282642423
3227.6597364396375,0.1351435810220519
3234.72465013435,0.13512512787174558
3176.0689300227805,0.13623358102505287
3136.1933611958902,0.13727200271935786
3414.0647356444906,0.13106407811227877
3466.4618275282332,0.1300765153817975
3409.8239131186797,0.13105783749436692
3426.8300896769224,0.13076096954513067
3442.4269771705576,0.13057766441899119
3419.6893356893743,0.13099478109456703
3523.2270701303223,0.12872831108226296
3626.9001396211097,0.12682756663846717
3534.711856550138,0.12860156410052048
3422.9637101357475,0.13097988228804505
3502.2316488311617,0.1292781446882391
3447.966031942279,0.13031457101164895
3411.1209902348787,0.13125228013459092
3608.3143339051862,0.1270245675568899
3481.585360323847,0.1297824978060772
3371.5138807786448,0.13200160359759558
3345.515372228077,0.13256084507685847
3418.13055289757,0.130781298378638
3549.1929805657483,0.12830395844733272
3618.263125263912,0.1271528679090277
3685.866612512475,0.1257020096068461
3773.678985541345,0.12404682848174912
3583.3833719929266,0.12779337775009983
3407.2660003062465,0.13133314100041737
3365.352511423308,0.1322467577084404
3382.8523854319824,0.13164686668425352
3418.6371931101794,0.1309850828269729
3395.2993565627235,0.13137145168392386
3410.1201029715153,0.13123356138280964
3451.5284428586388,0.13036852640546545
3648.832231258969,0.12621083749357817
3735.0935215475033,0.12471017858965229
3537.9408549696354,0.1285170419061577
3427.0121597525904,0.1308154643406571
3420.351343272913,0.13092813110083137
3415.852738067986,0.13103622691849282
3535.401687372922,0.12864908604990405
3654.5395134797873,0.12640003635007666
3626.0309872473144,0.12704593672796852
3691.0360666646957,0.1256021295483774
3631.4132370723128,0.12668518951326194
3662.053011685595,0.12611325184471636
3695.507443946942,0.12549046070763248
3596.9210112634714,0.12731203070027722
3552.4277361414843,0.12830412129754065
3635.7927480009025,0.12659457998840004
3717.4163185738316,0.12503995409154037
3770.2197399326483,0.12396291071600023
3926.793706650227,0.1214119624760948
3749.8487182695712,0.12471796795343715
3628.3848845201724,0.12676524814797221
3662.410450131764,0.12591389065155273
3704.6226856392695,0.12541036486015086
3794.797125867291,0.12380388266651408
3725.090538423788,0.1250103750497665
3713.4024243147182,0.12519052977296413
3726.687927976161,0.12491311164081007
3939.626888242529,0.1211730950549059
4039.812767677344,0.11947458559059523
3991.965223365514,0.12022872051738903
3752.7450765611798,0.12450252471184607
3731.0555190048435,0.1248461408420288
3835.9584901585604,0.12294687791144274
3893.4798699745825,0.12195957080549379
3858.601931915719,0.12260853642122996
3805.2125803326953,0.12365166653351262
3814.2682583566775,0.123459135795888
3898.6080971112024,0.12189283657001435
3869.2195287327345,0.122431996245201
3768.718141607682,0.12397261140051662
3895.459175804354,0.12188998255015754
3910.8096418710297,0.12183699590600768
4153.473218455834,0.11770671127671686
4220.908343731292,0.11665568296999958
4107.6026135989305,0.11839572550289172
3983.9074703895394,0.12050316326690874
3960.332948356583,0.1209202032793163
3954.7176528866744,0.12097423496151102
4020.499141026448,0.11983743014368704
4110.787056894215,0.11836988572665672
4110.382579389517,0.11833970188354659
4037.131164246393,0.1196476436750926
3914.016553008651,0.12162003852232477
3843.5691178637335,0.12290067766176133
3901.055669713762,0.12182495484253418
3889.79107546707,0.12193859028035771
3892.308637805349,0.12196905243383316
3918.247338857334,0.12146309166836448
3888.914126413527,0.12213999350579959
3920.9113083503207,0.1213885371481969
3959.4229496331022,0.12089010760569284
4147.8843486980295,0.11778770127653895
4239.117415038503,0.11647011034419534
4157.860083391053,0.11769783683864099
4138.907489645444,0.11802071403217416
4106.508698515651,0.11852501041484213
4200.010537149034,0.11692219661813939
4163.960756104295,0.11753823811749521
4096.7518325310975,0.11856683321573776
4075.6568274816495,0.11881427976842625
4036.9396637507443,0.11949853651587479
3992.4372001253455,0.12031237567732594
4141.333155375501,0.11786978731333295
4160.4358002060135,0.11749885344199726
3850.335423919872,0.12268110366778218
3770.1810363089535,0.12394013494290476
3783.241208044134,0.12375185923933349
3952.6532477761307,0.1210000754413486
4201.189889979106,0.11695961477427783
4062.9563121223,0.11916967961946158
3925.6144345244097,0.12144167129159598
3855.215032758215,0.12244893612114507
3838.5261586275005,0.12280885158178878
3912.1730335006027,0.121648774645577
3925.906615502747,0.1213207058670838
3900.36214249698,0.12174437951214834
3876.487725700984,0.12226273312081609
4031.994733206554,0.11982280951891368
4013.2007918092813,0.11999153953293878
4071.146159920431,0.11916218943091528
4016.5177459352262,0.11997532004783176
3974.9371578004298,0.12058642547413367
3963.997678039925,0.12100281577113343
4010.8192328478217,0.12003926688962648
4023.425718171831,0.11966776226081176
3999.3954617954964,0.12019658388830347
3967.019224747881,0.12058479011368287
3997.2673286573263,0.120166671253893
3999.3669318397488,0.1200460967176098
3995.463334282531,0.12031018930133545
3943.018197371916,0.12136029886387212
3965.554334493677,0.12080401280053682
3930.5494821977654,0.12122882920471283
4050.0876639597577,0.11934879209484481
4057.7502233481496,0.11925720556028316
4015.194005769962,0.11984246724514157
3976.034659433818,0.1206356099949521
3904.4100796766174,0.12196936776972765
3875.603781429731,0.1224356937793223
3850.0022495910252,0.12280052312841605
3801.403020925294,0.1237288993695698
3771.937160593666,0.12406681543592285
3789.498427173261,0.12371139877882498
3721.190099560204,0.12507017556138514
3743.6698613340322,0.12459619746943526
3653.1788666955376,0.12631383158619897
3655.0319766627567,0.1263086634179144
3579.4851905757237,0.12772556141366992
3662.612003500341,0.12597867396181733
3776.1462029293843,0.1239456249681559
3720.640775239836,0.12501385112501587
3608.2284708973093,0.12704643731742332
3631.984707336544,0.12665298923230886
3646.4450415972287,0.12648846687522228
3684.978347022013,0.1257725131093468
3551.508579294469,0.1283763701083303
3456.6329926644835,0.13005953138889348
3474.037243165209,0.12983724186936382
3386.301893034816,0.1315012158461367
3476.397294408652,0.12977673298742212
3473.984160657,0.12994721785741145
3607.191743787628,0.12724191482053468
3501.4319573133926,0.12903741160810067
3550.187078226412,0.1282184425196891
3525.224596059123,0.12888972993724546
3487.663803897129,0.12960200741733746
3485.2063332665907,0.1295583459442295
3387.5899748016554,0.13173685299157023
3354.0442486939105,0.13227072088383432
3472.7172681609627,0.1297303157599519
3523.453973502405,0.12870877375759168
3488.0199815525343,0.12938838861397
3139.567633242077,0.1369870904213012
3195.596869819696,0.13573924658389358
3154.3192300802243,0.13684790857965493
3180.5385823860947,0.1360965424407611
3242.78858065749,0.13475389637357335
3250.269072997407,0.13434190678987898
3342.0480072162427,0.1325051943806668
3490.13265311709,0.12941101014581918
3456.786742919528,0.12997044405108205
3308.5944968299677,0.13326314170596035
3293.211223734548,0.13351703262052683
3210.8853715141086,0.13539460532657369
3341.9434188191094,0.1326455515423679
3296.1246360525442,0.1335410772355179
3343.985393032313,0.1324100057160032
3290.043248702397,0.1335249985746869
3254.7411234432802,0.1345667481957146
3298.2147094950824,0.13355712253997182
3339.047508399591,0.1326826433670543
3247.8368575377835,0.1344983822407586
3219.0995844777276,0.13532118942349003
3161.0629924475174,0.1365169628332689
3253.90451556447,0.13441443309062195
3320.0987715466613,0.1329070329121451
3238.9296066668776,0.1349689218845026
3223.524300013829,0.13514761413023568
3164.492211104023,0.1364220672076071
3148.269866712293,0.1369566272071514
3178.213017601168,0.13645163081775083
3183.4270799998953,0.1360730913791273
3196.156602327258,0.1357077448405396
3207.820724355762,0.13560526204301196
3179.7543677638873,0.13619773583645495
3170.668908239038,0.1361124747574299
3192.184092552381,0.135713004827082
3134.935424987634,0.13718839695343768
3077.569740968977,0.13854215587433563
3242.424755497419,0.13473299813263043
3108.7101864149645,0.13772130556982165
3079.459754793556,0.13864257056284793
3313.2167688587733,0.13299230368324744
3340.06960260448,0.13249977772122132
3234.4923726274315,0.13496494367526451
3283.424518574765,0.13385498491340303
3232.606375357015,0.1350003644235407
3165.7198453018946,0.13645514003363357
3193.6907797578024,0.1357048918658398
3052.0426424045927,0.13945298391855054
3090.704316705402,0.13844844189406838
3111.4178817559837,0.1377463325937134
3267.5035806483156,0.13398979162244712
3244.7490386576533,0.13471910821674565
3210.4192748656806,0.1355231553939558
3158.860473127369,0.13682565458501234
3085.152210575924,0.13863672511229128
3022.0309099525894,0.13993381640469835
3077.5112576328793,0.1386817937873124
3188.608755853846,0.13600000228310272
3294.004953096019,0.1335603176436907
3087.7774528979244,0.1382612401930178
3147.444448001975,0.13675595893561832
3129.5185651844154,0.13723991389747564
2972.8822995798346,0.1409246056695344
2943.311045056695,0.14191037374610263
2992.1757277020693,0.14077994137772296
2983.238411088192,0.14086284264348206
2953.627153749176,0.14192074393965395
2717.7129619462135,0.1481388130294798
2682.5499624307163,0.1494527135604964
2790.5174019707024,0.1463921811292689
2693.3416890227486,0.14892085066788988
2760.854559343415,0.1470113717874207
2835.9322658754763,0.1450765409369529
2745.4774171902477,0.14750452006953507
2943.1772025387545,0.14185110607617557
3152.3375680630206,0.13664192497860897
3183.0616928536315,0.1360223563126629
2939.4394797691743,0.14223040778049093
2860.974872483203,0.14426596479582288
2785.967791813848,0.1463331626360172
2905.7679088234595,0.1427436525329194
3030.091958392621,0.13964112050815164
2920.225790810822,0.14258051125864005
2723.4490292503656,0.14813819873162504
2684.0815111848456,0.14937544885640724
2793.7768156352895,0.146015298038151
2851.9360059995956,0.14427074674040305
2730.91562495796,0.14773365720362294
2628.2392050574376,0.1508954702027305
2622.6966512756303,0.15138114657232984
2580.479553849748,0.15242069928730803
2611.2523266942494,0.15153752197006976
2475.7109315791045,0.15594771418595701
2512.525478147737,0.1548351625462262
2509.750370916727,0.15472519588702657
2386.4383632183717,0.15903217071547585
2362.850984259697,0.1601785802450626
2381.5039364521617,0.15890783798325012
2299.984444670405,0.16201390648298336
2300.6736443923905,0.16245036585649383
2301.303322162651,0.16235475843677047
2320.548949767379,0.16160862680176824
2315.6749790683866,0.1619236028858244
2255.967169017121,0.16395383733698377
2199.1782135338904,0.1665211775807389
2196.234057030398,0.16652125613758945
2261.789804109266,0.16371113502767048
2443.149961309673,0.15710145923307822
2327.379381264593,0.1611094684224737
2171.131966363742,0.16693385085414872
2570.913601120772,0.15252589969871566
2653.84412587476,0.15001448317442231
2426.490263714054,0.15748871534448747
2207.442132871515,0.16565119209976104
1978.8171882275044,0.1758772651343674
1894.6759126849493,0.1800847588890789
2039.2734563908173,0.17306097062598386
2116.783478178276,0.16968497180357356
2201.9379843024512,0.16598983334966785
2243.5281493919847,0.16414012260068428
2190.192973619819,0.16642951381415555
2073.292774503296,0.17159350334108434
2003.6065829040986,0.17452511158600773
2040.0301301831514,0.17312589005940585
2157.2691163234463,0.1679508570747876
2128.2949916822454,0.16867565738585383
2121.7191389452023,0.16941471320656182
2033.6348314948038,0.1732864504374704
1968.040420270983,0.17651123826870857
2004.7959448840631,0.17438722723714015
2020.9899255192665,0.17391492841201336
1948.6509793860287,0.17715403231035723
1970.6413158093594,0.1763264615691771
1977.6884390581463,0.17567169438412525
2052.3342611458074,0.17233173121955286
2471.2012773560396,0.15607786057703488
3073.477737045119,0.13843218441592592
2842.5747208146786,0.14447732900370122
2477.1345652318714,0.15562665739255804
1975.4110931038015,0.17631746804928644
1869.5253786917292,0.18160896160883877
2061.840413843145,0.17162885725749755
2532.0244974538823,0.15378717652001084
2842.127721606714,0.1443031831490999
2747.8909226730516,0.14717249585251382
2636.508422512202,0.15039232790341464
2488.6288661762705,0.15524687808316917
2274.5138386346557,0.16307198374977838
2188.7941766535237,0.1664635763460001
2234.5649182242214,0.1647496094668472
2151.146781672312,0.1681482118815357
2255.758078403786,0.16396152305152678
2422.979182355301,0.15781122122342123
2353.913594070869,0.16007002737476494
2424.3253683646017,0.15766650719991648
2549.931033402229,0.15326678253822745
2333.812213654518,0.16071498653401636
2052.7590679640207,0.17228984566840405
2057.646558116616,0.1717366045086508
1987.3475031168916,0.17520880990157223
1765.793253465187,0.18667913087803478
1696.8331197758514,0.19064962015471265
1781.8403605436229,0.18563047224186877
1954.1269148078954,0.17708613245511298
2086.2212472619503,0.17063690839656057
2268.6072557356824,0.16353347884258046
2163.2071891456326,0.16771134980499672
2009.41614586255,0.17447294980437608
2037.8648718405213,0.17303734789704403
1990.3911158517108,0.1755563967320439
2197.366923265605,0.16627418237608466
2162.707239824804,0.16737569905867508
2050.048293452696,0.17240937790913954
2160.945397584329,0.16740871250406555
2376.5388653762716,0.1591421109901813
2067.17194948604,0.17176196726099088
2132.004562078674,0.1688096849768915
2294.163480647439,0.1624007960755265
2386.844135466265,0.15888658779050713
2266.652882809819,0.16314784627590884
2321.8199394531366,0.161182943619018
2170.426533641011,0.16759314712657328
2178.715885144808,0.16712196188032383
2243.3332089725523,0.1644098231564609
2255.6385013621234,0.16380767265438503
2308.7827608002412,0.16184540012402143
2408.537132294124,0.15802058317508258
2394.9049363698955,0.15882905899410196
2180.5498414705594,0.16673962590822142
2216.9217744475973,0.16543167223245483
2233.6060379277674,0.1647062295430689
2245.4094164130565,0.16427090923245685
2474.0371388424733,0.15573690642319787
2330.327237674156,0.16089355231775673
2237.975952861633,0.16441182900258272
2329.5839850251145,0.16081393929853416
2452.008716786912,0.15666235582388932
2605.080299295908,0.15184681458464916
2640.722409266753,0.15044113261146938
2529.251918991546,0.1538994028085893
2406.198287349939,0.158195600516814
2307.8831448217093,0.1617866908643483
2409.827709732946,0.15812899996677057
2673.176330458571,0.14936582501039014
2567.885284528893,0.15254430958471266
2361.717307183537,0.15983720830913092
2434.505527209014,0.15703231631248082
2472.4021002229156,0.15600062376843865
2486.7709478928095,0.15546175564232328
2385.21290942444,0.15923233441854812
2350.420719507919,0.16020605926661138
2447.0494060833075,0.15695563695085715
2660.51219635308,0.1497188262744491
2790.134675608283,0.14592114847114745
2780.5401992756933,0.1463833423271146
2734.042160626685,0.14751647800217924
2616.2099846283472,0.1511831183091827
2602.0058566851603,0.15167190962080368
2438.0556710287556,0.15728532963483832
2395.0573345662337,0.15870831421903744
2455.0214887848215,0.15654939371485846
2559.7526095340177,0.15284073305180587
2613.4894427244853,0.1512373585182319
2522.0827219486964,0.15427319009332616
2517.4510883142966,0.1543314164793636
2570.4203411716785,0.15246104258851673
2549.9408241446167,0.15335088055643498
2582.600513839988,0.15192352269188253
2519.316732388111,0.1542168968835986
2554.997256947169,0.1532709814471064
2624.3872872534625,0.15064023582556813
2724.00517927021,0.14778043143863306
2696.2037657229976,0.14887170237199282
2458.4390184315603,0.1563663764165406
2482.0069301320696,0.1557286353280634
2532.702785163813,0.15376868757148957
2702.876165263258,0.14878164969807764
2861.831815892609,0.1438502330435841
2786.976461212543,0.14614537746442383
2574.5219811870825,0.15243802588272562
2517.5268594166146,0.15427828682826986
2624.571459925992,0.15083087823836228
2661.115837759776,0.14972868772235987
2643.0758691039996,0.15050043228565477
2683.4627271247377,0.14923490866933734
2777.0396832364927,0.1463653382615755
2922.5166097208485,0.14237291465232357
3050.991043575314,0.13892566656142274
3160.9380315120616,0.13630026572033654
3017.036731568085,0.1398034586686681
2859.66727375302,0.14423526732400271
2852.9177676045883,0.1443222530244184
2805.8839868168784,0.14544096055396957
2827.948497814817,0.14480356315948043
2867.623854479207,0.14386040079602663
2818.4487300792575,0.1453033634151852
2850.24597070005,0.14430978612703715
2766.507755439963,0.14686642797152344
2813.8294534439774,0.14511591354493059
2800.2641281316755,0.145736291313273
2728.2595191383307,0.1477890434418014
2647.7050455802014,0.15013369608175844
2671.116067985419,0.149640266689392
2749.091390111685,0.14713288552036055
2851.8688177451136,0.1441979334448787
2810.7806279819943,0.1454623934175261
2783.718445892683,0.14605205239804384
2742.248907811415,0.14736416881657646
2648.3828999770258,0.15015931185948533
2605.788001572734,0.15131279775875486
2666.3834745199733,0.14966487512324392
2652.598280621469,0.1499652930834902
2745.9340907786623,0.14738345842669082
2720.8282419708935,0.14800977007176178
2677.1917328952995,0.1492646544333636
2600.229769776472,0.1515004610926624
2615.727451847872,0.1513918027282028
2762.7215994400335,0.14665805414155852
2747.1489382011287,0.1471346387740961
2742.6228273668153,0.14735630043253548
2684.6585710042277,0.1492036510877702
2709.634275237544,0.14849614691567145
2798.563291809243,0.14573905812937643
2916.897119979838,0.1423894572531779
2936.337522909667,0.1419576240108214
2825.6938111074905,0.14473122225112653
2708.742898220797,0.14825144190936107
2841.603232229773,0.14447999813054718
2740.8077527882224,0.1472803128073514
2707.5943668545597,0.1483662763133093
2733.7173839310194,0.1474038769505818
2639.3300344520057,0.1504574667661355
2683.0433501529455,0.1489216570476256
2624.262641217073,0.15114769013849577
2587.383817718064,0.15235876823068634
2538.0590444300096,0.15366620468740688
2567.84896896836,0.15284245215030093
2698.7392453706775,0.14875081873141205
2669.9813883160964,0.14960750902912678
2791.414139128135,0.14601012960189105
2922.752921151531,0.14211136592542595
3071.29250217608,0.13875055270436493
2946.657495095484,0.14166449791975738
2947.8533235583945,0.14170327643617156
2944.600897985262,0.14177810377579889
2925.232481386596,0.14225413270835155
2910.6708789215786,0.14284865831908283
2803.783335652371,0.1456481523901705
2831.8660246839477,0.14475075823249087
2765.9812902460085,0.1466764535633664
2747.9652825150674,0.14697253916588537
2771.7920357380854,0.14653475920892567
2687.1431912770804,0.14880089702942004
2600.600633796962,0.15143730287738547
2731.2491279799783,0.1476747074310005
3020.635245646319,0.13979840764053586
3082.766618442221,0.13809735949038943
3069.100225924927,0.13854714553608324
2949.125354550127,0.14149935554393234
2830.8253700927394,0.14496206371140513
2855.7240377349526,0.14414499723374902
3002.354543069127,0.14017760763725057
3007.0437070585294,0.13994924668522468
2931.878455573592,0.1421712338726578
2821.7175060364375,0.1450829532030237
2836.3814599370226,0.14483914297030162
2827.3321665107896,0.14493463228144443
2764.0762122035508,0.14678883824082328
2748.024607673011,0.14710903189822852
2704.1720621399218,0.1483677031888959
2748.0747144296556,0.14730867869309613
2779.75520931329,0.14645608069819935
2837.050124380915,0.14468204964635722
2861.490476187565,0.14395248671660527
2895.4003543664817,0.14309740642835828
3103.1861096932225,0.13768969038662568
3085.1332904828273,0.13811955836957981
2982.4805662728377,0.14062846861140413
2900.971056904757,0.14267823433182564
2940.0390057122936,0.14188325489044437
3048.209073386765,0.13909565220012612
3026.983088289413,0.13977490271363333
2982.7349649671482,0.14063297519711515
2822.650158040674,0.1449266079809292
2821.3092479457073,0.14531106736807187
2896.904173688408,0.14301178402786732
2885.5751348702834,0.14315663428132314
2891.8680764581477,0.14298535870189313
2912.4444302814954,0.14251429343936062
3027.1057675808024,0.13962137239127884
3188.5732821444235,0.13560847505101956
3196.857420280689,0.1353797126338695
3119.4492608009,0.13731373684125103
3100.7581967263586,0.13780705275328095
3062.1030166779133,0.13874214578943228
3008.7218762490147,0.14005068766520104
3004.679259303215,0.14029110289498853
3010.9926989346877,0.1398486337069706
2985.590357251698,0.14040287659543063
2992.49501296603,0.14033345661400026
3148.4285491149153,0.1366767773938195
3327.312518812631,0.13245908718460345
3205.1966217261406,0.13520758403567493
3120.3019984782504,0.13720562406581752
3071.126562975405,0.1384052903746538
3048.8858244860817,0.13891137828773134
3135.442524624568,0.1369422232482939
3123.66600698715,0.13716088694354583
3192.7528595066333,0.13550601732534218
3228.0351006200463,0.1346995564530637
3425.093782544754,0.13031235603363034
3365.0507931083084,0.1317517659174963
3180.205013255661,0.1358137876783286
3073.5096685665208,0.13836646643181214
3102.318060921869,0.13764258686513275
3142.87699127616,0.13686945042773305
3139.7337289014727,0.136739907300894
3100.469218900383,0.137822541802244
3069.921665358305,0.13843221550951654
3123.407957642014,0.13703557660575102
3119.3554184043574,0.13727007099954125
3084.7422636899287,0.13795325374127235
3157.3239191343587,0.13634358923547324
3329.6136055203465,0.13247127066597308
3395.135879540494,0.13109311165909543
3383.409817397108,0.1313268649990857
3297.362551769538,0.13313077197547882
3324.9672444474995,0.13247232013124763
3248.8365590950375,0.1342576218913632
3145.394128332372,0.13649868720392644
3194.2662437733707,0.13551397476339008
3243.101156922301,0.13440834748815655
3210.471585928585,0.13515446232244502
3170.72540595149,0.1360184057145044
3194.5018147623964,0.13542052830261378
3187.252753444511,0.135606025343378
3199.907832608722,0.1353719345478514
3192.259012048411,0.13558574553302744
3244.9831098412874,0.13434845123068673
3297.5718473367097,0.13308859821731903
3466.5052583974775,0.12967201908810255
3654.8962034028605,0.12584783672888938
3747.311731200372,0.1241191135301227
3602.9560948069875,0.12683196265663416
3425.547829721895,0.13047696838316225
3445.6967610110405,0.13003015041728797
3509.4572489096604,0.12863282445046528
3538.3584138223773,0.12794329491010145
3522.3629967798233,0.12843681467339058
3489.576048814247,0.12911844487821358
3447.895597460631,0.1299679249752382
3367.6988451262387,0.13176337892237844
3445.3493234718676,0.13016881415666018
3501.6500816093044,0.12886887180123635
3405.856076104466,0.13071324334324858
3454.810691582321,0.1297700733308019
3636.52137404335,0.12612496738044207
3724.4809234137315,0.12466488553981649
3747.773822625664,0.12410267258796844
3640.139735497749,0.12612830014690277
3625.9750501528542,0.12646436132634856
3494.3042959920494,0.12899222919651349
3517.7480824254103,0.12849474665523183
3500.802711574875,0.12893456773526188
3528.4930313233617,0.12836774416040816
3464.3827494855236,0.1295818302801292
3574.693537721756,0.12715932978063774
3568.4598195809926,0.12757357023346957
3688.4578921198295,0.12520572320058274
3559.756239088016,0.12765561157433242
3511.7009193356594,0.12867568444338906
3358.2769863880517,0.1318914739325336
3282.8082903341483,0.1332946883149371
3358.6197849321834,0.131884273291786
3411.504464889401,0.130716805430781
3458.978526620378,0.12976336870471403
3351.679385830016,0.131954550119736
3304.4894363264816,0.13302602264857152
3329.065492251959,0.1323424027161488
3445.251904966459,0.1298941408763077
3439.8809016454984,0.13003958685600084
3361.6827606853967,0.13181613754464264
3342.015325903033,0.13220395070382918
3293.810621564766,0.13325192731868757
3327.2052352026185,0.13253170316078292
3269.8487447564107,0.13369102073803352
3208.872854508014,0.13537542445456108
3191.0580169215546,0.13539829937160747
3306.0104298364176,0.13296312655422118
3491.3855720536058,0.12903057036930238
3475.9076411148485,0.12930999444035388
3461.91657471559,0.12950056523783784
3294.1622347630832,0.1330766789675508
3363.572455173252,0.1316598190686163
3348.8688326989986,0.13202620615842162
3176.32293859739,0.13589858458422543
3123.0754225670275,0.1369587268213572
3152.2770990813847,0.13658011160252614
3237.365692177938,0.13433152560756498
3245.956526606877,0.13406998848773433
3162.680816351619,0.13609426935261748
3070.0905564059703,0.1383921085969005
2995.368940252833,0.14026635068651716
2954.342666322706,0.14129622552845206
2901.0867290757287,0.14285577787456072
3059.158791195232,0.13849529260265317
3008.2347176353005,0.13978366495207356
3175.0877242282854,0.13582429864196505
3427.1757363340744,0.13017334426854985
3312.9913593009746,0.1327513370871163
3153.3667950881477,0.13641753309644172
3004.1963302358595,0.14014118850690074
3007.508379585431,0.14006624594905911
3174.2538058561954,0.13571809243825264
3143.0582962153553,0.13651510862022437
3033.6879132612544,0.13915384746949838
2940.018921532699,0.1416578842311282
2861.257646324198,0.1437665441017022
2791.028303050691,0.14562345329276247
2757.0194786222733,0.14653376024690154
2767.5263891512172,0.14640753953316485
2958.300640801985,0.14108725027808244
3146.6603605535465,0.13631907796626858
3232.408129046902,0.13442724437876052
3225.5592026955746,0.13480069855474264
3139.5344936651063,0.13667374322877285
3111.289272746061,0.1374040554606985
3174.8944735630907,0.13577450655364084
3151.0090788486013,0.13646673482512733
3153.0034019878835,0.13631896239646213
3138.800887895248,0.136529824731454
3007.9935371935667,0.13990112689440534
3087.2482567889147,0.13801356317662697
3072.044743020596,0.13844928413471028
3141.923955847862,0.13661027694633995
3053.2660268625336,0.13891928314401855
3056.0791258773825,0.13871119833665488
3105.7083628348228,0.13758690934679985
3142.9593281106136,0.13659038896987746
3251.5506580008287,0.1339558173717024
3263.403908177898,0.13369767058387005
3173.9891866475227,0.13581547159692664
3166.223279406013,0.1360789266699627
3158.092102362993,0.13629808661904236
3202.64927499748,0.13521560574102087
3137.1260438648796,0.1366357402987449
3043.413527307245,0.13885036148899244
3117.647850056677,0.13733276779711884
3083.485715693615,0.1379435779058381
3088.3852285097128,0.138062764233669
2981.283810787282,0.14065206122270177
2926.2125954372177,0.14210306359280214
2887.3323347077544,0.14286169715530045
2880.3343952537202,0.14316438388237307
3077.2346079150047,0.1379829457842672
3384.9638551204457,0.13130623533501942
3431.6155922350317,0.13014910213401515
3359.6809897414146,0.1317657685026834
3308.661089848702,0.1326964428820645
3113.6346980450776,0.13722636155784748
3014.6338165737097,0.13973454332238847
3028.613741961073,0.1396491008471198
3035.9021372070715,0.13941998068054862
3147.700142634839,0.13650662461856766
3159.992867161042,0.13639389189784545
3157.892618789284,0.1361640265673345
3152.2400566956203,0.1363780397731996
3149.460859481806,0.13634574833668123
3223.871960524652,0.13455178222444122
3310.791302635895,0.13267930073931586
3333.715255580461,0.13209889581328418
3272.5548763630204,0.13363115137818407
3473.3214811909907,0.12919986692799132
3536.9776475658914,0.12803133083604598
3456.0586509422733,0.1297866932942595
3401.637463834641,0.13096092110889057
3343.013621239803,0.13212302703588624
3288.750594071748,0.13333883073557518
3158.2265985532476,0.1360679719268969
3187.795686033329,0.13557459758784526
3106.1650649205144,0.1375041753844824
2986.1483441551495,0.1402717297839187
3043.0784617711,0.13917270580059285
2937.8820923899793,0.14190357815260238
2980.191623319103,0.1407716069204663
3194.183944802466,0.1353963607716127
3281.0868746527212,0.13323846144886237
3265.882005146646,0.13369395516024407
3275.7803102228795,0.13358683468716676
3240.4168229150296,0.1341863135537144
3201.841949084578,0.13501844104617391
3185.267957064697,0.13539233758288213
3142.1693190498177,0.13673076438217532
3113.4086138415423,0.13729426797222735
3098.6216639463737,0.1374980642439378
3027.916585288604,0.13927032906371054
3071.5087947164247,0.13808052786911337
3363.108402015003,0.1315101854324179
3446.5162593160767,0.12971702181173847
3510.153101517941,0.12854470184369646
3463.2742495091748,0.12935000025813662
3567.1663883083115,0.12737153781822316
3544.8205646753636,0.12794848083413296
3588.0967541486852,0.126908563185994
3734.4742124014174,0.12411582791867326
3802.32989588256,0.1230775386349301
3748.7308380141126,0.1240592108473368
3697.305666101714,0.12501982010468932
3613.712891481545,0.12644859602846534
3498.875953199474,0.12882518315475136
3503.5537392256924,0.12868012964739628
3460.8581148258545,0.12972254496487617
3431.3778703848325,0.130379413423951
3275.3610264998306,0.1335939339044391
3424.3625703779403,0.1303799559677061
3459.0336701272686,0.1296495141724355
3450.2102845676595,0.1297883718977707
3480.154813048584,0.1291943640879348
3501.880866561132,0.12859670906282408
3653.8748747877694,0.12573570425935202
3856.6660602670204,0.12190385482038645
3905.867367643177,0.1211574567658596
3849.943164743274,0.12216203128316985
3704.9221333875407,0.12484916032441179
3605.2911629266505,0.12676530165174726
3419.6776843110765,0.13026108482783527
3480.6215348849937,0.1291177311477379
3612.5730150488225,0.1265201354831925
3557.545956005687,0.12782024189920083
3492.9855935449195,0.12897302501137023
3420.5603573017734,0.13037589742778874
3402.808663975457,0.1309584341392832
3498.4467016529525,0.12878209999360735
3424.6185381759756,0.1304284497750467
3418.41961439658,0.13040411322673404
3384.8123323377413,0.1311609495705267
3327.9111733034993,0.1322945339804708
3459.4551576969143,0.12964934164364778
3528.0905825273508,0.1282324661811273
3399.6185735130575,0.13082348836937124
3295.29388261404,0.13321083592147903
3296.0896630886814,0.13297603639048655
3385.200896488915,0.1311976146000244
3371.874177372957,0.13143303040837467
3325.770656372724,0.13226671552908498
3268.7881812801943,0.13380629967204555
3252.230280454049,0.13401624160859935
3301.185512573472,0.1328741823836565
3272.707746504718,0.1333805139939455
3306.372167699606,0.13273270109982677
3302.0999884773,0.13275730675399922
3381.718431247496,0.13100542225736903
3680.639829837157,0.1249563662297269
3828.5396222131276,0.12252685156629944
3813.054367856183,0.12278018227846275
3684.3765386860637,0.12517594800404408
3637.627180539576,0.12613379386431506
3573.3653536717466,0.1273457761652911
3447.738419856132,0.12963057234859576
3288.3725298891977,0.1331041011907407
3174.5579357118127,0.13569175697513403
3256.6040458676407,0.13379681420826975
3441.7038040051852,0.1298852008012187
3607.257109216934,0.1266539076831768
3501.05052413817,0.1287294524112756
3364.729319930563,0.13155282030474147
3254.8219414563364,0.13409862229036565
3127.453083648775,0.13699911613769564
3163.9242960618526,0.13604705506016848
3252.5711647648927,0.13389847917329264
3258.6898626068923,0.1339757843029009
3228.6737941194415,0.13467641415931594
3162.3034747795673,0.13626998667583148
3082.629438797379,0.13791694359989135
3071.606541243678,0.13826976831107535
3010.9125284399183,0.139849145772136
3023.5549010740433,0.13944131533323126
3094.334503888826,0.1377974878853736
3092.1521786750877,0.13773915689702682
3001.0323769608985,0.13997768548518835
3025.060980978288,0.1396636632479507
2944.7730967653374,0.1417267651177383
2909.9568991048523,0.14240501352397136
2947.6471186422305,0.14135671235069638
3115.941862570129,0.13728246132485186
3274.930125657802,0.13337596014147549
3304.648612033477,0.13284916405497282
3212.7205451721443,0.1347561696523748
3139.9642013644975,0.13669711064718015
3238.530506506256,0.13438202897786236
3323.119418219973,0.1324178309530779
3520.5535237015947,0.12847669634411923
3442.6600592826026,0.12988354263575344
3323.255008648537,0.13257995388993465
3262.3317129444936,0.13382662303949466
3323.162748529056,0.1325594968376079
3425.435078848219,0.1302799007654343
3268.482069615169,0.13364462128599422
3158.8340884791132,0.1361536260375993
3161.488426025176,0.13596730077674415
3227.2155463345375,0.13457678566967052
3333.3421527272176,0.1320952607680122
3367.147397109937,0.13144280439531883
3258.5416571671453,0.1339141684688146
3267.0478303044542,0.1338015973975144
3224.017986602304,0.13456792489205097
3250.089543182065,0.13396691793908325
3297.803771374629,0.13313971934272292
3317.6341956754736,0.13274849637628702
3289.058314781404,0.1330603501614843
3313.6157987330553,0.13269593461336363
3335.575324475799,0.13226344655186473
3276.7752127799495,0.13365654916772668
3234.9181897800054,0.13459344122583514
3202.0563669301564,0.13516173421089558
3252.552719167736,0.13397250107904857
3209.708930397065,0.13501865012776718
3364.394058717111,0.13164586344100154
3586.427208910807,0.12696643673848373
3566.1721019389547,0.12741284312213622
3474.1992213701537,0.12928839380615698
3328.041219136137,0.13246922573143538
3360.1370784621195,0.1317443414885694
3412.266288215841,0.1305555644715717
3472.7145348870185,0.1292980129995442
3353.3187849519577,0.13183419381463674
3410.072327248752,0.13069469984784687
3349.9670701160085,0.13180406317230492
3388.616398326488,0.13109826794614407
3324.6690314833477,0.13232719263921083
3393.080814401021,0.13106727743155247
3513.1188445936477,0.1285178562570041
3527.4597349149863,0.1280698358334458
3448.4959164387137,0.12977751895565737
3517.630255957386,0.12840984026583832
3519.430498653022,0.128202247886034
3428.662963615586,0.13003897479524149
3432.109335382329,0.1301030412761581
3522.4397515531064,0.12811752083282324
3633.916389040036,0.12616748055064614
3547.629270357907,0.12774461114570435
3448.1140155859725,0.12983524071976707
3405.375958374543,0.13063706662417565
3394.269273071854,0.13106881859120975
3318.5075441040026,0.13253614813707096
3366.286262332666,0.13152739402982885
3372.1448612702793,0.1314100335451893
3288.4485686309517,0.13323864292970658
3256.9052760534883,0.13379152753214565
3365.6285056527568,0.1314146071819005
3454.4268802457123,0.12949361596728143
3498.702792829723,0.1285478540558881
3538.3383842993235,0.12787347232593793
3605.6536381200476,0.12657420723003673
3531.495272606029,0.12808200824549493
3461.5158960073363,0.1294339886330809
3330.0733803778826,0.13215945878860758
3269.066417015219,0.1335520046992682
3200.993648058901,0.13516351882700456
3164.697797680567,0.13596724779081104
3308.4684618384567,0.1327888555709124
3352.082266956575,0.13188072244815893
3363.0573148260773,0.13154485299608906
3339.456845250749,0.13197452522790262
3250.693955691051,0.1339696840680999
3234.186910989087,0.1345132239853491
3359.34821639015,0.13157651126362724
3392.324560855936,0.13094991076934898
3446.8809209003716,0.12964224882660616
3441.521104811916,0.12986286418221213
3409.4469076824826,0.1304465394847665
3395.5383790629016,0.13091971165199387
3396.8660416030802,0.13086419403868058
3413.0982300482638,0.1304694287037014
3338.934434234193,0.1320619162817254
3323.1007651462733,0.13251354440121155
3365.372506183129,0.1314103105772971
3320.920484639624,0.1324907742872773
3299.492098224995,0.13292101025883907
3264.220083380512,0.13365696393085594
3177.8103655249033,0.13557072877798604
3173.37872706918,0.1357899152763598
3252.441080808865,0.13396366948105584
3347.229662824951,0.1317247308942478
3318.8880340535884,0.1323333432873872
3374.4816928304663,0.13140025126859753
3473.508189897205,0.12923671065104478
3512.1312474121523,0.1285468244046736
3505.7691069249368,0.1286132037938649
3410.057923592264,0.1305741779106596
3363.1490409360463,0.13142272588493623
3387.579196614189,0.131014452995323
3416.8162522450684,0.1304369210177512
3436.935279246542,0.1299992552601106
3406.3175486991504,0.13053643485473532
3466.4525555039318,0.12934506015496688
3332.5499933388746,0.13217593513635126
3349.581318888549,0.13190337528610394
3386.7377969787326,0.13104975982181663
3498.7570811752785,0.12867455140828046
3381.3395553880614,0.13098906475454902
3373.6903209423226,0.13127470238207212
3425.135429031193,0.13034888842413297
3566.5102317160968,0.12728178898607848
3646.626147132863,0.12578522719833296
3568.5677752922247,0.12715368752071807
3394.9189093606847,0.1308936314671859
3381.4008886000306,0.13117024023384347
3335.6592599918076,0.13219788764222112
3298.860001431527,0.13288152368979378
3388.98256090305,0.13119273985348864
3411.6683978159635,0.13059225520939483
3372.201850595732,0.13121052260362667
3321.252706244191,0.13255455118311907
3219.166023270276,0.13474697866374663
3239.3818041297154,0.13445061851246448
3162.1517574481554,0.13597942876318966
3151.220596121154,0.13618899837361378
3180.736771944789,0.1354291679736069
3244.8175781558284,0.13420894807415124
3293.1529663746783,0.13313410671500794
3167.552443466077,0.1360097114743907
3185.0057421228958,0.13561562996534687
3398.183527309705,0.13082205488127382
3464.0345355647537,0.12931784447613837
3496.5162120204004,0.12855666478845865
3293.0060930932577,0.1330144879097945
3399.8815920071347,0.13046702527082418
3438.1456408802455,0.12967707939289158
3382.533785434061,0.13115352260214994
3378.2272286762586,0.13115014798271254
3412.554046722761,0.1304316228496126
3407.688134907213,0.13046102121466646
3320.026977984803,0.13239039286467838
3404.138692699706,0.13059699060215954
3434.3995591718954,0.1299739132875207
3463.940899762674,0.1293431107241923
3424.8615016880594,0.13021926552538365
3267.577558590229,0.13362869830348237
3245.0496931098114,0.1341414263342722
3291.693927103087,0.13320333106892876
3257.9303056401327,0.13371965328642993
3244.884116764398,0.1339270659090664
3136.20913125649,0.13645751040996928
3175.318230934065,0.1356337904605253
3192.848163510154,0.13546207456167167
3185.9444343031937,0.13532240648832747
3137.224507318989,0.1365272747830522
3116.8418526091905,0.137287671539744
3084.318403377738,0.13787635358683634
3070.2739985580697,0.13816109630258505
3165.201551530187,0.13607990224827424
3292.7202238603504,0.13301499565842537
3258.088665733202,0.13361990445817243
3212.2540730538585,0.13479238369650806
3421.902719105814,0.13010042911318961
3319.5123905900646,0.13234751660136762
3604.640185895848,0.1264325177233521
3425.5764145004514,0.12998554817306354
3149.340771512629,0.1361713223265305
3267.4868310714646,0.13345836663700933
3198.9309416867,0.13508349148730642
3195.0441426483103,0.1352637082596244
3103.037908375072,0.13740876107137756
3029.9218075041376,0.13927357094163695
3007.923526478564,0.13993712340045328
3004.2522329172753,0.139493554127866
3027.2238337900476,0.13901944475116668
3144.3328858194677,0.1364510238061099
3217.0435742669233,0.13448869001224698
3316.2107562883807,0.13235495320016538
3130.479154885105,0.13658941906737687
3121.8353336260802,0.1369285978198561
3051.0364246133568,0.1386922985497479
3078.238262675573,0.13829645829828088
3084.507807718074,0.1380340424982434
3069.3080798964593,0.13835387970170113
3230.5114859936134,0.13443297965272358
3196.020650636504,0.13532496063289015
3225.1623401499573,0.13458957621799164
3275.334400595917,0.13334258944324018
3356.1229848656876,0.13166558356344235
3304.0688732079925,0.13263304052611696
3166.0898931204256,0.13564968628133395
3183.9102872897465,0.13562877843586987
3213.360183442986,0.13477166889258793
3472.2824264417227,0.12904845301927576
3439.639021153333,0.12980775838177974
3227.8496832966066,0.13469433666505817
3203.1807357386388,0.13500468110811487
3123.758488459868,0.13693097590938266
3203.7274804799054,0.1349815552038525
3174.9467390522645,0.13575430762200558
3145.466450591372,0.13634576478623994
3146.564732974481,0.13629834851108474
3018.2964467916963,0.13966147153313313
3076.9351783112593,0.13796609102176485
3322.8891949021413,0.13225574548114602
3251.778612309895,0.13384683763913557
3269.606050734441,0.13349462803625592
3316.032332635431,0.13231037708252708
3234.475826468552,0.1342826904897365
3169.662826832247,0.13573031648594158
3187.492313651574,0.13541981802815597
3248.871986234596,0.13402619304147337
3426.731273795535,0.1301906415629519
3387.4307295458675,0.13087752638876515
3255.826703069404,0.13376565480754873
3220.199426049501,0.13469884710191163
3269.0123524398336,0.13361495370396548
3336.8199462435477,0.13201486701128348
3441.3322083947264,0.12967465683588802
3380.5212221327024,0.1311636153582036
3281.1564118179567,0.1332726585617883
3243.2138615818467,0.1340979606070384
3183.7142142161692,0.13545481059055814
3192.277187443303,0.13526422105960934
3269.0849313140116,0.13353032047034277
3427.1932005958615,0.13012796301970322
3449.7887542871413,0.1296012929507129
3414.354620043924,0.1305002242651866
3348.9867501068925,0.13167874167692362
3305.441674301772,0.1328062516380821
3208.8386538045934,0.1348735400066742
3229.5019307666807,0.13434187499435454
3266.9066307271614,0.1336914271960386
3363.9766059258,0.1315294902046793
3388.60280486019,0.1309134166187583
3394.5822434962115,0.13086737944008478
3384.3708909565075,0.13104212508064403
3288.5851512305553,0.13307423740898053
3289.6539532821953,0.13312482421812658
3276.263158077221,0.1332205560899721
3337.830132790268,0.13208827920371946
3346.375315526733,0.131804688461974
3269.9980661099617,0.13359708660287595
3244.796298161545,0.13412751953995647
3337.243202769308,0.1319815729223765
3531.152186522443,0.12783962778388927
3631.201759658343,0.12626984493640467
3517.205165242042,0.12830382755372538
3284.6201083907567,0.1332082018955684
3191.9081677704844,0.13542594905524277
3172.6370441196404,0.1358505245930231
3266.856831385969,0.13358284871919426
3203.714679583303,0.13506111230692017
3125.304706021138,0.13689123411232632
3159.996523744673,0.13607748534516
3117.9313927837557,0.13712125572478134
3099.842583587987,0.13751766276237987
3271.2620483000774,0.13346997855953635
3263.50039893006,0.13354010774101152
3304.6981802584833,0.1329204202310996
3409.263728684434,0.13042245149211895
3483.7850544224407,0.1288235350655016
3454.068080884458,0.12953192115089407
3326.8837933110685,0.1323941545039804
3260.939646204446,0.13347641646898295
3223.8356159949417,0.13475658057066772
3297.5153050792765,0.13300801625367423
3428.4825953524132,0.12997719498829388
3385.699257368152,0.13108839290385507
3225.358278635825,0.13444013515351871
3212.196355115398,0.1347270639347429
3239.1335386398173,0.1344757371621517
3192.4552551126285,0.13527008655797912
3167.1558513376617,0.13594922850447916
3165.338385373135,0.13603884654255613
3201.15709611062,0.13521628246396944
3298.8770900408445,0.13287520710096992
3298.829643903027,0.1329296809446447
3225.529402943432,0.13474471495065177
3213.457425173789,0.13490531507967082
3167.682898493355,0.13593328626100332
3141.8708487171048,0.13646533724554033
3106.5230017162385,0.13731635453323082
3110.024412790996,0.13747519798209962
3086.286120835766,0.13769512425535946
3121.6218454438535,0.13699129893189613
3078.7566311097075,0.13802948798436643
3105.5479199253336,0.1373153665123112
3033.5771544613185,0.13899447142204374
3066.552510937859,0.13822134714475162
3184.7415853852913,0.13533402063766625
3246.917620953845,0.13392950624404584
3285.2698493286525,0.13312440277375254
3284.609330405797,0.13325973770929075
3261.154770781793,0.13362648624265522
3302.660476422801,0.13298470625472475
3195.7123300767594,0.13520719820846186
3129.733957955618,0.13690785689031648
3177.9511031767374,0.13561121706040383
3174.7642134253347,0.13572768279561956
3176.351191969236,0.1354747809096907
3135.1466238075773,0.13657265665530535
3079.0714644784307,0.13803462216886833
3097.674123954154,0.1374940540950468
3077.7365985344695,0.13785762651042274
3133.306381233619,0.13677035195747736
3158.65385130458,0.13604500889313154
3201.4911381822003,0.1350675329634357
3288.9812165922463,0.133076724451629
3295.943881831637,0.13288229389488462
3236.4363650933965,0.1343802997756859
3198.9593805281743,0.1351533162420906
3194.7158740359228,0.13536082593718862
3145.5036630773047,0.13647403725629598
3031.043705180964,0.1391264921823083
2980.1840743837465,0.14022196830306266
3120.285398162006,0.1370021381069283
3088.864370945081,0.1376545660548655
3133.1602724228164,0.13686981510730692
3192.4874562505693,0.13513051330398218
3331.5328534127716,0.13194360570728006
3199.91685094675,0.13501985205103179
2960.067370740415,0.14082555944381686
2985.7957010714927,0.14014407034572293
3041.1766018005874,0.1388235024421721
3199.917581061934,0.1348470139416062
3238.190559106866,0.13433417068344708
3284.6946608109965,0.13300077724501747
3263.5373484964066,0.1334624293378808
3163.1336590036935,0.13568765823923126
3213.3068758982045,0.13466645649305178
3373.9652391502254,0.1310615043641968
3357.759196528999,0.13142038734949704
3265.610443040835,0.1334546506585717
3231.4290852024487,0.13405899201069058
3251.072847006703,0.13379700502534012
3326.3198252218967,0.13217031692537218
3393.5017929478317,0.13067050907423747
3312.0565277634264,0.1325797079125896
3300.1859176264143,0.13272712366264
3320.4051295639047,0.13224997460311275
3494.4184496615903,0.12874211176117106
3428.626107157917,0.12981031948212468
3347.9961546997397,0.13157794192756914
3307.070120482603,0.13255235141540422
3273.1038708523383,0.13329499095928535
3363.94155399591,0.13130913794754803
3423.4500178070716,0.13010752678870546
3366.9124937737565,0.13138982420362674
3488.288148534599,0.1287366637834635
3729.3508270138573,0.1240665827103892
3481.3849058137926,0.12886139561458285
3236.896377415962,0.13422397767699737
3205.757609938774,0.1348991625129061
3281.7864046885347,0.13300332592694006
3336.2336691466553,0.13178675444587148
3447.2388987692593,0.12944704705625357
3542.705288380416,0.12747959035838366
3586.0092891286663,0.12688363266874952
3551.4158787854913,0.12726642728852483
3498.594625037032,0.12856780780240387
3525.3052201274363,0.12784616784573136
3640.1446099330556,0.12586320281584723
3585.3676579848952,0.12693569157177254
3624.2055092854253,0.12611644856078974
3597.152702015802,0.12673855640580797
3636.0153363353693,0.1260334303364299
3597.224800732898,0.1265503609195265
3567.82927720447,0.12709467368238725
3481.2639477461576,0.12884565448420715
3436.781013021687,0.12976929751311667
3500.6529740397837,0.12839707322479765
3548.9134899593682,0.12747411379153992
3695.5171579756798,0.12481583206864158
3613.80819707268,0.12628353425047004
3731.8161686847184,0.12412570763707956
3714.184792229149,0.12433872247444025
3640.9704710845103,0.12576500939739005
3681.6881763529336,0.12502873193032538
3591.3879935449518,0.12674428622447168
3508.966291982711,0.1284493891129292
3420.5474297891847,0.13030537457667074
3434.6818184417016,0.1299376984997242
3410.385087263107,0.13028641366795643
3369.3480676595377,0.13127159778533137
3388.916528562812,0.13088619203761964
3374.718421110114,0.1312411911619929
3358.7161209821656,0.13140949116647074
3514.004408340505,0.12817090038676016
3688.983888123543,0.12491856248579726
3577.2209040726016,0.12702597544063784
3537.347175502725,0.12784527015457398
3460.042789974423,0.12919338662133056
3485.8152817399964,0.12869712388413093
3558.5060071545836,0.12766900063123382
3444.4915462656445,0.12958152928101097
3553.9532551419375,0.12766877605309024
3590.645199332522,0.12677529384398456
3633.582371557848,0.1257820746233103
3591.817332411743,0.12673493704265634
3553.876238407302,0.12757075760102543
3539.44452962278,0.12763513163497342
3439.832946725819,0.12973005759606993
3383.9415277453604,0.13073272870438282
3558.0720570180997,0.12728128853030646
3596.5309884978196,0.12668847127866528
3569.7845213485725,0.1270702277339336
3574.115892458588,0.1270766163598563
3608.0220631960406,0.12625171197663865
3668.7171577028416,0.1251899647985366
3695.016742307858,0.12482158915164913
3592.2315162184955,0.12661558883382898
3576.5386872610075,0.12702947556659588
3543.764528585488,0.1276551529978061
3485.0766947331144,0.12891572476953841
3369.951579893524,0.1311348555182087
3347.702379291006,0.13151569558184437
3380.554074061391,0.13098793098054282
3380.438083227637,0.13090379469188754
3361.9432518330013,0.1313410845686849
3480.046309794761,0.12872566005620548
3601.0256759703652,0.1264925893637853
3463.807459939933,0.12932761270622867
3429.167975860384,0.130099400907408
3441.4271525726094,0.1295892402064663
3407.5822363824873,0.13053067218004982
3294.5070202362663,0.13277065840981706
3296.6060476006087,0.1327735214098866
3263.4639114311926,0.1332714891252429
3280.2570327154535,0.13317932277309022
3301.0716063645827,0.1326840694833986
3298.0031302127422,0.13257681536396315
3312.009297667978,0.13239115647215371
3272.4126441416306,0.1334544228661904
3205.955763357549,0.13486059333462805
3418.3535943028837,0.13011227078693255
3466.3272740672332,0.12914578734972187
3422.0260979034456,0.12999749319550277
3350.453077405451,0.13162510622453824
3392.619412708309,0.1305292469237624
3454.960722669171,0.12938065656449685
3481.6545857444275,0.12880840683480801
3469.4120362492463,0.12908249734093188
3407.487101033853,0.13045248778238183
3438.9755956463323,0.12964769708651674
3385.780257122148,0.13072878317383865
3331.764350181434,0.13195276132769745
3420.1496319598264,0.13018952377127008
3361.6788642105753,0.13132756003952564
3392.5006559967683,0.13073030837916666
3291.13921598387,0.1328571994398241
3321.7448756401436,0.13205778746347854
3455.125913853359,0.12933131948689933
3589.6240519274716,0.1266764903101523
3606.40464631295,0.12635966798193643
3578.4712232999427,0.12672118842735344
3535.002638418502,0.12773316487854258
3461.581208967551,0.1293016839617081
3381.2907586847527,0.13106733974982798
3331.822657059568,0.13198791655725836
3317.553929017222,0.13229684037101708
3293.5059256347195,0.13269903740921293
3312.0816460234464,0.1323776705501836
3430.391483686245,0.13000530951067532
3467.576916810512,0.12904393037330247
3446.7126759970956,0.12958554822259513
3399.8507364492134,0.13048628045186322
3357.591904596568,0.13125482435700028
3382.1538502418,0.1309788840167427
3459.6987323403478,0.1293275316118968
3473.25921821898,0.12904463890936752
3469.167193061571,0.12890396945857335
3478.5122383521602,0.12872481108155948
3399.896277211006,0.13064524280499729
3477.389172062606,0.129051249131843
3556.0347307850575,0.1274023842032818
3551.255908098495,0.1274371833994733
3504.4241043792276,0.12838427287349863
3412.531775795628,0.1301685930813708
3428.077617613729,0.12980799833309117
3485.818671832395,0.12883167379853616
3443.1547714598832,0.12960164332828814
3322.6830936896426,0.1322637534416215
3397.5502306850876,0.13066798481404787
3404.0520921002158,0.1305059409647388
3369.293712537293,0.13120596763137343
3577.156294373451,0.12695583168713231
3671.750405901304,0.12507982562641182
3823.745028753014,0.1224534116494961
3900.8122053341795,0.1211014427812972
3915.288117447812,0.1208508566814747
3787.9501997531743,0.12298199109452546
3608.282190555302,0.1263754873103553
3496.62010278138,0.1284652151993517
3544.1435882339006,0.12765688832872202
3614.474656461776,0.12611088461664144
3516.205077281153,0.12804352493239174
3513.959934394492,0.12827217689935883
3426.1068634320122,0.13010795577696746
3451.776786371111,0.12956751263270236
3416.2582874900845,0.1302376532327116
3387.2752041370327,0.1309203117443522
3311.0296253637152,0.13240920751775118
3318.0592713101023,0.1323312422078361
3385.703506106458,0.13075055536434838
3401.6579120665756,0.13056494714119313
3308.820646707602,0.13246545884396949
3242.4751295173533,0.13383242787928937
3180.9243558072735,0.13542163273273777
3074.7467521456806,0.13773961025428177
3062.9259456300333,0.13822501795746436
3059.152659738428,0.13823649620007636
3142.2366398797926,0.136094629516573
3173.8995866944474,0.13556566767666173
3189.4197057983106,0.13506956626458191
3371.902175969283,0.13099888232836726
3472.8478501441946,0.12892079626928166
3656.895788284744,0.12537415905362093
3881.458357255515,0.12140776793317877
3961.485601289697,0.12000526607824334
3856.7970498688064,0.12179152921190109
3759.0875999735877,0.1233982330926803
3648.579867474779,0.12559828257697306
3492.2778939089317,0.12868082131920403
3313.374813384407,0.13238703593041934
3186.702897039374,0.13521505490114077
3259.7178114562494,0.13366233479805523
3431.4034820621227,0.12985643121038848
3460.6157406042767,0.12918213661507902
3481.770416006108,0.12876643075343122
3301.211126701493,0.13258637527434092
3200.187588617228,0.1348779473972559
3227.0531320513346,0.1341990246594651
3251.1100524114945,0.13384967346152343
3163.5771446082003,0.13560280488862242
3129.9527784406546,0.13659798080838112
3080.9743130315865,0.1377537673074261
2986.3481268513183,0.14007745166044044
3055.3473091798146,0.13813602681892614
3070.053779112428,0.13809903505215496
3031.2374143610655,0.13910464969179068
3059.646351064257,0.13828374369695381
3024.9105595035453,0.13901512439155442
3106.283937441844,0.13718069982819592
3314.986975710133,0.13225680663155967
3416.2071672553975,0.1300722453105616
3499.8587243442926,0.12836035740038784
3422.854239046712,0.1299681674646489
3339.114521607055,0.13182543553437548
3292.771248742299,0.13270924533622344
3217.0711719468077,0.13446464155212923
3143.282567481238,0.13616076075159544
3115.372311015339,0.13680940168337596
3329.8787251063804,0.13201361679321785
3418.269227271426,0.12999546541118576
3397.6643732698726,0.13055397493692789
3305.714409722689,0.13239243470939638
3273.7449091328895,0.13325100810599655
3323.1803903389728,0.13213987664749116
3400.0440764195387,0.13050420279101443
3319.072088471699,0.13220514379673154
3284.835719079682,0.13303669076929142
3259.2977126299875,0.13348999677428816
3103.3509934162917,0.13733328859096713
3134.8492866130387,0.13642407838165727
3098.570025708576,0.1372324081617147
3036.326453875969,0.13874883454970777
3012.2023888105773,0.1393586139947448
3073.5152387439043,0.13798700318789014
3099.7315844644863,0.13715100901982089
3087.877463513653,0.13763621570856094
3083.729742187031,0.13773443059111656
3186.2713790228895,0.13501243778222607
3393.8069463079046,0.13046147810537714
3326.997105326719,0.13210080528263168
3272.61439546901,0.13321036620568105
3236.9021664980564,0.13413382071220686
3193.6066631056,0.13507691022719664
3200.4945219732344,0.1348717168790261
3191.2519860347793,0.13510155411749902
3239.701251740599,0.13408930310850867
3181.7265699323007,0.13543124133630152
3185.3300471560174,0.13514025221584147
3124.076960430284,0.1366524295147446
3107.4508205287375,0.13701864796149324
3171.094939025108,0.13551834326734227
3209.75707593033,0.13508833866824455
3419.990799225311,0.1301039641300544
3425.8392001460493,0.12987646912462622
3409.45109269689,0.13036264010901888
3539.731469067383,0.12785173619492532
3552.2989448421436,0.12746110375545053
3494.610346796935,0.12854185724732411
3463.402590754034,0.1293551439853019
3297.696119668525,0.13272391895297858
3235.209605805248,0.13406527763724932
3313.655359821598,0.132514504256394
3408.136709432023,0.13039649385947838
3467.0137386849624,0.1291503958979072
3471.04256394158,0.1290691836836629
3338.402926633591,0.13192509098508626
3295.4659447219096,0.13288808425286533
3292.6180725901354,0.13289978055225163
3310.006004344482,0.13242744774281107
3339.0028643228197,0.13174905192740324
3373.3045099340256,0.1310429361361557
3475.1477805504887,0.12888086099500107
3603.299442443678,0.12637981789420125
3563.1095981669905,0.12732805504488506
3507.9305511340035,0.1283101196577851
3458.8556188613206,0.12940424638309472
3392.142574741077,0.13048025199194005
3420.15608594017,0.1301752118923398
3510.7154529053905,0.12816424552654004
3614.6831977567217,0.1262761022687562
3460.468389505769,0.12941017520443251
3551.0141976924056,0.12745186390347116
3609.1416568531367,0.12641527106994313
3537.2330828242516,0.12790007908553244
3478.749374386503,0.12873467743662362
3637.869074940928,0.12598456664189983
3638.2809523471333,0.12580621354497876
3686.6737251597488,0.1248814557262882
3718.9417990756747,0.12424378154427615
3618.7372310634005,0.12624661583908614
3508.647644756026,0.1283167081140485
3522.7239920848847,0.12795694009053288
3434.767873180239,0.12983573946758534
3435.9397059836297,0.1298170561428602
3491.2533006798853,0.12879670192543846
3392.2143157238756,0.13076390029072843
3476.8291946339386,0.12895364380123417
3448.156640062442,0.12946956263518683
3463.0080853262402,0.12933505081887103
3462.885597723892,0.12921496245154246
3421.9597287609536,0.13002234744650235
3423.567952223331,0.1298477553667967
3510.6238479307735,0.1283162542763949
3559.5537012085783,0.1272097030016483
3576.3876121589656,0.12697486124647805
3451.0503442451745,0.1293750900805043
3314.5998600488088,0.13221110177778422
3246.8035499234797,0.1338992392175169
3233.468388034999,0.13413848091212013
3236.7372627888944,0.134367004542309
3275.8371826781317,0.1334145387414161
3281.3248280718085,0.13292285407584686
3282.5885119669188,0.1331007888648006
3284.606993342468,0.1328451032784453
3329.6132261797825,0.13199195801149888
3326.3379869707014,0.1321154553108186
3359.5572874426775,0.13138103976169493
3440.079499026744,0.12988833890328638
3307.3125715373,0.13235171863182021
3357.124471155755,0.1313047905466025
3530.342589650032,0.1277719641878193
3517.600583287077,0.12791371493850465
3420.4748950539315,0.1301381429834594
3479.7075555821216,0.1287977966174952
3441.3654805855053,0.12961421391286318
3408.1546959584334,0.13027509996085315
3337.127382431667,0.13183674366171214
3339.005572988119,0.131798517596231
3368.056895415904,0.13118082476287454
3493.6196202488095,0.12873350970787695
3520.1500663382244,0.12806235969845478
3493.6302136466234,0.12866560539309888
3445.5015702524965,0.12959613747503718
3392.0504872679194,0.1307518401933935
3384.053288983566,0.13088125025314515
3378.5205049549436,0.1310796209437026
3412.366038088116,0.13022677469489438
3386.54699521216,0.1308212601487291
3421.3497042289355,0.130058057819458
3374.774882773761,0.13102783429686765
3336.979280866068,0.13187370538288784
3287.0155828585425,0.13290013580010776
3284.3632027459244,0.13296299302975964
3352.0579112371247,0.13139035242260286
3643.9368986965433,0.12537261282331702
3734.737142534638,0.12392215459451106
3572.293260175861,0.12693944780344252
3460.4623791502822,0.12956943857899425
3384.8175402966804,0.13070454000665976
3344.861377563976,0.13179939598575363
3373.218987104183,0.13090183629765167
3351.365796322547,0.13159653587778417
3345.3924911685986,0.13158340620556602
3302.6707514314257,0.1325558586660635
3298.4390413169826,0.1325471527627228
3397.892675354324,0.1305942017047284
3404.1995845244046,0.13030187202509866
3405.699887071323,0.1302299352082083
3508.7836972748373,0.1281174572020324
3723.8736272739443,0.12421725826689393
3759.2822642864276,0.12346843173648553
3708.033926919337,0.12447275949036381
3561.5792104734733,0.12736592256342671
3601.0757840930337,0.1264827335222428
3540.7678602013098,0.12769234671355228
3433.2102791777666,0.12982623369453808
3346.0000362341534,0.13160072429779618
3305.2268699237784,0.13250953640477772
3204.423760926344,0.1346314109037898
3193.9276583478795,0.13509939979796612
3111.7638635488934,0.13685770264658378
3199.022539387301,0.1349191130706396
3168.39687241817,0.13535736955701455
3159.022723969142,0.1357970890629218
3202.587869576373,0.13460946947774693
3258.062088911064,0.13350755602956474
3239.561230535805,0.13399805090193767
3247.790770712027,0.1339420005525505
3194.1710348700594,0.13516903505290861
3163.7613670995374,0.13577783065371904
3105.1530926626,0.137180117954732
3141.0601663503853,0.1362046609256728
3212.2045783755198,0.13461902687679175
3127.063392309693,0.13637989373377085
3108.068910510536,0.13684564106279049
3230.7089908468383,0.13393480273698743
3320.721563468599,0.13230811341111942
3421.2485599782885,0.12984582727423388
3346.6727926685935,0.13148169989566394
3412.481893539216,0.13009809424469307
3442.217929751807,0.12948567069215278
3542.6984727801355,0.12757136176146616
3452.425345392695,0.12936098942701893
3388.350810739829,0.13067995067154417
3243.651352141273,0.1337462120532302
3274.4811370772222,0.13332459758526047
3268.8522429238674,0.13333845939525066
3284.908258816244,0.13279582271913504
3172.838454374093,0.13544990301790036
3142.101378841948,0.13608795242989893
3239.145443864276,0.13375461711971104
3190.0198704264335,0.1351312063351692
3194.8271963961265,0.13491860385150062
3149.796700776198,0.13582565658378568
3191.234055222301,0.13490059640029256
3343.0511186300064,0.1316571841035834
3367.1296173649393,0.131086870916604
3208.894747946268,0.13458553145478394
3208.4735856424973,0.13467501356230568
3157.176162773656,0.13596583861713418
3129.410834809215,0.13661970750700664
3097.6084980862493,0.13707145100073012
3060.4720987793785,0.1382356530502125
3033.8985482101593,0.13875049365559516
2988.1490664704793,0.14005938013630032
2920.838527855602,0.14168144895493237
3024.6266541061195,0.13897976181991237
3069.7003195709003,0.13778848354649798
3113.3533890086355,0.1365887286627221
3165.4063160390638,0.13530989252254927
3208.3191288136263,0.13479508833519044
3149.060492625681,0.13591908392714083
3228.139881034773,0.13427228302828556
3241.4561881016652,0.13394710414062586
3298.034920365166,0.1324363477608301
3260.89308079959,0.13325144940907782
3283.441615859483,0.132787297465152
3314.4750643589587,0.13213278646737536
3303.2914962235077,0.1325790329454536
3220.531041127566,0.13440041501834055
3251.6915947012044,0.13352630121654283
3281.5251910745505,0.1329726733905302
3262.467257856558,0.133313273480041
3158.2882454175156,0.13579557537380096
3143.0780289450154,0.13601534302883048
3254.79346342865,0.13337025643898615
3383.5984102892457,0.13064685187540245
3421.620246876654,0.12990633875704458
3304.964333425105,0.13232826667673028
3225.2448731632194,0.13403616229598628
3115.582172959079,0.13685205498536904
3088.7076662559916,0.13747161790886311
3187.435882622336,0.13521864271894893
3235.76127527494,0.13402993123131074
3148.014008993361,0.1359535970860401
2969.225661774358,0.14035865860259303
2969.049994304145,0.14058043960029343
3125.9441782409285,0.13636988329720276
3171.5916994303725,0.13526940732266446
3359.2831975238655,0.13121963529169836
3572.7064192629214,0.12677542823420684
3557.528536816311,0.1271217936553669
3445.198701963713,0.12932298531641653
3482.6192554740906,0.1288904336278194
3483.896948200654,0.12868970213885977
3419.349787927623,0.12980053837068828
3410.4262254648397,0.13019793399253193
3474.695734769603,0.12863367324865665
3373.691338947508,0.1308251579770619
3386.5401433994953,0.1307746139739103
3552.6558315543857,0.12732565178535762
3516.936071972218,0.12792227695910907
3434.6687357725878,0.12956229774680034
3347.352053459234,0.1316591985569017
3321.9191205085217,0.1320634832540661
3427.5517421397085,0.12983536826968076
3578.44599712839,0.1267866986501898
3611.3633388000794,0.12627077356751035
3662.42476553873,0.12509906169148347
3559.7898661551585,0.12717220844882893
3469.2906799091,0.1290137707923902
3418.6374492432774,0.12993520367308206
3391.7931216122133,0.13072806676175466
3383.267062926599,0.13084060269263328
3364.120074902078,0.1312747916168352
3203.5533872907226,0.13485216796331617
3159.717928830874,0.13578208321831609
3220.5924053231597,0.13431025183655856
3212.1557978946416,0.13468301454983475
3136.2378814993535,0.13612472304033474
3114.6076600609813,0.136757942074222
3287.0036025721174,0.13265747749804396
3435.650559376159,0.12965864786439613
3429.0522897824208,0.12980769649361223
3400.107328088378,0.13037733805910437
3336.2763692307926,0.13183045896565185
3345.481829918405,0.1316948958233894
3282.68526729343,0.13298876443587584
3220.007285949135,0.1343412617361379
3229.901612046043,0.13407803821556835
3232.622714859915,0.13398613627312567
3257.5984402771746,0.13351639659029518
3259.499756882674,0.13350403303966177
3260.824836927922,0.1334733979052944
3336.3240440445124,0.13172338119286897
3384.341946508829,0.13068440487283606
3325.099456046881,0.13193148097673127
3337.0262329363923,0.13163711405509432
3311.4173716664436,0.1322177413864435
3321.343177962686,0.13200988021573037
3447.840267396154,0.1293849009990922
3440.043442417321,0.12964553350070926
3420.429898881014,0.12991371225104964
3423.822925366494,0.1299513536738566
3370.639987626113,0.13111748444527707
3388.973249276057,0.13057399416249246
3368.8932435372903,0.13126179810401084
3318.0032198470235,0.132147179572945
3281.9284397427746,0.1328713067587367
3222.1111695260274,0.13426924497717146
3138.754278617087,0.1361496168766096
3123.317650506261,0.13639409367542735
3161.4161769718016,0.1358057346876304
3230.504127064019,0.1341994323819588
3268.4388227393015,0.13328943452970235
3361.0570641109757,0.13110583763097108
3442.4895533940553,0.12961307719764756
3462.645528740712,0.1289988204317808
3408.833817878687,0.13037384023194165
3274.0340792305847,0.1332090458308015
3290.8797951419187,0.13277898346865516
3348.7563142978074,0.13144484099885814
3364.224423648081,0.13109336815988318
3377.983968216571,0.1308333809300918
3416.545674970326,0.13013124623515818
3334.9764059041095,0.13166150515209019
3334.2474158697505,0.13180503667438523
3324.6809233344516,0.13219574078357282
3226.7116321814233,0.13423501034672522
3154.051904359984,0.13581221889345704
3176.135227371865,0.13539810693947674
3186.688799373566,0.1349978897907861
3188.0992412156606,0.1351014758957482
3229.9446161766027,0.13423085198331716
3186.274319385793,0.1349309657823354
3187.1769185655644,0.13511824381664628
3088.595615685979,0.1373594840950807
3064.08733781556,0.13784803263349482
3073.4565326798956,0.13775187130455288
3096.8080913644612,0.13733701386478367
3139.649539440657,0.13614246763447088
3208.0329174320163,0.13467899780978995
3033.624100808434,0.13880389275617872
2902.854133772463,0.14214489692178586
2898.761070395005,0.142302076292223
2947.450320839164,0.14097287388695517
2967.1130226128475,0.14030945159539765
3059.364022442936,0.1379930764258657
3158.639590560673,0.13566152275099316
3164.8053058646474,0.1355434371346087
3221.194864164591,0.1342251770002758
3241.6676481993495,0.133706969457185
3191.5884104187103,0.13489770344778498
3110.8040258759024,0.13689902538481405
3113.7636980246666,0.1368427804901733
3159.348004983078,0.13571346463112774
3305.1154440820796,0.13246981404901007
3361.079376584165,0.13121931738783982
3282.1488019651115,0.13278384374100174
3296.2580150860417,0.1326230903887958
3255.809662744321,0.13349159134349906
3274.5176567287895,0.1331813992027184
3126.8477045034656,0.13654030918755167
3193.5997934167026,0.1348879421666165
3186.819135242125,0.13510766252421186
3090.758090849976,0.1373791106523666
3166.6184300456466,0.1357220320570604
3185.7418035129785,0.13513281515378472
3094.8887620551895,0.13730829447582782
3102.4248705135456,0.13725534806972
3042.5538024207394,0.1385493134651659
2946.580753429638,0.1409028874154743
2999.5002660634564,0.1395793017817971
3038.406341416876,0.13851374180880446
3028.9044358648644,0.13888631636346466
2955.3513221178123,0.14071071342431288
2995.9157383936254,0.13964808180596017
2939.489062567619,0.14110025827250214
2916.539687923088,0.14162461822963474
2824.3502412438074,0.14423001622388987
2846.2794070819245,0.14342442646129366
2945.139176412948,0.14067945703644436
3011.7077280922754,0.13929073320733515
3156.503973382111,0.13557439496045484
3197.073162015373,0.13485315473449175
3157.6494639662546,0.13581283408207998
3159.803467599374,0.1356851511765459
3180.816509805947,0.1350441646597128
3271.837855930018,0.13312132990560774
3316.6476443623455,0.1320570998881223
3328.192297893199,0.13196202520208886
3238.443626656322,0.13398435406017187
3097.51138181264,0.1372449696296298
3048.2573206083766,0.13832396515332285
3086.087910082261,0.13721187443961758
3079.601023666361,0.13755552190917336
3078.379687414121,0.13753673472320252
3099.985267330482,0.13725705922463607
3173.8423076027434,0.13524013100688928
3260.941996757338,0.13325501008557555
3286.9829753421495,0.13286899799433857
3178.512920538181,0.1353183849742512
3138.5081601421502,0.13615986073704225
3175.0740736375296,0.1354487118025607
3203.754345224838,0.1346195583567055
3175.7744206145767,0.13541609620899017
3126.260800888434,0.13657862238280452
3048.8793858312683,0.1383877173329573
3074.809219191706,0.13765770530090915
2996.1917715106715,0.1396475968649338
2874.7225405211,0.14287182506812526
2895.6235262680893,0.14223359528582882
2967.8496465054163,0.14053095427982554
2913.6239968367336,0.14183643507454602
3016.381431243039,0.1390505221587416
3193.974773126053,0.13480836439022875
3216.905867378766,0.13443273318896437
3126.4287002119722,0.13637180162231788
3117.2390874760436,0.13682042151587032
3102.0213953008,0.13700870109838842
3058.9534532669168,0.1379027715116908
3123.392845895027,0.13665929758563009
3198.0865838092514,0.1348168528162289
3155.650027269754,0.13572326156667558
3158.757151353979,0.13578664953752032
3131.0654245015176,0.1362701475918654
3166.9871539530036,0.13552985225768455
3216.7371193183117,0.1343897684055566
3141.7519405293565,0.13606150486472418
3076.5542044998174,0.13750070172789897
3031.909660871448,0.13876078128317976
3022.549218575545,0.13910892330405758
3104.2364950455735,0.13694834610056225
3015.6981678698367,0.13924935330541102
2967.9016307864163,0.14035593258340942
3008.1065309844084,0.13926685629421917
3014.7483028030256,0.1391972244353554
2953.1087907812985,0.14063323943429798
2990.9481044098416,0.13985779995250217
2913.347842822017,0.14167005135783395
2897.420359410067,0.1422913662969801
2882.0210519115517,0.1426738586416712
2933.065027175234,0.14135113363267285
2789.439960140401,0.14510527116605793
2798.868876398929,0.14497900636973787
2874.30292084993,0.14272628580056484
2802.329286753571,0.14498015064294428
3022.197131923921,0.13909754067908947
3132.866926348634,0.13626248838242822
3079.813260995316,0.13750408609172693
2940.7626250473813,0.14097216731110312
2860.812878354589,0.1432466484686545
2869.5618112067027,0.14295173625047344
2834.973891330693,0.1439442386888207
2815.6342544014474,0.1446674968265797
2819.377013062253,0.14418357141535237
2901.2522659641313,0.1420612900797234
2939.8770077981994,0.14116002962544652
2872.0396868392154,0.14299240819181194
2835.2781665489083,0.14401023988819237
2862.928898196656,0.1431894788037478
2754.4091750668367,0.1461111384247998
2804.179600482194,0.14481067430005107
2760.4481861017584,0.14610928450516553
2731.6636293241068,0.14687777357825144
2746.0137598566926,0.14638059629512096
2821.7424735584073,0.144361794623969
2865.200807072737,0.1430217209166741
2869.3168693706443,0.1429519243686756
2835.4340724816448,0.14407838214298382
2787.0448301041415,0.14521385484861338
2770.927217348884,0.14588792802136802
2811.07356556653,0.14458362282477638
2786.4115021309967,0.14554455002816433
2771.579854866207,0.1457509705557262
2717.0886850483985,0.14759271054766335
2740.729178841669,0.14668127736699024
2814.5701763565885,0.1445241654273701
2884.8054232468367,0.1426850844048885
2897.9347481220357,0.14234509732921835
2907.021382849324,0.14192661033773302
3129.6633545971777,0.13630921918864003
3174.937460051527,0.13523501654917514
3226.823012477785,0.13403969433852497
3283.3032377768895,0.13287300286061798
3229.415228244969,0.13412183231895664
3132.6928941722726,0.13629826514627075
3046.6608631490326,0.13844884923837247
2978.503780367935,0.14020079861695375
2944.680758456513,0.1410982629729998
3058.260213085413,0.1381448312156868
3133.8330861600825,0.13649362302655063
3037.9741323660564,0.1387963863651751
2926.844395303279,0.1416214029722898
2835.395846710985,0.14406514682723642
2840.5168412888793,0.14357389612522234
2812.4610899536174,0.14448375079382716
2948.768110254735,0.14093755436089817
2929.6963457100965,0.14134952608147128
2869.9055457894146,0.14287067135928466
2840.783766564921,0.14390447860978994
2898.7903001575305,0.1425324742746157
2912.8368750394743,0.14213776013474205
2923.3540340329355,0.14173264591494414
2915.613144702336,0.14179048478928075
2919.5651790703664,0.14155128563233765
2882.5829740225445,0.14270727352595658
2927.6882042532434,0.14144991329071038
2868.858159339903,0.1431183139985034
2832.62882738588,0.14413951476078513
2838.231020430746,0.14402380353836697
2834.3920371820427,0.14386366072568837
2809.080952970009,0.14474299610622005
2802.4658543358755,0.14499628465439926
2852.99910910858,0.14337500963758523
2902.9126702073154,0.14227145908717567
2978.577710622335,0.14010526514560753
3027.9383196529902,0.13886745912204268
3079.122376375968,0.1376320573352127
2948.103758897693,0.14095512069941227
2948.3354272789015,0.14111393843077252
2960.1478296342752,0.14071077781331984
2781.844140783229,0.14523178936774114
2813.603082493446,0.1445108002317872
3063.222299448885,0.13793891068280095
2943.7889949182527,0.14107561994024073
2801.809601313728,0.1449654987617991
2728.5814927016777,0.14724714889371954
2738.339686515609,0.14675529898188816
2870.052318228773,0.14326255695087414
3032.322357637196,0.13886136459742407
2940.2527666677215,0.14128217472291157
2870.7484371236,0.14292107041995888
2843.741826037917,0.1437985904572669
2904.5401636607394,0.14199866162115576
3046.808095751221,0.13838456911785948
3245.605026353356,0.13358855554913915
3331.9781973091413,0.13185582078941377
3193.4120861775327,0.1348407339129505
2843.4708166909277,0.1436447891020441
2774.4588895779443,0.14558286818650393
2802.5396300969724,0.1447174307210299
2884.6634337505225,0.1426455625381162
2830.733777632036,0.14423147952895926
2686.07122123937,0.14807534183527266
2674.5184799551903,0.14849626990165282
2732.2490765622083,0.14676100228136824
2906.613542995273,0.1419304471200793
2886.3827059404707,0.14258914449958102
2794.8551816034337,0.1451070460457905
2860.976143581648,0.14321753783030294
3018.108106061167,0.1391285392113119
3134.6191349353094,0.13627517380386148
3073.9498870721686,0.1377298766951794
2952.271031847006,0.14093012137532077
2844.964319072329,0.14378611131610522
2815.884115502664,0.14478968602179954
2826.378295511494,0.1440717632381735
2845.136738103391,0.14376286901215937
2771.543764696855,0.14580685176320002
2779.810033512666,0.14553980209204698
2776.9508966142457,0.14537847466652368
2823.3671998384534,0.14426325662786058
2770.112136522059,0.14602629681916643
2677.9867289711415,0.14875640229295936
2768.1968212133474,0.14574785267057863
3097.5578897312803,0.1369221980668307
2693.6813079507897,0.14799536369776906
2670.8493441229725,0.14891972731634467
2982.79033815495,0.1404421382849696
2873.670626687374,0.14296018940709881
2948.975600815435,0.1411353853289257
2926.5036805126706,0.14156768142964946
2800.6823427476834,0.14516485481003488
2622.820627914032,0.15031317000974018
2641.947879689451,0.14948620902323353
2812.4289519190047,0.14473867682140076
2852.5170532207976,0.14353931184567453
2877.7648134967103,0.14279026419454657
2896.359930107805,0.14239362865298635
2793.4436398211355,0.14502200757114217
2843.9340840353693,0.1438001100148427
2979.160536359697,0.14011383389453907
3026.5786746146873,0.13899153077777746
3066.7520211661276,0.13773199143189083
3168.553925783465,0.13555776926496152
3104.9200677116273,0.13716125650413963
3031.4883139338594,0.13891327268102946
2934.732206698949,0.1412735022378822
2847.999362049633,0.14355162463233806
2910.171927320463,0.14201508598650422
2930.3498771383292,0.14151099711619888
2909.0450498174546,0.1419868173801247
2979.4464573929195,0.1399600404490652
2921.2793960125814,0.14161756491606375
2884.564055132939,0.1426376065142324
3060.60369439795,0.13803179037271376
3167.0554491988837,0.13552437836873027
2976.338691977009,0.14005595849329683
2928.0916056945075,0.14144584170893387
2948.2027696969276,0.14079038159823126
2860.6227661001035,0.14325870785092024
2948.67731206378,0.14089808886029925
3005.170251346158,0.1396015512311518
2900.6521197595607,0.14224586709205886
2858.996573643431,0.14337749263350752
2818.075306167838,0.1444963298871572
2902.3157288900406,0.14191976735998227
2964.537711709006,0.1403180718430331
2991.313937962308,0.1396844652883554
2946.9136186806404,0.14099183585319292
2911.4642116481855,0.14194346433249813
2874.71605259991,0.1426763028751027
3117.1179328385956,0.1367156424135427
3213.36689034099,0.13454079055471355
3133.486807094615,0.13633464888489824
3128.8452118579653,0.13650945184997076
3034.4962932589315,0.13872320794368698
3059.626669367901,0.13818051685391478
3151.8015681555194,0.135752724975363
3137.91877215587,0.13610731894225392
3159.2434930519053,0.13559169185769157
3115.1785953010535,0.13683335977757724
3037.209004844356,0.1387016647623649
3145.6785336791627,0.13599829378770223
3383.398442945723,0.1305125323703847
3365.492844348025,0.13097534183215456
3183.338771848594,0.13524240138839377
3153.4263549311427,0.1360605663150539
3166.588610905103,0.13547753750331967
3276.2682878820096,0.1330656260068034
3314.757347956939,0.13232889763846054
3259.479923960017,0.13350664304455512
3202.6936449011787,0.1347127579317017
3164.855332460289,0.13575795605301033
3243.2990177685133,0.13373632040236594
3280.6993258859734,0.13292448706190801
3289.9397093287234,0.13269471741782227
3259.8985205192553,0.13348583635033484
3236.890869310613,0.13410141108946882
3107.5060730216915,0.13701363839594932
3010.1151185855174,0.13942095864878937
2971.6037939580774,0.14035877556476403
2985.011831362434,0.14005797102356485
2971.9143325400873,0.14032657230033274
2988.099258321264,0.13986934016052252
3012.503053025883,0.13921609620853403
2995.098813403146,0.13963692298131056
2981.7483524789523,0.14003201279486566
2881.9587479202273,0.14253496142596778
2957.3294087097133,0.1405473989445641
3035.3543640079392,0.13853283202653535
3116.194704556671,0.13659857444818088
3056.171402042315,0.13810194888532198
3086.5511728801876,0.13731283094878774
3035.3075139166394,0.1388370789992586
2989.585047560797,0.1397470021280775
2942.3366734745123,0.14103278972736466
2914.785570561316,0.14178907105428742
2916.7724926136507,0.14155082205123845
2966.9398166658816,0.14056973827293648
3043.979570415364,0.13840450125136358
3099.8777654577843,0.13699591033683767
3167.03367213354,0.13536482508954056
3194.7070636159774,0.1346727423394775
3068.339949233369,0.13786849356434805
2964.7701440388105,0.14036896298998736
2990.4591746037104,0.1396853912535376
3057.3540598478608,0.13805984543343128
3109.3889445426735,0.1367931392240843
3096.6976592781675,0.13737094442242787
3082.5522938995973,0.13757415636768577
3061.4983086495795,0.137980937697395
2948.5570685237562,0.14096610787333663
2936.668079052406,0.14135749269586617
2973.5616833809454,0.1403900975273489
2979.6053418207925,0.14014549126152953
3021.9239032882997,0.13890074154390789
3002.6750445464436,0.1395090819511315
2963.99891243976,0.14036233304839227
2865.8049952938077,0.14302056295296056
2825.910763195865,0.1441813491078008
2822.5489788634886,0.14431821534781744
2839.9463941550994,0.1440140807841553
2776.738198678781,0.145450323318098
2853.3105664622667,0.14337924526813878
2938.65604743433,0.14077247199484136
2906.775889301905,0.14185105975113013
2802.95341040052,0.1448588599061609
2800.5075011862095,0.14494091803016554
2823.9432893860776,0.14429231784262567
2848.5857541735077,0.14356463091020255
2952.1818274148354,0.1406892650387359
2926.106922371385,0.1415905856223089
2861.6108679553236,0.14318691503863154
2828.7181902610446,0.14410106486987473
2796.616684176906,0.1448251431172487
2693.3070457629483,0.1480073759366906
2799.2589825607897,0.14467635243689805
2827.2035024333413,0.14400602946229538
2765.323189745836,0.1457818019232323
2767.8942990446244,0.14568849000488288
2823.1377309419336,0.14417238456863365
2855.453377588312,0.1432604377456681
2848.3085763262757,0.14383636569740563
2938.8765806076567,0.1411424025811538
2937.303404508734,0.14126943491741545
2849.303264541875,0.1434771096502506
2842.259474436233,0.14377230162585233
2783.9794002325043,0.14536565721808578
2676.795715478773,0.14844736234085412
2726.105789346771,0.1470267162581918
2809.4155675348793,0.14433766260445838
2808.296803245278,0.1444475406788275
2819.478551914446,0.14413147916728386
2694.7179494918314,0.1479667498464518
2791.3625567555337,0.14526653395742076
2878.120685885315,0.1428092666503931
2887.004389349413,0.1422556971680376
2882.199310794541,0.14253936306675452
3092.9499930054853,0.13703307713612037
3266.672319882483,0.13315073274279665
3303.4259793365227,0.1322083345286765
3290.611816763142,0.13265126795349386
3289.1215194671754,0.13269447430187986
3246.006216318145,0.13358988285454565
3207.014383199899,0.13436087005929676
3242.246900325875,0.13361120485664693
3215.587475702237,0.13421665949537875
3130.922094969338,0.13631766028352837
3151.1455200492837,0.13582708614576472
3185.8310789918132,0.1349551120775927
3143.255855950427,0.13596141725605948
3006.0263710506156,0.1392616907072297
2961.0937088047353,0.14041162622685754
3032.1009798226555,0.13878713554772418
3050.162073407564,0.1382031236794023
3106.17211346931,0.1368480779865683
3114.762940412296,0.13683327049554697
3069.9691289819234,0.1376388706867655
3024.099848176564,0.1388726337131226
2955.313113973804,0.14064422229582563
2926.637728875963,0.14127696141656199
3012.9608023610235,0.13915657952328467
3020.5047228984035,0.13877034993377182
3020.5394448104093,0.13894652736844462
3012.9164432947086,0.1391527749951901
2900.6387649863614,0.14208834542963258
2835.800096785075,0.14375435625678254
2913.631566838814,0.1418382737615273
2878.20891458065,0.1425878182623166
2945.457596384859,0.14080857203689595
2979.5460442577805,0.1401646081903774
3043.3382821258806,0.13841420319131323
3096.331621435429,0.13696731674192075
3134.7254764288687,0.1361512409511192
3063.658660036197,0.1380988746819129
2964.3910364278718,0.1403143640347734
2912.7726434415354,0.14175855067324383
2946.236956469409,0.14073855714140068
3013.010657865247,0.1391219904761986
3034.822985204595,0.1385076860657413
2967.8729383275513,0.14030804507593503
2938.64653545789,0.14097301877357654
2916.579208090986,0.1417749601403217
2928.1185050133977,0.1411523037437126
2983.7973111813285,0.13993666963525334
3011.916766352834,0.13913239475914607
3014.586778216364,0.13924630028009885
3003.5603994536373,0.13943043997403606
3003.6205663997407,0.13943115462890268
2935.284824292643,0.14107739428644
2906.5005362931533,0.14169069917431393
2930.197474637266,0.14140510120098235
2962.0231302344155,0.1405107007806975
3041.0110892108873,0.13859425959831456
3065.193727035811,0.1377960882656337
3047.2002683505725,0.13836317192498923
3016.207680803166,0.13920236868115576
3018.4918704746046,0.13918392392340412
3006.42025780307,0.1392950762519764
2996.136371741032,0.13959087561427533
2999.894766581974,0.1393327342641727
2996.4819535531656,0.13949436988319852
3007.638565380151,0.13955354861795824
3002.91445779638,0.1394573365946454
3046.6224044108067,0.13831075905293036
2982.186190682588,0.13996016168443037
3069.212357202081,0.1377279378477949
3158.6377509669383,0.1355282410922387
3111.318464279652,0.13667170890084085
3080.950018546753,0.1373579862118043
2946.363750168221,0.14078552772180847
3032.726675673112,0.13836318400920677
3120.7215691301017,0.13638772995565407
3091.0825907416165,0.13729158857338528
3184.155365929014,0.13497478779552174
3202.4462707618336,0.13446011770294808
3101.7247188234605,0.13700467435615024
3025.7313027336804,0.13882098341193552
3018.7051036227285,0.1387786649452686
3116.2774026497063,0.1366811695145679
3170.4843530042067,0.13532497583506536
3219.0639956753394,0.13412346720615043
3263.959000180494,0.13316490311187895
3331.311403890495,0.13176591854936798
3233.379242727289,0.13389507601949072
3199.362243692403,0.13463503456344647
3155.3308763221503,0.13557726383145088
3203.38737433135,0.13452248710867407
3138.2854926310406,0.1359417512810832
3187.600758027629,0.1347787895304698
3139.342829490328,0.13587401362484064
3163.7686317661696,0.13550544062853973
3275.8658319154924,0.1327982869208483
3293.819285554303,0.13238326909311462
3226.954796506034,0.1340816494456736
3146.7755821907795,0.1359761664741588
3044.7737675136027,0.13832681519617573
3120.532978500057,0.13656740771195
3117.749685082992,0.1362760662953912
3109.502765385445,0.13665921652649768
3179.618591807684,0.13511382533328775
3087.6374277343507,0.13708996545802737
2995.6585643444732,0.13946710330551898
2898.7650496850533,0.1422196432686212
2892.163749164089,0.1420894654931829
3017.13276770875,0.13886098514331385
3015.49838229715,0.13900748835483204
3203.2470880861533,0.13433160795581137
3323.3193481188464,0.13173481400408332
3325.0898477577716,0.13177723411208703
3216.011000309713,0.13422355024829638
3151.2280981407002,0.13568250615153932
3159.760092752563,0.13546907372344225
3136.7686871987908,0.13606770040000607
3109.8197006384844,0.13668470132917923
3136.9919979287333,0.13606472968697034
3107.9823686048517,0.13666584931645537
3082.0167618731416,0.1372417019315572
3183.654979551327,0.13483866346805987
3219.8553312643385,0.13416161993824258
3186.905215101235,0.13501450864627013
3191.979024578217,0.134666604488412
3315.8175830040614,0.13209132662985032
3299.3562325129833,0.132445125152699
3294.470405788501,0.13246356576417567
3293.5785339669424,0.13249743941470185
3258.0770836783377,0.13324456607696525
3281.684716330645,0.13273038387266636
3239.8634107699813,0.1337669337818721
3179.783121562117,0.13494334429912905
3091.590538097552,0.13716939528854552
3076.1946038064216,0.13755535326343793
2971.1270753797376,0.13996682895354615
2945.45486771844,0.14078327262817203
3073.1396841825176,0.13747777535644484
3164.657881961606,0.1353541587356074
3230.757333110322,0.13383694807676375
3183.186554645082,0.13518528438800786
3104.0579249609027,0.1368024830494124
3152.5653593835823,0.13559043626790854
3109.3857835003514,0.13659353484634942
3090.8636748175245,0.13720860780101046
3095.0906450128946,0.13710069108278344
3077.434142727069,0.13748509900031333
3080.7752281360004,0.13729361074783336
3087.4443964060974,0.13711400158769702
3086.0470887031834,0.13712301240648783
3115.7718206098893,0.13646336560099911
3148.8469331188694,0.13576130996929162
3167.4256898416265,0.1353451946483357
3198.8130310025326,0.13461841101561853
3290.868775123137,0.13240856839793863
3347.526146646869,0.13116146627544253
3450.1054107721698,0.12912586872234882
3477.141932298221,0.12864371653911552
3394.832627686628,0.13048374770598198
3361.1492342400297,0.13104294232917016
3365.0345823870657,0.13106782345542498
3345.676988465414,0.1313773534288653
3314.624163165427,0.13202308561228002
3306.8614830977513,0.13216862622216582
3200.06109708324,0.1346444167737845
3275.241043489374,0.13288363754450458
3190.4981670374086,0.1348480619007198
3227.710633224628,0.1340009439515839
3216.5511567253743,0.13418881715235825
3140.214897802303,0.13599530559767103
3258.1573032911183,0.13319999037832303
3380.559490672873,0.1307746135253191
3347.5108607081706,0.13130376940743568
3444.8250708322007,0.12940433703840204
3458.2569169742264,0.12890456339883766
3458.1877765442823,0.12909013554778426
3375.2481805705092,0.13062787299424158
3288.561597051877,0.1325777628293188
3255.6183383200982,0.1332387254062612
3287.1637529788877,0.1324401915715007
3383.18339432298,0.13083086673328026
3319.454630566976,0.13191933660575964
3367.6764908591454,0.13091908716403527
3316.8399168724072,0.1320304329146963
3292.1641938998123,0.132570318467409
3282.4517881522156,0.1326643181321407
3335.586696812156,0.13146876442361544
3365.4853832975255,0.13069502896589277
3402.0920230059137,0.13011088853895383
3472.838233391198,0.12876403360241853
3435.8539056058507,0.12951809088645738
3438.045324597899,0.12964939180152601
3364.610742489075,0.1309934678582989
3374.889341356673,0.13076105300136384
3286.869508205019,0.13259469761332762
3248.54483709617,0.1334997897902132
3284.9215801543032,0.13276211003580154
3266.6228726172812,0.13302834319260715
3220.57251733348,0.1340772719831872
3205.7961791242083,0.13454133837442583
3175.8266395210267,0.1351602965401424
3180.4326608579763,0.13517784552301218
3310.329717920178,0.1322435011129487
3464.085323590081,0.128889655718183
3417.20540024017,0.1298042413704369
3411.187231182337,0.12996615736104983
3398.9269197875565,0.13017126563146314
3411.8523014976454,0.1300057376892565
3419.7379607840617,0.12989244306948156
3348.1657929681296,0.13124549051312404
3405.4296522563604,0.13028786349830984
3494.2908036694885,0.1282596933911632
3672.5820200376643,0.12484305452901465
3817.9177189584984,0.12214996552226032
3718.2581162233487,0.1239801814007742
3704.78068666099,0.12412661664549195
3620.34594547376,0.1259501362315154
3621.1427803075685,0.1259083301761343
3655.201443344938,0.12522009715089583
3551.866195642729,0.12715406374767135
3514.39282929468,0.12790658476154604
3601.2566809757695,0.12615556150146764
3632.778974196513,0.125683831520835
3611.8759842227782,0.12603406622836097
3515.423012243513,0.12819242721535717
3508.3611057518465,0.1280699515168006
3452.4846141819176,0.12928348685318777
3381.112906016143,0.13081899435105587
3353.9078459691314,0.13130178646646756
3376.6236978363563,0.1307256188813151
3330.0314356338913,0.13181230132255276
3304.766386787674,0.1323939633713132
3318.2377363649607,0.13222047419485192
3299.446622728854,0.13228216106361704
3245.0771165735537,0.1338379596253633
3361.2891416584116,0.1309954457355916
3507.9701712870938,0.1280273275814747
3543.402306930431,0.12739082480044597
3418.9417755589334,0.12985710709805595
3345.9955845883587,0.1313405886786158
3393.9145058837644,0.13037837501744381
3341.792698096272,0.1314139415305294
3276.831003524669,0.1330191509651106
3299.5260061121326,0.13233742002999907
3286.3320402734043,0.1326703515596243
3290.5171293668,0.13272646208993064
3289.452366548001,0.1327445199299823
3311.194688985773,0.13219136649622415
3418.5110006884142,0.12985356545611612
3389.7713009859613,0.13055127966676358
3405.891558322848,0.13021016739636868
3436.3713061014923,0.12949966217795575
3422.8281555907724,0.1295918953481413
3437.131266460225,0.12965126918937467
3435.1707384169367,0.12969679688483035
3468.4947056696437,0.12885896155977306
3414.441062708805,0.12996288403049458
3378.2614431626657,0.1307134937564667
3328.4930981709863,0.13180437085243946
3215.1902740966166,0.13433268567658196
3070.7756374709907,0.13780547228830217
2994.567274729709,0.13949385654537566
2838.147989514396,0.14362847789786404
2875.0727604590643,0.1427579293063342
2940.872031194362,0.14099742730963336
2965.1851635691037,0.14022511167294083
2970.4746819745455,0.14019968462801796
3050.3561887867054,0.13821026013040794
3107.3629243577093,0.13675292384376203
3202.8144512525023,0.13458585213306654
3233.756317377006,0.13386567086906165
3333.449149386581,0.13175549560088978
3157.9095253089286,0.13562541154119861
3067.154418431824,0.13783580321802064
2894.8965865294936,0.14212356635138118
2781.6558583488663,0.14546455967602062
2790.9028742002824,0.14507563546159932
2826.9881949007126,0.14391007488578653
2913.1440072082996,0.1415668270034503
2942.631971985181,0.14079129598673953
2987.289456257422,0.13973850481659902
2959.5088658894542,0.14038941828923734
2908.2211464965803,0.14180781193306174
2957.6725672737834,0.1406618592871422
3097.7270957151663,0.1371750328691819
3152.8904295192588,0.1355982246483717
3251.7461284753863,0.13341354834411237
3250.4584446076315,0.1336596883215964
3181.8275033819373,0.1351283587696593
3085.0109187157386,0.13746383589038186
2927.888465366434,0.14146054680151926
2952.828508025591,0.14074885872253606
2915.159535357411,0.14175829953536892
2877.7850695722236,0.14282590152752747
2826.0475402078227,0.1440697803878506
2767.136884554319,0.14556724130132845
2828.0914505137534,0.14402061556818735
2729.0177001533625,0.14653601103224925
2872.1795177529916,0.1426558026021304
3578.735338807374,0.12657351741220418
3482.3606211663578,0.12851945264635525
3153.8821552364516,0.1354844013161958
2961.59968268687,0.14044859783279046
2909.0187939527923,0.1417887741521567
2894.8194448978334,0.14203790864358104
2741.9682183663467,0.14640372213255542
3178.623909604335,0.134926672328251
3599.8252441423992,0.12620441362788348
3862.85510404643,0.12133008885069173
3791.737084766002,0.12291305174527739
3652.0741451117683,0.12539475125413296
3539.197190464021,0.1276476455721385
3495.723970198128,0.12851639907275167
3459.9188741046896,0.12917922205710727
3421.6512708578125,0.13000256522880294
3419.8155048482463,0.12995588911699896
3498.6306700446007,0.12825255927002222
3478.4459520025057,0.1285821776082714
3401.192550277716,0.13033187705774224
3469.79925319651,0.12877824297439894
3196.2232778257057,0.13454262142463272
2762.3005382167253,0.14583682274673032
2835.0940466499424,0.14362381737779653
3023.0692042373166,0.13900488550011855
3054.789322441354,0.13812849731952392
3079.008308290749,0.13748697927728035
2977.0249679994577,0.1400702551620585
2963.363153084821,0.14037100599438299
2791.69294223029,0.14520265386972267
2528.7823296310467,0.1530516791602475
2605.8438169934166,0.150825084682926
2685.1576739098423,0.14838572866122585
2630.7358301129148,0.15003136425302407
2601.0674114705926,0.15092546330893444
2546.937458957563,0.15260063804715904
2722.566957100462,0.1470822046515972
2815.34019847281,0.14435519966566085
2817.945908745002,0.14435271771336686
2747.0618753376407,0.14659277804818996
2600.5834244541256,0.15077021678901137
2721.8179180724396,0.1471713646544242
2869.6463565324984,0.14303377412570797
2888.39851617415,0.1424715904766637
2864.580342833163,0.14320351633049022
2791.0256098470277,0.14510181913362508
2746.4319354321347,0.14650379681431114
2800.573484043205,0.1448699392211157
2833.4832875999623,0.14419002919411283
2816.754807694289,0.14430346341630593
2695.429971236812,0.14784266084715272
2667.976437332582,0.14863573489988535
2771.627568966144,0.14569030207820707
2826.47746866768,0.14411980110293346
2838.6571919611374,0.1437780891303826
2782.7212015474015,0.14561621607063824
2708.6349538793716,0.14758467276606582
2698.330378730009,0.14786588667661207
2618.1019674513504,0.15041395732478
2628.252563361897,0.15002075514664917
2557.015514497743,0.15204917652220398
2505.5078003833614,0.15372252497165495
2318.436340155014,0.16029446263410424
2401.4298989574017,0.15740238320020197
2433.6482082891416,0.15610488714572862
2447.164374143851,0.1558872015917823
2568.2442391443287,0.1516162633926049
2718.1986779624617,0.1469169830862294
2876.050527585941,0.14266957568248276
2908.0600050556745,0.14182894313918523
2788.3798842653596,0.14502115841989252
2776.608562442409,0.14551007355114817
2735.7348504748647,0.146778968661755
2611.1944025094617,0.15014799419683317
2681.572100683197,0.1483641494961403
2697.642554901882,0.1480045086166614
2661.1330675614213,0.14895298373845062
2707.3467892156136,0.1474961195529978
2674.3227596638703,0.14864665400211008
2633.4679985993857,0.14979035495257634
2601.0227196977216,0.15077802809891414
2520.4942713869555,0.15324363187604748
2508.193054380181,0.1536892601052836
2446.91004344756,0.15553336226189363
2548.3879519487145,0.1523946001029894
2685.410698890304,0.14804054716968823
2708.0708436987966,0.1475610416666383
2605.873449185622,0.1505842342801904
2613.1352411098246,0.1504090178105833
2601.048742118464,0.1508886036239503
2533.443911117819,0.15302395666115526
2530.250634253445,0.1531219129224937
2499.582037228274,0.15416458613046882
2438.6593350498842,0.15610327380862155
2426.1829029319465,0.15639211544794107
2497.3133878521885,0.153906577771133
2432.789760536016,0.15612730236893735
2542.872888034788,0.15228398078475366
2742.293871763647,0.1462636150318166
2917.116990681761,0.14188422542020146
2895.140139928551,0.14213456399108088
2885.117363733402,0.1423678176688777
2784.9175896662964,0.14510556957504933
2860.5771563690982,0.14311380139040528
2790.811358960992,0.14501228901267263
2659.9291214642553,0.14894444186274935
2696.280147925331,0.1479323489689109
2715.714880492975,0.14721651172077768
2718.4465483198,0.14715700962844613
2776.3588747161775,0.14546617141477952
2730.080447535574,0.14693565656564855
2713.4581704491766,0.14741083054382298
2720.5032301440956,0.14707776633665204
2765.9856556884843,0.14588379483339328
2781.2784499689487,0.14540428560823532
2745.584782649841,0.14640129940560873
2714.16192002445,0.14741852026407207
2677.4116653085143,0.14834679029602893
2750.071581487999,0.14631692659525905
2849.9766813164692,0.1432661224084157
2783.8640294497686,0.1453380285957322
2725.9905653785304,0.14704503346417525
2713.128825906602,0.14730130184258017
2662.917526274113,0.14880811249605239
2672.078472565828,0.14862167952233382
2635.7424858034015,0.1496361014140226
2633.568536993716,0.1499140123629122
2533.913528065564,0.15262912327236752
2471.017998285469,0.15488906412305495
2475.6670671886473,0.154687337131943
2583.944533415097,0.15141027984864516
2657.530502140861,0.1488999660754277
2750.9200521214684,0.1460687002456115
2970.329745599126,0.14002722607835244
3090.9094467176233,0.13711956186602595
3088.556340141258,0.1373425987003603
2931.6365041266295,0.14130050345074305
2846.00636867787,0.14359368085385213
3023.8692756612204,0.13892230501158934
2702.1114506784447,0.14760079682005892
2760.3822053183117,0.14573043072908698
2779.3212086040785,0.14561260093841283
2749.0283335777776,0.1463015744928537
2770.6754331713023,0.14572555782758187
2833.2463035124206,0.143964055233294
2867.0191278119564,0.14304958948278154
2825.7889935883404,0.1441301273486424
2927.996604923861,0.1412914374957852
3022.6610437386175,0.1388007485712188
3046.5667811116346,0.13825733225305936
3281.586600806859,0.13269040339780244
3342.626303010553,0.13154618293274545
3211.576903183204,0.13429378725035515
3082.8856319369197,0.1374765780055045
2959.2497576546293,0.14037109842980922
3012.1160320920367,0.13908604383290785
3052.2210161464036,0.13817994224375618
3047.9548204745834,0.1382424824173246
2978.0995601805544,0.13982600543458398
2980.488141906507,0.13993176567021318
2854.0730313243416,0.14325921937751082
2786.5208931836532,0.14502764480796412
2673.1084159625766,0.14834700615732632
2650.812498934085,0.14896610976752414
2629.2624711525027,0.14952709315379667
2770.8880526914027,0.14564718342465505
2967.55259000247,0.1401899869791539
3158.8737078719664,0.1353448635775105
3262.2510187032785,0.13325869759541883
3169.689766794934,0.13533857372530067
3069.7874244867035,0.13762760775146418
3080.090251000444,0.13744695025561265
3076.6471269932576,0.13757203683961652
3135.546813146529,0.13624184445345905
3085.3627413803115,0.1374967874858508
2997.707818896017,0.1393627785230818
3001.732293445338,0.1394520371401387
2996.470732306545,0.13976049537767976
3060.94088545139,0.1379168369725041
3059.83620873119,0.1380990619084998
3026.5985398357184,0.13882964386201702
3091.5575844019118,0.13709318999877393
3090.039498507086,0.13727193566066676
3069.2809003087436,0.13773641417118698
3024.9295883584127,0.13886783276519354
3081.425681806171,0.13749419474972557
2989.680115209575,0.13954476782112593
2918.507810508279,0.14164234097914705
2868.9702622216746,0.1429251174951065
2817.484093416299,0.14437354430117086
2812.0047835374135,0.14428327701342278
2819.825032442807,0.1442830354993361
2813.592551042711,0.1443280158946039
2816.729242825003,0.1442147013923797
2794.9766176393546,0.1450685833879915
2820.362621966306,0.14432049568883867
2790.525162673546,0.145032712332616
2669.3684844635436,0.14829769267292897
2680.9387221326015,0.14808685531036983
2653.079368618453,0.14894035740885755
2725.851495866867,0.14658744934895804
2836.892883973195,0.14375098707773887
2881.057322150045,0.14220280015372647
2866.121748513531,0.14277664232827783
2787.102018080476,0.14508994637100422
2737.9423313429716,0.14635036590852846
2695.59342179168,0.14756174467587202
2844.724981540038,0.14329582818190975
2901.1606603809723,0.14171209686067626
2838.302792731865,0.1436196337577405
2797.870606556686,0.14477431118218134
2718.8553052656193,0.147242209978488
2806.126203799442,0.14463419841996045
2935.868942381085,0.140896645636395
2997.12153016758,0.13947973582111875
2904.748056677853,0.1418472842087893
2850.5647737608538,0.1431468481235462
2901.9859815754553,0.14171822411246202
2779.8927448686904,0.1452812141497139
2913.2210429264974,0.1417431130159098
2875.4013124610806,0.14262424110471686
2784.0920805696396,0.14526670012392254
2735.7926688554667,0.14639333801561744
2768.2204769348,0.14549721659817347
2748.8101501784718,0.14640343323634944
2666.1257530740777,0.14852945301531187
2648.0530678056784,0.14911238445593542
2705.310612837182,0.1474881455729552
2665.5525606494234,0.1487110553688295
2675.10151147841,0.14821199384362274
2631.226383395962,0.14974154458757497
2572.677779038214,0.1512679766394003
2558.4026446192233,0.15205033287390424
2623.1924243526496,0.14977958591655463
2823.114859010288,0.14398074849600348
2967.287749696498,0.14031841117918395
3105.4163846766055,0.13660225969441456
3037.1304189234843,0.13836907591042738
2920.3538367304295,0.141425753250815
2916.316055076923,0.1417044638873563
2946.106401538277,0.1408098952438141
2969.9250004738933,0.14010081423686682
3001.5020249751574,0.13940073483411744
3018.596296482366,0.1388628221972888
3028.4868508908253,0.1385511530044223
2965.3976071217967,0.14016870992589153
3026.7724998759923,0.13859091678925117
3061.6418996618318,0.1376426223209431
3078.9388003568733,0.13736685931900125
3084.486458112246,0.137270189043998
3052.195965721363,0.13798466408260798
3072.788409659067,0.13756116199519486
3032.8415786679693,0.13852769239023863
3061.2897408382814,0.1377489308369535
3058.0305845592065,0.1379349368926308
3038.8778413394894,0.13823541999202404
3096.8583592469213,0.13700799259207808
3098.7342937676535,0.13691920708988822
3047.612203285894,0.13824925352255324
3021.4164777348246,0.13881600170333577
3111.3443264541193,0.13657295174309497
3040.3816323195047,0.13833492581385892
3069.8333012602934,0.13763588666964569
3077.3589126770485,0.13726556661137693
3038.5358451461766,0.1382594599747358
2999.8161124310773,0.13912077932017447
3028.4382922404993,0.1386531996758718
3074.093928890659,0.1372861642252298
3116.0332443808056,0.13627168593272254
3189.1941671090462,0.13456429450755275
3204.4514863360546,0.13428580625237105
3132.9406939410655,0.13597823696588113
3009.623763706808,0.13919919368915012
3021.303661513572,0.1388947546263101
2995.907310250257,0.13954748478406054
3016.7356592843917,0.13895312841488247
3025.8372625773177,0.1383564119138244
3087.5322306887324,0.13717476171151413
3099.400282133945,0.13684967489899458
3107.9289215354593,0.13674619151361542
3095.615287752666,0.13709770131172813
3099.7846039617857,0.13685055387778292
3019.0429858920593,0.13884119975484635
2975.359223167507,0.13964415448116024
2970.5872821760154,0.14000867533628295
3034.8581625004153,0.13829421250323262
3070.9258071884274,0.13747612153961256
3041.4725506435875,0.1383143921801636
3056.9910068680942,0.1378243125055059
3076.533673239804,0.13745442272185465
3084.7113266918777,0.13726243240892191
3121.873444503093,0.13638053773613776
3111.597698293638,0.13650795729666432
3070.5444716850493,0.13744764503966114
3023.74183378855,0.13858098022613735
3128.474522412073,0.13610410170709786
3110.9430352890013,0.136674242078681
3110.2010621942063,0.13673266168956932
3148.7622958321135,0.13557488015625968
3087.329807451634,0.13710840772765245
2950.065479626119,0.14047276564086114
2979.619741384175,0.1396929974349323
3070.709971472583,0.13752347740781737
3080.5045215629243,0.13728615457546092
3101.054415309361,0.13673747599878644
3025.4940900824695,0.13840014417290206
2933.3721024689157,0.1409705686135327
2896.206300957736,0.1421186098768927
2812.1965274155523,0.1441843889924989
2824.3199284912785,0.14387121694647542
2926.1719926225637,0.1413703054819667
2981.8849294388056,0.1397438221627021
2962.558626056315,0.14011559235083257
2946.050582557872,0.14086443226542406
3013.8899433446054,0.1388861628939133
3230.911995959546,0.1336745160676985
3289.95281882527,0.13245923228300358
3315.194827747831,0.1318205676293098
3263.836305492321,0.1329812807949242
3287.34171494897,0.1324977242795556
3309.873726911725,0.13192580971169524
3351.8524105736074,0.1310285004603276
3273.1440917224168,0.13284802919298605
3214.584250066282,0.13411912862242956
3090.9580104467595,0.13706134926656258
3086.1122135258956,0.1372502564213903
3022.6371398042206,0.1387208833128303
3009.357368482261,0.13907320604372342
2954.5077652893356,0.14028743813386826
2868.432372528802,0.14281168563419358
2912.3913325487065,0.14143905688867106
2901.9245739102953,0.1418288688610874
2910.533747872376,0.14176354824708687
2928.387037106964,0.14109393360147313
2967.773111305323,0.1401717616356613
3057.166867546906,0.13791828617732463
3105.1573143020314,0.1366212506308367
3238.1901693242,0.1336054905794633
3317.7069509631597,0.13183511074102555
3437.618696009974,0.12943858700847669
3386.463771268308,0.13035806523459068
3222.1902051330053,0.13399840649842998
3092.3614602960956,0.13704189823953178
3101.742521807769,0.13679743691586832
3081.4153382203676,0.13730410475473637
3075.1838702472946,0.137686911441103
3050.8417451208043,0.13807259217630302
2977.476865911271,0.14006139314294103
2935.5701472541828,0.14084834552402253
2967.87163098416,0.14041978839910074
2961.5545092597163,0.14029264892828933
2889.2239270347463,0.14219934759855796
2820.3457492125044,0.14409021013225073
2766.2679970465306,0.145774973336604
2760.1688425200605,0.14593346363723114
2808.955931636799,0.14430422131387524
2868.0318024473872,0.14274997298471037
2963.155257353454,0.14042106152254955
3162.823456689245,0.13518411334401093
3191.2864234947774,0.13459104957018153
3029.6003620791544,0.138295727020552
2757.948983314323,0.14565184619477012
2899.870361462346,0.14157659454723853
2985.344677447784,0.13958801642637322
3151.2327521743046,0.13536619172669762
2996.1441540246606,0.13922099294877632
2885.375280927912,0.1424232991728823
2818.271971801546,0.14418925510479158
2741.1984322394974,0.1463188953180393
2803.8413724519405,0.1446441043473459
2777.795090886316,0.14529696373618564
2936.5147400575306,0.14101576581446912
3125.9861034963774,0.1363477791427874
3162.4620362955748,0.13523196267102983
3072.145366865209,0.13760215217114444
2979.967721200219,0.13994912271380536
3040.882002751672,0.1382952207220684
3267.820227328117,0.13280888517783748
3507.7357254060566,0.12803431026054224
3610.3026462500807,0.12597720667403986
3550.623887229106,0.12714127840850378
3553.1805170505572,0.12712387479698906
3467.21281273868,0.12876858789664838
3440.249311407308,0.12952478474452428
3392.224527346068,0.13032749280326283
3169.7236311213624,0.13519133517323867
3033.0944967505848,0.1385213384639045
2954.3636225219025,0.14065007083134645
2815.6790778804684,0.14424274789223612
2630.085338231761,0.14962087069468244
2652.1631978494165,0.1489054832282545
2733.4144318496446,0.14652424946850928
2737.397772474192,0.14658933668784743
2756.978067558909,0.14574087920793305
2736.427063036863,0.146535857714256
2768.3777451493575,0.1454029395519969
2824.858955198002,0.14407718773436481
2729.773784425302,0.14660739157076855
2707.503470095566,0.14761475696087586
2585.9234200708115,0.1511038704098904
2562.5580648907926,0.1518959615693385
2577.569607688654,0.15144958377480305
2553.3676114760215,0.15235399948196157
2579.8306933052095,0.1511982514679854
2677.1001075654085,0.14833634899094497
2706.698571934677,0.14731198575358292
2754.0783652475457,0.14612872646267736
2735.2628700651508,0.1465453553954136
2604.905676613245,0.15066104004736597
2637.3167720678134,0.1498175315973956
2680.7294760929626,0.14829710434615104
2633.7569109016754,0.1496661990193958
2621.545323053872,0.1499546922820189
2539.9159505021794,0.1527304255123493
2551.6908331092927,0.15244849283404613
2432.8983627392427,0.15635644654347575
2315.0953702489214,0.16054112046286384
2304.111106265456,0.16098948874156213
2349.859896170367,0.15929459264908483
2265.5634315593243,0.1623927855907834
2254.8528453848694,0.1627605387175317
2246.7017132759584,0.16312825002708506
2297.806557174605,0.1612090447311973
2337.4446592513596,0.15978118610512673
2422.3535528628604,0.1566838086580253
2393.792856244983,0.15781256451528577
2435.494856695851,0.15640067904938787
2383.8751672492704,0.15766783053329372
2331.598398196595,0.15984058056469164
2297.221481567346,0.1611546751801889
2223.631313613833,0.16370939842408525
2184.149681871439,0.16587490745283331
2225.7789383877516,0.1636690013926216
2291.9977732414645,0.16138410146713608
2194.6570030736752,0.1648354893561272
2166.613190599707,0.16630452983224964
2160.5771831204825,0.1664367695173664
2288.299527606052,0.16167414526362697
2312.915618357885,0.16044990468015524
2362.2151616654705,0.15859132533001524
2431.959289593412,0.15616388804917142
2522.536086967182,0.1532345212944718
2365.905190837911,0.15868648110520295
2238.6726720294737,0.163251121727989
2218.5417762041293,0.16414511049182665
2123.8040361968656,0.16830728144120388
2158.6016606272933,0.16643924040350383
2201.005154365048,0.1648639754510429
2204.409698609089,0.16487451051198335
2162.1652164186935,0.16634328270692422
2123.8858902825023,0.1680800860354516
2092.016663627342,0.16944913042288814
2135.7510437841634,0.1675068801195601
2188.0992171721796,0.16558512725325142
2151.5130896770374,0.16727464614583135
2184.145706599297,0.1654005799248592
2342.070707119263,0.15919715270130655
2397.9529410896353,0.1573665770542583
2185.9123663370597,0.16564523421890748
2157.5885716720722,0.1669201544706092
2160.3558636225434,0.16653599471856753
2066.063290797871,0.1702942319430257
1943.367834326571,0.17615551261617113
2061.3514494727606,0.1707699315607663
1970.2231566302512,0.1750897710511949
2011.322798468406,0.17306144693995018
2114.2575698239843,0.16840150144510632
2048.756877117923,0.17122123391824073
1974.227270495054,0.1746287438249819
1969.1242067530488,0.17501355036598107
2191.0781599252296,0.1652535651456054
2393.863894678498,0.15751508937203515
2491.5623226193134,0.1541508806540559
2375.8075686460047,0.15806600865650738
2273.0121550735284,0.16205343094586355
2050.223960398366,0.17146092656797002
1980.060693987375,0.17469524884903692
1911.367893553182,0.17759473876857512
1930.3746067645925,0.17661670024609943
2117.0631428623774,0.16837909994906483
2195.6574753253426,0.16486093508875557
2141.7738951206484,0.16739840368008244
2042.420783179312,0.17151338957523465
2172.9708506340353,0.16621674345409027
2270.091823423154,0.16230591176514256
2294.897122111529,0.1611954573466427
2369.285636183457,0.15834666430950461
2239.466614119564,0.16330858547687563
2275.691056386615,0.16203321237816612
2301.651522452014,0.16108909068927316
2444.3728707822584,0.15543119311649398
2457.1120040297355,0.15546643594696735
2389.447713321114,0.15741929408289676
2384.875057427351,0.15799268835025962
2218.6121229313662,0.16420983729033511
2192.453657732461,0.16512366220002367
2171.283696431415,0.1659782028085999
2270.463206941997,0.1623398006977206
2369.4705965488324,0.15803729895963906
2380.1618262810016,0.15812973820385784
2350.30579756041,0.15903542925780978
2374.6402703112103,0.1581564714480578
2256.2935763117994,0.16263552765050468
2119.5176870934083,0.16812682366312734
2356.2633449110544,0.15876812226747844
2378.525825179568,0.15795309580789094
2401.7804679897044,0.1572563643163338
2352.5989034739246,0.1590668217391109
2395.951362890687,0.1576225278095928
2247.4028345977154,0.1631383701610931
2218.03237657525,0.16419815993790204
2140.3116895220246,0.16732697858302448
2187.6363827114083,0.16537575177995734
2208.207941841826,0.16453924962864405
2178.5724859552433,0.1658521019946465
2162.9788400785897,0.16684587167591797
2146.2913629059126,0.16757100660439178
2158.3484185239577,0.1667158575916019
2180.406865852566,0.16566520355330527
2222.099533950412,0.16418523185338976
2257.452097966857,0.16285713534502919
2362.4180059886744,0.1587116779039391
2388.54961291798,0.15789472192765752
2304.04351832242,0.161136761583143
2198.967517821724,0.16514349427660097
2227.1224444603267,0.16390204039250147
2064.9246619636997,0.17069866399029765
1962.6291306907697,0.17537196918467965
1926.8651236370029,0.1768650227136392
1903.3045495851861,0.17841950160446476
1901.6867698874462,0.17813948333835278
2037.5537557798107,0.1718600241606723
1988.3429789619688,0.1745303432687381
1860.6216317580902,0.18028522249175816
1786.5222572871005,0.18406730463171933
1668.7176817146767,0.1911087190871937
1823.9001394185166,0.1822371610979023
1915.444199281903,0.17769296500679516
1954.9930893205533,0.17545481531694532
1963.2651271235607,0.17548012044811395
2124.099175198786,0.16805487071495012
2140.828603192107,0.16730927236660229
1929.8996804200888,0.17684590402760117
2156.491859213079,0.1663113396796523
2217.3936916900066,0.16404231542747694
2146.9874224365562,0.16739486603827924
2040.7640472786484,0.1717431155071508
1991.0567684847488,0.17405254189556407
2053.7807691775542,0.17128452793363202
2176.7094368324542,0.1658730161667598
2077.0072987278845,0.17020039771858025
2003.5323188203204,0.1731474795378128
1837.5897944107874,0.18156207793526563
1845.7287249350343,0.1813746322819034
1978.4903523086286,0.174142844380602
1976.0399538264953,0.1743671058389478
1926.319146790614,0.17712087293978146
2005.7165133820176,0.17338023093843785
1926.564939491269,0.17717260220105205
1774.9846424843195,0.18511530404441168
1921.2800775401113,0.17704796816164464
1967.7746648514117,0.17484250653882916
1847.9470980635106,0.1808534694244869
1787.5729406369528,0.18432943591797252
1674.0655551784332,0.1908278273196527
1851.1585265982485,0.180581640523524
1943.3988593857725,0.17612136852600452
1966.9715001106063,0.17513326514590585
1877.1250776932147,0.17913723979081853
1839.8832903259758,0.1814212409895512
1935.0316541103339,0.17654594078931482
1977.4789569949635,0.17451428465278784
1969.9187088392143,0.1747782519777576
1881.470650957416,0.1792810970777799
1877.7681848166887,0.17912138829345683
1907.4958457163873,0.17786728760112464
1939.5972067056794,0.17624879151077652
1880.413226723023,0.17944128331351353
1831.918364674414,0.18184181651573905
1781.9775425979296,0.18449621198674188
1772.065871153676,0.18522829840956423
1838.869970991671,0.18159441601752788
1883.5311201656789,0.1791277669777367
2008.4196350455566,0.1732513827877419
2028.452266117808,0.1717932583606206
1856.281745903518,0.18038912401193832
1860.1095534736166,0.18046478738418026
1797.96275570127,0.18384882328716054
1899.9026754908339,0.17823082011633182
2137.0777496319306,0.16709369639384883
2075.3856535092345,0.16978639390300118
2027.6027315017295,0.17234846986712044
1973.217500645864,0.1746908840923532
1933.553066125669,0.17652960140167345
1891.4830194780177,0.17886891928756393
1809.6926499975023,0.18270747120876055
1791.2669890766754,0.18383504118078633
1830.6279577756854,0.18193351493941007
2005.6191250680135,0.17274624964752935
1921.5403094039068,0.17705645121066094
2003.1002956324035,0.1729488714113213
2126.4959260641194,0.16741353778798085
2135.8534462774232,0.16702571934736182
2165.8551639391544,0.16613142518274196
2068.738261445084,0.1700746381937396
2090.8976378744583,0.1691639042717334
2104.7615465041786,0.16864836528210037
2313.408869836058,0.16018066514519472
2400.34106218677,0.1569179770443374
2294.124530826166,0.1607720407681374
2269.4099340085436,0.1620011278013536
2396.0326601430115,0.15715827902658755
2440.4182344073074,0.15565027783000854
2429.797910502214,0.15612264681025262
2320.32809189741,0.15992858354381173
2281.3317914159243,0.16173256776928274
2220.434982039746,0.16393569040326336
2144.959055228605,0.16699439304477806
2097.692652995926,0.1691029711128051
2086.7002892565897,0.16952267312086447
2105.370637352474,0.1684693054755896
2201.5676979366476,0.1649050684411108
2278.3369087847873,0.1617629216536488
2268.2014212196527,0.16210186824009806
2204.2800317883125,0.16462129999698732
2144.740278937759,0.1670847765253278
2116.204746377545,0.16850651657808907
2119.941253140567,0.16821092072094285
2008.593377839407,0.17258548306939236
2012.217027622356,0.17293254052366125
1965.119703073885,0.17533684697205054
2017.315008785957,0.1723403089016432
2206.2438156147227,0.1644256022687898
2178.9060407808543,0.16564553742938454
2039.430310826043,0.1717506550885936
1809.5974317493326,0.18329257574167887
2098.22034026396,0.1689028823336237
2184.6988499157264,0.1652985396037511
2203.546125471479,0.1646962872688747
2017.970661939331,0.17251928396947058
2082.9941876091784,0.16963358015913832
2109.779298958644,0.16874560449904524
1879.3458702722955,0.17891492305660622
1716.4707344020342,0.18821428986218647
1722.6717932262075,0.1878413200120573
1852.521285298647,0.1810611817169067
1915.4582670223501,0.17772675583197456
1928.9126990952134,0.17672067492525587
2067.5725222489655,0.17044059005911066
2006.1890127562078,0.17320807192342438
2001.830177261691,0.17356814100598633
2043.7536482146777,0.17150427287849704
2023.197103947504,0.17222950081907268
2048.255546817248,0.17127733188429187
2146.277495004531,0.1669103471028675
2256.7663495873635,0.16280056020321548
2226.7376244858074,0.16366302384370376
2283.372955773512,0.1616180369368762
2148.349488277412,0.16702887502922903
2158.5918373441004,0.16673036661274773
2190.160467736724,0.1657683074683797
2064.7860288064035,0.17067377053319102
2211.360331357038,0.1645050006697747
2094.8016430494513,0.169405142507709
2048.087735509697,0.17139997107543722
2047.5742712375736,0.1713999344977345
1959.9316394227067,0.1754305668406442
1988.7536544310758,0.17433697479859195
2043.501575542384,0.17168626264707149
2198.1971121314555,0.1648800888539023
2031.2102808349723,0.1722241242444494
2058.640218218912,0.17092135753591087
2252.544436131086,0.1626410678993356
2198.81152566878,0.16490406651154135
2141.2015988580083,0.167013555202154
2135.9955860260716,0.1672742764362709
2153.796486986479,0.16649499382523297
2178.3730674074172,0.16578801187668413
2078.3113194644347,0.1699507718961695
2112.447866205026,0.16846958050814706
2180.591303462464,0.16577609591766587
2212.2258943273932,0.16440722546282074
2094.3850800550063,0.1691941397161906
2132.3012273073623,0.16742230640478362
2192.4302241647392,0.16522898411392822
2158.8003017043684,0.16668971758654177
2217.3065270902634,0.16387289401264546
2188.098908410063,0.165326454274808
2098.819308392682,0.16918016692306762
2049.2090610009377,0.17126726691413846
2066.752539812844,0.17037168497785132
2132.1328618370885,0.167779526197869
2242.0210059249125,0.1631062069286247
2157.888857193894,0.16667800363295157
2076.034047722013,0.1698393560586462
2051.0059998131337,0.1712703641076684
1978.7801596805186,0.17457400285366823
1938.093216008019,0.17624534512832246
2024.4608611500405,0.17235165755898393
1987.316097469872,0.1740061713772611
2017.5581223462484,0.17257910076648494
1905.1293721544366,0.17788460438788917
1861.3951470048708,0.17985298620595758
1906.412900306603,0.17764447648772413
1914.6652799895353,0.1775349486549284
1919.3933572359656,0.17754885467267392
1844.8186455680639,0.1810031844873016
1940.5806325933618,0.17596055005192723
1964.8401354181078,0.1749648848232679
1962.0682805369684,0.17512600992528696
1943.2626783702121,0.17599875087693073
1841.6802410367209,0.18162296165723443
1876.970971952202,0.17943737056256048
1890.4730787683043,0.17889078704332997
1937.6415770272772,0.17648149582022302
1968.0220428080727,0.17518525405666502
1948.7722024805853,0.17576494096535566
1922.276581261503,0.17726864240487605
1956.6241176139401,0.17565978567527815
2014.523457537702,0.17269664292745218
1976.737945906606,0.17433918630936437
1883.1077243081183,0.17908657955948545
1805.2401378832305,0.18311129726670863
1722.6111382864894,0.18782891845915858
1793.4929134760303,0.18383043876012123
1802.468274176519,0.1828912036315791
1948.4904698150633,0.1757700707156348
1909.551093609239,0.17780977099382342
1893.2350617565355,0.17872889638674694
1912.1302567134326,0.17732888329465643
1948.3391402040318,0.1756545063272816
1993.0341235627482,0.17356557622675295
2008.3941722743152,0.1730699081814864
1909.6514698551646,0.17811268981407516
1840.1247850096377,0.18136639763635376
1740.730314545816,0.18686033086656978
1761.921663000998,0.18565836319134135
1867.703013567279,0.17972971561652953
2012.1152516566374,0.17276188747441448
2143.4226631483402,0.16673643667938218
2183.9791330463154,0.165086193032558
2140.8815874516135,0.1671769320503707
2021.446136383439,0.17261111628804207
2005.3372281324218,0.17337980258407593
1950.4995851588474,0.1761653789697618
1975.0002393391608,0.1744702579414649
1909.5399701520423,0.17777746579928563
1868.3481931083368,0.1799846948778627
2016.4244556283331,0.17261793603742837
2054.9203379672676,0.1706656176997448
2030.4933660653676,0.17181177452634758
2103.908048875565,0.16852557378397423
2142.591713808446,0.1673465016261668
2102.0029190568434,0.16886578491721144
2011.2981466871859,0.17277413428666122
1923.6846089815936,0.17712308317693176
1952.8579401063018,0.17556564180104464
2174.492230672214,0.16561949588767239
2164.723344239624,0.16597026770135326
2070.2266227299906,0.17000831213137435
2044.3546977328845,0.17150417113721045
2036.3620141303031,0.1716855582491719
2092.672634468968,0.1689974010170091
2056.6266754279204,0.17078179699760854
1964.656245327653,0.17507704781639133
1959.646886320808,0.1755068904654684
1918.3294507083597,0.1771669041543806
1904.63827814812,0.17790566632629182
1919.684584790363,0.1772272283727386
1987.5248195581169,0.17354384422181696
1923.4173835373863,0.17669000907496052
1878.0091475463269,0.17905241577324982
2098.17600998735,0.1687994602118577
2304.7372013830773,0.16022529103610517
2364.8422687517327,0.15806910777791294
2266.1869824607797,0.1618333502965177
2108.6222524152126,0.16865169407447583
2033.1389041492407,0.17178048934153123
1949.7720312298022,0.17568401911672596
1963.7708466009447,0.17502002775635891
2070.961535997475,0.17007955147957787
2080.3293169863136,0.16986962051096896
2114.946648158947,0.16844442224192724
2082.5877937995524,0.16965935265024118
2100.779633213831,0.16891387388732837
2070.7873086448867,0.17020534491890255
2048.934326688597,0.1711054061621178
2045.6380845914082,0.1711986610082272
2068.946085029195,0.17015739496930984
2135.082915647831,0.16713013837720672
2289.6189635694477,0.16103035030275126
2450.778057964877,0.15567373267974502
2590.872507102946,0.1507031196773556
2467.2900804891883,0.1547386279784555
2418.1854573105657,0.15661400103517406
2316.9452495205205,0.16016517637269975
2482.646725857002,0.15435745986479749
2329.7435307623623,0.15975261996223103
2211.921362202311,0.16427462166155202
2364.0326014082784,0.15839670586057808
2675.3395017516827,0.14786818395781123
2804.456057006462,0.14424833926568123
2415.217589234037,0.15634429492985305
2117.624689383204,0.16793193184346913
2279.072539639093,0.16149175641761776
2469.2381098712226,0.1544991283912125
2503.875671896695,0.1534732622940855
2463.754296386947,0.15492759510699844
2417.7006132027873,0.15640143232442333
2418.318187022363,0.15637306422807504
2352.215811845741,0.1587258519419569
2255.183175020216,0.1625138615861555
2148.621700710982,0.166632139257386
2059.2399390731866,0.17049964675182663
2141.511364464648,0.16705867528842866
2162.8674075510116,0.1661449170116743
2095.8351573775467,0.16919552065016732
2113.801340333953,0.1684209559444554
2095.9686815353707,0.16887363399014177
2107.420915553128,0.16840924812286956
2093.3536404863044,0.16909277360457034
2113.888601643102,0.16809192515235813
2137.926602356209,0.16722163951213243
2247.8319116626335,0.16276222684939456
2292.259532866443,0.16080382561338175
2170.299899083184,0.166030543108005
2119.874058428889,0.16815019785612548
2180.113170745297,0.16552152684794055
2222.053940172377,0.163569859759789
2150.0373565043747,0.16642862618904591
2284.345424356141,0.1610231020957141
2312.44285462143,0.16006874723334968
2082.2943563446365,0.16946546673577456
1738.6136884009316,0.1867008094733997
1671.2746184497676,0.19058377658138922
1712.041896717187,0.18847896827300964
1905.1013887215058,0.17766245791574906
2185.2692724145995,0.16509144501657505
2483.1052953395565,0.1540900021688021
2647.268994111152,0.14880435130800995
2646.4423338789406,0.14877690820914058
2628.772806760666,0.14952803817658689
2611.285324741608,0.1499182298800928
2495.7299949917647,0.1536886948065244
2599.9775488872324,0.15023873793186002
2514.5054863030937,0.15321737865448154
2359.550300313105,0.15829844605967455
2366.1983123101363,0.15824912274883007
2434.1889817324536,0.15551925600000094
2434.4040928896634,0.15577922091992613
2426.172171037859,0.1559862385507035
2381.4484908954855,0.15783365526976983
2322.5010264337034,0.15991286212046743
2405.7020633247726,0.15680875030823102
2258.4142649010096,0.16210756295136067
2171.3280527834568,0.1658332135319255
2245.587370218777,0.1630011576865308
2196.8039642535705,0.16474393753357072
2095.318677048664,0.1689075081221395
2048.842592768059,0.1709501247642067
1921.935010956032,0.17696842163971588
1803.33464877298,0.18289123332902243
1791.6922058439732,0.1838754829258507
1912.8729915982462,0.17750677684094607
1913.2211502525038,0.1772674412842874
2031.437025393086,0.17199477335459284
2042.000016848679,0.1711807751484517
1913.8444211337444,0.17755919162752118
2008.3612347378046,0.172997728051079
1860.1871427883345,0.18006341084959093
2010.8745343561734,0.17283794170862574
2183.875789406319,0.16506211665300105
2134.927261925696,0.1673675955877639
2128.9540612597316,0.16761438863496894
2070.45357713051,0.17039921713689135
2146.711233046239,0.1667134971932994
2056.0765714679715,0.1705387422401123
2028.3937679032629,0.1721048226416311
1930.6765301189002,0.17629341730380557
2005.4356384451983,0.17286409068538286
2005.898239522021,0.17304138429459662
1946.513812410756,0.17584404055961406
2065.527066879117,0.17000733406494103
2063.0403406546347,0.17025557036246444
1827.338689009707,0.1814044127261974
1985.6205835274015,0.17411748161413984
2039.0718692038745,0.17141888130433094
1931.7512390370086,0.17623658683398843
1836.462473319513,0.1814904119598511
1861.2264583105327,0.1801121025418168
1918.9999035963501,0.17696970833229145
2016.4120773661532,0.17263384262137854
1950.547058798509,0.17579677089936396
2081.7863615290985,0.16976344448485856
2149.532890867734,0.16622753992846004
2132.54283981929,0.1675851692286405
1986.7478513940762,0.17376629931799722
1828.7362793525338,0.1820069145927193
1731.8534231665615,0.18685209961546378
1666.992694827694,0.1910350322935897
1752.2558029845877,0.18608533930328033
1783.8158868347393,0.1838848482916173
2060.817756476408,0.1704549769335409
2264.1817261287943,0.16189072051706666
2223.1220721917234,0.1635234914210507
2198.851929427584,0.16444060079911432
2196.811214370656,0.16470685986096237
2075.912922152621,0.16984842747347956
2069.410807825077,0.17009493230185413
1970.3791600029208,0.17458935667322487
1937.277706515012,0.1765122531191098
1925.7177251838566,0.17665852958338277
2004.0267423644084,0.17272923604263393
2067.514711927211,0.17017374849872513
2060.2337205221916,0.17049546292251275
2019.2060932948284,0.17233554817453356
1892.7453277061688,0.17871471315367002
1994.1339569544032,0.17370119893939062
2182.304173956636,0.16521818792272136
2208.45077853574,0.1644179191232582
2208.4967841425237,0.16433160188215976
2230.6796387516374,0.16325072694747098
2249.0292137407127,0.16255828819650028
2284.6985938864527,0.16124880053958954
2157.605514284973,0.1662240077614887
2401.2665646509818,0.156918911476096
2557.53551468312,0.1515224019236507
2614.251521193848,0.14995605580765292
2537.834427123313,0.15241432005172834
2232.647206841056,0.16316226616028412
2139.612895703324,0.16709722607482544
2035.7226960361688,0.17150567302569372
1998.429355958694,0.17330173214692854
2045.3018341029524,0.1713232984044324
2241.1246209739875,0.16304004429433155
2371.9582292527134,0.15789958773934967
2529.630055641594,0.15249983325175753
2481.7752265928834,0.1542805878178501
2456.2440308742766,0.15500350904068294
2339.4539936241276,0.1592405527942701
2405.460424768553,0.15665920429830948
2350.3252642403604,0.1590815686164757
2304.2881319283542,0.1604895660066699
2284.1679109658457,0.16155330035340365
2295.322331798134,0.16074359204331798
2332.9000352874637,0.15937501091933148
2481.9340407522973,0.15414307868149826
2349.814813152362,0.15898186038465795
2316.1222727689365,0.16030175656717358
2373.5357528112613,0.15821885687093945
2586.9766922388976,0.1507062589653323
2474.8969999050505,0.15452583700223407
2404.1345167165596,0.1568607269632506
2398.9887358953165,0.15702826637672643
2421.03125807472,0.15613583803276646
2482.8497846764335,0.15429213713469386
2374.640510073433,0.15807827946867853
2378.074683718203,0.1580334165292641
2423.032146300354,0.15637359648919985
2330.2812315560777,0.1598027277870256
2422.7830556715353,0.15635682053744948
2331.4092410299345,0.15961273641850676
2218.900166559666,0.1638415417234949
2221.3117767855224,0.16394465217041979
2193.3238858230948,0.1648438373558546
2173.795462396448,0.16571989563044168
2175.546641816003,0.16559837045871847
2308.4904731936444,0.1602278935799988
2402.930303814904,0.15659437618803732
2401.0959351845854,0.15697753086883073
2308.1229103439355,0.16022692159099255
2333.4231330203493,0.1594259853780309
2306.250748202257,0.16031987196056602
2295.61175606419,0.16078853483007444
2326.1821359694068,0.15983077481541091
2395.4932509096575,0.15688795879926806
2304.7343349058374,0.16025064974144573
2379.3504004386855,0.15762461295756666
2450.87218514648,0.15521450504944834
2519.3678484542666,0.1529892613133933
2558.854782359349,0.151712299653304
2515.6627141544986,0.1530820444002492
2481.4275373990995,0.15406867037882688
2400.3707053409744,0.15699659426518434
2526.8327218075124,0.15256795660868175
2597.0741850462477,0.15043650171213627
2613.310137791016,0.1500375820117549
2478.1568792255266,0.15430932263430291
2365.7941529526297,0.15789813873432443
2209.703438374906,0.16404156532356579
2109.4300325756076,0.1683777136735915
2068.9104344558154,0.16998884541417134
2217.554760364045,0.16359625137396933
2403.926172736071,0.1566206460435059
2580.899309691469,0.1508245253592126
2484.788962049004,0.15391678125497252
2229.1410950901513,0.1634672441874787
2127.5316219283463,0.16714338812034538
2253.6146925485054,0.16212908028379872
2418.319625776476,0.15624590824267204
2592.444202076286,0.15022776048191952
2803.1478402396406,0.1438893484385364
2823.597177391493,0.1434284725163734
2686.8756473305993,0.1473333082068719
2531.132504111637,0.1522815702904161
2383.178856414848,0.157318500560822
2344.6979246647825,0.15889966933188912
2271.310911807928,0.16143785638845257
2311.7119465171177,0.16012734553169627
2320.0361784444412,0.1598232522973659
2319.3280227219707,0.15996891512056993
2387.8492808458777,0.15726418650464769
2410.5957723678407,0.1564944049235403
2436.3470873360416,0.15558167336954315
2460.3005167341594,0.1544943939658894
2431.0997824477463,0.1558346755995262
2396.530927908217,0.15725128164604027
2426.557273165554,0.15620580972135137
2479.8028114052954,0.15390879951335742
2563.2342191297607,0.15153622249605195
2577.836409358338,0.15093844033062584
2612.237141344913,0.14986981973518157
2706.2526345659717,0.14716763514803916
2668.7012488700398,0.14806684993641683
2702.8445484763793,0.14713739018172584
2705.691530051663,0.1470234216776678
2703.611158529543,0.14693797298662173
2680.8858636553723,0.1478665289982716
2588.756303159753,0.15057996098477705
2474.5871089120114,0.1541855508548129
2501.7340766157263,0.15344594542582063
2660.7802533271456,0.14831771662408694
2885.546822241101,0.14178060208536344
2762.8387554209594,0.1453307552698707
2760.31516022869,0.1454087186601012
2734.6797296371824,0.14611635876216417
2588.2945380617084,0.1505746824435212
2590.4796334711923,0.15057572992221402
2549.304565873555,0.15193273981794153
2582.687432983038,0.15069269968524124
2569.7392180648762,0.1511708400186086
2609.477653715241,0.1499506761566593
2631.008214380372,0.1492596504630377
2669.1183955328684,0.14797517278386452
2683.6952120071023,0.147642026084301
2672.280038584536,0.14794989744403012
2655.1064896044436,0.14842122541970992
2643.573363871664,0.1486866166340933
2695.4331361302898,0.14735445616715984
2739.5192168111475,0.14592940697617482
2739.4080523757248,0.14606958979337167
2812.290376776797,0.14378378464663502
2787.2930008509816,0.14446659297294984
2770.288070063657,0.14512063483181073
2746.114260873134,0.14591818702768777
2882.8693806646347,0.14172203662182706
2875.8313492332672,0.14188259530771247
2696.53835371321,0.14702861549910837
2453.9042059274834,0.15469771967969598
2303.322214613222,0.16008335678268992
2345.523716059435,0.15814121055316524
2368.78948931213,0.15757942604171987
2401.8132732892313,0.1566560537447881
2559.8031323500577,0.15108530633477585
2598.9581809387296,0.15017411305486297
2724.951587914258,0.14629479552874092
2894.991485489425,0.1416114366739692
2794.767983821774,0.1440236234820901
2587.2101315469927,0.1505234837332591
2524.0840493267333,0.152523364407289
2578.679757611779,0.1507175871683114
2596.6621785409284,0.1501590639653123
2715.841614520994,0.14655021348401956
2671.640140344815,0.14782237003188364
2730.558451876552,0.14597191265245602
2674.60378004406,0.147788131424857
2606.493741463824,0.1496784001155531
2593.950260499862,0.15038732718316475
2541.490422899675,0.1516961889318525
2507.3133067893687,0.15301743574714283
2526.462030144656,0.15243730363321095
2607.483836854447,0.14976552503824966
2687.6633807899047,0.14730897448392138
2671.399694881171,0.1476849296671347
2652.975984673518,0.14842613769815577
2663.274031240942,0.14809733065084132
2663.422973935689,0.14796391967181824
2568.5877087106796,0.1510132848802399
2584.9131528909666,0.15045206555659205
2483.136470829862,0.15381355883635242
2415.0538451144366,0.156084927129839
2442.9420905245443,0.15532697025716716
2317.09800416047,0.15974408530715994
2263.331167652927,0.16170939131824427
2293.3500409413377,0.16082062605147762
2407.949692031908,0.1563635698167864
2579.2878127413937,0.1504454916608286
2682.212757005905,0.14725280867056018
2659.2203161053117,0.1481362852636306
2642.729129031028,0.14865306354308666
2558.131332438652,0.15131091620529466
2526.931819079331,0.1524302644823481
2484.1721689198735,0.15380626646924533
2448.756785008403,0.15511059083517315
2448.6180197468543,0.15488458409602124
2399.2415267795695,0.15674478957016771
2458.212420127567,0.1547904189056322
2406.9200816003677,0.15629735939065229
2446.2330343762987,0.15500808008811992
2417.5513873316345,0.15606695589477496
2475.7641073929485,0.1543041697860979
2448.720818241767,0.15495086585439485
2420.924757473372,0.15604993162008252
2389.9916258135613,0.15707780034334376
2379.6582521403548,0.15717557394870188
2533.738235786506,0.1522440907004186
2528.913887717758,0.15234669541428084
2492.8181776369147,0.15354517656201433
2569.2443005667956,0.15093700615561748
2716.991580709818,0.14638733594824088
2668.2544871119785,0.14778712784606296
2586.243314561954,0.15042467707065588
2532.1475149785956,0.15215990130647516
2544.480658257605,0.15191724560301983
2722.6282200626842,0.14605750200039078
2810.0720099034274,0.1435697588431603
2766.7491390330647,0.14482288160835988
2725.6569952879677,0.1460124746282439
2770.992571607271,0.14479232575802836
2817.5862204244786,0.1433821260024784
2851.685535945173,0.142569529619189
2894.2646471923513,0.14129656790254774
3017.492544488908,0.13826005914968262
3003.1455431369645,0.138456864071689
2967.8916356976642,0.13940013600117804
2871.8410980996646,0.14194882016622642
2904.5038607170086,0.14094883162362876
3022.3018527266286,0.13803043457296169
2966.520646671914,0.13964603074158516
3015.5404024313575,0.13837554229841834
2995.5917204283587,0.13873712282732126
2866.7161133896275,0.14209099541186465
2853.735140113096,0.14245457073058304
2805.4596081765476,0.1438398120130624
2745.6203711102066,0.14541955344198965
2701.2348452242004,0.14667041721481866
2665.4136274780913,0.14780832297014404
2630.214881637359,0.14903006004201597
2650.989955390806,0.14832824431216107
2683.0028388683286,0.14727170678549115
2569.8876241878256,0.15070724652599105
2562.797391122811,0.15117848850616944
2632.1978785519173,0.14882593576705838
2479.067053230777,0.15374448134020882
2331.927098198135,0.159023533262283
2595.3218785929653,0.1498760633888246
2483.5213138067834,0.15354729936135597
2413.7134436735328,0.15590333348414784
2498.770802342866,0.1530583513225396
2369.1729015839464,0.15757424500502212
2330.556005393243,0.15911408744727062
2384.66178394978,0.1570629386163709
2427.36392422535,0.15550079982283746
2500.473844853737,0.15298539067871122
2648.7555975499076,0.14832066496493715
2815.5106117906794,0.1434171302623757
2728.460304929212,0.14603132884939443
2700.060995890183,0.14669036031703844
2685.1536358527087,0.14739618348801523
2552.0223387015717,0.15142493251285782
2484.2927534151563,0.15350729034562013
2498.337462610106,0.15314368995057948
2508.1970277445666,0.15300909570378338
2528.5207950715217,0.15223329985487127
2481.7759086825436,0.15359758148808733
2417.9929440461024,0.15587696186628752
2375.4803739018184,0.1573112141484049
2381.9062233922377,0.15682233297269965
2478.4896168536065,0.15373692983971296
2508.582685295924,0.15249555390647784
2424.494380348745,0.15536975655977336
2516.1798908824862,0.15240281596958338
2433.436193048853,0.15532646195491212
2348.915794953834,0.15833921251140265
2344.382738972175,0.15838674342801506
2372.793036294603,0.1572232677203885
2288.781627516125,0.16055244240356104
2359.480090243748,0.1576745605139623
2414.8726723860314,0.15567250249549663
2503.0094977126114,0.15305844219708245
2445.75095854125,0.1547429568043473
2344.9192770618884,0.15833072704104478
2442.25110115031,0.15498681233801803
2453.681510747313,0.15461502157627705
2326.7800959970173,0.15910913311278255
2268.972786892391,0.16125123544276504
2353.5324900235673,0.15809157482627162
2406.8366219946397,0.15605303195677592
2590.157858689358,0.15002816392408466
2568.709358481937,0.1505843679124963
2522.7944188564306,0.15221541409412848
2459.1610841010397,0.1542922729461993
2412.645995291475,0.15596024962009863
2430.7903343833163,0.15533092685308417
2579.8728667577134,0.15032137270336418
2615.7500443402682,0.1491978843956484
2575.529402507945,0.15061919871625126
2651.711595893123,0.1482118235174593
2519.6306644511187,0.1522573957117912
2496.71678009428,0.1528552162982581
2394.592087810682,0.15653612892191132
2337.5366840048887,0.1587054432970539
2344.101501024823,0.15823447847934258
2378.1351133590706,0.1573264976371903
2461.4624501679314,0.15445487211644315
2606.372288189733,0.1496092950758324
2642.555589718242,0.14836418086319242
2702.667155543478,0.1464695218348656
2683.3123286373357,0.14711202799271514
2633.568203608384,0.14865844187701246
2589.637562117687,0.14993704157596263
2568.645058362587,0.15073536106456184
2576.222313572157,0.15044872529908496
2501.340364542275,0.15287565814728915
2608.728833081863,0.14945587028449028
2428.5773656094125,0.15530913157272305
2344.6179757222503,0.15830219518098188
2207.715870093779,0.1633992631196123
2240.421011478184,0.16236598242658046
2621.043324414194,0.1489143502779378
2961.642461854766,0.1392881198019524
2974.4815228205725,0.13905591473288195
2981.74596531291,0.1390306823398768
2714.330845129439,0.1462843797159815
2791.8151792612784,0.14407524418517426
2793.2276979452095,0.1438945478400485
2733.2023961213677,0.1456024592625651
2732.9074682055684,0.14561325997321312
2592.7572182115023,0.15011922497538208
2409.1999231372965,0.15602104299304392
2296.0673274123283,0.16020307423980734
2668.514002451532,0.14770185413559883
2940.8449360001373,0.13995533342083105
2933.398982859331,0.1400720461852119
2699.048984513189,0.1467409135737936
2448.787402111425,0.15471975213232905
2507.9727546985855,0.15271134636787181
2622.869155748626,0.14863459615058977
2522.5860048747054,0.15216792321076064
2482.001097165155,0.1534383978904418
2488.1552351909318,0.15327626019433116
2782.384590101131,0.14410215098898835
2726.4043805412493,0.14593561915196096
2741.128226969496,0.14559315053551258
2488.6441591277653,0.15332550494231503
2685.9109702857463,0.14699699113370893
2654.0683286140065,0.14774628589407146
2724.349588265588,0.14582034784358883
2520.3810125195732,0.152056547313659
2319.744783152289,0.15933375108854056
2166.7663369872066,0.16546253351409812
2155.9579201054894,0.1657514836964044
2290.013171751925,0.16031155724180843
2269.623736694953,0.1614393554190598
2302.1829135919843,0.1600105105361266
2679.8579670349177,0.14711418394876283
2755.8682993878783,0.14502974784550637
2579.9578062543183,0.15051153530007666
2492.4526234920977,0.15329560809760245
2445.3484667891184,0.15507082496098645
2519.2752976586867,0.15228552928580869
2430.482978064915,0.15533734321366288
2812.650410181524,0.14341584350152106
2857.571174755848,0.14223785080942386
2786.732478354788,0.14414535193547082
2792.3872738129585,0.14410253547141846
2634.9443110469283,0.14855547024402718
2746.471308471557,0.14530138542664556
2731.1900176404292,0.14576068554417318
2528.3441462114633,0.1518706920684217
2471.2635191908744,0.15415627758154074
2508.313865332752,0.15268340043978945
2629.412221342133,0.14875882859764303
2565.0051397609955,0.1508342377748268
2570.9623598111857,0.15076892903497355
2511.045463875113,0.15270658489277453
2535.135110431918,0.15208302323523143
2471.3119950219093,0.15389786852053416
2520.916627358424,0.15211777662907086
2534.1523690157455,0.15189919079499534
2531.3416467463353,0.15199524476161075
2508.3003339535812,0.15277059299752888
2342.5818759188355,0.15888791006803807
2378.3490917432123,0.15734237800512765
2595.5135415414497,0.14980278499452324
2732.740612757099,0.14552407652115137
2673.5692486751946,0.1473031070784525
2443.908597558996,0.1549953936237267
2674.267232433694,0.14750804605902232
2789.4146208114294,0.14409453581500806
2871.7067802751503,0.1420181788579781
2818.4502260745694,0.14328851113500268
2713.2498834916346,0.14652055111352774
2587.7999202337473,0.15036144694680725
2500.4809566533327,0.1532416589677176
2468.2220252173424,0.15421569416196518
2435.4867939398127,0.15515228173452422
2475.3619684925247,0.15379740480492296
2522.816564385655,0.15224863261588936
2562.97799333576,0.15085989832833377
2677.242564822014,0.1475089458622099
2744.208332429363,0.14550055433194237
2728.664848304963,0.14583782755547692
2905.0996984514736,0.14105472270014974
2768.117369514427,0.14477491966474898
2754.86109394447,0.1451131737491791
2792.0450194310533,0.1441085912236805
2617.525402004366,0.14937435557688392
2546.8627834291556,0.15164823331350655
2472.642341240122,0.15420446956694037
2603.196490271381,0.1498542299755303
2666.816825941646,0.14769141351542414
2837.223386571778,0.1428604172840703
2919.9275413746077,0.140662213312466
2848.8778874394893,0.14255789818861694
2992.327170935247,0.1386851562653588
2908.599640973065,0.14095783254110958
2736.2547367824804,0.14584612678852685
2508.2838446897495,0.15275237555324553
2541.886470837274,0.15159840476036332
2607.1748513854996,0.14967350598468043
2689.2791679713378,0.1472109003068884
2740.6222087591073,0.14546855635849462
2752.089195970407,0.14536196736856974
2644.8625176647442,0.14833691919494751
2509.3592323212715,0.15281559104717782
2448.3330683199065,0.1549738808713913
2421.5667485198555,0.1557197884413409
2296.1761919074625,0.16059319578315678
2187.5300118550504,0.16445454409556923
2335.6050414532065,0.15873967522263338
2421.4105357344138,0.15586827080401727
2290.46541088633,0.16045355815146778
2205.639455280255,0.163908671984438
2278.377512641268,0.16080258184525226
2211.091857096721,0.16395590620156697
2164.415735420502,0.16563542445051713
2111.196165632852,0.16764392389709692
2051.933252247448,0.1702969835073251
2062.0039590600286,0.16999235481486863
2180.4451001599928,0.16476295125521045
2456.9743101277895,0.15468885308012875
2473.808164498569,0.15369160115490707
2420.6172103803056,0.15567576223022628
2440.4201890542013,0.1552028847867901
2379.481598890619,0.15737969474983257
2336.2638537980347,0.1590737586237357
2339.192682641809,0.15859266039464867
2480.648223241805,0.15376899300736319
2425.8262115451676,0.15560148163405566
2409.3032533902133,0.15629516392180223
2353.7033037795486,0.158249714944074
2334.7738712597525,0.15881338260434208
2438.043678579922,0.1549810267464604
2272.566915035487,0.16114865073068943
2257.358885915083,0.1617125913584228
2262.041897608353,0.1617725029921024
2324.1153802181952,0.15927198110663798
2369.640181553592,0.15767729662482755
2316.937579956947,0.1593535107706089
2244.126135103438,0.16239886275313128
2252.730860925687,0.16212483214937518
2260.8153885120955,0.16159405741122732
2275.233027100317,0.16100694331360782
2315.032839973055,0.1596033500920471
2350.585424312184,0.15816182987753263
2277.5275755340945,0.16106585483187147
2122.0176400205414,0.16735262255051828
2312.9862994339446,0.15956903809859432
2408.7748952374395,0.15618554186481004
2424.957672543355,0.15563150941342063
2327.0373996116705,0.15920735707918535
2399.8339108731525,0.15665608290155997
2380.26600324784,0.15730506937047714
2334.606957293027,0.15875223866718374
2253.8866302527704,0.1618353349117971
2225.7188994476764,0.16305107123501306
2285.3861441100194,0.16081013544617068
2247.145816935848,0.1623648834615959
2204.3880945092465,0.16384145040140324
2408.1227171338573,0.15610461533363093
2360.018297803648,0.15785000879150252
2525.6794797575067,0.15220290546235815
2399.457977480356,0.1564416644147668
2122.4437442498615,0.16719428488979382
1921.520019079467,0.17668790621412606
1931.5521812446304,0.1757969427190528
1966.4958675539724,0.1744984892135605
2024.545167769104,0.1713190722232268
2228.1266720845133,0.16306891220891548
2343.642663349921,0.15854428816726426
2381.4561071733447,0.15697834072944528
2441.2532445728234,0.1552182924820257
2435.3628022531116,0.15541566424215944
2489.977869906474,0.15335996310743885
2489.9522587972665,0.15330804954136695
2420.751566897493,0.15586307295235577
2459.837845820719,0.15444691911358904
2473.237732209486,0.15389631550569452
2530.0193383519627,0.15221678097383395
2497.084630774902,0.15336201318590684
2489.185814070521,0.15352328862853262
2462.555135720415,0.15418397656364913
2394.747746983896,0.156754863376596
2388.0629410793044,0.1570818606043614
2334.98367724438,0.15893235953311052
2337.386218994353,0.15897709890189055
2479.9021824306883,0.15384301303178718
2520.574645183202,0.15224372017456006
2344.342816889014,0.15871464345994016
2277.588637194065,0.16090711160068608
2262.570902408686,0.16162538050125927
2369.3904724422073,0.15767165169394728
2426.222158567773,0.1556413986192087
2363.529315849648,0.15788121703644206
2226.290611924203,0.16271071000202678
2291.6356176626637,0.16066351962718842
2297.4041464588126,0.16042768306116537
2251.904304978443,0.162054932840581
2153.1520129837795,0.16592575698959014
2202.1456017437386,0.1640451047581636
2379.6014325256856,0.1570659030742922
2392.4756651215303,0.15669596754038245
2483.054009801784,0.1536418995968872
2495.7968919352334,0.1534165296334102
2474.3067175029064,0.15387514523359883
2485.666023054183,0.15353568896406428
2452.643481845755,0.1546638942440858
2468.5948833258667,0.1541082153378729
2447.160222038964,0.15492083633836803
2501.038006101516,0.15312604667610197
2454.8606276574924,0.15469248248571785
2409.427875109454,0.15639052165817352
2381.3753395218205,0.15728239745481726
2343.189742102671,0.15890157740203106
2317.766169239789,0.15943536385210022
2360.0030052426573,0.15790200953003777
2268.3717249897245,0.16151519866800815
2245.703314022626,0.1622201503702113
2243.798900177167,0.16241772633557813
2290.5763054414892,0.16036086528429552
2368.6600183499754,0.15775438518003246
2381.1037339402546,0.15732996945333935
2529.4093707077077,0.15229994753150183
2564.5671937959996,0.15113501164606158
2485.1704550066765,0.1537634676704271
2452.794662440105,0.1548853401595354
2402.927640544581,0.15651877163206057
2401.649105271887,0.1564658147535085
2439.509535657307,0.15523112916301562
2340.361619385478,0.15879606758722578
2314.8333968987295,0.1597365674704691
2089.387688766499,0.16881549117561945
2113.822742685309,0.16771317096739902
2223.8632393188304,0.16332689308665804
2211.337063270625,0.1636781339079293
2438.4998812602216,0.15504099622373005
2497.065646890976,0.15326881849568802
2628.4338738109195,0.14873160394872764
2639.759749533412,0.14850771951292252
2643.392061727586,0.1487873656422674
2546.5679246784757,0.1515171480765295
2422.365122005956,0.15566300865271393
2436.700591047443,0.15555496806130698
2311.917425085411,0.15957670638850727
2246.450510172723,0.16217543137414378
2187.4333747504206,0.16469399346364963
2186.0676737399826,0.164594184156714
2224.3219753800536,0.1629894594236414
2317.5592154543924,0.15941808994584528
2339.529809548359,0.15879027817672287
2337.1651238345235,0.15912569770583562
2245.88294619439,0.16248556797678237
2312.184582558677,0.15977636082892524
2440.037118577611,0.15520569061356734
2335.550783846746,0.15865969360979
2287.7599259438866,0.16055679188552843
2244.957421257348,0.16219585491971614
2281.9365991501554,0.16108734500904967
2358.286701082413,0.15796464772664334
2296.384100812968,0.16021811339248526
2307.735275986101,0.15994583391090472
2135.5635620343387,0.16682584968909395
2130.722135857627,0.16719530222088694
2179.497754506467,0.16475580059985823
2208.144068488239,0.1636793406956753
2156.0119554690496,0.16592447711251262
2150.649348424624,0.1662015494299149
2094.4332827588387,0.16864354171053678
2112.42098751352,0.16777284710003657
2192.1788596819792,0.16450906824287437
2282.4502018390967,0.16069641099463527
2377.3511039374257,0.15719442503895176
2430.8556870802863,0.15550726737770798
2269.970210262797,0.16136654325667404
2266.0829312142237,0.16154548876829986
2150.140615052327,0.166189053667083
2045.4401926157836,0.1706451045277626
2067.172319733563,0.16974718157882193
2044.926641970635,0.17071774162150768
2053.2307398796756,0.17052175593804397
2115.4624641411565,0.16750025120624695
2109.7893341147037,0.16787836256841834
2174.6881270247454,0.1650423756376457
2138.5695837728244,0.166805493072124
2144.940262827101,0.1663566178204165
2084.617621470206,0.16918719431639379
2097.983746164937,0.1684736746374147
2108.0907383770623,0.16790357202380962
2095.282518793452,0.1684477884835726
2149.6747239662122,0.16619172877231858
2168.3801952346907,0.16521600384755838
2183.3033189961216,0.16470531498273727
2155.455781368239,0.16601926066950928
2146.815489035668,0.16641014624127254
2078.534119412603,0.1692645309979666
2093.7056914482528,0.16834942645437848
2182.3724525640055,0.16454624623637554
2169.617436436411,0.16531678434118133
2042.9204323950792,0.17062628650592804
2011.2917450289947,0.17189874065850277
2034.6862332129267,0.1711953081188889
1974.061941878924,0.17365100930195698
2050.0052331102765,0.17004675858486654
2139.793340450789,0.1662835241382109
1948.41815885097,0.1750926202905928
1962.8096727064265,0.17411295934370935
2008.4566425235687,0.1723707030435864
2089.644553513453,0.1689828772159639
2210.250240375733,0.1636381706506186
2250.409158059268,0.1621150972583748
2364.2783423882306,0.15774376096475284
2454.2638895968225,0.15441477569415796
2323.749536878973,0.15925441577983934
2329.190238894116,0.15905609994116135
2342.208960157921,0.15859012561266278
2422.6937079992153,0.15574624201687842
2200.86137976735,0.163884731263919
2166.5837692764167,0.1653367859891383
2155.9418573051075,0.1655225403408237
2071.426542625936,0.16949840324926013
2111.0313880952904,0.16773569125523322
2007.0239736758947,0.1722311089712008
1901.2542964933734,0.1775660399033502
1870.5137658374895,0.17902571332780418
1827.7195336004877,0.18143036535759416
1821.177826281859,0.18188896819683714
1819.443207631663,0.18195970239350134
1845.6838027067863,0.1801872624194973
1889.6428072331855,0.17835566704705233
1821.017950107216,0.1815841048096242
1871.1888510898275,0.17887923251341686
1902.176780876537,0.1774955117340925
1919.852517553612,0.17641802737522605
1909.597311687224,0.17693868324577022
1821.4627870592526,0.18165369580274685
1737.0198002978173,0.1866030548897109
1844.1700382525453,0.18019123521233707
1910.2866386375458,0.1770250212536977
1931.244842017626,0.17579224771998042
2192.596756604959,0.16409747961251261
2319.2835347197415,0.1591704874498272
2208.9029964885344,0.16357838693045768
2150.661102489304,0.16589944060564663
2086.337162623211,0.16902628552966967
2037.544892322158,0.17104965124149715
1974.7065902807692,0.1741380301119258
2005.672813423119,0.17237959612541517
2034.8390266601225,0.17115564856823995
2078.2996788900305,0.16900712011789557
2104.346015341755,0.16812769335234704
2054.9421339222185,0.17033219580088865
1993.7276728331565,0.1731521230589678
2093.156979095443,0.16842319437488681
1973.49099562838,0.173907646507392
1858.219886036944,0.17967978641090265
1847.3054627005456,0.18021040823845647
1821.1914912849436,0.18168481289192226
1830.8923665361724,0.18104321940464424
1886.5829775449495,0.17854944181713478
2012.8901234874002,0.1719336895051893
1994.3020896277244,0.1730724352869324
1938.935831909211,0.17555221125180295
1994.2391805008735,0.17323554520108728
2046.8368024036165,0.1703874751090865
2170.2186795014413,0.16537492295015602
2283.677930380545,0.1606008748388124
2302.2455018044034,0.15993905740995418
2246.105817147141,0.16216138971098545
2387.484123637621,0.15709469953000987
2783.8877028892202,0.14427359770344986
2792.6386684779814,0.1440838889921274
2757.3900409455614,0.14499595494675868
2962.0511213792183,0.1394146240632801
2860.6213118919172,0.1421534760065845
2698.092381203994,0.14678340927098651
2469.0269061958575,0.15418623321001068
2261.7285814369307,0.1617377104991692
2154.237067454865,0.16601091596262352
2031.7449023522627,0.17157476980144043
1985.3407148369276,0.17346008885255243
2067.27742648016,0.16968828051235643
2007.7447659522268,0.17243267789659752
2054.4487048241963,0.17044649715447255
2070.266797219534,0.1693568684436357
1919.8314636379444,0.17662195502844316
1877.0782160364977,0.17855963290526208
2136.8193078651425,0.16658017611049694
2090.7728982135654,0.16861093773135297
1970.9863039492782,0.17417622429750365
1967.5910906308834,0.17433288689139403
2034.6988566331777,0.1710710815474777
2033.4526718803115,0.17113243365174022
1980.6791629510187,0.17341919847823872
2015.6420876884708,0.1720974528899304
1898.5600095843836,0.17743624550338324
1938.1070544801955,0.17527289939205967
2077.5110666549035,0.1689033365501143
2400.0223608336423,0.15657974446347594
2602.5496908787927,0.1497075846710836
2739.315487334107,0.14545497853969996
2659.9922057920962,0.14823141202523962
2513.1529293292615,0.15294496302119978
2364.442827050768,0.1577890657734789
2459.7545485222868,0.1543771678978377
2361.59744518379,0.1578182251902124
2403.6509315061694,0.15627387649119523
2405.585996800742,0.1563354103188657
2264.773884859015,0.1616401450565109
2215.21253220115,0.16348210986233952
2148.9610805381576,0.16627931473590826
2038.962269909704,0.1708954277854324
1904.197756141134,0.17733166759146635
1838.6496628158889,0.18056232124575494
1951.9403149115708,0.17481474018926926
2073.420750937347,0.16975565943004256
2032.8117552932617,0.17128142055032733
2017.7514479045274,0.17201373622955524
1980.1193104798383,0.17368600500275097
1987.8396239888657,0.17360503496323337
1925.6908915637448,0.1765139919913362
2029.771985221236,0.17165182583558417
1843.6393553128833,0.1805994512100437
1755.725622287723,0.18544031861388194
1768.2601230195694,0.1842613721991109
1992.4522961284383,0.17308962414201265
1993.8085278659844,0.1729595872009886
1941.2796530899004,0.17539209471459002
1931.8299096939484,0.17622229675813444
1849.8038210935536,0.17995164355683282
1771.8797856815515,0.18442649682867063
1899.9283032558064,0.17757313838509164
1868.9904194027986,0.1794898748693471
1877.6138339594477,0.17872413400068982
1716.0421588440915,0.18763997222352186
1666.0763791916968,0.19044041882705615
1695.1402741615307,0.18877342042790687
1667.0922438455768,0.19003953164413478
1613.0583718043235,0.19392372268014849
1458.854038671408,0.20418799241943605
1339.0223371690126,0.21410837946286534
1349.0409345711803,0.21321433302017423
1480.0753327188204,0.20273225998839617
1529.674936151591,0.1994049013908099
1437.3057035691995,0.20595272500120737
1509.9335126959415,0.20044039272489855
1691.9313062313436,0.1888819728114253
1573.392490862891,0.19642561801764105
1606.9839085198432,0.19411106354263183
1584.109372056182,0.19550361138687022
1781.376630372284,0.18395040394755813
1967.1862469245098,0.1737561919191189
1927.8627427603183,0.1757772044570615
1587.491708331607,0.1957675142232114
1723.4035357786686,0.1872114187263444
1538.4371440794687,0.1986370456786729
1408.9398277522487,0.2082838277185887
1304.2499494812164,0.21699648433904115
1240.0354018635333,0.22299836442351656
1277.5126307319822,0.2190812407756331
1257.6961122078517,0.22116088744595358
1414.4771093615489,0.20795701900301036
1571.0493059720777,0.1962949315373777
1376.8105859718805,0.21047978672552234
1343.4659831144622,0.21386498524892325
1515.995182742558,0.20039435296465272
1838.545514895388,0.1809013062748561
1283.3467838924962,0.21881329268250446
1188.8189201794335,0.22806937733662205
1300.27045604442,0.2173354153881698
1232.3927888534636,0.22333912357207567
1396.026135448701,0.20904615451744732
1393.8167420387113,0.20954755759984717
1379.8850011491763,0.21100784088092886
1492.8569770327033,0.2019217561002612
1579.2998071544785,0.19569423325390325
1410.576864056396,0.2080385302790889
1386.220710534124,0.20981926193835654
1356.3524074439545,0.21250834707274807
1342.4549975117118,0.21369248976327457
1400.3095362608753,0.20900626976574696
1548.035967205679,0.19795508313229832
1501.327194858034,0.2017015077769196
1499.1471774457561,0.20145924887643366
1573.5184692139528,0.19639007080211643
1614.0617882583065,0.193521202738841
1453.4638763947246,0.20495219931591496
1579.531936120044,0.19612993042558635
1626.6550378063134,0.1927029883268567
1560.0041123479741,0.1973651332169642
1555.1916237864684,0.1974415149855066
1583.147161520367,0.19556299498285118
1640.4090865377177,0.1921324950802067
1703.5896597181538,0.1880713357900895
1756.3958851952718,0.1851972279084306
1854.5285334990645,0.1798138515107742
1822.2765672980452,0.18142215914768456
1816.8439644403052,0.18184252910240872
1988.1606005177136,0.17303097233170248
2192.6993053062206,0.16412980335057584
2216.4329621835673,0.16297129699782278
1878.5206960895969,0.1780837939184313
1644.346977897582,0.19148521649918743
1840.0344946359282,0.1802587973147609
1716.527313985924,0.18733764997391184
1645.5153713301722,0.19154643869611193
1793.0709052180946,0.1832407247513332
1919.9117254231544,0.17617228141659333
1994.404351813435,0.1727176118499025
1973.679883837299,0.17404640947846112
1911.3521546525167,0.1767393324052384
1884.2422971342548,0.17845383916005303
1860.7963827999279,0.17945204572887732
1815.9655605888006,0.18189937097981881
1829.5403905564283,0.18112989907568383
1946.13787130663,0.1752777728676594
1976.0377854506314,0.17377006852445093
1941.0735024053884,0.17512792106042863
2043.5762837809516,0.17065584820920954
1923.1936064187278,0.17635676382629667
1941.3207164585817,0.17544029591857227
1954.2975434605469,0.17477510831727455
1958.158182978607,0.17475845560255526
1946.1366796375505,0.17520329792266792
1923.8724217011427,0.1765636854313443
1946.514241878467,0.17520445552392022
1945.3227201050108,0.17541787423686736
1940.552261916107,0.17563046446490366
1923.8025505493765,0.17631359880064182
1833.6741816529304,0.18094203933364728
1840.9029571255091,0.180139817428503
1805.3594687926766,0.18234731014607522
1918.970430861182,0.17624300759252393
1963.7152855773738,0.17424385606984966
1921.7375958173607,0.17609010749549173
1858.6097719068723,0.17953344438889612
1960.8780750120238,0.1742362675302686
2456.9095367533005,0.15418495311697922
2619.0159744681505,0.14899135018403759
2946.1127224816587,0.1395324691714979
3264.159482434391,0.1322350978550341
3226.6569377182173,0.1329805001951803
3141.106219308704,0.13496486392502835
3098.217439006914,0.13591730409551556
2942.6015704894344,0.14002727030557371
3054.972716157941,0.13697957895333518
3008.7557187252182,0.13811362798795584
2909.86283816341,0.14060397394561908
2738.718811007558,0.1455743792468469
2755.32158231397,0.14481118631008447
2840.945195385129,0.14243811495331865
2817.915143279108,0.14345189225229052
2972.4343745835513,0.1391602694189051
3173.3490981922514,0.13417532478098876
3508.1355413131037,0.1272712530741317
3502.02740102074,0.12727945831959836
3342.4659897213064,0.13059083055472542
3112.190083834265,0.1356763083268782
3060.9358657377093,0.1370438997020972
3172.1964111429515,0.13416608053474366
3116.3103581446367,0.13567498955445853
3120.4385268819005,0.1356946881036541
2978.4339936774622,0.13893170142878875
2703.592162862056,0.14660475491807098
2385.6156446763057,0.1566265343612668
2262.5373418691447,0.16120041582744393
2258.3794741938354,0.16122605252242606
2278.3850563458054,0.16069386267616237
2540.6264744356995,0.15132602212225596
2633.0628419913155,0.14837716179778448
2412.9308302795507,0.15581183035122442
2192.106747103898,0.16410360080154582
2264.32310133747,0.16122969216568525
2313.402136468473,0.1593093001878489
2349.6391572428684,0.1578554185189254
2321.9789485673227,0.15910275804873392
2373.9781552401896,0.157178626221079
2325.712932943742,0.15912483039006708
2417.4554042302025,0.1554859374796708
2357.8173749835605,0.15787196150019803
2306.5382452742115,0.1596818513549337
2188.1568049917933,0.164378667379614
2301.4745583704134,0.15978766549622317
2285.4352608679337,0.1603450411731185
2237.3036540268563,0.1623479154025782
2341.728856940422,0.1583143123231053
2434.0085628262905,0.15501213666832137
2396.0510420087535,0.15627742363954858
2389.3122486303055,0.15650133549556772
2590.328825374784,0.14984719282966255
2786.052793515926,0.14405313536032335
2868.1248422159674,0.14158330282457443
2746.0532424494227,0.14516446284178142
2528.2977835287634,0.15170548806613074
2378.1640880908217,0.15735635943348292
2380.60481236427,0.15675627709506368
2319.286749089069,0.15913547403509665
2365.4129274908014,0.15744625236319454
2328.3463545548357,0.15888243772917668
2317.1953401411893,0.15890476168652254
2370.094114956391,0.1570801166443136
2442.1539281336472,0.15458216451777868
2338.4565225925576,0.15821101334516754
2376.1851287478626,0.15703793869472826
2478.238148565589,0.1533382450666227
2393.7839847325604,0.15636484336811265
2485.1074044655447,0.15312108089405368
2642.003227297407,0.14808319337711617
2668.8228416343227,0.14728464225950266
2334.281876682163,0.1583393637433573
2400.3211249285832,0.15615715848016454
2444.426043139019,0.1546518862832958
2525.73449190687,0.15174888178701035
2606.0287018468575,0.14902580615305494
2559.4425320337054,0.1506436441814533
2536.7592677814127,0.1515339132409921
2567.9225921883312,0.15048990358248063
2631.8073874931297,0.14851064400326347
2667.8656527392955,0.1473648954501173
2696.6696920506815,0.14649484277114408
2662.0481238570464,0.14759502890613613
3015.9556108250763,0.13784334950618335
3260.065472072335,0.13186167904134738
3093.341847156575,0.13581389284507747
2603.248729096162,0.14915552750505837
2536.6504646767103,0.15132770429705386
2533.3092597033383,0.1517002775922016
2819.6993340921854,0.14295852242798787
2845.4149722164193,0.14224868001503113
3119.936051398319,0.1352141604390574
3072.0852611263595,0.13644150206388733
2898.0038425522703,0.14101204851474758
2572.402978559578,0.15055059407300148
2539.4676947994353,0.1513624761257834
2566.647524672051,0.15059524496227167
2659.256639409281,0.14765256183493036
2604.419171936255,0.1496138734374923
2498.2077748704164,0.15295157998444384
2428.928221827184,0.1553219136494662
2529.2207739946957,0.15184402568409186
2516.027292953839,0.1523406488025133
2509.0248683671894,0.15272466581378863
2427.3805943194866,0.15508336844200343
2442.4474330241637,0.15460391664992446
2541.357836427727,0.1512907419688395
2543.907693057137,0.15119640786207567
2578.4896836051694,0.15018221107654126
2488.1704764329834,0.1532724774561605
2596.7749877555093,0.14965201798761268
2422.5458337161435,0.1552728458556409
2341.0237425940527,0.158319149426277
2331.5259785275884,0.15868513173495807
2327.8234397236324,0.15894878636471643
2373.661565080725,0.15732549328406906
3449.904352014347,0.12798893019514326
2385.71121219404,0.1565358877387981
2272.689471715332,0.16096653414392934
2418.970595454596,0.15549848998654
2372.8228546252044,0.15693685140289743
2257.192147721363,0.16148736356738178
2226.9920548118334,0.16248222490092504
2172.3069366661757,0.16485630261426337
2218.4663824427776,0.1629175703441986
2213.9332765965496,0.163149562893889
2220.1434401316687,0.16286134860468454
2282.287793568011,0.16049571968449913
2272.5135794568982,0.16076822481591013
2203.9072145432083,0.16373308939608638
2202.4120110519752,0.16369746431558538
2476.6211846379006,0.15332190906033685
2478.8151521933387,0.15330251719179178
2486.2603454592586,0.15316376826703154
2244.47519708673,0.1616066564506862
2042.8555309427538,0.17011048807248413
2015.556541897307,0.17144019610479228
2021.2399988653517,0.17142917541555944
2050.2927165176316,0.16980125545151364
2036.953270050247,0.1704161948184811
1900.5525460882795,0.17724367831559018
1900.9694620498242,0.1773327605252102
2045.1767696068598,0.1701502765915366
2245.844937185611,0.16189821474290697
2263.940487470545,0.16115124099611483
2235.9337180357406,0.16224867879740704
2181.600244540426,0.16432317791884124
2159.209928435226,0.16523124158756763
2245.3268776671207,0.16177734250716225
2160.6032552604715,0.16519949331915798
2284.4760376041513,0.16033391730128768
2215.694921967226,0.16285912165988187
2114.459063240584,0.16712484317158205
2109.8415429367537,0.1672355574508752
2139.6243835870087,0.16607863884526716
1978.9553864292634,0.17340327670129996
1902.5728812079526,0.17694945996409533
1853.765065465563,0.17938483277331876
1868.2403206457834,0.17877574035634813
1793.3385449838604,0.1824540541299548
1712.350936412245,0.18722472111636151
1729.5246160089403,0.18619277552609048
1911.1054161676038,0.1766016006318014
1730.6979424850708,0.18651789830729237
1736.3835090582995,0.1858711741820101
1625.2066631249584,0.19263979967543074
1735.145022952392,0.1858881866982626
1735.332144035188,0.1856144948703293
1759.6746037550038,0.18427267221881288
1644.422338583102,0.19145642339682548
1565.9236318034496,0.19624140272470034
1623.9815191539383,0.19309053272291427
1651.5604740859062,0.19139050055518594
1619.1814636213394,0.19288020082828766
1547.9247635469542,0.19760084097461889
1628.4937552436702,0.19271215628143198
1718.4466082036556,0.1870324085660098
1759.635174206957,0.18463155348527888
1882.9424266047229,0.17787032978841014
1622.9871417651646,0.19293686593152648
1456.0590449010663,0.20421265423791418
1393.6387054990628,0.20901077681871047
1371.0881878341727,0.21050073846949782
1426.0042823396764,0.2066337846562653
1510.5867647025436,0.2005390689762409
1537.1263404849994,0.19858388820078984
1663.7485568083134,0.1901078869613665
1628.3807604691544,0.1926434640591511
1615.4025879995481,0.193169847602819
1907.22500104322,0.17650322793128095
2045.435222127565,0.17026055053000339
1941.8780645308702,0.17488667173628655
1768.5909491816333,0.18413003819724208
1696.5580811021491,0.18792465933870953
1690.8972024468565,0.1887815433835188
1670.6940532809413,0.19006263292785755
1573.7700635570495,0.19604345647940954
1506.960455175195,0.20035384549181937
1513.102128400449,0.2000864212184133
1544.105811540415,0.19816143549713822
1798.3051770015375,0.18265142829134468
1797.6797628360628,0.1825081269605902
1659.6564749672718,0.1905183539822392
1618.3662508385466,0.19308983200463686
1640.4045951153862,0.19174091506133953
1569.6061392778838,0.1963286348758673
1620.6050586446654,0.1930484653205538
2081.3208654515925,0.1685099606639773
2017.3803640838746,0.1716323539882122
1737.2959168544896,0.18590842362165688
1622.0809898144892,0.1928886362913216
1419.520287787922,0.20710635387695747
1569.339555336574,0.19643263874782785
1728.223583228939,0.1863737580438272
1856.4326764117186,0.17930613859001368
1617.661648051844,0.19290985670024335
1454.7275021485802,0.20404984338731955
1411.286334381713,0.207691983322679
1476.9683426703652,0.20293557488948813
1262.4965954271227,0.22035410982598128
1266.797853110381,0.22000665033390673
1328.8084718120253,0.21438677259492084
1275.2903903639587,0.21915242923083061
1431.2165219116237,0.20622007414599086
1397.3103588335957,0.2091124092566883
1356.0705432679424,0.2124689493516492
1200.8646739700807,0.2263401661802725
1301.3021716787896,0.21695239033770866
1315.5565588835946,0.21565553780877078
1319.4567102310475,0.21497379325209454
1349.803615431273,0.21278270926425893
1511.4715900463027,0.19988054735721011
1564.3596512712827,0.19652677437800053
1381.3973789198171,0.20963988675656933
1513.7703512900118,0.20024091284960538
1338.016119943416,0.21382332821887484
1576.1890595300533,0.1959545075164302
1611.2067878787852,0.1939016298404817
1522.6068730995262,0.19958200581221824
1449.3259458733917,0.20482522600657435
1313.751891524781,0.21595939388806773
1254.6739980022758,0.22095489161761125
1200.6640974044874,0.22589074819300034
1268.1595296931991,0.22004064383837
1230.172496914922,0.22357151251796006
1311.1836143563587,0.215973879336792
1458.6938458967172,0.20409089382934303
1810.5409586898031,0.18190916230533216
1763.0394168784344,0.18455614477345056
1670.4970797895076,0.19037131721235687
1561.8737219457437,0.1972260286157587
1478.60592123843,0.20311388632857802
1408.8871910045023,0.2079547837481383
1401.3896225790936,0.20849489108805788
1436.4994504371082,0.20574828935905753
1275.6480637874963,0.21927233716204772
1228.8208264210668,0.22383897961954619
1461.55651850544,0.2043460007866309
1377.367566488154,0.21045415573586493
1263.334081960506,0.2205341350156846
1392.8039118312536,0.20908831348556228
1563.2619214713734,0.19681957204399597
1475.628955119023,0.20272466104802211
1291.7760598760353,0.2182362172256362
1272.1768335612871,0.2194436961160209
1295.231567962371,0.21734241196871285
1541.62955262509,0.19855171976570002
1729.4051871547967,0.18637430376379716
1985.1233363992144,0.17298360606311702
1911.336411488266,0.17649275982945686
1780.956851371881,0.18337485951091292
1574.168146666481,0.19603432145374106
1489.3195155301505,0.20169029636971367
1296.739262520497,0.2171570371530816
1404.8919170808579,0.20845112317007392
1501.9574220080215,0.2006365529480969
1494.5201548894022,0.20165022698970214
1522.4381951433793,0.19945358444995692
1532.1642755591781,0.1989956078983034
1524.5787370997255,0.19943933323736598
1516.184687443143,0.2000043958109853
1447.8682976093162,0.20509085083759182
1447.3368206140071,0.20478239531793177
1442.988793454995,0.2052968722271011
1637.5970666790745,0.19169142409298262
1548.9907654390254,0.19751722188653792
1471.8669122830065,0.20315350076516264
1451.6234000909863,0.20487673021697017
1598.9735864789643,0.19427853272223536
1627.3060288113056,0.19229639952142635
1519.9800186647426,0.19931058334085672
1540.79510146923,0.1983708292868071
1534.7594464496622,0.19852918658237584
1471.929981589622,0.20377286516904755
1506.7603133489094,0.20095849182689135
1565.860542579959,0.19640085012125227
1683.7112265006108,0.18875194561500233
1810.8765742430141,0.1818750065504749
1730.6367496299051,0.18638308752674668
1551.7017137540859,0.19727216181034415
1576.271481367341,0.19582981122250334
1595.4564467142663,0.1945794369629711
1548.631814823194,0.19792058233325271
1468.4394800568639,0.20361049369521417
1516.1260058132757,0.2001574732355073
1506.2647466833087,0.20052967364280436
1581.9832305284276,0.19547763404912735
1849.0860972150108,0.17986698615442734
1957.5890572225865,0.1744309995976517
1924.888104086861,0.17602480350026592
1865.7917388777107,0.17899025537286306
1777.189462813233,0.1838769149201904
1648.0409101258804,0.1912671419884413
1535.0316113142178,0.19862350657378014
1539.4782379127823,0.19804689658895142
1447.4833414664429,0.2050580573383192
1562.86921789244,0.196678101337499
1577.1509488138745,0.19636447313131902
1546.3015006502785,0.19783068975626378
1527.27837473624,0.19931883348489202
1431.3344105386448,0.20632860991892688
1463.1679879683277,0.2035682450414325
1504.3107347336713,0.20072935525345953
1483.927508019306,0.20221991667397016
1703.070643113182,0.18796800263885838
1565.8561320216888,0.1962285242855216
1366.8848749820802,0.21131354367091484
1417.3223056251322,0.2074021779536495
1373.3893747426046,0.2109282154907147
1401.3503998510398,0.20850806763243326
1468.8424021225296,0.2034714931020075
1565.8413626979768,0.19666925307135347
1488.1671127462498,0.20178408702735412
1490.7106437837929,0.20179725342111204
1656.5343287904116,0.19078307697828945
1744.9955879239867,0.18539799141238558
1925.582859707589,0.17574396457711877
1791.206745921463,0.18306869208052728
1549.6777850982412,0.19768349523386616
1993.200180848922,0.17267329777857016
2049.426228037376,0.1701198569853748
1856.9547079257964,0.1795317942435418
1725.754114065746,0.18656506467287773
1749.827608807386,0.1851076035992443
1667.4444956367133,0.1899597331807311
1496.42400675922,0.201254639549573
1369.1465200037069,0.21103735755734304
1215.9734081808585,0.22490672614204996
1325.9567067873586,0.21480960006308145
1399.4122917054492,0.2092394971208199
1423.8036487400836,0.20666931449144732
1487.8090528680002,0.20191369517665564
1558.5482712965918,0.1968361399712412
1592.2524806360768,0.19522693570064045
1471.9065838819893,0.20334335995941655
1452.0807610222414,0.20469019821152776
1314.2557771901188,0.2157817219910093
1290.9073889094182,0.2175386797226812
1319.325723335832,0.21535189930512136
1364.4466360844222,0.21156535237819257
1425.9810882569172,0.20646596272955395
1288.0788600883902,0.21793638023142933
1175.3612753355067,0.22867027938876738
1197.0824061353494,0.22645291424528052
1303.0910173728428,0.21627201253087486
1321.6920358980321,0.21511088596146866
1388.093057847583,0.20952115861754267
1337.447624843792,0.21364252938936668
1411.8804457269182,0.2074881496664498
1287.0499323170986,0.21820744112023782
1327.930061419516,0.21445903121388935
1326.677709481073,0.21523858335290139
1425.5350993980155,0.2064537872485672
1664.3295963704943,0.19023641837277086
1685.7469854385047,0.18883674574542833
1619.4684627918732,0.19293888586082966
1620.0271473596183,0.19300550275846057
1363.144532065921,0.21188724252990687
1275.4471898830404,0.21905100302993186
1299.1590717846764,0.21728826977792856
1377.0701276168202,0.21046730995290197
1455.41513022191,0.20490294855339908
1406.786704197067,0.2079887465630192
1506.532384392855,0.20089660404787824
1413.526644807083,0.20757682114035514
1386.1878797047455,0.20979732197709003
1561.797208021494,0.19654301053607678
1711.54338802684,0.18736340741703106
1584.738712192871,0.19535057656096616
1334.873349459803,0.21385523112439667
1405.5676711779927,0.20790446809935206
1346.1497853560347,0.21272659317416795
1347.0984771531744,0.2127908427043871
1267.6536765038934,0.21988083700851657
1284.3815011695433,0.21874283123110566
1292.2906282869114,0.21751591992353803
1266.4713731420331,0.21993666117996633
1286.961917616984,0.2179847178349346
1266.3166137400249,0.22019538006729952
1305.6736259192662,0.21678775088329788
1228.905552281849,0.2235836859774943
1390.6145580409668,0.20934120958292834
1461.19411778371,0.20431037251366777
1369.6505496796826,0.21141572048467888
1309.973541922803,0.21602388603012346
1523.9763385036104,0.19940595509936626
1652.8466035614886,0.19089203537358398
1743.6003288078439,0.18543448160237794
1595.7597580700658,0.19470371052877194
1485.2674634376126,0.20198235967093273
1475.8583628110596,0.2028622426695272
1447.9228925878206,0.2049635724906159
1405.459241443322,0.20813169334891254
1418.552888097408,0.20738503140753975
1366.0030072357135,0.21146928104058368
1379.6052416877221,0.2106734519379451
1300.3920003685282,0.21698610454762257
1301.806369183708,0.2172871092377106
1374.5088047270008,0.21083641450144985
1456.8714380959527,0.2045690538573379
1571.1904918644327,0.19640304597673677
1523.420669040975,0.1994735157156041
1412.9161839429948,0.2073744194546571
1447.9449445277662,0.20525469370737787
1485.6611807407587,0.2018746655582629
1489.3312276886736,0.20216967956823925
1416.137952689298,0.2072651334030565
1328.413729351303,0.21464296139529748
1559.531709989311,0.19703342731395285
1811.3831763628432,0.18195326325255287
1627.116736217108,0.1929814486806059
1335.6813817270663,0.21391462221569793
1220.978641810305,0.22450160930370067
1266.835412201342,0.220016538704621
1418.5677080970167,0.2070829643475882
1544.904631143799,0.1980305196841798
1210.5629134667315,0.22523538313201782
1535.397221366688,0.19891496997023014
1637.110695924212,0.19211604941543844
1763.8042885882912,0.18436448647167283
1775.8598184433188,0.18363169599118884
1824.1640622364969,0.180976773694938
1797.9492714363707,0.18239278305007042
1763.1613231022927,0.18444060496507264
1745.8591731771696,0.1854518222339703
1815.039349403655,0.18179034367935612
1922.0247121661503,0.17599360968911784
1847.2882830328494,0.1800215938898051
1961.6431148501165,0.17438456458504614
1841.6841913224273,0.18057930645830142
1723.7270640503077,0.18671914376142648
1600.596399587935,0.19447274946075296
1512.0195952857453,0.20034474634104935
1532.4429036120202,0.19881191357786854
1561.5261739005987,0.1970173572062749
1612.5427463709145,0.1934273823691448
1517.4193827590614,0.1999142847467772
1595.4086818520966,0.19471926870559503
1851.9048870498577,0.17941706312888248
1990.4571346214611,0.17275917566252377
1977.0740767585603,0.17356680838689967
1809.2951631168567,0.18185819031210027
1734.5477609355219,0.18604205435944454
1748.543237420015,0.1855065741565652
1802.6904796047966,0.18239177855154326
1937.762525396402,0.17538701236781393
1960.5089436346811,0.1742700366343034
2038.1864673344626,0.17071128316564968
2101.521402593962,0.1679497552454608
2057.820311396277,0.1699121941229184
1844.8519359897998,0.1801269473796642
1669.8487606420786,0.1903025793482518
1797.1230419717012,0.18248620449135283
2171.8159664225896,0.16507064003637661
2366.394284198123,0.1576362075946653
2314.3569418162538,0.15967451128221163
2057.699558696969,0.17039352047541315
2123.2062579840217,0.16734041476776704
2073.0793526848925,0.1691564751195278
2013.3683517416437,0.1718511285343257
1653.590504514627,0.19102214302012516
1533.9774595083152,0.19901070843720747
1736.2504902947267,0.1860475994020404
2043.3833065002307,0.17075211641580446
2030.6475131251173,0.17147547232271806
1821.9170314328364,0.18166036679713757
1798.4634295808708,0.1828875865171471
1825.424320645428,0.18135196256363761
1874.5173399772377,0.17858004006655284
1966.1115931065913,0.1740917497253609
2150.756420109157,0.16584313603566486
2116.5459323190744,0.16711231358570447
1806.5495158538183,0.1822111349245165
1570.656342062104,0.19634876028182754
1667.1889722596275,0.19005333970162996
1647.2551289206517,0.19111639932165989
1588.4577948510735,0.1951206768489579
1824.4028358065607,0.18096225598757326
2155.023213932876,0.165625436990264
2267.2534312711587,0.16123938358576445
2460.279566415823,0.1543823084400396
2467.4046005675154,0.15397329655164227
2278.0308464310465,0.16072338390316165
2086.353654949077,0.1686425006607155
2023.972336028248,0.17140109219494137
1923.0366488546213,0.17607180405448264
1903.5191957412212,0.17700583943865741
1869.705774726373,0.17897831955817994
1962.6171013815456,0.17433108711737264
2115.49881260337,0.16755319548944805
2130.91206304918,0.1668665296450058
2081.217300141475,0.16912818059106122
2145.6700945958346,0.16634374222923598
2215.23568747409,0.1630270046530762
2232.876908970989,0.16278027702136375
2270.3231474411914,0.16113821614207333
2308.719969803932,0.15966651441598326
2134.55399978238,0.16645749720151468
2067.602409307063,0.16940965932572877
2194.0392271461756,0.16425860604863768
2102.1821185055496,0.16800714784533644
2124.957528973418,0.16699854025321773
2135.262920193574,0.16640340228471165
2132.432025271346,0.16675098039982594
2351.6085181474255,0.157781001823798
2518.6474030123113,0.15213528662950096
2615.437264768496,0.14915294964079667
2649.6378066181487,0.14827622981743013
2423.2861155168785,0.15563705077776202
2284.2735084216074,0.16083795716037186
2534.8134513839523,0.15181680205032072
2786.6580378011304,0.14398547014093394
2759.332513861147,0.14476685636150852
2463.0086693319477,0.15382277429453586
2012.4775886480033,0.17183896440388818
1961.9615473501835,0.17425900319238
1893.6836584833488,0.17758794111727577
1880.1170007796873,0.1784747684450401
1924.2670581351704,0.1759247075828906
1954.3549663113477,0.1747069389679422
2038.7376740126228,0.17061399504538993
2146.2652563195793,0.1660892872628078
2183.168255526538,0.16455210520057192
2129.3950210630815,0.16676073642571335
2091.263268144557,0.16844021197951967
2080.411127613083,0.1687658902815255
1974.1020620921204,0.17369629963564293
1847.3458787287248,0.18018825183067333
1876.963700965413,0.17854717404241133
1832.8713322281308,0.18052595716119013
1821.279737543148,0.1816260579149661
2035.9554928295183,0.17070763470713765
2356.1169443991403,0.15778927679239985
2477.707272825636,0.15364321394379585
2512.202714124751,0.1525149603538883
2231.6745671771323,0.1627688856759376
2064.196475938601,0.16993513662469031
2055.1595339727155,0.16993204987178076
2067.0786369365933,0.1695755733936129
1890.6294189480243,0.1778026720831681
1886.4701525274781,0.17810963607717237
1812.7141849647164,0.18210797956763286
1715.690087586471,0.18746994154074245
1666.8348192179174,0.19039482062335658
1733.1421752576257,0.1861243529493869
1832.93801543921,0.1805954306176367
1751.0654957287331,0.18538853068905858
1726.6829268020226,0.18656603932976695
1835.373270518976,0.18061071535468673
1729.6975846481287,0.18680747163419603
1668.4602116124322,0.19017680595931227
1694.8549209455675,0.18847629685354783
1896.0742436378405,0.1772671903401481
1769.4159157647655,0.18428588757755474
1729.7165095932662,0.18656587541920563
1801.2243538243183,0.18255030328073404
1760.8277853487002,0.18506240980121375
1821.5711034704998,0.18111605156433555
1795.6361455514136,0.1829289942855694
1731.0259088747214,0.18639980386511493
1709.8601014576716,0.18774291182888106
1661.3501860357055,0.19083077461297795
1793.5528075478276,0.18286851119703357
1756.180152635706,0.18503777303227592
1587.347337610618,0.19548468754066275
1478.6229571309104,0.20307481670670235
1580.442615634476,0.19594111405067846
1496.4698211885236,0.20173070197132587
1373.2068923180884,0.21123323606384575
1340.3429958562735,0.2140011936607894
1535.9121242240624,0.19865953208476345
1538.2803908551564,0.1987412495843553
1275.216918916739,0.21958722352878207
1258.7323447287326,0.22142180436480838
1357.0384871183505,0.21258867200965756
1379.6050777531984,0.21010485213387972
1283.2884075061152,0.21875942317702904
1265.1447486226368,0.22060187955548002
1297.562636406841,0.21755928772378622
1284.7069799043113,0.21870624858072538
1275.9539428596322,0.21937009839359733
1250.5624651339388,0.2217073124845957
1227.3169289061316,0.22398680744927388
1206.137792447983,0.22607381065987112
1116.174045754863,0.2352937763487714
1172.685759787169,0.22956502325493375
1242.2463099418394,0.22216184009070136
1257.1593880046078,0.22122744853210533
1453.1781063552523,0.2044295236789827
1461.0862984058422,0.20421473063785606
1448.1876460034553,0.20536330161756886
1349.9589276971233,0.21274156474352687
1312.3281978622963,0.21587119407395802
1402.8786245197923,0.20888956677424883
1256.8633375349673,0.22108404541214746
1228.4572539211372,0.22397712802220468
1273.368147802024,0.21999485662829205
1433.5050599696256,0.20639929350184508
1256.477124097868,0.2211640646762489
1107.2440004897642,0.23690526860399777
1416.0839921984452,0.20817498747547494
1425.5824053109498,0.2070547453165995
1428.5152188792003,0.20682923835444939
1306.571078655481,0.21693821225409013
1383.4822853299315,0.21035048349032326
1384.6957305621859,0.2103950538761241
1391.2077558194183,0.20984099967135722
1359.2334216398863,0.21248613758603085
1239.817563838879,0.22316132701596147
1242.5918653397857,0.22297443334551298
1179.6141304107039,0.22911198043835596
1307.612370549463,0.2168674614435812
1403.6239061101453,0.2087559751815462
1314.7648333063214,0.21607197772456344
1356.0295440736652,0.21246016678691065
1297.0247370132176,0.21748963821262343
1163.761366688145,0.23053239244852058
1205.9321772802543,0.22631589205300032
1317.1574142104507,0.21573162385362601
1361.981661131931,0.21152647178226433
1264.020628926459,0.22049634176697572
1284.1001850657265,0.21853923080310808
1489.840836083373,0.20179152226683658
1436.9430903574441,0.20591392265536201
1198.3101520737125,0.22671635772258783
1246.219563083812,0.22222040952914293
1135.9379251031185,0.2338189813224354
1038.0658419811834,0.24422711122456667
1206.5775548206752,0.22586973875318786
1127.9412948801123,0.23396311053862878
1047.9885195922643,0.24295322726663526
1097.93500154079,0.23797290473132562
1335.6178888243828,0.2146989253221108
1154.7680111936888,0.2314031932567553
1038.9634462747142,0.24473175647790577
1097.6339780219894,0.23715188265220002
1153.2591366953125,0.23150456190899854
1220.674129130955,0.2247455766587181
1607.8522045291581,0.1938797372473089
1444.942630172477,0.20599658120931522
993.4121694375633,0.249911086037325
1061.7804483664204,0.24163979070450572
1583.2848142210487,0.1959102133650907
1841.4355693549426,0.1806112539351355
1690.517003972395,0.1891364061445493
1386.816451761194,0.2098771894059551
1241.500180300598,0.22243677373783324
1653.2328202018234,0.19116241834055228
1600.2965603313078,0.1946602688581602
1587.1442414675184,0.19555238211047096
1659.7805716797957,0.19086639992651225
1830.9251645159893,0.18140782220016646
1942.754037426766,0.17548942624010902
2063.3640530862763,0.1702368815883156
1900.1659142143692,0.17787885906292397
1717.1051361430343,0.18739487567107377
1560.5695729278984,0.19750117288939747
1937.255333025014,0.17585179201202727
2423.038055310919,0.1557122714516938
2203.438175209648,0.1639350579844255
1791.6344080547444,0.18296020474387567
1180.9848214051592,0.2289921110320377
1311.5563262410753,0.21641138256217196
1580.1614088158933,0.19577559893474872
1607.6989489215398,0.19420698231953346
1549.1198020030902,0.19791571704182934
1263.397882419516,0.22095618981998608
1556.09717301503,0.1979394983066242
1584.8396954938573,0.19570475572548543
1298.3544246572362,0.21742798838761734
1215.4737030104006,0.22564282003108466
1224.888028090368,0.22419780966564382
1305.7423445411935,0.2169333380302721
1182.782747324619,0.22849575792163992
1387.3215887584197,0.21003628722231882
1695.3576430670712,0.18854575284921987
1784.5916747261613,0.18361314978408413
1638.6205511514318,0.19201537081085573
1455.6437121413892,0.20499811711852756
1852.3419785546578,0.18015320566729673
1992.351446227762,0.17268493857183842
1726.44881500529,0.18690571308714987
1301.8732114480295,0.21703148424741905
1305.5043479276396,0.21669678556460079
1260.6931497833414,0.22108357883660565
1454.7799585845605,0.20458292274461362
1564.8314966559958,0.1963174578482133
1450.4088469008238,0.20486755842405746
1406.336683419365,0.20838992351061728
1327.3723629960286,0.21506328428698676
1337.0442152674586,0.21399965116622982
1405.1748171983759,0.2088231491857542
3058.1561603120876,0.13742583028109098
6164.50512047787,0.09471673397779509
6250.220243814936,0.09387230224890214
5491.151857488831,0.09985701067691886
5020.0630631447375,0.10457242542943207
5228.699737856394,0.1025038862540404
5708.718295790118,0.09806408217849062
7228.019071798132,0.08697768128134846
7955.431180117759,0.08318524353161812
8335.644714196766,0.08151029997185996
8940.006417270448,0.07991777442563618
86653.17236165512,0.07543026034196197
100351.67930008826,0.07452991923116643
64733.3582751491,0.07641339251590216
53515.86745220751,0.07582208544529145
82265.402202777,0.07346826191040447
82171.91891736197,0.07172309874380185
103886.30540460438,0.07226466974295528
92865.6310136256,0.07224214898036611
86441.97457586857,0.07449528566317466
93382.67676959772,0.07672679042072648
163963.82977765414,0.07585279061932407
87607.27923084481,0.07304906443375146
107612.44993234369,0.0713742850049833
93552.43545609273,0.07121789592239018
119334.37881003914,0.07145403567246936
80258.12542001325,0.07287367627326631
65667.17795959717,0.07319888756346372
116775.28170663946,0.07153440851518619
93389.13774865845,0.07030257801789896
125211.5434271262,0.07082831075271255
167674.83061400772,0.07115717068613238
160275.56552626932,0.07074153277190479
132196.4609310649,0.06934331943070844
131939.17686088523,0.06955416486812387
165054.85272764252,0.07033876491873511
116370.98245536814,0.07083539195764643
101618.15330939063,0.07204517318902333
84359.51197872152,0.07315459072934978
54202.19052446451,0.07438150643548415
33080.841779565606,0.07685984542320269
38594.329836391706,0.0782182542420408
44111.136356117546,0.07856157445059357
53177.63763758022,0.0771930893884727
40821.44131719696,0.07716032118861331
30344.92352414125,0.07862012965174384
65730.32268066617,0.07843068673966071
17305.90148978755,0.07834663301636803
8979.189428541898,0.07978538875185238
7240.904398449648,0.08737601265899034
6101.063926083776,0.09465586082196678
5711.043759207688,0.09758733238492415
5670.815753934648,0.09787272374381738
5639.868216603165,0.09806817778005995
5707.383387929532,0.09762159209437189
5835.514686816777,0.09652157833641775
5962.881783445151,0.09548261698634333
6004.152057029546,0.09521133145684299
6092.502653446144,0.094560130149551
6168.880726658733,0.09398937920132786
6214.22138636359,0.0936075506319222
6262.768207142205,0.09332959755196764
6282.537357905532,0.0931266164723418
6351.739950126876,0.09260838594265607
6439.656874418968,0.09203439069536702
6594.471865716839,0.09100298211259183
6690.994339440195,0.09041779883990438
6697.487582078759,0.09038109813186145
6616.870271521511,0.0907890471829348
6698.713347311093,0.09026600065370503
6833.528295195723,0.08937903687361852
6918.958108898493,0.08893582866159737
7066.737520923961,0.08797622916373482
7127.783874839529,0.08763453136746101
7140.7324885335065,0.08752885783824561
7101.890825950875,0.08776020869553157
7097.094451366758,0.08774361442404348
7127.848852500903,0.08753833858239818
7135.469449481103,0.08750942369005837
7140.577182422432,0.08745202817032648
7104.612161112724,0.08769029020123549
7076.235823473896,0.0878480813501914
7092.071905429017,0.08778447822176116
7141.453162601941,0.08754732071147336
7155.063158448095,0.08756065270666538
7223.235666499876,0.08718206865464129
7208.795663019648,0.08737784013047413
7148.2477944740485,0.08780813857186415
7111.835951155335,0.08812876218819767
7011.535113613869,0.08879633681226577
6896.714715660106,0.08954832142369738
6745.893627177417,0.0905229143042893
6635.023237432664,0.0912590445445996
6534.283304094783,0.09189330360775028
6450.451028266296,0.09246758168720975
6370.01155093731,0.09305144910903725
6344.419815065377,0.09330728962943863
6306.061989638357,0.09355686014273017
6278.942749489241,0.0937675241382253
6261.896446870233,0.09392732196629493
6234.951790856354,0.09409738417937866
6222.565179803602,0.09417354213672177
6229.097463447527,0.09416911020265509
6208.276504241482,0.09426478944427974
6184.62401904375,0.09442707608626401
6167.381507955119,0.09449912404069365
6211.2191310205435,0.09414200981354584
6211.001352256439,0.09411356379158907
6231.256506439359,0.09394768621714149
6239.527137657628,0.09390310525284089
6248.556295409341,0.09378900223449486
6239.243737418294,0.0937545925280556
6288.791766202858,0.0934382099114838
6298.889559953164,0.09330464967258974
6306.287942667835,0.09325015703569864
6348.7917315172745,0.09293602852578216
6408.128337289859,0.09245045098226844
6492.554329122309,0.09197954562800238
6554.893157863079,0.09149227145489916
6596.923085328805,0.09121231790970998
6641.286939185193,0.09094340517217095
6663.077431466128,0.09073726154345736
6692.0924747003755,0.09055672658758612
6692.690940725377,0.09052814727201007
6653.736704018116,0.09074147816737456
6713.795534462099,0.09033302155659646
6782.889956150807,0.08988338798052928
6902.30365070196,0.08915611586310807
7047.803724245567,0.08830752768019148
7101.387071937829,0.0879573225739618
7084.743073417211,0.08806189596144574
7014.75076017772,0.08844723209813317
6966.6761567022495,0.08859971547094217
6976.62156922272,0.08859098107668063
7000.699224955075,0.08840634732369858
7036.787542204368,0.08818236909308223
7072.984113481251,0.08802516176622444
7073.344699423915,0.08800380747198369
7108.127472600642,0.08773308853040264
7145.316119050445,0.0875473681544961
7185.312951967039,0.08728980849719695
7210.703748544187,0.08713821007089687
7216.42388862725,0.0871156243098619
7259.101059785287,0.08688672546694237
7316.8332978276185,0.08655465335145261
7327.540116107396,0.08641181664691093
7411.747253311877,0.08594244669839243
7462.91493593532,0.08566448756690272
7531.1636900039475,0.08533048867994292
7528.837062735416,0.08535014558958565
7521.375809550701,0.08529093418019373
7506.944038122563,0.08535600112076332
7508.095472784005,0.08534168389476691
7548.581926434166,0.08517716639766487
7674.055754061,0.08448884440150324
7674.922475121033,0.08446538630801254
7628.436032806623,0.08471282429491545
7587.290849552332,0.08489667050592803
7590.925613013578,0.08482458557324912
7637.698766098144,0.0845810465651231
7667.878684584751,0.08442258066486359
7712.513769957255,0.0841989901371144
7754.836704015346,0.08398598861997329
7748.1492211263185,0.0839284546856076
7707.431571170147,0.08417737619065702
7660.360057997897,0.084380075542379
7647.078488425979,0.08445565523052533
7697.064581661241,0.08415886912512235
7791.461659826027,0.0837030989682872
7849.671833250091,0.08338532200615764
7892.398947446165,0.08318395934398867
7893.18069357789,0.08311017887322011
7830.807145161703,0.08347048654296589
7835.108279749172,0.08339533042605683
7808.004647625696,0.08356580753161874
7863.846784419766,0.08326973196979194
7992.574862211129,0.08260362101192341
8121.65260669676,0.08201349504089366
8210.33613027687,0.08154813538766303
8256.824038035673,0.0813622574240907
8280.486326586019,0.08124003304363696
8300.29620691832,0.08116437576360426
8320.946758367625,0.08107629531375687
8357.777776683915,0.08087629341583971
8363.925692492787,0.08084727316507156
8392.637063729884,0.08067946898316315
8319.594122610595,0.08099436634974178
8333.441865765197,0.08093823765205203
8372.002094066635,0.08076107552634375
8395.482166306003,0.0806686673544725
8394.43895656467,0.08063940525144442
8428.680777845726,0.08046221297012712
8453.749662895567,0.08034152803171932
8462.46357477678,0.08034165754138156
8453.984317693372,0.08032006674693772
8488.782369303282,0.08017069616205602
8502.603381619894,0.08007852336387614
8486.942878376141,0.08016881992711021
8487.968235274488,0.08016537867249901
8451.623604895998,0.08027865177541896
8471.64864080511,0.08021561040650835
8561.0362801092,0.07981930926831547
8587.120361997195,0.07970420765503736
8560.12554066969,0.07981112470218332
8522.92795236732,0.07990231803585923
8491.498928037388,0.08007141754743019
8478.889734377939,0.08012776174404002
8583.947298809308,0.07964980955844914
8723.96569957912,0.07906485030226772
8759.22989582303,0.07885379027102306
8797.135328254768,0.07868597852107362
8817.103096445924,0.07862205662505008
8817.035119080032,0.07861009468781163
8836.012073587171,0.07852267512088017
8864.601640529509,0.0784131030818136
8871.111378661308,0.07840097211970816
8886.485932198051,0.07831929186458687
8862.859884528772,0.07840173875992676
8857.994104277768,0.07845119689756204
8890.413390823533,0.07829422402109555
8959.196327302569,0.07799632894166401
8946.197969153738,0.07805559376067048
8994.52695241005,0.07786036803459079
9007.54081810767,0.07776760077216421
8991.664645347115,0.07786938353966467
9004.016562252285,0.07778982871461636
8984.15725339775,0.07786009524501708
8901.815534005322,0.07817103654151569
9027.285689735347,0.07767683032195419
8977.839358497607,0.07781131581288285
8941.923595083814,0.07798680205680074
8931.856510091591,0.07799464437005629
8948.261602056566,0.07793864442626634
8966.592672994515,0.07785238895928064
8989.957847107178,0.07775564745452114
8989.676711051347,0.07773280152234162
8993.615900501676,0.0777679609045808
9009.325407548738,0.07764987707011961
9021.374034948529,0.07758349764687562
9064.443677493338,0.07740493278000128
9212.632911537952,0.0767940812009041
9292.293807367076,0.07650991777326291
9343.130406449101,0.0763370193673729
9373.044355965894,0.0762158688722433
9358.504962024019,0.07626287931815702
9357.456110557483,0.07626342387374312
9341.28695937837,0.07631810149121371
9299.886899454748,0.07648353932742225
9266.749136542458,0.0765910982218643
9220.76222592243,0.07675389618509613
9265.283868828657,0.07660387590233363
9274.433296426118,0.07656362434733671
9328.208551789729,0.07625772706652961
9382.406329804446,0.07613459319792362
9377.235623778382,0.07609874996394203
9372.397669981188,0.07613151753626748
9308.233420394608,0.0763528902103008
9270.7102779808,0.07649823189072379
9223.405140803081,0.07667595707302112
9240.048696691634,0.07659929817617578
9232.952122970642,0.07666362119544538
9208.689461601054,0.0767771790420798
9174.273364629678,0.07682955424870166
9173.687881079832,0.0768826230434596
9202.437147895804,0.07676116101342345
9253.634111710755,0.07656026697702042
9254.17082866153,0.07655772759126714
9213.155222665515,0.07673387179465607
9247.87673902936,0.07656202736106224
9322.149390461984,0.07624779871228474
9452.920243610562,0.07572866724906624
9576.355077498216,0.07527354932480339
9605.986310145907,0.07515229689535528
9638.871795840994,0.07506305974285907
9684.778043928496,0.07489942146146171
9662.377267282962,0.07500509811071197
9624.917794891746,0.07507035218967223
9602.140587040929,0.0751705330486987
9586.296929243936,0.07527182015900774
9495.093220050316,0.075521703671374
9535.122953860022,0.0754159273917445
9617.793898242586,0.07514318650842376
9646.387467421058,0.07499598650264581
9655.98154537532,0.074918983171557
9655.275575244312,0.07499047277829508
9609.94159593522,0.07513026033238869
9643.792161542351,0.07498937765542857
9661.01874231163,0.07491146615729939
9609.33474649723,0.07514237692304328
9573.203585787764,0.0752491416237465
9559.169461937501,0.07532372870965956
9541.531868561748,0.07535903658615027
9551.378783351523,0.07536462310152289
9581.36972918445,0.07525732867448294
9600.548532152065,0.07516295414831033
9601.318535218968,0.07515021541939707
9623.883622327281,0.0750613485546075
9611.81148308323,0.07514472241620922
9554.039355738185,0.0753406140585993
9602.376630795792,0.07510570072448111
9737.826747124662,0.07461091404605676
9916.636153682024,0.07399827630267755
10032.592166167022,0.0736045192750768
10029.379635500372,0.0735933654012004
9984.883375393341,0.07375814046793516
9966.92840351312,0.07377951129776206
9914.611843926159,0.0739765808363761
9939.24723790542,0.07391053999108552
9943.385753980809,0.07389113165852622
9911.510493501919,0.07394891359484765
9847.248522398577,0.07421001765867788
9825.422891975128,0.07426408581908896
9815.41902952697,0.07429730934743715
9875.199522151517,0.07408935111831126
9889.40878322994,0.07400027635715396
9878.141998542913,0.0740673838280076
9906.22475862443,0.07398826523581495
9907.536030645768,0.07401610342193941
9886.792052196204,0.07405835291510526
9842.641812443138,0.07423583835827488
9802.410512261065,0.07429601678876376
9761.939026862,0.0744578206844715
9763.479587868675,0.07442729417795592
9800.139995387139,0.0743615152484381
9789.28062465953,0.074385042758878
9772.538285484623,0.07443212072468114
9769.830322275653,0.07444091843428279
9802.641205449272,0.074319126700501
9810.906543941393,0.07433321297891543
9815.7118196784,0.07427084629549072
9907.794967941652,0.07394827867880951
10073.184431229343,0.07333910306658979
10201.224018533001,0.07290895444755258
10303.538968044759,0.07264480854389098
10337.912435672071,0.07246736692550632
10312.82593989186,0.07257569123043389
10295.86999308869,0.07262602077010784
10295.89480588219,0.07262491400994137
10295.14259342137,0.07266109098393182
10254.081555355404,0.07277648932763929
10243.022224132297,0.07282975637429152
10181.510401370291,0.07300433518997523
10196.547509098265,0.0730062382377392
10188.725510902892,0.0729671834650097
10219.590147859648,0.07285959036781993
10251.971993523443,0.07273673552670419
10260.176484646776,0.0727310477716542
10212.825293040965,0.07284302204736279
10182.264573466011,0.07298445939265889
10152.12161215644,0.07308906999026987
10083.66683114552,0.07334053117997708
10078.683503606171,0.07334149017271138
10089.394325657768,0.07328578590190331
10142.459079454708,0.07312575273935243
10115.449041858295,0.07321698133824399
10097.50456886167,0.07327635126146459
10114.76833164132,0.07319900787309909
10083.402947208662,0.07331116998122907
10045.745021284203,0.07342424428583065
10027.914127730779,0.07346942433544157
10055.86925156705,0.0733480540165728
10085.316797440204,0.07324579528898535
10183.277004019514,0.07291166184756982
10320.883520087387,0.07247628446772493
10450.667774412565,0.07205822091086904
10518.880399860469,0.07180775299605274
10556.427216952081,0.07169980670645239
10549.532023108539,0.07174412938291673
10478.222822654296,0.07192882611305054
10466.042165042256,0.07197354215716986
10404.114392119942,0.07219752485478342
10383.730586679721,0.0722303918327315
10382.072976751851,0.07224135736737819
10410.843323518373,0.07218874603317765
10418.305566862211,0.07209882070847157
10351.588253124151,0.0723003471868382
10358.73565130712,0.07229811386677351
10389.647714463332,0.07216413336369616
10424.084062258964,0.0720743842687963
10389.854193732608,0.07217607814327291
10330.808581083564,0.07238369967371919
10319.853285775222,0.07238784094705825
10294.716143587744,0.07250725368080625
10272.054992249286,0.07254853582376196
10318.815740576127,0.07239898217021914
10280.846986022356,0.07255529428258667
10286.304263853961,0.07251822753630467
10243.20240753811,0.07265018679539247
10266.063436144523,0.07257445643960667
10255.979699403742,0.07260029112722391
10310.73096710171,0.07240760830162891
10256.59754918685,0.07256425645435494
10296.706080146589,0.07247449338087579
10377.528126764446,0.07217834405923193
10538.524626617695,0.07164254765306628
10641.040295668106,0.07135334583402576
10689.362839397812,0.071182613864094
10749.5804821694,0.07104993906481125
10707.996661107087,0.07112531543958531
10664.4913696844,0.0712862663345796
10631.140278454648,0.07139464630342528
10639.570770781529,0.0713336333943382
10645.348296050635,0.07134685618584069
10649.23323168245,0.07130077820130944
10568.567531218514,0.0715406544141383
10593.04610914667,0.07147198238582639
10628.72572668822,0.07137877650965484
10587.260378086465,0.07147442917766861
10619.353750428983,0.07138977678678178
10668.618316202364,0.07125769228492755
10633.0934178727,0.07135553314270858
10595.681035384381,0.07145472361219209
10513.739901410607,0.0717046308636262
10528.002884604373,0.07164511102755125
10486.072464937319,0.07179197281349997
10455.783932280581,0.07188705566098265
10433.804009868358,0.07196971275428389
10441.174505467037,0.07192459107022697
10498.998891834457,0.07178120136506
10561.389000237621,0.07155644737988938
10592.732212371882,0.07144325770810994
10662.102681965433,0.07122604060539163
10619.519954439875,0.07136224186090902
10676.186025267025,0.07117975884632023
10801.986088126874,0.07079824671336253
10952.95498058334,0.07031264283336698
11140.5960544032,0.069763070975949
11175.175883951664,0.06968439428662362
11109.411466264384,0.06985706995011835
10969.222015745854,0.0702529836956725
10880.817842296226,0.07056523871815024
10872.859238219038,0.07052701864919814
10881.16956145765,0.07050790630657924
10851.35795403135,0.07059961800600165
10861.299379461647,0.0705783841684167
10886.740279968655,0.07051216337050219
10946.0759557123,0.07031819292699554
11020.970882326186,0.07009939505050225
11085.036999162041,0.06991027071757627
11081.492319506888,0.06994441477884152
11043.053232134971,0.0700177935649382
11002.501589739255,0.07015725230376905
10879.926751443927,0.0704776219409859
10881.678676214578,0.07049941561762109
10879.984907904769,0.07050036763170034
10874.585923762224,0.07050692107278873
10852.39820690764,0.07059794431366456
10871.154823801133,0.07052540208733211
10937.96998787407,0.07034858790470624
10915.894907660544,0.07040004119401276
10918.48435681476,0.0703632222539723
10907.48873236134,0.07040654391522637
10921.114072654977,0.07034343727573983
10944.906311702816,0.07031380148862551
11042.918126785129,0.06996043878717333
11177.097380163432,0.0695949998416236
11354.357498650588,0.06907386902198263
11413.599351753606,0.06892307934425584
11462.22747574361,0.06882187024268009
11440.78740811266,0.06883726658731613
11398.175246865716,0.06894471164013923
11387.36905335752,0.06901313295277085
11398.207227601597,0.0689657590005631
11358.97541250853,0.06904316921417657
11319.525903112937,0.0691580880080314
11299.111529389385,0.06921867983851321
11305.376828028171,0.06924700834749228
11234.772974796879,0.06935942493629967
11269.650458630178,0.06931811717793637
11310.605465469092,0.06917217145373644
11321.723449565621,0.06912399808172441
11327.082526963624,0.06909478237096704
11304.569164824718,0.06917448428731508
11249.355132487037,0.06930745934011812
11272.47958925256,0.06926112972596031
11266.293276165066,0.06928525312947448
11218.424855834675,0.06938445741028654
11252.538791278399,0.06934760202202163
11217.169864687301,0.06946125359384808
11191.913336754358,0.06946627476210446
11203.985424164863,0.06944845970399614
11215.529332175,0.0694363776144384
11199.768523436664,0.06946736662712956
11217.728585018805,0.0694356600378167
11201.794458386032,0.06947362175869998
11256.900365203146,0.069268015883945
11380.40612627949,0.06890130067073386
11525.195423888272,0.0685277895154084
11598.3936246845,0.06833502923710455
11682.872580071284,0.068103911774507
11651.798133038359,0.06819562788267576
11689.72093334024,0.06806403902828197
11614.8270492683,0.06830194689348897
11619.166608270707,0.06824000421272661
11584.027608399118,0.06833546805253247
11568.632295331936,0.06838153244691296
11494.833205167117,0.06856895593710496
11501.936297849466,0.0685653867462472
11486.484392717699,0.0685836028343354
11554.892619801667,0.06839024152302835
11575.194542221217,0.06837094897329557
11607.117652679983,0.06826007036445024
11548.247756382958,0.0684502175403146
11516.380065112144,0.06854597810457491
11486.966460813435,0.06856201831175322
11479.358359724129,0.06859167798689646
11486.349294441956,0.06859423639152286
11488.233291606693,0.06859348315843643
11459.069515110103,0.06866096308628315
11431.723906330073,0.06871282482572305
11486.674522571166,0.06859430815346147
11510.566034449406,0.0685314662368072
11511.903482713606,0.06849156638254951
11499.490325887042,0.06856307963782107
11445.070434280507,0.06869156378152814
11389.00118232671,0.06882393388629854
11440.88883581344,0.06868092129266744
11520.67668645699,0.06845227672296171
11641.876937880146,0.06808123066509603
11757.905669320386,0.06778243600575481
11818.083847928396,0.06763734781135135
11879.381310640294,0.06748557607185891
11842.263435513038,0.06754841314410552
11786.476277955884,0.067721761389518
11769.212570445774,0.0677675580193697
11729.146752464714,0.06788703875846755
11730.640271472615,0.06787377198760108
11682.472809429955,0.06794696629174976
11669.584453497839,0.06800496855873354
11660.955722495402,0.06802019436089617
11687.07862087896,0.06797104371502108
11677.224595203332,0.06796324819469148
11703.16212942259,0.06793142579575871
11752.644269463775,0.06779917005094305
11707.639393435644,0.06790543635516776
11706.531114802016,0.0679106434032074
11603.292198769905,0.06816590326467631
11578.94145951182,0.06821669043626748
11558.347561997503,0.06831133987556548
11553.404728989313,0.06830064037188394
11596.405100048696,0.0681821505677086
11563.779817460882,0.06829762025663907
11601.159183369424,0.06819507793955644
11607.597620355591,0.06812020064846314
11595.581194564866,0.06819337053551822
11561.04486288124,0.06827297209391776
11551.743372196419,0.06831207933490593
11580.21821829455,0.06822426836851087
11637.32624378985,0.06805220729116578
11777.790593628139,0.06767539457293123
11885.251168638584,0.06738249631855969
12004.026091649217,0.06707876378546754
11953.261777372774,0.06722111449904675
11990.490327452288,0.06715973064646408
12083.348223121542,0.06690582141958802
12040.702488652967,0.06698368596090554
12005.02804605919,0.06705546017790297
12000.452634192648,0.06708362575096474
11953.366821311778,0.06720060753545257
11908.707700383991,0.06726989436096041
11874.902847331005,0.06736939177524065
11922.40800028484,0.06729763250728803
11972.851647296644,0.06716993933621784
12027.083172930354,0.0669898267577189
12031.822401342763,0.0669667682433913
12017.857232130233,0.06700754824091976
11989.067069200322,0.06708955345550825
11998.020432798268,0.06708632716595588
12003.071766059917,0.06705959253931128
11978.851657624473,0.06712373398250267
11901.571686878813,0.06731958195666325
11849.78347532473,0.06746554723075596
11888.633147502976,0.06734761605671111
11969.842571703228,0.06709167817244732
11955.247548697207,0.06718056548052162
11942.828691148892,0.06719229034279192
11894.044473279444,0.0673213278120559
11861.244867294421,0.0673849618654638
11906.34993564445,0.06730320332009905
11940.538230418688,0.06718841612604973
12023.2707668511,0.0669481901699402
12127.781708042576,0.0666825593108541
12227.824255144664,0.06638912546814169
12286.108861740286,0.06629631292166036
12283.51680554155,0.06628177694392211
12279.08784295924,0.06631150634920598
12260.138333280016,0.06639140248972698
12196.750523312217,0.06651216165176238
12153.509470377052,0.06659450423082311
12113.595592479867,0.06673700648408269
12067.482374351806,0.06681148571869117
12070.447636487917,0.06677924037974643
12124.046474652017,0.06670283839328553
12152.418168151,0.0666137805637025
12202.943881855266,0.0664938443916476
12227.361212393109,0.06641662013215364
12188.569489979822,0.06651430267315196
12163.670625728515,0.0665751551479771
12152.40563480488,0.06662660844794124
12164.204795804346,0.06657735315490013
12111.836535340053,0.06671531367702435
12042.57402749356,0.06690939771611266
12010.765563857409,0.06697915744276287
12052.320596421338,0.06685575317735656
12081.530635256266,0.06678519610162403
12113.71385249001,0.06673154920485366
12131.446263353859,0.06662835617313427
12001.528455175165,0.0669678168559591
12006.504731038838,0.06698161778269227
12006.02908243173,0.0669665690890971
12043.16230862705,0.06686830760736827
12092.921913734584,0.06671091659927421
12214.87100601966,0.06644377593170267
12345.601513355277,0.06609249120982741
12458.525088443848,0.06583398326074275
12496.132142127337,0.06572918098570715
12507.634507258137,0.06572583970976237
12420.377018637933,0.06588978355012692
12430.57145384311,0.06587472948181626
12404.582490137254,0.06595374701824738
12412.033941321472,0.06591391753159566
12326.99818841367,0.06615806253355164
12335.827386412684,0.06613150202719273
12349.196136270579,0.06608565145739359
12333.256164898234,0.06611215598552407
12339.217343673032,0.06609367087551604
12386.91407720176,0.06601930553855674
12409.618530733154,0.06592035390367286
12406.548702449269,0.0659155853217933
12406.788047964734,0.06590177197624837
12355.363774865262,0.06607142774229577
12327.515296619646,0.06610997299907258
12289.577348705328,0.0662364603154238
12312.474202742076,0.06617575554347958
12288.484922228748,0.06620273027856197
12335.103486991107,0.06611139151763129
12277.95796669832,0.06621906941394651
12288.563810401234,0.06618376343723462
12302.151481435312,0.06616703125820579
12269.60648489403,0.06627341221366052
12217.734844320612,0.06639106340608879
12221.013042807705,0.0663397176822293
12208.14574609828,0.0663896399501997
12347.351721268411,0.0660262808747605
12508.141711382123,0.06568782901481762
12567.267760809716,0.0654974134894969
12644.890300439843,0.06533874605892442
12662.396035620193,0.0652910148766599
12706.313932490932,0.06519352083738264
12687.851406048967,0.06524198047548542
12617.820370538333,0.06539001520108731
12641.59934152622,0.06532010008417004
12627.929429816302,0.06540322964233285
12557.10886341755,0.06554047432265556
12465.19009257654,0.06574670565158368
12521.6032699449,0.06561101237376829
12528.760920647625,0.06556690797245117
12543.433814632195,0.06553230035906907
12582.48872617298,0.06549269171862171
12587.39714196715,0.06544646382154813
12587.853816322904,0.06542326056465256
12522.801846465845,0.06558346948530597
12485.968771026895,0.06568550738817222
12445.072450848837,0.06576951729783656
12469.901452008628,0.065733058925978
12471.724136551165,0.06572414499414508
12457.55764038095,0.06579405623679797
12455.536549096847,0.06575832219292427
12465.263106733788,0.06572143991320102
12453.136560618179,0.06575406321233163
12495.604831493712,0.06564458172001819
12472.647215062601,0.06565577662416552
12445.404156666014,0.06577321015825947
12412.597360452073,0.06582869417788889
12428.583416474847,0.0658143391429881
12503.163632416463,0.06563261674215437
12692.071689131282,0.06515998213447538
12836.457177008146,0.06481223499033059
12878.143978786087,0.06476098604976004
12837.485300728084,0.06483845905528775
12809.673999743269,0.0649102281667085
12819.48264101561,0.06486897446245254
12828.085294395092,0.06486916603566564
12809.373081223974,0.06489537859995101
12726.120439815868,0.06508512201024184
12640.275747701458,0.06529606784473561
12572.351485432531,0.06541399882908043
12533.909077953665,0.06550670924570658
12440.612277576642,0.06577534435342798
12536.458377359513,0.06550961495158218
12605.365050098035,0.06533848664226001
12653.255742397083,0.06525072730517299
12659.561760047318,0.06523078534806738
12563.299572346676,0.06543150244800715
12586.3015429047,0.06538178652922207
12534.48324538068,0.06552256472375641
12544.870877882937,0.06545371095983084
12546.615391806265,0.06549131571762401
12532.757481426112,0.06548605577917814
12463.994138070619,0.06569212285313032
12394.794459413277,0.06586460506158383
12419.834948872798,0.06578404439001564
12456.507833296157,0.06569105785782359
12485.475389068553,0.0656342726674384
12511.100700534493,0.06553839973654192
12468.982645699778,0.0656533617571429
12413.944250249908,0.065786854003721
12402.76024918317,0.06581959641324865
12441.40086771917,0.06570793819976135
12599.716080318722,0.0653114778732837
12696.645346270614,0.06508987673606163
12757.266425768716,0.06493589941582607
12709.290883489895,0.0650507690781855
12729.86403028381,0.06500370896034276
12681.47071772584,0.06514830018367901
12655.636177682556,0.06516611668095267
12647.482916144985,0.06520383427928413
12601.529781446528,0.06529789181889638
12496.835261627952,0.06553620700677996
12523.071959674278,0.06551406489496389
12534.152797515935,0.06547597289059173
12512.825762877643,0.06551131596768044
12580.95240456898,0.06534811562559509
12590.250721384302,0.06532709839053345
12640.128828535106,0.06518487657016478
12646.311998881692,0.06519400151546252
12616.536196776773,0.06524306623751518
12556.502936974743,0.06539352236929723
12471.623217656635,0.06562259489714159
12436.39306257637,0.06569032200065167
12465.586943206463,0.06561342479846938
12560.255586246516,0.0654612984333766
12524.48752101381,0.06547482711738503
12450.14179763414,0.06566596025914874
12451.231872670307,0.06562382892360119
12395.322435384163,0.06577035281747332
12467.129293051337,0.06561355007304324
12476.625394671855,0.0655631373998416
12499.949159877213,0.06552882542415275
12521.48309588808,0.06543892620008232
12618.715289126121,0.06520758618020826
12759.731762750198,0.06487756170811074
12810.652576026312,0.06476616654920815
12854.044700116598,0.06466678843322117
12860.226243254257,0.06467025949988299
12879.155112707676,0.06464531761810291
12830.584912289136,0.06473959501663458
12786.357841051064,0.06482892994188848
12793.116971854855,0.0648549744854333
12781.424248358311,0.06487655851749605
12731.569114960226,0.06500157908497746
12719.835248020287,0.06499684983546987
12756.924236514347,0.0649164424222801
12740.756685248154,0.06492041871570636
12789.563832849406,0.06481775507166106
12821.560725791263,0.06479006783819954
12808.500782171604,0.06477867784539523
12791.830313450006,0.0648193245990918
12739.733060332219,0.06496559568045675
12690.557222261703,0.06504413750367115
12680.731533820963,0.06510086857635426
12739.746233427117,0.06491694218420963
12756.918120861686,0.0648958702320773
12761.118466422242,0.06489955332274987
12749.174409846768,0.06493616056709282
12682.155776939593,0.06509079030985525
12730.92771103311,0.06497154894457219
12663.184448918013,0.06511652111242643
12721.0289708746,0.06497395759442713
12756.141157315413,0.06491182666473942
12725.66924110917,0.06495505761638957
12787.827384996337,0.06480773303447024
12879.947708688836,0.06460200154728252
12999.003227222702,0.06433018455047677
13085.493026591694,0.0641668133645899
13073.94432293206,0.0641106563113385
13076.239442344706,0.06418973996925316
13011.364402477475,0.06432426751759818
13009.534503393746,0.06432957914889123
12974.130845452977,0.06442504273519843
12930.692899729296,0.06448965976326128
12909.175587377644,0.06452865320260018
12908.689458735325,0.06456864136692751
12875.168182040323,0.06463612041047324
12899.749521037173,0.06457567798047494
12978.956189955336,0.06439979272597039
12965.385135325063,0.06440884081004922
12946.996637475562,0.06445283915868988
12909.04687634547,0.06452408504217848
12912.461049742456,0.06453599552528243
12891.663287674966,0.06457286117886903
12877.028550018798,0.06462263339184297
12850.136866117893,0.06470879125664725
12808.27666631222,0.06477960028633142
12856.896822548375,0.06467530285363718
12874.224808571902,0.0646285032488224
12865.173671444727,0.06461515490755532
12892.09501772727,0.06459743567126193
12852.418621871713,0.06470533599706538
12856.881937374974,0.06466046902569722
12889.085373591228,0.06459600319551201
12888.251893703276,0.06460254294461536
12942.141415276466,0.0644531324656546
13049.314730314314,0.06417071516696303
13092.758353053558,0.06408323818827386
13055.269913585978,0.06420135070856585
13127.466722826566,0.06407965598734244
13110.098407375574,0.06406110206396957
13148.593551315225,0.06401258172863841
13108.01214641811,0.06412461390383843
13087.166397901756,0.06415019670443697
13123.557549366089,0.0640781129943141
13090.71082925171,0.06413681125415344
13013.73033438103,0.0643058759821707
13012.613532787387,0.06433275204876612
13005.461861460406,0.06432724214097739
13048.829627713056,0.06424643535864709
13055.224534442079,0.06419488550984247
13078.83778229111,0.06417213967075452
13064.237431413343,0.06416509346451466
13047.149521136698,0.06427658395453775
12997.31225613506,0.06433177524740032
12916.152583860061,0.06455040327196056
12976.169217097497,0.06436701015568991
12985.336455105666,0.06434189592622006
13050.55271190953,0.06419148166950335
13037.243007649739,0.0642293303700864
13040.062591479671,0.0641910869161874
13031.45732094292,0.06426291404837815
13040.802866383257,0.06422187745483827
13051.779140428582,0.06419593975867177
13018.423110070557,0.06426036823183259
12972.021614292153,0.06436653862167654
13018.241742011138,0.06424975935622367
13085.489958179885,0.06411088387350104
13208.54056411706,0.0638341201586137
13253.026352252355,0.0637444082615468
13276.209442451243,0.06373638085336245
13241.092841806838,0.06378872635944664
13305.176009401337,0.06365537613582686
13270.924477117669,0.06370769353739986
13267.508338821055,0.06377582622860702
13234.702116762119,0.06380339381937562
13231.738247924515,0.06381006505364362
13213.020714757416,0.06386364480738423
13146.125036933532,0.06397842603009321
13082.84829684328,0.06413187875906089
13118.877037200735,0.0640118360432218
13097.713766034329,0.06411629325667131
13131.210730079802,0.06401214140745363
13167.48437141998,0.06392863683665216
13147.362911701672,0.06398767028189552
13145.796494477194,0.06399208577849162
13098.785512682309,0.06407554343127594
13060.504718297896,0.06417412385529662
13100.835673123604,0.0640595975416492
13080.883169695078,0.06409116134132507
13093.24296368682,0.06407988386463032
13062.160333456579,0.0642025642794733
13037.606351709212,0.06419357407631825
13038.706999486649,0.06418459501869528
13017.802981924373,0.064239486295797
13033.698629386634,0.06421699253475878
12963.691534853633,0.06440134384589627
12959.701278122015,0.06439487460863068
12949.11959923534,0.06442369624465659
12969.22623390959,0.0643706474074659
13010.129489791567,0.06427507167430417
13103.099965473808,0.06403940837748903
13182.647039597448,0.06386968990680575
13153.80317432258,0.06398106881933242
13174.233001786793,0.06389737262938842
13136.996200531326,0.06399006407721748
13170.061366404701,0.0639116340799314
13097.397946376035,0.06412950445321396
13018.650816990355,0.06423818226097298
12962.735979192588,0.06441673956864759
12955.946381023361,0.06441054631208654
12932.463452257834,0.06446364662826876
12984.245299552915,0.06432561643776641
13048.600335686038,0.06419021924334281
13071.479240352597,0.06411107260049453
13053.997020838977,0.06417372047885836
13090.694022250664,0.06409780420490448
13112.673364252138,0.06405488585479642
13096.61118008129,0.06407493926189922
13039.270367394298,0.06421757948401687
13032.15144441757,0.06424237760619962
12975.116868203388,0.06434802515109686
13000.257079152581,0.06426254321158763
12978.744933859041,0.06432695747372638
12961.541183735522,0.06435141687844595
12956.783394248103,0.0643389535493711
12980.209064650224,0.06432873399349882
12973.914530248032,0.0643468884155499
12970.035795407895,0.06434039834258476
12963.701687190047,0.06433571042079368
13027.59604328465,0.06420854112614922
12988.997147400172,0.06429500107657626
13022.625091062559,0.06423879290426876
12997.767421081968,0.06429951770826037
13105.567045246135,0.06401166926029325
13244.663268538923,0.06370935102130974
13325.646172191375,0.06353822257533975
13322.722566759494,0.06359033984025281
13228.860152094707,0.06376491190349716
13200.900236770587,0.06383758432934837
13213.74345136162,0.06379812350446949
13216.789707238955,0.06375577962345653
13169.963522211674,0.06393017769907967
13129.325391156219,0.0639768736291201
13072.589743969114,0.0641398389441669
13143.38460024954,0.06395858883176468
13177.123401848376,0.06387537806498494
13183.062769875807,0.06388744551835834
13167.0453195792,0.06389979175095079
13165.152438115501,0.06392089098882198
13184.466477569538,0.06382413241252861
13250.434972355126,0.0636908257892776
13189.372674685892,0.06387015156658693
13124.389367534017,0.0639838542119072
13097.02683190224,0.06406955239882407
13127.369212902793,0.06397654470890088
13113.484543998124,0.06400031646636106
13107.205258416798,0.06404310290501816
13167.228361804548,0.06392304250111865
13122.14055489013,0.0640091231580681
13153.742385507085,0.06392890037107671
13146.299665855153,0.06396288438096191
13151.636245717544,0.06395577619317712
13122.674854001347,0.06401243879221036
13142.008531305264,0.06397173724983156
13130.563439916485,0.06400733416218095
13139.029523496507,0.06395922073239374
13262.975685310219,0.06369243983345844
13379.124075450976,0.06341759680053471
13409.985073768064,0.06337859426174364
13484.059423992709,0.0631916562014847
13444.054554463279,0.06333411844521854
13429.557868697722,0.0633385143826786
13388.205119540971,0.06341194707352067
13393.481823608634,0.06341777865881622
13392.655929053693,0.06343401068479966
13387.36534179472,0.06344980119433362
13277.239049666157,0.06364171785314424
13208.945418863093,0.06381556512534203
13167.381771111179,0.06389721844081067
13265.819028022552,0.0636680921306417
13321.472234511843,0.06356353323791611
13387.229229969254,0.06339176014903569
13352.343716586267,0.06351961525911659
13249.16786022232,0.06372498612865465
13207.832966710475,0.06377274622420627
13262.846919123356,0.06366819774320875
13244.497017521333,0.06374412346358047
13286.001300232801,0.06362870051993809
13280.146005332748,0.06362137449755915
13257.041302383868,0.06368443298683839
13199.035860391548,0.06383990889484929
13245.730769026295,0.06374293131969096
13249.486468630894,0.0637296586412274
13286.823029113806,0.06360883352035342
13284.615637461753,0.06364896329426006
13240.915252559036,0.06373166279300975
13166.0877568906,0.06387503439700297
13047.01193675462,0.06413232962516659
13083.0469940246,0.06408489861769014
13136.260381789387,0.06394534393273586
13353.995683052352,0.06348374242053521
13508.431882083241,0.06314121802837808
13490.68213177716,0.06321068679866383
13424.508332723497,0.06334389630992185
13441.615292895283,0.06333210798233459
13415.874249254013,0.06340336853452598
13444.673108148052,0.06329332815633436
13477.084706338459,0.063227071977587
13493.619497668826,0.06318378852156488
13358.962135221343,0.06350000794962549
13230.070497820452,0.06373836142323404
13208.256673781558,0.06379717888853753
13258.110436591958,0.06371122888923374
13352.954515013247,0.06348363816451004
13464.434012336402,0.06326282296843191
13454.796687313577,0.06330391309258948
13440.396408146826,0.0633047866434601
13388.612928284174,0.06342109117380156
13276.957533637962,0.0636542106757924
13204.470398192841,0.06381322198413025
13259.280897855557,0.0637229624533596
13339.792103848213,0.06350595402653782
13343.943266397817,0.06350033913681907
13293.02668020571,0.06359747134214805
13276.368576061275,0.06363886711910129
13313.525995799606,0.06354800903649242
13278.589198046366,0.06364208399205928
13222.340108740145,0.06376625817999469
13183.461743307716,0.0638515783230501
13168.882063848247,0.06385137886831999
13113.863093946336,0.06400288449649424
13151.164998536466,0.06388720053348193
13163.099203084377,0.06388461162983558
13299.477587345124,0.0635501316197325
13422.087295092153,0.06332115870161048
13514.597674218961,0.06314390655420597
13537.623204981504,0.0630798325662452
13607.13552978552,0.06295657300174891
13619.130787148106,0.06292871660014136
13619.319353699275,0.06294513065719118
13579.408243553222,0.06302261625894429
13520.68633214661,0.06311734109458954
13411.082541035352,0.06338862492246458
13319.788220595232,0.06356062326243564
13259.83944300731,0.06371107302829711
13288.305120772904,0.06363693121336449
13307.701600202678,0.06356100012943229
13384.373678487957,0.0634218796396682
13326.420649728012,0.06352705483835
13318.718742941122,0.06355908185336823
13372.812009718693,0.06343605382419062
13347.121865316489,0.0635110706847665
13344.200857780108,0.06353820712164686
13337.951542901188,0.06353009582326337
13272.091804911663,0.06367638596695724
13262.000713794761,0.06368908478495075
13231.95179437428,0.06375327469651058
13237.236279828281,0.06372747596488704
13246.124049191127,0.0637226185269357
13221.738448350792,0.06374017055177023
13226.855568702495,0.06373171261997819
13214.866519262645,0.06380024117672627
13109.688936465034,0.06401694492187063
13142.881688682199,0.06392032423671042
13178.003379776233,0.06383177860618955
13131.846947086293,0.06395165509905178
13143.19493043068,0.06392375049493706
13285.784740954503,0.06360572237091189
13426.85847926406,0.06331198647024924
13484.336412366638,0.06320824931261056
13456.935085282847,0.06327216603223855
13375.156191975091,0.06343332336128846
13348.605199511752,0.0635097448162984
13370.72499309567,0.06343073841652183
13428.707242602346,0.06333191634322496
13404.05891395389,0.06339655035759471
13232.461194028749,0.06369401756170313
13255.542636249036,0.06367865576324253
13262.374503192337,0.06367254652388227
13327.544975142062,0.06351557992204625
13389.152759700803,0.06335153865383396
13372.385751151329,0.0634335799050846
13365.307613281147,0.06342127924984986
13385.325637606866,0.06337525734721847
13354.600341796613,0.06344878737111027
13346.2875255056,0.0634682729596337
13344.841456737826,0.06353919878895826
13261.530079636495,0.0636697821848588
13324.338400317627,0.06352384977402661
13319.490972333708,0.06350824286907729
13350.397002933834,0.06346404718943463
13364.658050248281,0.06342601112738484
13315.359671787915,0.0635319579696842
13281.874222844734,0.06361273667615215
13238.789102149101,0.06370443437238353
13265.473502263776,0.06367666819356255
13286.52108090319,0.06359729731547359
13367.292106203206,0.06344520117207504
13320.29298192396,0.06353513231838323
13334.96326059195,0.06348193571013168
13425.863822043566,0.06329174431254081
13573.902690956857,0.06296045043039293
13586.337912248724,0.0629707385414879
13647.278851512323,0.06286244958598934
13666.31554544737,0.06279888463732577
13650.959028158199,0.0628484625453821
13569.220792202046,0.06301375970568182
13544.537147673242,0.06306720631036661
13506.161350036435,0.0631621505134499
13502.26864295635,0.06316868296650174
13451.800082665064,0.06324110788871572
13450.025517955188,0.06322505235832097
13443.909240419413,0.06325485888467271
13450.176172050513,0.06324548684624667
13409.6577349298,0.0633293492526441
13444.344534147587,0.06325962837387267
13448.136654580352,0.06324792764153747
13480.079222315797,0.06317461473594133
13490.316572396201,0.06316602703161976
13500.253653529611,0.06312042976173625
13412.611058132878,0.0633314856114484
13416.888914416166,0.06333023707311455
13410.044902140755,0.06327802680373862
13419.238122578752,0.06332343895514186
13409.676866553787,0.06329815492297398
13420.561636788825,0.06329719725062274
13389.451411734251,0.06333481187993338
13394.813792269542,0.06335448705856121
13389.941480332938,0.0633543486884027
13412.859785839859,0.0632929892429504
13418.893924320875,0.06329555934694549
13438.945284254165,0.06325081064600006
13535.270653034671,0.06301268444058253
13600.827545656093,0.06288999743478442
13633.834410300227,0.06284143145725292
13613.445244753066,0.06287161057704248
13639.301295603404,0.06283370328930309
13660.408621626995,0.06282559273837605
13611.99116147633,0.06287924199803412
13589.512375603537,0.06295527510302028
13543.678126623794,0.06304874319187209
13560.209224208773,0.06302703067881088
13560.30774443362,0.06298249994210986
13544.669450636835,0.06304930286577017
13536.879994773273,0.06302635269262749
13527.692462455985,0.06303700734915067
13560.058159219745,0.0630044180164372
13555.79470450728,0.06301009385896997
13584.621085478051,0.06295041428012299
13588.689594441574,0.06294650467107295
13545.545408964845,0.06301252972776025
13506.032245284076,0.06309089688918851
13528.364272119625,0.06306053888831643
13493.24438773376,0.06315508351244901
13516.87512416675,0.06311257809011182
13499.380243488014,0.06310657129626332
13492.507454312865,0.06314942485104534
13506.803692531992,0.06310472934360149
13537.509911769313,0.0630366846244935
13535.482101943013,0.06301361140649017
13504.351698059432,0.06307754474818009
13498.557531067234,0.06312248286783004
13510.816502179305,0.0631164532902818
13477.792858408033,0.06317744404179858
13527.762106212378,0.06305207109613725
13599.658724082938,0.06287839295111325
13708.066238628593,0.06268871331187251
13695.958205850668,0.06271570885155396
13627.435407974886,0.06287017496146775
13611.940880221578,0.06290439889836218
13622.043665274738,0.06285717431586384
13642.215498403863,0.06281823233932893
13644.319172302026,0.06281569328980989
13627.751229201245,0.06284450512866788
13575.445637709096,0.0629556579802953
13519.864486339198,0.06306379393465002
13532.772177869161,0.06305633967563708
13560.448667505403,0.06296951847054223
13604.719637769082,0.0628960540721482
13577.674068279175,0.06292425568210418
13593.79847633376,0.06291599437921022
13597.701406410977,0.06290934333059585
13613.352753069212,0.06286337359786842
13564.896464820311,0.06295577406001343
13592.759470609406,0.06294348595693978
13567.995898588202,0.06296459840392413
13517.579833459697,0.0630880090545392
13476.163180073027,0.06316622658016399
13504.48163484833,0.06311883156531488
13487.782481607535,0.06312581137511482
13475.591896852708,0.06314344282866856
13497.900596970127,0.06309211727659043
13501.452671739617,0.0631052921578089
13501.050318117888,0.06309944307913044
13491.789399920195,0.06309219859291353
13478.414334497016,0.06313897952156503
13471.140029139062,0.06316387918637636
13487.95126577211,0.06313662155343977
13536.499874201454,0.06302826118949953
13626.927453627919,0.06282355839271728
13705.912877438133,0.06264187204904442
13716.271855276307,0.06264535020909133
13709.70849150081,0.06269184583531764
13704.531566281314,0.06269739505226928
13613.2361909782,0.06284220599758186
13539.006167550733,0.06304815064288553
13456.352520135833,0.06320596050024008
13446.898734825587,0.06322437748643005
13501.403149339703,0.06308322652457736
13541.904206116042,0.06304150146647941
13515.725045820174,0.0630782418069373
13512.74119919227,0.06309167911278998
13479.225680985252,0.0631527386626416
13482.763277757336,0.06313958949745908
13500.517401991447,0.06310908759332338
13539.159540968778,0.06303250357204922
13518.04350294251,0.06307572098105779
13474.223015222296,0.06315563054620234
13381.821693545915,0.06335589880322698
13365.265441620038,0.06336332191941164
13414.113537344048,0.06328540753869169
13411.53481619655,0.06331068735619234
13441.78272523687,0.0632191414700148
13428.745142444488,0.06326378296445895
13423.499195518905,0.06325845337483972
13419.175758847357,0.06325163214080097
13385.117165659021,0.06333210293128676
13360.339884549927,0.06340638668468823
13355.348344032642,0.06341261931309591
13381.659092540343,0.06334889822011829
13362.740969806453,0.06337206160336245
13379.508509396248,0.0633223067374368
13469.565231849481,0.06314464993436915
13590.714522856211,0.06290418512907041
13604.026243914837,0.06289051142276028
13641.366441162585,0.06280021093274228
13627.393959594876,0.0628087754378648
13611.573439848984,0.0628797852095203
13579.248907818468,0.06291981335718075
13585.142120618426,0.06295280769424051
13485.090547207643,0.06311786114863961
13420.72107156291,0.0632709235021932
13446.197950228587,0.06323433672416984
13490.00810249199,0.06311364105898465
13469.378189428593,0.06313421717354858
13480.35928013683,0.06312176680521221
13545.40061933557,0.06297465397445824
13509.336297614367,0.06309263421371265
13450.966301043543,0.06318563012710891
13446.1205704295,0.0631936353365902
13501.296437247189,0.0631009126236466
13506.720790535095,0.06308448802011027
13478.290793288497,0.06313621766946156
13448.046436410394,0.06320141407194577
13424.886214504571,0.06326738253764373
13435.622585269759,0.06319223205778543
13414.918926623144,0.06326733989770199
13461.1197861023,0.06317097525899071
13451.154075481723,0.06317015033147728
13450.850457540015,0.06319290554969269
13474.767319610328,0.0631426118512704
13520.922198079606,0.06304507313544538
13462.517497360606,0.06315560444694111
13470.788815513157,0.06314231886789395
13520.597778513807,0.06300095688119778
13649.158386062829,0.06275833160930848
13706.433835045395,0.0626182466876622
13753.113535373353,0.06257805136579911
13690.40056923272,0.06268203256718614
13715.438823012406,0.0626306535757655
13710.894148281497,0.06261673524083826
13641.044655654916,0.06278741870845271
13625.938082034445,0.06282611518565202
13616.994301961582,0.0628443604468749
13587.607421382003,0.06290934945908308
13620.421110552319,0.0628216207038795
13572.855766386261,0.06294390737355468
13582.59042873155,0.06288720144550138
13570.817570789131,0.06294224825677046
13512.951482922943,0.06307512272927995
13552.029654398106,0.0629881126098407
13540.962247199588,0.0630089538451796
13539.24639567649,0.06298857284560955
13445.746155574625,0.0631779461460418
13435.777894582088,0.06322367335353972
13421.746134041561,0.0632325272252631
13406.161360096172,0.06327709151787239
13420.682144368211,0.0632469488053206
13410.8765900071,0.06328219876774274
13433.89650244355,0.06322193246412333
13456.846340140724,0.06315931955274907
13452.659502425307,0.06315700500253243
13508.011334902965,0.06305919674200762
13504.21684468491,0.06306143795780596
13521.05736733824,0.06304561642756615
13504.299639512807,0.063042511755631
13512.064815579206,0.06303539155104411
13557.666305047725,0.06296077858128403
13629.278549558332,0.06279741689114501
13649.456847111634,0.06272618526085741
13686.802216378583,0.06270488534762639
13694.74907243222,0.06263278660689103
13752.436935301854,0.06256870811512917
13702.867555319554,0.06265105260855675
13717.899457938434,0.06260629568205964
13746.093145490415,0.06258694546563326
13712.078266004937,0.06264080189911303
13701.82315460078,0.06266904947636825
13689.84614788755,0.06265255054425721
13632.975377121636,0.06280717141275001
13595.189381471775,0.06286299133888455
13640.29359306288,0.06276000514211807
13689.653192383843,0.06266833027130263
13627.12981333353,0.06278575569596252
13688.583024784717,0.06266596231243811
13652.049742061427,0.06277182659087702
13618.613713558376,0.0628062779761691
13624.725786963296,0.06277755981375568
13618.557219378463,0.06278782552669432
13597.59948471575,0.06285143991946719
13589.16202567831,0.06287848691077899
13591.937507972307,0.06283877206155522
13600.459741645902,0.06284187147315044
13638.067203917339,0.06275958366297593
13566.966935887249,0.06292484985297722
13652.724679734876,0.06272914983736873
13623.419117907988,0.06281791716752932
13618.558370932296,0.06281057684282505
13608.342512837407,0.06281978791313919
13570.960799879425,0.06291782167589577
13597.254480843727,0.06284800692495272
13761.527892277089,0.06250524482596434
13881.105712357748,0.062246048924202955
13926.29296890126,0.0621610500438091
13852.926597649783,0.062322621835567284
13799.25567640011,0.0624492075767465
13831.268498994366,0.06238671207037527
13866.779379669846,0.062320225744282844
13866.776321554567,0.062280979752486275
13787.922060025865,0.06244169577212372
13723.78657067077,0.06260071409166489
13715.543974880595,0.0626161914121426
13705.954810467942,0.0626167200657277
13718.055270747847,0.06258419407700554
13730.948113125698,0.06258697701470552
13708.727982778973,0.06259489864113
13746.429356129402,0.06254900549908265
13754.058637612305,0.06252440558630631
13727.297958051347,0.06259477276135544
13730.0989801253,0.06255981499800616
13702.567996534055,0.06265682856310341
13665.405722740396,0.06270474386137356
13675.655458971209,0.06268846802890599
13673.195809862049,0.0626741145345329
13666.60503883208,0.06272050168857632
13672.406732556823,0.06266371962324824
13703.671475196817,0.06266488443421483
13650.252562224878,0.06268719704138775
13619.713523879807,0.0627903026832694
13526.349016659837,0.06297639620286595
13503.35200268267,0.06305227514681629
13503.757656419648,0.06308449497638816
13509.858318642484,0.0629868073307147
13580.961062261986,0.0628719132707513
13550.637630575693,0.06293304740148936
13613.980845216844,0.06281095670772767
13706.726319699681,0.06259573509372912
13810.258403949643,0.0623741898922433
13854.152788193425,0.06231350820785442
13820.6193798858,0.06237809970216882
13782.10435076267,0.06247745007528888
13741.02245947875,0.06255916441806653
13625.304667475872,0.06279654340493807
13535.669528039385,0.06298299584827456
13519.509435690814,0.06304013761141954
13537.380947472457,0.0629841413444183
13578.434006948526,0.06287712314845312
13627.109405903375,0.06277853312560458
13628.023988594512,0.0627766361173932
13635.966592015036,0.06276856083094878
13660.780542569375,0.0626917953101733
13631.208997683205,0.0627786335404947
13642.311762730526,0.06275193241486646
13603.393769921633,0.0628296127309913
13537.342611402533,0.06298802422943113
13538.354444814628,0.06297369835253136
13507.064103805273,0.06303468740471196
13567.62518781726,0.06292286192323555
13518.172584543308,0.06303080701711596
13479.795948385878,0.0631104880438069
13516.228390056922,0.06301305037784317
13575.491327933949,0.06289430089019593
13574.154206104238,0.06288097791821555
13561.607125739483,0.06291025996878558
13541.258412429812,0.06296857823908364
13511.09180367151,0.06302405357652106
13553.542224002864,0.06295242190386628
13582.565298926553,0.06284100600862255
13562.516151014657,0.06292998897565863
13578.144607372846,0.06286699532326441
13628.166129567497,0.06279214909021479
13696.503239687587,0.06261968792371157
13775.234132464955,0.06247080350136454
13798.463858890593,0.06245557428801429
13795.163507083926,0.06248084294186164
13760.904739752641,0.06252490661862174
13720.069570111282,0.06258310977142151
13687.067295232338,0.06266058361919642
13625.448532826484,0.06276586023399226
13623.737861083768,0.06279860075357702
13625.420183206532,0.0627823852874177
13619.932856277468,0.0628099572345583
13719.865645384285,0.06259107307555843
13739.435228404212,0.06253098635833466
13757.043175450703,0.06251183192099495
13724.795732312536,0.06258316805721498
13674.852689864596,0.0626667108590432
13708.495189768379,0.06260091179647419
13670.2959966666,0.06271799246734666
13631.934469566397,0.0627522952304976
13656.054666440377,0.06272651732028357
13627.628445108865,0.06274077269621374
13616.927440371242,0.06279524804793506
13629.177845376893,0.06275606035408042
13592.581364517473,0.06283124231542238
13615.275332255052,0.06282467834185257
13563.826383297615,0.06287786224745033
13602.778749297477,0.06283706555885633
13606.210386104216,0.06279068713429252
13651.221384939705,0.0627014746230157
13675.945908868005,0.06264964996003657
13672.321407752792,0.06265492623228985
13747.802058801655,0.06251436192086306
13811.834184954703,0.062358053662039344
13951.204722834107,0.06209444189645692
14018.899864893294,0.06199063159016716
13962.427171114172,0.062107535532404806
13935.678005205991,0.062148738125597694
13886.512338988889,0.062232385456779206
13834.690212172818,0.062346686591971526
13883.019214647933,0.062264135434250134
13821.372333359017,0.06238363181931956
13737.132452619333,0.06249623811173985
13666.962874745901,0.06262281602559165
13782.153664948848,0.0624437678075821
13828.100863829071,0.06234770557517975
13837.081646074053,0.062333085540450486
13852.564259433888,0.062283690079507834
13842.963942772298,0.062316972412765924
13872.990450310748,0.06226788040440366
13823.186012651351,0.06235814062548413
13773.616606700376,0.06244361431290538
13733.788783831324,0.06252623622214615
13762.411885537593,0.06246684609231246
13775.509651279997,0.06242883839602575
13754.22786097937,0.062478778801784
13755.480393179487,0.06249270376717192
13772.053556453537,0.062455642077426106
13796.600630761908,0.06238733541066742
13806.98879280689,0.06239580607268523
13773.483695250505,0.06245814047629263
13713.797362603485,0.06256986361650343
13748.914416040274,0.06248176727723436
13763.142498848647,0.06245765365376401
13761.504416766367,0.06245254637239411
13854.79746225368,0.062243079218689705
13875.104531361394,0.06222962322323957
13935.5072580012,0.06209160495088568
14043.603364310698,0.061891663308208104
14034.92194531814,0.0619086103499639
14031.567071614327,0.061938296737895755
13982.711272489454,0.06205233974903441
13919.75455898607,0.06210341949027709
13934.16848807738,0.062102517786399164
13912.592368062833,0.06215766770801638
13858.576479330193,0.062263155077426205
13815.611882490466,0.062360928668787334
13823.939308710818,0.06231099586005999
13856.027381445827,0.06227168797623481
13923.33696102092,0.06211360573688328
13897.760930106295,0.06218865724590203
13869.362449522316,0.06225953104508832
13868.502503272754,0.062238132229155294
13899.498176470055,0.06217595431263806
13896.033951556108,0.06217796371037616
13837.82973922847,0.06231965413923583
13807.056253679802,0.062373644837063695
13789.040127646713,0.06237126421438129
13768.986888068373,0.06245272488957893
13823.334499364457,0.062321295763954794
13851.748413181176,0.06226584165275151
13840.944955602134,0.062291793553154944
13780.318827055667,0.0624056940599217
13805.884943931358,0.06236033985525186
13739.022946905652,0.06249975069308812
13695.092341885884,0.06259305806583382
13810.66057625629,0.06235027066066494
13829.45982984494,0.06228867665404367
13829.201096065626,0.062306093657222
13901.099338572176,0.06218110745376529
14023.152611321952,0.06192327826485915
14030.875642651064,0.06190747433254636
14079.090848795175,0.06182453002248224
14107.153787777668,0.06178112026646848
14086.379873436223,0.06182499965546417
14039.579269457477,0.06188996749090074
14010.835118453684,0.061955098416308606
13992.745918049295,0.062000563541950375
13948.563895303907,0.062079305711815407
13902.60573107138,0.06217668189752839
13868.314377659031,0.06222131503675863
13890.600383434341,0.062186372852767444
13921.470444849765,0.06213161445585962
13937.939510818613,0.062102926700852074
13991.124299835528,0.061986959972170595
13943.461982035778,0.062058722485352664
13916.35817390679,0.06216482401659097
13894.52620850962,0.062176084154358546
13863.337768558547,0.06223609772083473
13848.993077026507,0.06227516752856642
13826.735855861305,0.06233582082671678
13788.374734735646,0.062386161660899005
13795.73169576358,0.062406026941313086
13776.682884658787,0.06241413561144428
13751.028717034456,0.062481368346319774
13790.746780795895,0.062399193157230595
13782.630545000586,0.06240401792408255
13853.108498174828,0.062257045081889346
13864.133048443115,0.0622477803768965
13832.556525791459,0.062308048505627524
13878.707991688803,0.062220496352201046
13940.093815778946,0.062081705852306
14023.837598808823,0.061891572284681354
14076.395786365803,0.061788897522284544
14086.900002267974,0.061786349918885486
14099.40776494177,0.06176989246889944
14100.2207526932,0.06180206233195297
14053.014957014764,0.0618549602450817
13995.28052932996,0.06198201569010658
13910.399258205358,0.062118653821477604
13859.620148515303,0.06225549658473154
13847.7534775822,0.06226001064311726
13797.026657442493,0.06238102732542984
13822.312060022758,0.06234178959232511
13827.029180876238,0.06230708400067865
13877.480516359175,0.062207982811739594
13876.625694416696,0.0622185935916521
13887.455517436072,0.062184697460274364
13944.422931388308,0.062081965849870926
13933.948239910098,0.06207383177025849
13888.083909587625,0.062150774223625804
13851.46129532058,0.06225296282896842
13756.678995752005,0.0624609371080399
13780.591105822707,0.06238292132340069
13792.700280163739,0.06237439246102124
13819.895994709757,0.06230080585857625
13757.131963576361,0.06246314434513263
13745.50344913041,0.06249187436412712
13725.260790270713,0.06252113945047746
13739.271650670637,0.06249945209506451
13751.278930095506,0.062456602912885614
13725.921416137384,0.06251890233256222
13767.977559054074,0.062420592638482694
13803.032613516989,0.062369555447684424
13835.334686226775,0.06228031681530718
13924.912298294055,0.062104779985729386
13992.952956642352,0.061970532362097264
14054.868148301213,0.061849911911741086
14046.9394143977,0.06188357224394415
13970.008863166307,0.062033293024622765
14011.97089899291,0.06194118481301521
13948.929623122385,0.062060268374042986
13973.367109297846,0.06200575126763716
13950.35872749746,0.06201386859930967
13897.770497704938,0.062147656632214075
13891.991798924235,0.0621735584598441
13869.799994780453,0.062202621147339425
13889.14264186693,0.06216917132305015
13935.954204809455,0.062077600235927614
13992.560734399449,0.06197098605991303
13974.713893218339,0.06201583097073716
13927.4257550407,0.06212416231711636
13882.63588625565,0.062186656296663964
13862.91188088681,0.06224599501085914
13866.641320611847,0.06218921196013943
13874.912036939018,0.06219096142696694
13829.763002716854,0.062300596323613566
13781.199748352781,0.06238919164456065
13799.318894207217,0.06235346818029051
13861.032485585913,0.06222802980543493
13889.584701386497,0.0621739452055398
13890.857276120307,0.062130883629053446
13821.44074973544,0.06229981576747925
13797.227055976071,0.062339163379716504
13793.122577347207,0.062352527931439146
13875.148427657961,0.062196075648868074
13884.74496663402,0.06215956351302476
14013.585407388116,0.06192565067536662
14109.530430542725,0.061690046629990204
14114.80845441847,0.061718689051573045
14092.42959031633,0.061779877531053864
14099.853889567894,0.06180529367005604
14055.30172294735,0.061846077853947606
14028.029108896832,0.06187925812526223
14010.977083112473,0.06192748527981137
13999.20121655864,0.06197486200561663
14008.254033434821,0.06194913037790607
13944.326410327145,0.06206614348883086
13864.479484606794,0.06220047383247087
13912.206432061783,0.062104852898894086
13950.224261658428,0.062035401460847704
13990.06862803743,0.06195955428759754
13993.848794144664,0.06194426024325155
13908.263285049714,0.062154531557934455
13831.209654948803,0.062294832578201086
13857.23269582291,0.06226141287426198
13923.228572277305,0.062118244366695274
13916.36857446049,0.06212828627365932
13862.527258448063,0.06222152190729809
13836.99532258856,0.06224241223668509
13874.73831851966,0.062195546994083806
13858.192158670328,0.062211157807955116
13854.962868905628,0.06222993006330549
13889.70024201225,0.06216806108237573
13809.239129180985,0.06231766562355565
13790.443620139707,0.06236373929331401
13837.535812037513,0.06228719727726631
13910.959317825425,0.06211763334962522
13927.096129493591,0.062118706306791234
14049.325215024593,0.06182964937229923
13996.242735596821,0.06197205792986241
14052.570811808417,0.061882230773967276
14076.13718904149,0.061810777284305535
14125.681530012938,0.061710398204852
14101.33564783762,0.06177623851979719
14014.841772679223,0.06192993666844582
13935.210909404814,0.062089339314636616
13953.988484376398,0.06205497954908963
13868.220411300783,0.06224511783254994
13861.432224077837,0.062238439224736326
13919.918219731991,0.062110205311772256
13909.143032080392,0.062133026752619995
13948.83901266853,0.062058802604803724
13981.477547381008,0.06200486712053385
13960.304656794806,0.062035192022412165
13899.743205154762,0.06214565656987974
13857.19867862794,0.06222386304363046
13801.617132593941,0.06232918463339792
13808.961401663259,0.062352797023022904
13879.313824787594,0.06220705859965538
13848.652488213942,0.06226494940887261
13886.350977221173,0.06215736598979993
13824.62158487121,0.06232021952467926
13869.10827271216,0.06221470281504952
13854.252301567558,0.062274278653449824
13882.595563541623,0.062185693072041734
13893.072443338904,0.062163936112437077
13844.972307690745,0.062282842339587564
13838.13976895304,0.06224624828770267
13861.806309299725,0.06224123868609266
13881.81098154145,0.06218837372618169
14007.304367205106,0.061925838139170554
14010.100134960776,0.0619774923156596
14065.986129768964,0.061819481082070596
14128.59787958565,0.06170034285206292
14107.105659653698,0.061754419587924624
14087.966009619746,0.06179781949529454
14031.001060689481,0.06187853311449558
13976.45860436155,0.0620232394894664
13890.677190686036,0.062160752432883964
13907.710945950252,0.06214622376150001
13944.648754433556,0.0620559720865628
13937.414142797137,0.06207446075422082
13955.500811405382,0.062063470838923405
13933.77062113168,0.06207234680614456
13964.964544064325,0.06202443769486037
13982.837382581933,0.06197677637586123
14026.716665512782,0.061899153351185024
13980.48539229901,0.061997726302032395
13949.719414095212,0.06203500172525189
13918.248284740981,0.06211981822977265
13911.679684084169,0.062124912097245535
13927.601880308765,0.06207885510191202
13961.527312205437,0.06204588548867147
13927.573227619307,0.062067313259305805
13950.038171672622,0.06205302273681321
13947.872581037138,0.06207803205164086
13917.993002112342,0.06209275951699736
13904.772502147132,0.062128476211414
13879.206584612053,0.062193914214131736
13909.392281678409,0.06209782248382479
13944.328702603723,0.06206008892911648
13938.846529143468,0.06207299143835361
13996.181927923562,0.06194344627774467
14085.449606091108,0.06176913996885305
14132.975359342554,0.06169191305168647
14155.708197463202,0.0616299593154188
14157.339486993988,0.06164425666811304
14124.860230806698,0.0617152255794856
14102.003292065687,0.06176388700852613
14043.643207279409,0.06186083186083045
14031.892269834229,0.061897451529691866
13998.465106288153,0.0619408221368018
13933.620505657842,0.062078520739181624
13942.730114897811,0.062070970761394416
13979.646578871469,0.06200249754203153
13949.982364408603,0.06206789530971469
13930.175937982507,0.06209598795623586
13940.378562633317,0.062074690188008146
14012.127258292683,0.06190269429906036
14034.018849630329,0.06191894005241503
13978.263194553792,0.061996143228944554
13981.773967823849,0.06201789793866155
13960.883967904954,0.06204763209985615
13961.441370225475,0.06207180897878552
14007.669182699135,0.061972831875282235
14005.777831782396,0.06193277384741556
13983.29289171694,0.0619995509110401
13973.315247702865,0.062014623571348244
13987.920452811959,0.061982021572379815
13943.599834586172,0.06205126448066541
13965.507050087024,0.06203051866146619
13981.829462580346,0.061985188908031834
14022.913446964578,0.06190433407283505
13962.562851581084,0.062003517081964124
13976.51056433021,0.06203153632587637
13980.817672139867,0.06199872639127292
14091.267251779527,0.061772961081647364
14137.865240169072,0.06165990813814668
14194.823725886425,0.0616089827381673
14193.857625862569,0.06162250363709351
14128.462352507424,0.06175422452872772
14098.131509176976,0.06181031396263598
14139.210696924754,0.06172282220761403
14127.61008531042,0.06171960823855524
14130.44242845442,0.06172770894431221
14045.294820155552,0.061895349841598564
14065.233012797258,0.061838827714564504
14064.710011771273,0.061883605782303015
14106.93874707029,0.06175540107693515
14138.411020139427,0.06169379757884445
14099.300975627024,0.0617586626641399
14133.247484604575,0.061689512287490714
14141.645683339315,0.06166853859509032
14121.340689892682,0.06176333566816583
14068.348052642497,0.061820289840607626
14066.80176455592,0.06187040103852954
14094.336118420562,0.06178706694377895
14035.341098205085,0.06190856052568405
14007.643949880432,0.06193948654825982
13937.751923599382,0.06211155712130556
13916.731506374012,0.06211717379667061
13960.804303422135,0.06204403960725896
13977.065511025863,0.06201220873932152
13988.191052016427,0.06198090865219003
13986.86400278292,0.06199715501917318
13953.091840514307,0.06203599940283899
13971.938276913246,0.06201759320914834
13959.34849414154,0.06204523518011635
14024.253990567868,0.061862559031208034
14048.919910378245,0.061831569472056286
14073.50908113616,0.06179658880534155
14128.621055593745,0.061686293995309956
14197.320427122695,0.06156667384319839
14170.88617170506,0.06164587733731194
14235.305140233586,0.06150623747338158
14188.85957584724,0.06160703943415257
14213.37595611843,0.061526855863950056
14144.649292222051,0.06167098654492723
14143.47963193324,0.06169041480912543
14139.942399485644,0.061695173121032114
14054.30738140077,0.061837962964855386
13961.867754173458,0.06200883248807466
13998.170002869152,0.0619317668843998
14047.422268496239,0.06184255145256988
14082.61979700674,0.061780164121337154
14088.501526548729,0.06177779448354116
14084.903010585891,0.061794521001785487
14075.967614347812,0.06182415014389282
14058.25267246049,0.061833103252156664
14010.482225503194,0.061913056903863034
13938.050618452744,0.06205114158492479
13922.63156084994,0.062098228485355796
13908.593351834981,0.062154489941656926
13929.297762904083,0.0620888057338508
13971.855766985474,0.062011373139074864
13960.938101400974,0.062025972799909554
13981.547631727211,0.06195191697302961
13961.510455529526,0.06200641623955006
13940.640697237699,0.062066706111599264
13905.15171006581,0.062107107829826196
13899.3333770375,0.062140112397514914
13921.481822103224,0.06209600255215212
13899.870451453158,0.06216858089488288
13873.188369749763,0.062192560947719716
13963.791900036516,0.062020547815126184
13980.877469916293,0.06196309486971039
14122.337281986445,0.06167451648598738
14134.661757490505,0.0616595141409395
14167.548933624988,0.061594815533766466
14220.859379381402,0.06152135505240483
14166.626326083862,0.0616217019059051
14212.002207162559,0.06152625522634134
14140.14603751612,0.06169226677505323
14080.80312039004,0.061807772645382654
14043.549816041143,0.06187831932112362
13979.604477376677,0.06200753921430978
14016.2524417165,0.06190934368459591
14044.469370914896,0.06186686053280955
14014.519768041486,0.061907583514624845
14086.0627965824,0.06179020098851728
14064.24979485603,0.061801785213759675
14102.705082717543,0.06170924112903912
14064.865350751517,0.06181082011528941
14091.074453620717,0.06176956914509872
14009.363066738992,0.061932707584425345
14028.326659816981,0.0618736782042882
14033.656231798297,0.061865110727496786
14017.715692392876,0.06190730050843693
14035.88578774308,0.06188412657493226
14048.919459353538,0.06184180574084119
13986.113005123632,0.061939729796104424
14012.610794819244,0.06190880424601591
14027.772176046312,0.0618952591845951
14045.95739114117,0.06184788785246389
14035.692751666382,0.06185696383484093
14026.516857887058,0.06187541071814748
13985.923805478518,0.061945419940234725
14012.198291480889,0.06189904124461993
14077.463058644249,0.06173594904468468
14230.315977897246,0.061467415827772064
14268.778662499732,0.06141159275777985
14349.029306490125,0.061250889334196354
14306.608794936868,0.061327419256553606
14266.794103201466,0.061398545720436466
14233.63888727645,0.06146930172930051
14234.296355014516,0.06149573700951246
14207.446483634814,0.06152703302853169
14162.911495379742,0.06160457776063346
14139.528693353486,0.06168088773154762
14089.71047560392,0.06176137879008641
14073.106018092652,0.061794217690306595
14116.003725597806,0.06172205135497431
14205.400730567833,0.061534869753513466
14173.176323519672,0.06162343666528099
14129.254750157354,0.06170622600397329
14114.809794485143,0.061723242535672296
14130.606726783239,0.06169306000882314
14135.189328090095,0.061656182583233674
14098.718852504899,0.06173907654374332
14045.612254607764,0.061847721424352284
14026.773533288517,0.06189725955481241
14039.6245226441,0.06186283385204681
14009.071910199435,0.061911710938127563
14061.339333317674,0.06179780185864812
14092.733145615275,0.06175412341658428
14088.163322694381,0.061750715371399374
14050.08802419376,0.061864360585401915
14025.786998986341,0.0618675961364953
14053.11203143651,0.06183708442279653
13992.313365607271,0.06190496298992911
14002.521794550752,0.061957566721760775
14032.615241084133,0.06185109725676262
14144.79636116407,0.06163018659627134
14178.566022803656,0.06157412114810624
14269.125276942445,0.06142611370946624
14298.402007624649,0.06135998294381306
14296.783901869198,0.061374392885551
14278.996205363437,0.06140313708759206
14220.425307123056,0.06153095797800458
14246.423123257966,0.06143338845175058
14240.651658495235,0.061448273257937884
14211.85426263243,0.06153454674874645
14130.036544833814,0.0616727635243453
14107.111280951598,0.06173774600853074
14092.231125366467,0.06176210247059679
14122.673099218497,0.06170789369833355
14155.939720841505,0.061617758224722666
14170.598063584002,0.06160036149818861
14135.913485296183,0.06166682200912147
14125.643940047114,0.06169797074184781
14104.931560450581,0.06173810249593641
14093.416289531611,0.0617821954589472
14063.997191111395,0.061835061452675366
14032.411482249137,0.061879093565863595
14025.817159468506,0.061881376689139844
13997.59791274142,0.06194586945031658
14011.5861590961,0.06191670237264331
14064.326237076644,0.06182728262892548
14066.365899244367,0.061828472963749374
14024.80450463435,0.06188024148306024
14061.222141221582,0.06182617056452251
14036.64098178776,0.06183104104439844
14091.684319220652,0.06175741339142494
14050.829082761553,0.061826953564107265
14060.007021944319,0.061797381593553136
14071.189831861573,0.061782854623230354
14197.89950444773,0.06156760213638573
14261.00062535294,0.06141069069271128
14312.210593530599,0.06133082791021517
14269.067653983468,0.06144035834330302
14245.555275345898,0.061452656857998944
14229.49183157299,0.061505413540002565
14247.07816481096,0.061455795750119765
14185.778766266852,0.06157106584127412
14216.925996995305,0.061527378985501785
14183.921851619338,0.06159589538013595
14127.977015517394,0.06170968009253098
14133.101774484016,0.061707709202089595
14099.84605916602,0.061755625369578765
14085.715056647803,0.06179686969420772
14138.936132887718,0.06166594278323019
14129.748202546254,0.06167540412196956
14158.557951972225,0.06164164136665672
14110.466949288324,0.06172067629170012
14112.670077592855,0.06173087608750841
14165.998069987943,0.06159294675165971
14107.08900063433,0.061725281763576466
14089.1897348815,0.06176862030684291
14010.488660478724,0.06189053183627803
14080.810233898721,0.06180185991544924
14080.420150009533,0.06175920440852751
14079.41779227129,0.061777188237239655
14046.991846391811,0.06183781244600442
14012.978538806088,0.061879893451150504
13991.373709311101,0.061952573749971915
13982.701718900144,0.06197179711247822
14035.862533474821,0.061834223276873865
13999.352870698502,0.06187930668960979
13987.272362927133,0.06196831181556725
14107.881828231788,0.06170866376488234
14212.660922879319,0.061505314078926246
14260.85255244792,0.06142743901357997
14257.576191202457,0.061425346180764256
14238.998254602117,0.06145738948798544
14168.397222458278,0.06160882816602497
14176.174883966836,0.06158896575433119
14139.09483580171,0.06166621289804789
14095.72565642558,0.061725822745636
14100.4103994059,0.061745800972643615
14038.307836061693,0.06186035324040581
14016.441024446487,0.06189191415436258
14015.904075106315,0.06189854459847835
14050.733160868378,0.06183920172184565
14070.075820220653,0.0617650972832824
14064.818945122277,0.061808646923970534
14089.015579119314,0.061733662946885204
14100.1051194684,0.06174578684133898
14065.8749255488,0.061804326283459256
14001.172259000785,0.061918234819595
13954.374311726771,0.06204207935998548
13915.46895351939,0.06213005821148051
13935.838119951119,0.06209918586467172
13973.936548228445,0.0619742468641162
13967.764163768918,0.0620006073784464
13976.741908219816,0.061968968693741834
13934.561614565086,0.062079559232870125
13922.998103423044,0.06209579331158255
13976.956495741138,0.06199906951360536
13947.5267805842,0.06204235125084328
13968.04946261596,0.0619634365194972
13924.673670468164,0.06207279038467553
13891.891841408873,0.06215335512462917
13928.008670974692,0.062061000978194954
13960.22905479623,0.06201134989757279
14060.544120104392,0.061802318738942326
14117.958027156836,0.06169522514162829
14148.645787425978,0.06166102048680484
14155.095553808347,0.06162849939146016
14127.591399321163,0.06168121772873769
14090.34506854174,0.06177017439463905
14038.244945384053,0.06187102444523501
14051.657681570743,0.06180457267147834
14001.312233620003,0.06194119896429524
13945.841437024408,0.062055902822742225
13966.036942778816,0.06201279981192064
13957.967597266808,0.06199574353541109
14046.510776751917,0.06185296920282144
14060.98789398221,0.06182635172863254
14017.794555199678,0.06187976621347744
14053.672231832556,0.06182983951109305
14012.756796582109,0.06189057485198278
14002.77835105468,0.06192802101937749
14027.5035448916,0.06189697945708579
13998.768314215251,0.06193215136625653
13960.543259263452,0.06199303554076627
13996.040588241278,0.06193705461824728
13984.900654970188,0.06199461146419543
13963.970420039019,0.06200721983089768
13945.132486814406,0.06202150099233915
13918.659927690569,0.06208297236325187
13933.71591076473,0.062083235673862446
13888.641414322617,0.062129085581726605
13843.335727394502,0.0622479708628643
13830.074175940377,0.06226419593255413
13872.699806433617,0.06216463713624123
13960.26767348023,0.06200049928701527
14010.0584644462,0.06188588511920633
14143.27368728938,0.06161945143974784
14188.142295932597,0.06155007539009982
14202.814732987448,0.06154428967737702
14232.894617150127,0.06148395428504591
14183.353062516007,0.06158457064919303
14142.552298663524,0.06166647129805437
14099.39781590847,0.06172403765587266
14106.58100547236,0.0617109117012262
14051.974210928662,0.06180793512385609
14025.29644792922,0.061858928476188985
13954.744680924152,0.061988115638182996
14023.147081781473,0.06191338992582393
14003.756797959524,0.06192278621559597
14053.928267880457,0.06182309780202631
14104.049187799521,0.06171670450018473
14106.533496927927,0.06171397343823314
14066.417113502714,0.06179558489203191
14110.015158982527,0.061703180259126474
14018.502046746082,0.06186460282245898
13962.615551847593,0.06197207517036546
13978.3835172823,0.061978773467780246
13926.113321898929,0.06204850012148857
13871.589390738724,0.06219432616223087
13952.894970198322,0.06202821963371956
14019.83030614657,0.06188851579478444
14022.33854888451,0.0618731176832533
13993.389569072018,0.06191768528489046
13955.04657446406,0.06200869886976525
13951.70826694951,0.06202012402568068
13913.88706364396,0.06207811166382902
13931.419824279914,0.06207328580101194
14021.209498104032,0.06187022347205174
14094.878498656506,0.06172468713835081
14182.617698177539,0.06154700554466608
14184.75961251577,0.061543403887501624
14155.652035008703,0.061607720822390556
14151.49055804658,0.061627048889876496
14113.553788128595,0.061717385911692284
14172.89306964312,0.06161721040356089
14142.256469587044,0.061615386793827304
14082.484259218978,0.06176098117697695
14020.387591368622,0.061891437595971016
14023.486911749806,0.06190027950933902
14012.909832697169,0.06194831490744582
14070.600547329126,0.06180034800246994
14055.516306842737,0.06180890012409521
14072.158993513229,0.0617910740366575
14088.573106796786,0.06177084506505498
14045.577134334224,0.061849451707869256
14045.195889916671,0.06183534613667112
13986.645978497678,0.061941053517898824
14012.751142201785,0.06189844378333904
13965.886316886748,0.06199285923329795
13999.835123579342,0.06190724885033986
13957.024709692912,0.06197904005587598
14016.335062565951,0.06193287507604952
14004.35979177075,0.061937649550280145
14012.961664826484,0.061914571648694655
13953.855553752617,0.06203274210675935
13951.217554406128,0.06201945300026118
13921.831761513251,0.06208342632002931
13936.751786601344,0.06204103854339439
13944.75679119871,0.06201385153080248
13992.883636604263,0.061970661748940406
13973.876166343613,0.06194765821332838
14036.685540439006,0.06182930057058232
14156.6593743955,0.06160778380099806
14216.60912354473,0.061516770261582955
14236.043988756264,0.061504520110163746
14231.889578090182,0.061475698540584225
14153.44371807256,0.06165349502993058
14143.853357024247,0.06165587726784904
14136.73796454731,0.06168347348577968
14140.080752380753,0.06166218659003475
14100.615365665426,0.06175381426299029
14025.874687769192,0.0618486545922343
13986.503029235162,0.06194922594389909
14028.1115564433,0.06189607066234807
14131.47960331263,0.06169767879761623
14156.235687152897,0.06165349776786449
14144.378685831594,0.06166274190151148
14149.991389819503,0.06160794927036691
14120.73106096077,0.061680247286936656
14161.7774522062,0.06160975743911743
14057.858613506276,0.061823607365138394
14047.752464589237,0.06182226716015189
13960.1839316329,0.06204684607184672
13991.413676869866,0.06198888510179915
14018.384044124574,0.06192038155516183
14013.312694398996,0.06190780830586227
13986.528947452218,0.06193749158069477
14014.822420288388,0.06190271193514172
13968.7195020453,0.061999541230297855
13936.359878451114,0.06205311958195953
13953.920579998323,0.06202670479156026
13977.194545059734,0.06199413580054914
13986.452725632054,0.0619356314877445
13972.29805767116,0.06199089136396025
14031.835062204917,0.061870814660996885
14115.892763549069,0.061676023499559716
14193.834127293238,0.061542011408239145
14211.988075034493,0.0615245978000014
14198.797399849982,0.061547204979296076
14198.390939462828,0.06157409535540623
14213.899696983595,0.061531927624962665
14152.650169888735,0.061647817533732926
14135.804262599591,0.06165521247098561
14146.251004427844,0.06166760068060765
14084.878336770298,0.0617857496334392
14066.500937365754,0.061790579333765375
14013.283914566624,0.06191419069750018
14046.225485200717,0.06185667542964212
14111.72900405065,0.061701375945663356
14152.656448646701,0.06165263391143807
14109.06181154254,0.061712546207080436
14098.356498837413,0.061744442979595755
14036.328663492608,0.06189721359601147
14006.517113605683,0.06192185606243903
13980.06057040381,0.06196858048372823
14000.129407940509,0.06193954095288518
13996.81581041416,0.0619166641236224
14010.032239626342,0.06188604537039567
13960.288899412728,0.06201098237409561
13965.206201908353,0.06200858054357337
13973.482614852253,0.06199017180140175
14047.88509332897,0.06183379926996976
14038.66869558673,0.06186531694453903
14027.90558288783,0.061903468049321404
13984.670576331813,0.06195874514701218
13956.354026677343,0.06201092099471474
13946.405375356298,0.062016061098686376
14020.613911137378,0.06189278808989905
13963.8072029512,0.06197681132093167
14002.700981635377,0.06192736478260782
14096.898930367257,0.06171055600542033
14177.01533352858,0.061541720740927765
14265.581607718528,0.061385491826036684
14193.736208158276,0.06155595217545201
14190.457597153403,0.06157071583155227
14160.947731602084,0.061572979945647345
14130.880435225377,0.06168183493296091
14112.671839822657,0.061713133985101004
14085.985326111419,0.06178848701521456
14020.295299993913,0.06191521257855149
14048.11778800853,0.06182847318187567
14072.060738980606,0.061803571857389834
14034.328420412827,0.06186664399541488
14063.78189845527,0.061818713359178205
14018.84883052914,0.061897035308794195
14070.373642360804,0.06178257931398256
14088.988079563042,0.06176377424355216
14089.666970651393,0.06175678423466933
13991.849541474592,0.06198059722138531
13910.913881336097,0.06211700442192996
13909.512542686387,0.062121008080117
13930.611797114932,0.06207323661162261
13932.68783678866,0.06204629260442849
13935.18053676747,0.062049369161414604
13922.34897172854,0.062068535142063785
13973.823174155601,0.061976416744293376
13941.684404768794,0.06202558522310031
13932.54086039005,0.062066344478099805
13912.997540854894,0.06211015161695198
13921.902670860467,0.06208843795603635
13944.234846648078,0.062042591263732835
13935.913739742286,0.062056559425476374
13930.838225506694,0.06205503763795341
13957.628961819217,0.06198670742064932
14087.711300357136,0.06169842462911567
14204.97359032214,0.061508253165861296
14224.868346514122,0.06147757960778011
14220.931452067089,0.06146955827639732
14189.698383417966,0.06154480715234324
14235.31969230329,0.06146739011783508
14128.784652014554,0.061675752843719796
14126.12728552092,0.06167558521841263
14103.962463196423,0.061706222580079816
14046.64653980806,0.061826660052069264
14011.63622363215,0.061905765143829554
14024.876087652137,0.06191084234034589
14077.243847698832,0.06175920899769095
14117.42149066472,0.061687439852723694
14119.131641772501,0.061670083360974265
14077.34587710569,0.061766846603316064
14064.356911036264,0.06177477363961305
13964.713055971899,0.06198940887619814
13936.852567068465,0.062067518128793034
13901.982010227868,0.062121802324486435
13931.39228897695,0.06209607664016795
13944.004315468044,0.06206731864241059
13902.798512653411,0.06212617611341139
13988.086876245623,0.06192999463066872
14036.605015782676,0.061828153472196196
14120.907624706235,0.0616844903998586
14085.553198802307,0.061775282494101365
14154.958971809056,0.06158261045578286
14195.728281891745,0.06153535381168688
14188.400850599608,0.06151721234714476
14123.507086612188,0.061648500957452675
14108.049528042497,0.061646853039130395
14085.552873281698,0.06176000936754608
14178.638706501448,0.061568536127666704
14284.406607773022,0.06137645787832466
14322.16382491684,0.06128818587973246
14302.064740096062,0.06131743057347166
14309.633196758183,0.061303081432725635
14223.617738192368,0.06148839469010479
14207.860543227967,0.06152916135975152
14207.789252388502,0.06151941900731543
14272.244765658761,0.061382844826504135
14238.371218584496,0.06142728275657947
14168.555020095999,0.061574703299912686
14129.962518023147,0.06163297451446605
14136.999428672241,0.06160996277784145
14242.722340197073,0.06143697400138695
14264.202947253634,0.061378561594105346
14275.727945053872,0.061355941464309435
14247.385214240268,0.06142143841909083
14216.004198926566,0.06147891164354612
14148.885425867931,0.061612691076552165
14135.387144024628,0.06166990164578576
14127.681129016437,0.06165463271027283
14161.497898399404,0.06159647316759588
14158.09977174668,0.06157963758877289
14119.787006674562,0.06166425373467709
14130.9145804385,0.061631723718447926
14142.986878304104,0.06162688026556931
14127.285420745657,0.061633075207467976
14122.585878406551,0.06165503994845862
14081.245473346255,0.061747914801428744
14119.728724538236,0.061671966277888825
14104.69780238268,0.061684163398669924
14182.244454858395,0.061526818299997774
14249.972696780025,0.06140180827768922
14342.31989305887,0.061248965145740526
14387.582837292864,0.061157458187134923
14429.057651221909,0.06107171167993137
14387.927798231189,0.06116695514452589
14371.025547831125,0.06121530359853056
14317.442091082776,0.06130081756470246
14319.46773809375,0.06127951719042254
14300.687606702546,0.06131985759965687
14290.808073514107,0.061322257405647555
14226.509617378759,0.061482045946639495
14154.037051283958,0.061641521396239095
14202.744287600866,0.06152052005944293
14261.235119875522,0.061400111566530705
14264.893161481403,0.06141965425103238
14312.786389333838,0.06128373931243583
14265.1597367532,0.06140588426193692
14218.171740004422,0.06148990909686332
14162.013250979337,0.061585203712949295
14156.007599668908,0.06161882888101044
14200.31584571628,0.06153922862088798
14149.256913517645,0.06162666811396372
14105.525374988256,0.061682311281231667
14136.924830759634,0.061639392023398444
14146.351970565129,0.06160595201866578
14147.915265776703,0.06164537922734134
14151.397828282255,0.061608839542084355
14166.4875190889,0.061578129064682297
14230.504680652693,0.06148332009860501
14154.16600604219,0.06160926304872825
14082.906794874776,0.06174276970472877
14129.196111928535,0.06165929240295289
14230.502622741338,0.061430802056894766
14376.11579528591,0.06119712327054803
14381.771510590626,0.06116414670967795
14376.384268450622,0.06119356753002609
14321.731529403118,0.0613157928757696
14332.157250084665,0.06130269503328461
14314.340535425301,0.06131394801623397
14335.493945352584,0.06126870148258162
14339.446585764044,0.06130466007593929
14286.632397404057,0.061371528263062025
14246.553508343142,0.061437433372498275
14193.068635473948,0.06152713565445247
14217.117181200485,0.06150551045463059
14231.353128638602,0.061489151070498814
14248.784704281146,0.06144534705330437
14220.57527182045,0.06150590484610569
14237.99152483847,0.061439108663120426
14274.147358208016,0.06138706072159993
14248.091765316278,0.06145444971916729
14214.04626760239,0.06151312777813495
14221.3981487692,0.06148254538542319
14167.823709072041,0.06159788985503198
14163.911882039883,0.06161535315039676
14166.084550556736,0.06160519769486908
14231.017926817029,0.061505853832366154
14230.112219516126,0.06148223637548958
14214.624860839944,0.06151887710512652
14216.363521092911,0.06153753392247447
14210.120132078593,0.06151742332557284
14198.932525998955,0.06154073692685851
14187.011864085021,0.06156322287913631
14094.980084993304,0.061732012008420184
14111.281078469685,0.06167655061593902
14201.976865969767,0.06151874134984656
14345.234265776466,0.06124989628557004
14343.961892363755,0.06127056122837603
14373.84446582049,0.06120741055501069
14398.02431050387,0.06116989011584692
14442.893864415964,0.06108415893275943
14358.47842042638,0.06121887645570285
14364.22415692981,0.06123519930801681
14409.171659101004,0.06113871763988304
14302.18809205638,0.06134106124533232
14233.990824216762,0.06146829448103657
14212.213364155861,0.06151295566531305
14176.8332981961,0.061580413073594006
14157.996646155392,0.06160806299284407
14161.61076259503,0.06158637428337494
14199.991315777463,0.061548164768327175
14152.342857268926,0.06161116150634699
14187.30630675398,0.06159927967923541
14195.14842032417,0.06155888130714258
14164.07527529302,0.06161399780113381
14128.785584624,0.06165096645955709
14135.194997784889,0.061685513624067115
14106.340020244876,0.06169722811377874
14147.85690577297,0.06164730582008229
14119.871636712993,0.061667715479355074
14146.757970009272,0.06165421957804891
14029.608539552888,0.061834748067436315
14067.880835823244,0.0617744596463966
13996.581190218782,0.06192494907576998
14063.71789658564,0.06180345709877605
14057.703556220049,0.06181182623817261
14061.473763381759,0.06180264409653119
14044.08111961617,0.06182152923692242
14088.709509032396,0.061790675740224725
14231.209032463454,0.06146180932631853
14296.493344147459,0.06134225810514901
14290.844648075426,0.061342617034874265
14344.867542020922,0.06126538240506749
14300.866628886455,0.06135905323920688
14302.393766470466,0.06137092810234756
14116.482627682504,0.06169680332003216
14129.085383803904,0.06168324798635371
14143.34153055246,0.06162520466448634
14120.84084461576,0.06167480053029762
14091.115428348601,0.06176858502106265
14064.05536793058,0.06178206006169321
14066.756782500182,0.061806352945910206
14075.513979371486,0.06176060179713366
14100.439585149958,0.06171504259452604
14146.02813020338,0.061628031429652064
14132.913930533487,0.06167040868926759
14159.8756335645,0.0615787925647924
14078.5762895992,0.06179168357593396
14087.598667907154,0.06176148891334148
14056.294712894654,0.06182061518242369
14051.337012529026,0.06181362573209358
14088.69870686738,0.061748826045441775
14076.699067361378,0.06173036397614738
14059.567866333886,0.061800041844178984
14060.855386074694,0.061787281984381597
14006.050838171072,0.06191049946288825
14029.445328084501,0.06185071268899967
14021.117997285772,0.06188378045278131
14011.623663435657,0.06190793948848495
13998.53680713163,0.06190883174593327
14018.297802728595,0.06189607327991036
14131.155081863111,0.061663782921644206
14252.325102251825,0.06140719406516951
14286.334044675774,0.06134337993296538
14372.637504532126,0.06119453067241431
14314.070753624428,0.061314162537668665
14316.274892672938,0.0612826329579992
14273.01739254676,0.06138655769930744
14240.124028149452,0.061442141063087
14210.714178790018,0.06150426547971031
14186.440288700675,0.061528246026476774
14128.643916565165,0.06164177875327847
14129.399720126026,0.0616617736651808
14115.537425356013,0.06167272883508803
14242.919719810037,0.06142938920320854
14220.543350350696,0.06149761958419763
14174.158386602863,0.0615665957241056
14178.64387026378,0.061560006523755796
14192.950339972702,0.06152659957414461
14153.890896595198,0.061616698890310226
14128.982135911685,0.06164287301373201
14118.20288274054,0.061674090601034084
14103.934451537612,0.06173548791680755
14101.763412550314,0.061734237125561864
14143.13076764586,0.061614426731867164
14128.323766327798,0.06167946824606871
14118.71898114534,0.061674903577406785
14128.238520480461,0.0616555305457071
14141.436745879551,0.061600883716826094
14107.120097991863,0.06169783587407946
14088.234388565801,0.06172760882516585
14031.142461469699,0.06180688956901003
14071.723700791554,0.06175393932961573
14194.075431224826,0.06152199766164002
14284.042933881012,0.06136275918730388
14357.323979017257,0.061230451362046086
14325.539648219667,0.06128360438248925
14275.205636712268,0.061389795879396074
14303.134373085573,0.061339134580671785
14336.076504243196,0.06125277153137689
14342.547146183728,0.06125205484229187
14355.53943296574,0.06122546056276968
14338.857137307068,0.061246022032073535
14239.515251694673,0.06143398087351989
14187.091568455426,0.06153880661060275
14185.130217179054,0.061541829078178435
14261.60412135848,0.06140545057502043
14244.236478394365,0.06143247647980665
14261.475249606008,0.06140692691812403
14274.55995100581,0.06135234578151635
14302.069413285246,0.06131125607055496
14195.411250025334,0.06150311715750155
14201.165945590856,0.061507337166298706
14189.653001449165,0.061527843458494616
14191.609567706879,0.0615040866055321
14185.71552491638,0.061527857579449334
14219.321932549647,0.0614840847223472
14166.592829261774,0.06154123368105223
14124.69492685146,0.06168154142163741
14206.703640850546,0.06150617857009944
14214.595203832137,0.06147852197119981
14164.57046395415,0.061586640622233735
14117.300255719452,0.061670822346476306
14124.462090971825,0.061658002217308355
14132.351346181416,0.06164049613335063
14157.009525904707,0.06156255463038723
14270.501904064744,0.06136083142093951
14377.363425105836,0.06111958690356169
14451.062467232674,0.0610082469929037
14423.8985881671,0.06109083375957214
14470.75819444643,0.06101507694158996
14372.44841166384,0.06118046253028167
14350.038163375431,0.06124627840918893
14369.304700600218,0.061197401425686
14340.270348780641,0.06124604014791809
14321.39129005582,0.061298113105743866
14232.610159438755,0.061443852850770385
14169.534119067986,0.06158654697100007
14223.700589125456,0.06150262579137201
14215.151564136237,0.061485675692276004
14290.780885500366,0.061337594947078265
14242.042331042861,0.06144942960381378
14224.602368069538,0.06146028411842172
14226.084213213742,0.06149107705441459
14239.027605377141,0.061474232397268264
14213.481696454563,0.061483881894936025
14193.992538603883,0.06150005409291739
14194.090039853496,0.061518122184445904
14164.31982725798,0.061597945926239746
14132.16996955456,0.06164427783424762
14122.218467945602,0.06168625776622569
14143.744107559507,0.06163541810788561
14103.630464546966,0.06168708391342647
14135.800829555337,0.06167791430427485
14104.661482761727,0.06171827857208002
14120.447607567576,0.06167029218920955
14094.527441111502,0.06173558771544986
14117.232839407268,0.06166445010169922
14142.166803242651,0.061643408113621304
14237.4571185895,0.06138076514571281
14454.097402779034,0.06103145624200325
14529.04308963235,0.060850465249269264
14515.635397377624,0.06089790616159844
14486.9539253387,0.06099282336129136
14415.346075428131,0.06108545220775475
14417.203205671603,0.06108635140760677
14447.114377881451,0.06104626383906207
14457.567719797855,0.06102983924746152
14352.76250458698,0.06122170588155436
14276.221551117198,0.061417260444396736
14185.660259956447,0.06155865320674192
14111.219417471906,0.061687530570455236
14188.675572263488,0.06155028661848051
14256.749419848831,0.06141172110099467
14346.356851414988,0.06124854249814053
14325.8238015371,0.06127661624270881
14250.205242271912,0.061401285957506095
14256.010246958933,0.061416854693931135
14186.17206830035,0.061558209289645296
14148.485025906442,0.06164736119244903
14155.380967402754,0.061617075751560564
14119.591398202563,0.061677267661261644
14129.322974156259,0.061641247827445664
14080.309507518823,0.061763585792561394
14151.401851588114,0.06162454957398931
14103.484021042303,0.061711071581436724
14084.475311499154,0.06175776081552555
14041.186231136126,0.06181726689289307
14022.020987851616,0.06185303580081064
14059.453672464195,0.06182313361446299
14036.705086056514,0.06184638291268207
14065.760814218705,0.06178574863909201
14111.539958306399,0.06167077684730837
14245.648330514292,0.06142286165513106
14368.00583615541,0.06114665897875459
14392.693808755745,0.06115764949856101
14421.468037890245,0.06107954121484411
14326.988958652202,0.06127000346733652
14340.602921328573,0.061252896158244675
14262.428626829314,0.06140243364628986
14223.697520508227,0.06145146705346951
14169.872081161151,0.06158465653549652
14117.62717228694,0.061663821347239856
14068.163497507207,0.06179265389501775
14085.1020902643,0.061744555407863604
14137.324726028975,0.06163463308580926
14211.371185813277,0.06148970271828512
14240.268334540811,0.061469182960461506
14216.72744643868,0.0614845444939391
14189.712711361659,0.061509336218561854
14143.69622140305,0.06158251284421336
14161.961890637567,0.061582578913841
14123.777556635945,0.061670542151741024
14105.472602900447,0.06172816856227317
14078.099846691644,0.061757048925453986
14025.521353408178,0.06183576840223011
13984.577148156863,0.06196273114552803
14027.861284184588,0.06184668974759001
14043.788609469932,0.061822708536217234
14053.886611930744,0.06180922748858615
14118.596447375132,0.061692935228803036
14074.240508988993,0.06175426223128337
14024.763670854449,0.061857190614521
14040.501690909981,0.06183434194843243
14043.01734016365,0.0618311534472583
14224.118257803531,0.06145929807856115
14349.523608883863,0.061221511689038416
14360.441250118996,0.06119015601943309
14377.879053299343,0.06116956397444754
14284.239284393727,0.06133649582685645
14339.347978318117,0.06125984064599425
14353.381522551166,0.0612145719401999
14267.285283394147,0.061404359049740814
14227.812358389778,0.06151139814332318
14176.547307635828,0.061554577540976305
14104.549386479364,0.061726224553773336
14110.8088305356,0.06169977133751541
14154.19948141293,0.061654212167494726
14188.583027263834,0.061528233785634115
14229.075330335307,0.061476311491181934
14265.045269563852,0.06135659713651097
14249.562566886008,0.06144456540027141
14263.312043308228,0.061401516140884266
14207.777398736633,0.061462859620232596
14157.585897342917,0.0616057872620325
14140.15466365938,0.06164906607451709
14114.181664804393,0.06166496487458813
14062.174130848449,0.061781315302690556
14101.19335334663,0.061750332151293254
14119.357146452636,0.06168954423681349
14095.08124977366,0.061716627750205706
14121.94415957991,0.061665891333095635
14114.15307742835,0.06169765788158212
14068.257866177948,0.06183732517701478
14053.344112788121,0.061806289833313335
14065.109521062568,0.06176667518395668
14112.13230568873,0.061711084227750276
14172.418402604826,0.06156848142256439
14355.35979405876,0.06119717673838358
14416.080780822898,0.061081051955040766
14418.68891019701,0.061085295858127955
14466.485399063207,0.061002808032840417
14426.968190632188,0.0611043817326933
14448.193937258251,0.06103982366743106
14383.193028917312,0.06118991079632531
14310.817221413845,0.06130937072740508
14286.298669608002,0.061383251094683
14196.58163236876,0.06154729572442685
14179.575738051237,0.061586188033815055
14180.89016988848,0.061605502346172174
14210.856236523043,0.06151906153174688
14299.705619356107,0.061324673343078506
14332.761679094066,0.06129458187307845
14271.558354955116,0.061372720950738535
14264.219757438572,0.061414884456897745
14252.471897186655,0.06144754428859187
14183.872299505882,0.06156378206304617
14221.694126053819,0.061468168050314693
14152.44020635211,0.06165161880915957
14147.808685018284,0.061623253033000334
14158.28674966473,0.06161063682780488
14134.349554643168,0.06167853936785606
14152.616871601265,0.06161195139783717
14112.603940013012,0.06170871255437753
14109.887326089969,0.0617007093679921
14058.89423340177,0.061798473357652976
14057.901806057547,0.061816031367153364
14071.966412218886,0.0617621430709429
14078.543098958286,0.06175958407863359
14166.750287130939,0.06157826403652838
14306.123811085434,0.06130072948440395
14411.638804121409,0.061119698097473134
14443.687394197248,0.06105649526120827
14418.620316975257,0.061114670263874044
14405.212613970432,0.06112855015608394
14398.591003683527,0.06117106636420525
14372.859533141242,0.06120377107296088
14302.056733233896,0.06134315066307697
14273.206519717321,0.06141086539227639
14200.689603836077,0.06154775770946734
14176.460504074239,0.061563088718073894
14195.302711442662,0.061540185678782576
14176.435028623131,0.061562821677350166
14187.945371780163,0.06153568771871886
14198.695389027114,0.061521558118056305
14276.40883891654,0.061403553630334104
14244.663640797078,0.06145121887100795
14237.712012551883,0.06144778441428784
14238.140217852762,0.06146484421043668
14181.639501896212,0.0615499820825362
14133.525470605273,0.061651986918675794
14192.812552280218,0.06150637981185638
14227.037866151148,0.06148583653623185
14192.248639432833,0.06151675255934424
14166.399236664769,0.061587152316094365
14132.753986106976,0.06167268894615882
14129.016132602295,0.06168375860662535
14106.141995672913,0.06171595736775423
14102.418064450165,0.06170439876087142
14065.938387901073,0.061809511292711214
14149.813418957518,0.06161488076685155
14169.402673465283,0.0615684200433385
14347.233298580131,0.06122678581824117
14486.391528613143,0.060951018835962205
14519.26053018202,0.06093550801009581
14526.867173200482,0.06090624464319411
14468.286378046252,0.06102195845921546
14433.968457905139,0.06109793802113738
14362.11946576654,0.0612154798741093
14411.268534982331,0.06114835847449911
14414.055752577615,0.06108610209086174
14329.342476995576,0.06128270890192234
14306.910390169398,0.061324150506862345
14246.48106054507,0.06145223539943448
14309.79373677577,0.0613002553375496
14392.576825850365,0.0611524398199213
14380.963000923743,0.061148427346472974
14371.739970476994,0.06119954578751157
14348.743838158063,0.06126548830400556
14289.602327695062,0.06134238991282205
14276.844622597291,0.0613884045427308
14229.526081692413,0.06146907437469491
14215.41137800734,0.06149109618584779
14217.684218650606,0.06148302648953272
14163.830534697921,0.06161122712745409
14173.885504900893,0.06156789139197011
14136.990543388913,0.06166641028706083
14147.22115032434,0.061637727468216566
14145.90544756098,0.06164295430946044
14127.239477888452,0.061667316256855655
14083.721236217845,0.06175638540108772
14074.32425886876,0.06176334852819624
13989.130506944473,0.06195239277086546
14041.536584089816,0.06183512017216368
14197.428980098866,0.061520995726009525
14285.024214046942,0.061356525768792546
14405.429332333459,0.0611117394499201
14361.133183992491,0.06119657464225472
14330.109423979087,0.06128315526607376
14313.59936271268,0.06133876651226103
14225.541565078374,0.06149030383267845
14177.669729938438,0.061558055248502476
14222.045402138245,0.06149147918650202
14196.731648630104,0.06152983604322225
14101.51492661177,0.06172502562409644
14066.331940278884,0.06181241614688353
14096.027721363276,0.06174307504635608
14110.622785817855,0.06169421258357248
14185.532207755765,0.06156825000093536
14177.86279151147,0.06154322714909838
14159.435890657664,0.061609167179847414
14117.402948481167,0.061685533517779556
14133.096146537962,0.06164570702258698
14119.764844079577,0.06168585150841866
14039.448452695395,0.06184724783968065
13983.623419501428,0.06193748012516415
13991.117346782094,0.06192338151616921
14045.03464769694,0.06183711666588783
14033.958865066536,0.061847555620438456
14030.422210918154,0.06186980157980731
13995.92847226612,0.06192432931732408
14009.4703168725,0.061885677398661
13949.596946666692,0.06201381969189077
14022.930008381134,0.06188716469764677
14045.48328502696,0.06180606174083672
14073.16008584399,0.06175546334487357
14087.928776937435,0.06169601399517595
14179.482897478898,0.06154868889542646
14288.66343608077,0.06136178758854805
14380.7728265015,0.06116637520813026
14368.761656853596,0.061165247759198564
14292.030039927491,0.06134772877354651
14265.048010054932,0.061386963973800696
14238.845224586206,0.06147647139702057
14224.379151497442,0.06146489198494808
14161.500735534513,0.06159311219287698
14130.215533114546,0.061696919585941354
14131.306902054146,0.06164670335331027
14098.573914462459,0.06174110909938112
14154.135935551294,0.06161136721989852
14206.615950428264,0.061500152790737235
14227.092454107047,0.061464791885367014
14199.87776741966,0.061519991816098095
14183.691642183045,0.06153705987058162
14223.32048109463,0.06147035521929336
14160.401243080934,0.06160625617373965
14072.603082787162,0.061771189552611655
14043.561065131034,0.06181383780225466
14014.251197408581,0.06186134355061811
14002.033954428243,0.06188946185540991
14057.255371862197,0.06178151908135388
14021.87159960735,0.061849409749160866
14046.56884792148,0.06178088060888596
14024.441838623876,0.06185368481775475
13995.248192375337,0.06193844744119336
14013.10209616893,0.06188132727821406
14034.737787477608,0.0618492594492385
14062.75991154858,0.06175272660124418
14189.642747089229,0.06150274820777562
14274.345455067918,0.0613440118307854
14334.355440573689,0.061256094612645175
14309.558171290282,0.06130090916285544
14319.249515907453,0.06130116982056629
14307.96708669234,0.0613232260527922
14298.457869782955,0.06132617514723275
14255.113764431066,0.061419922132034
14254.106765481525,0.061416699635785325
14215.27052856006,0.06147250031226922
14157.766103837395,0.06159096611654302
14217.789374933503,0.061465865021560484
14212.835779798823,0.06148847480275374
14252.219997413298,0.061401998175900294
14281.276674258219,0.06135274543476617
14308.354524515496,0.06130812069409347
14294.790604373258,0.06134177080471912
14235.64658046428,0.06142342783746202
14198.65903765757,0.06152509136430198
14111.970209821962,0.06170547398924631
14140.564905010102,0.06162759468266568
14140.225642408908,0.06160055858999442
14178.540075890178,0.06152420200681933
14174.908584049495,0.06156435812762544
14153.677850066291,0.06161202341550406
14074.44834136145,0.061739552387702346
14126.843656284793,0.06163705724114079
14135.599788720216,0.06160980714984525
14173.88231838875,0.06155387407179856
14162.553008590427,0.06156981438692854
14156.984993145947,0.06163509955286511
14154.890274203368,0.061562931144669236
14245.88544830934,0.061415152481071315
14346.765454032322,0.06116151298390479
14411.968630948491,0.061117734758331425
14419.34950965527,0.06108654693160014
14388.50021559299,0.06113767564277298
14382.411963073495,0.0611664512904951
14393.075033209752,0.0611564396596483
14343.769121205121,0.061238538074047374
14314.792986020162,0.061273124299999523
14285.695452580414,0.06134440934718404
14242.380636231048,0.06139240442216638
14212.290356134883,0.061473988514550326
14281.93128235804,0.06134141003054478
14338.098397284355,0.061238131577929976
14320.277159901167,0.06130954987803977
14318.603139114424,0.061268932223568086
14321.034546200106,0.06128562664738259
14271.511117570159,0.0613714213072562
14262.69861092746,0.061386096641557614
14203.245505745295,0.06151860597938772
14249.92262834901,0.06140985546653465
14233.50455311631,0.061438512578921495
14188.395520825794,0.061524889711950144
14213.141719642126,0.06148324318717051
14279.58953640113,0.06134109991212875
14224.54656251851,0.06143530094651733
14255.336953460008,0.06139519754756275
14201.693076126976,0.06149021604878074
14187.407637317745,0.061529819480802536
14140.900058095836,0.0616080287746607
14186.921871918908,0.061559106344539156
14313.088071180693,0.06125931001491431
14468.59932465124,0.06096257022703559
14484.291821302495,0.060953375659309486
14443.91435435087,0.061042813975522615
14482.82537314442,0.0609400714581469
14487.600873320805,0.060968558733090615
14495.105399752718,0.060973807562697005
14451.695561324435,0.06104559078497019
14437.371613962938,0.06108798776575996
14342.97795196332,0.06125452122643909
14286.206619525681,0.061380830955551344
14290.31834238846,0.06132006008409905
14253.53091866155,0.06142144663925784
14292.562864659683,0.06132175379561607
14348.398431333511,0.06123120319192815
14305.965727601177,0.06131366575064075
14282.039943939932,0.06134320477501622
14332.463887117157,0.06127568537201098
14338.207660969161,0.06124163154586656
14264.208554038698,0.061366945468482516
14233.774670567407,0.06145356539998819
14201.212234147386,0.061507653633714805
14114.168489986343,0.06165743787328673
14179.325432231977,0.061536722906238225
14172.265364758749,0.06156042925347735
14169.893210102922,0.061548277219920344
14232.999582455108,0.06146283198915686
14166.039418592696,0.06156880683818343
14118.56489867314,0.06166739795180379
14126.343748595547,0.06162710826025437
14195.819434581945,0.061475779814542116
14141.262550676967,0.06159927750965058
14206.23037275951,0.061463672939922664
14313.516395259865,0.06125235657218734
14445.594320981847,0.06100677488747734
14465.81796949931,0.06098381173212573
14432.079670564259,0.06104975410243652
14410.921189803737,0.06109280838371338
14371.621829319884,0.06116193164107766
14311.285747034935,0.06127642062555769
14332.750384718605,0.06123851403915664
14346.829482217208,0.06120648809713886
14258.291777032886,0.061382156774808586
14245.408433474422,0.06141270365781594
14220.704669314531,0.06144258737979755
14257.724857250943,0.06138063552806792
14290.47364254474,0.061324796758920906
14371.778585143475,0.06115949934165704
14365.438980104072,0.061170238340234113
14331.205589176303,0.06122551087461352
14275.754609750242,0.06134359001911267
14255.2643417616,0.06141102755615724
14230.981464772765,0.061411818591672676
14205.141387180849,0.061464172377976904
14197.07450642652,0.061509720351935186
14172.528208774775,0.061541459357546506
14205.110549141311,0.06145634465937369
14191.025394344317,0.06151089281644131
14197.420532499234,0.06150710671370041
14182.405483526472,0.06151747626710045
14181.85806068178,0.06154594291916642
14184.530852437883,0.06150631722884607
14202.427061661914,0.06148997736779954
14208.214001748183,0.061432083359247894
14269.403758382687,0.061348714651529926
14458.637645454557,0.060975616122707826
14471.215753510995,0.06095788636736901
14505.001548758228,0.06091328144211392
14452.808148031436,0.06102257157327817
14453.600858229654,0.061038886584411194
14377.90043731634,0.06115958889465085
14394.342784519056,0.061150021618537914
14406.403606161046,0.061092649693069476
14353.157489049347,0.06118923894242413
14367.691299820055,0.0611656891128373
14323.556742126873,0.06125133049288388
14270.195033450576,0.06137680046537832
14351.7089942712,0.061188109054513086
14397.8591835984,0.06114011681034594
14451.800764691934,0.06100195854503172
14397.94238021391,0.061131019468379205
14401.726735268338,0.06111930010759935
14286.786294897776,0.06131896418392675
14333.449173476607,0.06124059004006024
14292.975290042825,0.06131294138267169
14317.771412297132,0.061273482716405085
14257.044937469149,0.06140441988783569
14305.461026346107,0.06130062740374327
14303.867742792765,0.061284661778399876
14317.670430412887,0.0612730052802687
14302.599561546262,0.061314481854290004
14295.84289359295,0.06130440871995101
14241.186915644426,0.06142088683623777
14249.255362187432,0.0613780667696935
14313.583718821455,0.06127638714564
14353.70161714201,0.061189653761637465
14484.177457952715,0.06092925394994195
14544.898025591187,0.06081726241047251
14515.356720501391,0.06089896092042908
14590.731075324795,0.06076086835261903
14608.488265398233,0.06070348117158996
14541.140241421183,0.060855212927176605
14450.510473576163,0.06103249069140827
14447.419535287223,0.06101155055131358
14455.378669070134,0.06104329737087669
14391.785118140206,0.06112848516467012
14378.273599247332,0.061132955761299984
14345.570751096742,0.06121694598476186
14371.556753279925,0.06115179944311633
14441.38702339318,0.061046658750995984
14515.64165385924,0.060880722089212094
14479.182448378635,0.0609619131122298
14522.917499380634,0.06089230846858067
14426.042892738998,0.061072003024527234
14336.532426707321,0.061225737688516996
14350.727405296526,0.061209186443736165
14374.581962696155,0.06116577080667596
14351.581601480228,0.06119659648228329
14350.401342351985,0.06121376985582078
14261.268785778271,0.06137583455310345
14333.745962337936,0.061237856057129836
14329.353563725672,0.06123489798814756
14342.676953980366,0.06124852170331588
14301.903434432492,0.06127507775289429
14334.58156374731,0.06121073532109281
14326.72787846803,0.061241423070243474
14262.842586501594,0.06142645587138561
14338.574501723917,0.061227887984250294
14414.14900013498,0.06104345297847223
14559.186559859936,0.06079850651990689
14589.666806094656,0.0607492927173396
14533.211662059015,0.060864454050907506
14478.45016526821,0.06097914217513883
14440.013820840437,0.06103209935944963
14393.240051617591,0.061133023177318044
14341.90561976152,0.06122747251794804
14306.591906222038,0.06128547414569499
14324.649571585873,0.061277017425043316
14327.168055743874,0.061255350399234396
14408.48368272728,0.06110352186632617
14489.7762522465,0.060985285531035945
14484.134102355,0.060968920060117233
14492.33268062804,0.06093971961071036
14554.690260558387,0.0608162619456412
14600.8476679632,0.06074274679108706
14605.798291594265,0.06074745018664243
14580.869101308122,0.06078350311590098
14498.550118636862,0.060939322187651135
14409.016735016188,0.061120069601849555
14382.595431267739,0.06113579444273369
14395.375044586515,0.061148941801985185
14516.633557201145,0.06090655770925711
14520.543301739674,0.060900429429449635
14528.510042372523,0.06086125168192254
14466.397205977086,0.060986958743303885
14358.581463875082,0.06120163541041613
14422.567932222091,0.06106212961160426
14459.051698489244,0.06100745189900801
14435.778452939368,0.061021182972763044
14448.735670316843,0.06102727396162178
14567.228689991267,0.06076605161889992
14655.590344186381,0.060618857985325
14726.544781732928,0.06046966052332944
14714.3843463619,0.0605112698035713
14693.68051913337,0.06058974986234951
14682.450304727357,0.060598157774417696
14663.721857283177,0.06062842994256159
14669.294298755241,0.06062349711388181
14642.277075349715,0.06066891361308724
14630.807218093172,0.06069268390552738
14493.545238593293,0.060953539150824264
14447.320294327359,0.0610532412740289
14469.696377682858,0.060983966713638094
14578.38575797207,0.06078988798194035
14590.194951985719,0.060762532286155635
14576.320618347494,0.06080092186579981
14526.940510754537,0.06088676237406233
14512.168909399295,0.06092639039922809
14476.624897655154,0.06099095281164286
14474.234984324103,0.06096040664497812
14393.408085076004,0.06114588485534424
14390.855248569504,0.06113812888839095
14397.05099766473,0.06110727046760812
14405.695869228412,0.06111890353175792
14399.713968129192,0.06111599630267018
14381.44374983811,0.06115892825631641
14409.201057862498,0.06111275860646631
14394.69370248761,0.06111299112139912
14426.227359179346,0.06105158378459964
14391.972319839886,0.06112336430673091
14334.976395294652,0.0612518058250165
14390.689331173462,0.061119746281573295
14412.85923549762,0.06108332006229771
14562.530577628335,0.06081279644935627
14648.07189242566,0.06064543807074329
14718.356031563471,0.060538870822071586
14760.82246845798,0.06046650094294322
14738.617999161741,0.060488878745719094
14699.741796556542,0.060558032662357646
14720.913493244665,0.06051935952130206
14684.234091918626,0.060575551464906424
14704.723633854246,0.06056181500364759
14606.870984656265,0.06071063095558261
14533.488875917905,0.06086320846927269
14441.310851937116,0.06102757803326802
14423.292126254546,0.06106505671083132
14426.891282085095,0.061085304455803874
14486.629008368036,0.06095356548955218
14507.781490366933,0.06094660651783252
14531.78687562119,0.06086862479240059
14495.522637484513,0.06094037059428669
14455.380401171618,0.06104681001889032
14418.783955783849,0.06108225864964566
14392.626177724069,0.06112593457930366
14452.810826347251,0.06101281524393235
14456.421876898177,0.06100105332210133
14454.584720523428,0.06100350712954051
14411.737825057704,0.06110965264945242
14359.691272676262,0.06118056486934871
14376.343889234618,0.061135380831584575
14346.706812399274,0.06121691951022227
14377.043877939876,0.06114585164444045
14352.582225896045,0.061220683269694015
14341.517854567157,0.06122180313811824
14291.843301316034,0.06135055815445453
14297.320889407347,0.06134062474822878
14478.13795637285,0.060993757666360525
14604.162875230866,0.06073247441916703
14728.729042706966,0.06048542605818455
14710.09129559477,0.06055708462333923
14604.92410449448,0.060735971354266116
14520.214146677867,0.060910376751471304
14471.802601698051,0.06100624537488495
14409.626172272354,0.06112195172740629
14461.338511163805,0.060992166410824784
14349.743519367583,0.06122202474953311
14290.424088131664,0.06132952150087507
14253.773636602347,0.061404450748823336
14303.19996089263,0.06131443496117396
14381.808055870772,0.06113859398537684
14412.44309639975,0.0610835474167823
14483.532706926528,0.060953466891151
14470.269604374738,0.061001453230867364
14447.653428642025,0.0610640155278664
14339.470444229577,0.06127257389867115
14315.310824990309,0.0612527598372284
14317.877266467061,0.06131384279211721
14292.591164615955,0.0613482864281502
14255.931920678813,0.06139289799236107
14282.183986256785,0.06133634427844824
14233.985538975407,0.06143499238645723
14258.28208124564,0.06140621458833267
14300.1331873777,0.06131541271097716
14316.216132089527,0.061255222802188244
14267.005963310514,0.06139369605205039
14246.08385876516,0.061433481940301723
14197.977884711223,0.06147892264431868
14278.644113837712,0.0613495421237938
14490.829082510325,0.06095776297212624
14655.708886179138,0.060640489871482274
14633.022618255145,0.060661055095564353
14527.525361014694,0.060900687427352704
14451.588050081113,0.06105317646789728
14507.687713383993,0.06096647714580777
14497.228900318,0.060952962950123896
14490.303821058833,0.06100023400305858
14466.725734392829,0.06098889254757066
14365.501332621126,0.061197763975719154
14354.242480414643,0.06120397915402556
14357.039679802254,0.06121895440172864
14420.302359672422,0.0610834275230504
14471.288345849853,0.061035496296379006
14415.959307247953,0.061101028150123866
14470.680216329902,0.061028424693314806
14491.694243356797,0.06093725389063786
14464.762148776368,0.06101897188213069
14409.734801016468,0.0611111888310651
14378.867377743754,0.06114826291943342
14304.066557492559,0.061319337967773446
14268.143361670858,0.061403495424106204
14305.697458644572,0.0613382670907779
14306.527120852143,0.06128848070481072
14361.874160400299,0.06119820058949256
14319.936137605482,0.061261819519162604
14246.54614999305,0.06142953322454808
14262.39654496401,0.06140959714604493
14335.153854671153,0.06124555601841453
14311.313745222928,0.061314287327237184
14306.42183972152,0.061295759034510185
14375.925820906397,0.061139526695497444
14481.510844049297,0.060962035310367
14630.846020213226,0.060695497782154655
14648.558225330653,0.060656376857784335
14631.951951557356,0.06068189574869751
14568.652656187607,0.060851266593343
14541.0997204647,0.06087632978747973
14522.469009834478,0.06091661137749178
14461.547231378296,0.0610372939957926
14452.067549139383,0.06104501560197012
14391.343471499078,0.06114224100127784
14330.514819328528,0.061288642930548504
14369.50488878542,0.06118517240443982
14378.884834115328,0.06119506601276267
14404.016772209758,0.06112276527549346
14450.075095630493,0.061034778281888864
14422.08311840291,0.061109384164954345
14429.692454613714,0.06106898146836392
14391.459538091385,0.06114493974139166
14326.239403693897,0.06124792750397849
14263.542236310428,0.06137901845540719
14285.753772989585,0.061329360807980536
14247.347455380343,0.061422680387638595
14315.609453812476,0.06130783472774237
14319.588548124957,0.06127709302448022
14320.424918015047,0.06128908746125609
14308.415551280403,0.061291083985945745
14287.776628582427,0.061311463118116624
14278.897221118292,0.0613703337270618
14252.42765361275,0.06139677522117822
14256.896579800521,0.06140083534358499
14241.27638595287,0.061409731246036534
14364.122485608725,0.06118172713410414
14498.905015348884,0.06091430221840895
14563.335146018311,0.06081533255333696
14536.60021748537,0.06088753895812419
14498.61943829442,0.060956301478288344
14491.862490681382,0.060958523206095475
14449.405581343546,0.061028248017598624
14400.712710633781,0.06113089585368175
14381.703882282143,0.06115822600755263
14337.143775278135,0.061261119039537654
14341.368417517006,0.061250791419146126
14311.982280292896,0.06131369739166497
14395.967733571535,0.06112279632581467
14383.498658282722,0.06113906153531095
14353.38371715272,0.06122877796597129
14376.885086591505,0.061163152684880435
14359.399482336003,0.06122708391333189
14345.035538906657,0.06122070298022309
14297.646494491499,0.06128803206137218
14216.353439801816,0.061493264935381015
14176.385752854609,0.06156977113851441
14197.795253347445,0.061551184693913054
14262.226038261177,0.06140849082483011
14224.29571945676,0.061444088287071895
14244.070906979934,0.061455321996201163
14219.281276848242,0.06148182392608425
14254.032080221663,0.061439827430756835
14314.971539243752,0.06131681348784036
14294.968034671521,0.06131984795772203
14339.529128060667,0.06124585292352803
14225.283682914162,0.06144434138213211
14221.77559709243,0.061473086735590154
14313.353996902151,0.06129558109564523
14478.592412049655,0.0609660759633006
14536.827800518926,0.06086856733531227
14540.153543734528,0.06087235589772678
14494.383368393721,0.06096123740437327
14435.07320877356,0.06106809850633021
14443.639388829044,0.06108180722814822
14468.252067102958,0.06102142504382166
14436.898717914291,0.061065792782812926
14428.858871371844,0.061095599876936274
14370.41497260791,0.061205721759660256
14353.58390905046,0.06123569300799262
14353.04575355232,0.06124112741856368
14382.835682743496,0.061175365279817824
14412.50988787309,0.061091197928682436
14406.555318049575,0.061122589889195375
14382.708990093364,0.06117764495312822
14331.734282123007,0.06130771724851641
14323.96735132837,0.06129206379478353
14314.553597969787,0.06134634950098264
14308.370546662785,0.061310398560353065
14279.890267545039,0.061405834183655486
14236.304594983454,0.0614870680453922
14231.615627852283,0.06148282057325911
14320.181111058575,0.0612929748787808
14348.338430315542,0.061217532416508506
14329.748444529256,0.06123449338860962
14337.641370401363,0.061276271783227934
14295.70106767472,0.061330696483920547
14288.958886621918,0.06132205335815496
14325.210547454604,0.06125263338357917
14356.398142847554,0.06120193617110216
14416.04603415988,0.06112476496135579
14469.92569264922,0.060986412973789456
14542.174998557559,0.06089911034883763
14602.901040857429,0.060786819818276126
14539.842570945248,0.060903727162114646
14526.800599021271,0.06091046194318301
14461.945210716285,0.061026447404894706
14509.962531415227,0.06097849703485794
14470.117191902078,0.0610233847035218
14436.037407117365,0.061078427968323454
14461.664566187035,0.06102371931852507
14403.702886039993,0.061119059149388755
14377.288635868525,0.06119027032797393
14392.2075897609,0.061164791783893585
14419.446576700364,0.06110020702050534
14416.754598196647,0.06110831166608343
14491.306605648337,0.061012533341071006
14437.337952217547,0.06108624179246525
14441.802849414611,0.0610732962357875
14316.289800837507,0.061335401183589044
14261.018054323235,0.06142268959477622
14266.893561058796,0.06136351048543057
14284.264158830041,0.061369337717972705
14222.971337850142,0.06150414780330638
14245.502766688263,0.061423342753728745
14145.599161288188,0.06162732675567994
14112.716824255753,0.06170832282831509
14083.227779114615,0.061742941623821206
14121.88910833991,0.06166819852935542
14213.327792956548,0.06151987894472993
14239.080857230254,0.06142696803294217
14244.56462583125,0.06142806874689229
14237.155190907839,0.06145376158582668
14250.710621766795,0.06141460538896863
14383.307415604379,0.06113347922463309
14450.105212941811,0.06106198852162593
14436.011371978439,0.06106836186725446
14413.995398607136,0.06110356703592673
14457.48395371812,0.06101090273707589
14442.973101956339,0.06107190044357358
14348.567604434413,0.06120781852127086
14355.990961251851,0.061201249483247414
14319.784637551917,0.061275995050861655
14240.137569115517,0.061440219208882825
14225.160496508739,0.061466688067491344
14244.833084940597,0.061410523367193
14239.330152145665,0.06141521181406991
14313.901456089212,0.061291780267675636
14367.91144360229,0.06118530481625728
14435.463487393485,0.06105967758981822
14366.655086161609,0.06118648298135352
14288.408351386604,0.06133262307127288
14303.17514516541,0.06129170979098932
14306.08822996325,0.06129966028976793
14289.41846904883,0.061329172374479164
14285.596909142858,0.061361862504946824
14283.59909696224,0.06135212655423958
14306.693480577722,0.06134985500359295
14249.625856000452,0.06142900214447424
14216.597026021187,0.06147890534528925
14250.972011747055,0.06140078648478637
14264.21928212766,0.061389912111262365
14223.491553404861,0.06146149385162612
14244.55301581205,0.06141841724411586
14309.24844041682,0.06127461371606881
14412.02736810491,0.061096559897692616
14496.078546963847,0.06094200826779359
14555.592216195775,0.060837935811160954
14528.156288455331,0.06085485805420213
14562.740443025228,0.06084337553825624
14520.385260586603,0.06091523021971205
14491.988339349684,0.06094452283410058
14373.671240968672,0.06118728602457244
14358.502856457977,0.061205955030184396
14297.890430821431,0.061311092887159115
14250.256943359393,0.06142777685414143
14334.151933329531,0.061276964243057876
14373.918730323647,0.06118617916578782
14435.792564857591,0.06106596748999915
14416.58463765414,0.06111200500363241
14406.193665049514,0.061135350832683455
14449.285883846233,0.06104905923529907
14462.314249122568,0.061032027864637024
14396.860293865535,0.06113539022594914
14367.014910031705,0.06123577928056122
14278.587405368036,0.06136577165967274
14249.601977909644,0.061416668495182146
14205.176692614583,0.06150441765375944
14226.669561659062,0.06145776397219064
14289.446892214235,0.06136145670035382
14317.152781414212,0.06130204656149717
14303.782286764,0.06135121869473401
14255.932355544977,0.06137886810501038
14269.769112039248,0.06137785493857044
14319.662574433542,0.061285071552963845
14377.226663172702,0.06120459733856287
14450.160716247323,0.06103423804417036
14542.999429935906,0.060861693441885675
14672.16713092948,0.06062898619367214
14597.46687932415,0.06079777765287467
14580.699091473665,0.06078856722985492
14519.45194472693,0.06092574808811723
14573.782804925275,0.060836929242687514
14522.97125336897,0.06091897867455652
14489.941743640831,0.060992152450228466
14421.398929858806,0.06112371318351766
14374.475750029618,0.061216691017489555
14381.89334664897,0.0611968105699344
14504.169542884849,0.06091584171441996
14527.556847982076,0.0609110386736809
14510.241011553662,0.060931015647099566
14527.212309811304,0.06092250755127518
14545.019242988044,0.06087718057245164
14599.91795761407,0.060759006090127285
14553.808478963936,0.06089690000572133
14434.94706979434,0.061062282970019977
14382.888427222604,0.06115745659331706
14294.645062955682,0.06137743338494496
14413.764198760922,0.06111455721206288
14407.21521556405,0.06112473769237894
14429.316223292373,0.06108395263572511
14355.126181022224,0.0612269152806984
14383.241232817909,0.061178633227419225
14426.15076604303,0.06108203055563027
14465.944054438203,0.06103738914564582
14435.881345787906,0.06106983118617615
14394.473825831306,0.06113821502460905
14307.089213104238,0.06131059373847845
14404.526441337586,0.06109281126533333
14473.236082020805,0.06098860683043712
14570.021686084841,0.06084554598806414
14604.453176337387,0.06076445638577118
14691.87371504063,0.06060526473156915
14616.808642189782,0.06075250739093963
14564.687059662218,0.06081300277555765
14530.37178196646,0.06091402145849386
14485.496063882863,0.06100204101269181
14424.459315651988,0.06110639488321278
14389.923738784104,0.061157674494480736
14396.417394284692,0.061136874887196956
14425.746053907593,0.06108902135611647
14486.026587539924,0.06097758636984805
14457.477340063479,0.06102363359331453
14509.030387106557,0.06094337634516096
14510.996906128172,0.06093473138109027
14496.134672849088,0.060939970337495986
14457.52952775329,0.061041161374392555
14419.851803556907,0.06110674214950621
14428.248002716056,0.061081273825293554
14378.179676794109,0.0611651574911454
14361.932842175427,0.06120159683677808
14329.915546657468,0.06126366963117241
14419.76461432949,0.06107721749191924
14363.685589182442,0.061190699956419806
14404.744719035185,0.06113953408310842
14372.525841400346,0.06117729011323435
14400.386765524627,0.0611404506873117
14368.709761013346,0.061184604671369186
14338.715335403369,0.06126679212503813
14438.2601747442,0.061059816219543754
14643.823632069034,0.06066842141586767
14688.765660571236,0.06058945127411135
14679.990930620444,0.06065238293243256
14701.026643361953,0.06057615905862133
14738.14032233509,0.06051773214606133
14642.496110809341,0.06070323455789691
14618.878641283933,0.06075607282527573
14554.683278323753,0.06086277974400796
14520.107429206626,0.060946973290678684
14502.5900824146,0.0609502786873015
14405.094684463988,0.06112957722508671
14438.413565209059,0.06107394210837815
14508.13089746196,0.06091668783893338
14492.875402489946,0.060976336129307994
14522.530404954492,0.06092627788632008
14561.13566040367,0.06087825646335351
14616.129076189105,0.06075282476741334
14690.861031944012,0.06065321102988605
14654.223014155219,0.060709311034899224
14559.628556666885,0.06085282973756733
14446.27817923865,0.061101758610808035
14440.045208299578,0.06109446744146571
14482.473875712774,0.06102524976288887
14537.165109081307,0.06092206394458793
14540.354913664169,0.060858092209900294
14482.56061469312,0.06101064900280116
14420.032818741021,0.061109379959318144
14471.453121965365,0.06101547239558563
14467.521476273821,0.06103243429877437
14457.770003225374,0.061052755454999275
14456.056259138128,0.06104242089263988
14542.046018178837,0.06089505218097504
14672.336889855846,0.06059723838190422
14784.668015744523,0.06041455384402481
14786.395737561741,0.06042604907859729
14713.265791070658,0.06058664279032419
14741.300990833292,0.060526415221008406
14747.040091877761,0.0604935706058988
14707.004989632174,0.060585705584988804
14601.194788583744,0.06076820863964306
14594.161348385058,0.06075206993463483
14569.069316962692,0.06087064672325655
14518.895154282904,0.060914265171303716
14511.418913153537,0.0609386659379629
14503.259362808065,0.06094271469548473
14529.71435964053,0.06087844445748779
14586.887059151888,0.06080690279145786
14591.238444069062,0.060802133833281514
14577.41650201817,0.06079976087540973
14526.696673039749,0.06090395535113968
14494.345326507833,0.060981580158580274
14429.895378979405,0.061116113668250815
14391.052044022894,0.06118289816861371
14411.565954752503,0.06117535222648744
14425.164474038118,0.06116271413994092
14374.345872830556,0.06125015872301021
14366.565768375465,0.06127731231217284
14311.623362707129,0.06139514676354129
14307.165061736843,0.06139872882439572
14272.969291102378,0.061457239217656445
14279.294316681684,0.06142460689069586
14284.031553876024,0.06139396989494634
14276.556375574772,0.06138137447385658
14230.366755384784,0.06150170420116798
14264.466890721997,0.061462719283528595
14369.600152409206,0.06123444831697816
14464.973185036442,0.0610322965080654
14478.621251819986,0.06105303142185968
14537.88848173976,0.06092530511852699
14476.948016848597,0.06102141323252857
14477.000313142998,0.060998101969777084
14403.145820483294,0.06113614135851561
14339.358062447505,0.061276421807184886
14330.231484103846,0.06128672963533774
14361.936913301186,0.06119092206808869
14303.695753913706,0.06133562772301955
14313.272598080084,0.061310297689395596
14315.934682093704,0.06131649689267426
14344.836943060473,0.06125488996580499
14377.355311026093,0.06118976322506239
14363.591052964757,0.06117941467989822
14318.641152975202,0.06132067327778838
14235.645583971684,0.06147490971646322
14194.415543062443,0.061538889586458076
14191.194048766321,0.06154658717625716
14179.354613885222,0.06159917044101889
14231.315103778223,0.06146284267775981
14166.350305049165,0.061583340156886476
14179.823750200543,0.061550005057301495
14175.424480175145,0.06158263255710841
14181.970625403826,0.06155154599638708
14184.708020532355,0.06155891114081692
14193.388307597681,0.06152030888566984
14206.42267396592,0.06149287387153695
14226.686393923886,0.061476057078590295
14192.69280900279,0.06155862411752025
14193.045904861068,0.06152771147196561
14346.114634701156,0.06121987830218005
14527.796520081329,0.06087192167035532
14538.664296130133,0.06085393207998651
14548.54437220043,0.060880438706431714
14450.39604689437,0.06108909293086651
14400.462092399624,0.061166004346785485
14407.22533564985,0.06115166740551987
14390.370371116112,0.061200074757776446
14403.954991221477,0.06113803274486378
14332.541204649058,0.0612753460088292
14304.508965875822,0.061354104329717475
14311.045369359572,0.06131887439244828
14388.731810757252,0.06115970321863746
14353.559636126556,0.06121778440755266
14420.945540824168,0.061113656998686275
14419.764125204334,0.06108745157456478
14468.276577266062,0.06099633064389972
14412.609799704205,0.06107595766452551
14386.993125813495,0.0611778652093413
14296.942479571431,0.06134559996390195
14265.494164221069,0.06142230340530806
14297.721698062234,0.0613290736083836
14279.948503633648,0.06136077690012542
14261.132821478255,0.061392621638295196
14279.519150882921,0.06134616250239401
14299.13386409731,0.06133366497023154
14286.038327442677,0.061346911755777465
14270.13624231596,0.061392766257835664
14238.002325160542,0.06143086936925299
14178.390915546332,0.06157710671367369
14160.283382282229,0.061597906418821076
14218.395723966181,0.061444166001105
14327.20824672766,0.061280008951273016
14347.183416288166,0.06122058396860537
14379.79892639463,0.06117805113705643
14600.932777207405,0.06076317966070508
14691.510768086255,0.06057204391503909
14688.854659720046,0.06059509967909987
14616.078725502943,0.06074796927569997
14448.96093679218,0.06104617150147237
14384.562921355702,0.061193261030370406
14380.831404396937,0.061176694823599234
14379.371916119353,0.061147946614308044
14339.501724507345,0.06126380461034907
14299.217234895314,0.06132807560722085
14311.983043332884,0.0613068789989735
14313.70015561369,0.061303166895960985
14402.092306468123,0.061125256020710596
14388.486782660873,0.06113190368341458
14311.078922949993,0.061304420159601594
14317.464036061407,0.06129485329808856
14379.56135261523,0.06116984314437461
14255.099699440554,0.06140854350264154
14174.563829413704,0.061547533093658076
14005.197729742336,0.06188864689228956
14027.037739501677,0.06183848606831993
14083.338291362536,0.06175558735539998
14080.2400346487,0.06172459803980996
14065.779639886969,0.06180920072710569
14020.889098301375,0.06187983519010898
14020.174743756226,0.061867489059886
14028.411502864123,0.061852484642375534
14074.85632129982,0.06173787173412201
14165.09720609028,0.061563979476135344
14396.036946768641,0.06109499198124209
14537.14751442858,0.06086829952420721
14503.268008795636,0.06091560874291335
14493.145950280012,0.06092552862337649
14430.08010188229,0.06106410828956101
14424.045938967995,0.06107470269080566
14423.670327453434,0.061076562500650994
14351.847042583762,0.0612208542650467
14329.207347222897,0.06124337072407129
14264.124262762136,0.06137828501074218
14219.308189356056,0.06146485263877835
14199.474096572463,0.0615398643274204
14232.254904759064,0.06144845370541462
14274.30443235309,0.06138315350403985
14290.438300338685,0.061320216838737424
14437.557088612619,0.06107580338992452
14407.936809248082,0.061137790367419544
14393.398674787455,0.06113716648357703
14365.64456216857,0.06123625826067789
14327.687118392725,0.06129298787109032
14256.870963671852,0.06140436006961277
14284.436396907546,0.061354281367133716
14241.881794352652,0.06141300077472206
14261.261375178156,0.06139360080217831
14226.394767898837,0.06146752911274823
14236.462607136546,0.06144790331328297
14219.991486571098,0.061482974008821516
14151.174530582088,0.061583845794178756
14196.166111069811,0.061507915779843346
14209.930382178345,0.06149450223423806
14276.5328275628,0.06133716288891193
14333.76931140394,0.06124003983925177
14432.065513610563,0.0610423966810347
14519.231067012961,0.06088934302381989
14580.885160542453,0.06078946510395945
14597.25517870498,0.06073915410341005
14573.474102510092,0.0608343516703323
14465.303279217163,0.06101469423250458
14411.658807882723,0.06113046608513406
14383.630799561342,0.06115300298774469
14403.664072711434,0.06110681441914395
14373.109688950353,0.0611702043024469
14328.843952041208,0.06129331051471631
14298.542015470013,0.06131454743368009
14349.892762748794,0.06125797337232461
14310.761979250577,0.061301099995825906
14353.764504009141,0.06124006759606042
14435.04684036792,0.06105013011957043
14361.465771582809,0.06119576491668197
14377.835024260583,0.061150144054370886
14311.908540212871,0.0613148689513054
14281.98302622532,0.06136684788104166
14232.350252379598,0.06149813062609037
14202.667597616717,0.06151848716582897
14220.063920372642,0.0614648620337169
14177.502796951996,0.061558976070684425
14051.794261236588,0.06180043521953767
14027.873805767038,0.06182767038804666
14059.182176800221,0.0617979108000577
14041.536563085976,0.061829369100017254
14035.255414545834,0.061854994026493845
14075.247091690242,0.061754125017995425
14139.251095159198,0.06165388687059501
14156.062160267913,0.061603703883572024
14292.118020881022,0.061325955306279725
14476.639623836078,0.060944354736326256
14500.654744865931,0.06093579164938628
14409.059707220049,0.061114916246127395
14350.739711642454,0.06125564842588488
14328.440782565849,0.061310966160740644
14340.72640820534,0.06127392071036477
14338.502822626182,0.06125720474059482
14296.501296847042,0.06133207467016753
14228.315830405563,0.06146027952785396
14218.735001238356,0.06151867252852015
14184.23954504758,0.06154980165815543
14149.431721202203,0.061610061959259534
14294.969911101827,0.0613541485145492
14345.018207584484,0.06121160458411804
14286.24515565356,0.06132875922376163
14299.22468210226,0.06133521853841333
14215.261109120635,0.061507721602868444
14142.363932694932,0.06163433953583325
14143.864942120483,0.06163893776284652
14071.405980001822,0.061795561637932796
14094.247313325086,0.06175626093875647
14115.993935341054,0.06169028114635475
14060.13390855253,0.06180945354117352
14064.304238054567,0.06178150106445782
14056.264282775754,0.061808036397117974
14089.206652673407,0.06173892118726883
14141.109066459916,0.061652510467424614
14089.07975998274,0.06173449218733274
14086.77798844755,0.06172623928289197
14070.049380609747,0.06178943197455214
14146.97217466111,0.061604228109093696
14214.412366549272,0.06144478546784193
14302.816687433138,0.06129492620657363
14320.600433317475,0.06124891228528365
14383.055005342014,0.06117653428215804
14340.620623649656,0.06123410867900898
14340.897296380723,0.06124316210543512
14243.58488298855,0.061443182786320674
14221.708401692502,0.06145234326958289
14133.464833316426,0.06164641089165473
14176.559776496186,0.06153505149063348
14135.653540703132,0.061645515411366425
14167.947572851177,0.061588232350288166
14171.606374118806,0.061554636334513
14228.037960684898,0.061457789651943213
14215.55088058332,0.06146904877973539
14246.866016962305,0.061387718398034016
14258.673585138418,0.06139413696302709
14229.503347842798,0.06144144236908243
14176.98783388415,0.061564549734163525
14143.84997221997,0.06160220338232606
14077.202479569196,0.06179049882354782
14112.146928682147,0.061672107133943097
14104.725840209177,0.06169170970088837
14080.607032823367,0.06171628258752349
14092.795303981988,0.06171700728970573
14109.965841815423,0.06167207993233204
14166.396770426145,0.06158014539465863
14167.534068710216,0.0615802132573904
14116.110970300524,0.06167052653938906
14150.701077879752,0.061609379991405824
14116.09316941682,0.06166538779474446
14213.466268803728,0.06148527123369275
14281.439515122363,0.061335993377153224
14365.506591143647,0.061181478553440444
14356.753901237931,0.061169810053875964
14360.21612636914,0.06121505034810454
14384.99903151852,0.061149779632990994
14397.048334325713,0.06111952016256685
14357.660713047864,0.061210467021612806
14279.703463213555,0.06138263955875127
14253.164614045238,0.06137987051462299
14300.940843246217,0.06130275468465441
14238.973459956289,0.06143180770240271
14255.019037069245,0.06140557412101027
14272.55224113679,0.06136768807515385
14330.952331867658,0.06126415933361415
14346.575073965287,0.06120102353321394
14355.917128238587,0.061207175152699966
14348.994863590648,0.06122686427832522
14227.36460527962,0.0614581029852784
14229.340115002642,0.06144364044351742
14179.454460899731,0.0615610481128667
14216.695732821478,0.061488070082082937
14247.94293594182,0.06141118175606595
14273.493138154568,0.06135540865554367
14245.250797961322,0.06139502743043939
14246.2446388725,0.061389581246161666
14211.638533029241,0.06145056254897679
14224.715402032958,0.06145199617163382
14328.058277370106,0.06125412725068126
14269.322900657553,0.06135372035146034
14300.171303573936,0.061289027581442244
14303.213841768295,0.06126624364974017
14410.208300456648,0.061058134407097994
14531.186791198808,0.06084414927932293
14515.526026660611,0.06091588278975897
14541.037395156529,0.06088663915396191
14537.993657548865,0.06083842990289094
14539.003906688273,0.06086398289000743
14534.235443215639,0.06087099156259632
14564.69417551722,0.06080321291446766
14537.768239046622,0.06086564317138728
14468.382095503212,0.06099322249906818
14417.677887040867,0.06110040352771432
14367.52547156694,0.06117745922809306
14477.818789667146,0.060961886600128516
14465.661989967977,0.06099109442334105
14517.987098912687,0.06089560022024348
14458.877231798157,0.06099074030321116
14487.196626977302,0.0609304449735058
14436.210382880741,0.061026373104493624
14395.169962931011,0.061108558234101634
14362.354704726658,0.061165075361197946
14383.6588756136,0.06115839690581037
14411.414349279728,0.06111016689489127
14395.452463255646,0.06113829834864793
14384.783817654163,0.0611557568297659
14371.97422841502,0.06117807150473242
14418.602122864766,0.06107888057699021
14405.028330728572,0.06108177763377023
14397.69175632921,0.06113347070442289
14406.779862572297,0.06112426168234519
14386.688731969143,0.06114429830051202
14379.362211380292,0.06113820196210936
14481.568675040393,0.060961888085362376
14556.359634035109,0.06080238723960286
14675.71415743228,0.06059804093750288
14631.361765592088,0.060701409583342136
14581.00078808171,0.060804153635490285
14561.080185043766,0.06083529360980746
14494.513638178789,0.06097579591362484
14516.853524163249,0.06091637523959429
14444.7016272565,0.06105515909545918
14459.294289097046,0.061014754682231886
14422.877622728727,0.06108708694586188
14369.22190654452,0.06116808142954401
14384.095281952032,0.0611568852864922
14426.187584038104,0.061053586448187334
14491.771217576848,0.0609648119149027
14542.117301649781,0.060839629502191836
14506.822884033463,0.06089977799882207
14488.61871772741,0.06098744980757757
14500.801485283371,0.060919732598243084
14490.7146046944,0.06094786860909544
14360.109631211326,0.061178874052104704
14367.399041324612,0.06118636981020766
14344.214372837807,0.06121147156431408
14456.92747674196,0.06099087235166801
14467.370515470739,0.06097180972294371
14442.066385814178,0.06101544114208983
14376.550614377844,0.061182709030163394
14405.040739860626,0.06110141732590581
14380.659291268898,0.061130288105499066
14424.79297942458,0.0610170329471151
14397.683093531155,0.06110732596240559
14405.380982233037,0.06107280325227539
14437.47662197032,0.06101553996058683
14570.115813586479,0.0607895608195661
14627.134985456294,0.06068431589270896
14635.48869507634,0.060667143253849774
14649.715734845271,0.060668516464122926
14622.453496712422,0.060737834270199444
14605.70017980673,0.06074706374618262
14609.377082043644,0.060701652732728165
14523.753000735185,0.06084485058350537
14567.96159123968,0.06079281227161469
14507.31744353324,0.060879313948054466
14482.139461702662,0.06092933806820951
14510.763885716693,0.06088244348315308
14503.35970729983,0.06090284186268098
14506.317427529093,0.060909591711644305
14561.028798423713,0.060793633557207016
14594.65277521227,0.060761914037200326
14629.17186389793,0.060676168626169334
14564.561851623752,0.06081893258189486
14529.494620553658,0.060853111364987424
14428.825236540422,0.0610562266706486
14385.042599543729,0.06112309175961077
14422.689044582947,0.06106186186496859
14355.945945335563,0.06121294195408214
14333.317195764108,0.06123213728045372
14369.59616101188,0.061136835982100915
14361.264859700872,0.061205460462452586
14353.006459746462,0.06122134097970134
14296.607098344932,0.0612774744089167
14358.334411547357,0.061176971355301965
14297.940502078876,0.06129593539371235
14319.694233691345,0.06122516173585259
14299.819599030518,0.06129058228922252
14467.49130343804,0.06098080576935547
14537.963360227133,0.06084478587130257
14640.73686631549,0.06065237339751938
14655.530601051967,0.0606317794197618
14573.896299831915,0.060811102761611634
14495.424324860944,0.06093590721248785
14423.458764530831,0.06110470600941704
14433.621704333786,0.06105643762668387
14419.892839539376,0.061095939861190995
14435.655727491769,0.06103256218774917
14294.654904390662,0.061302078667535016
14313.351111484842,0.061293477310594216
14279.662599239191,0.061366355757210264
14366.853489964831,0.06117591802722905
14403.492158336338,0.06106538013251067
14462.139418972663,0.0610078847237941
14478.084293499598,0.06095126663165066
14426.521311950519,0.06104116164389821
14378.674174829994,0.06116468280236285
14337.283550449098,0.06125375887284532
14278.042977896746,0.0613702020601779
14255.45666159226,0.061400739333382345
14289.036253051225,0.061324527297510145
14294.278692817576,0.06129554923349776
14245.245169230837,0.06141558488765397
14265.903199604181,0.06137107467277189
14256.844318121613,0.06139205173819135
14208.668072948723,0.061495272695301834
14199.041931005868,0.06151240949659098
14189.210833704317,0.06152617985245195
14216.62525586531,0.06148025793353881
14218.1600058414,0.06146186607472952
14281.309191287757,0.06134433855359816
14412.279208033271,0.06108961222771052
14531.39134048372,0.0608787559614232
14551.845494663694,0.060845415899952286
14527.155594059306,0.06089638486759974
14486.760429712082,0.060981542760325254
14365.42141633379,0.061204881859783795
14352.85893470075,0.061228591461252965
14400.836585395926,0.0611488140266067
14391.917713714289,0.06115820867907758
14333.68153382022,0.06125548780469971
14296.028082030936,0.06136312017693295
14305.094987817003,0.06133897945647062
14339.40999156396,0.061262145509535695
14397.709761140928,0.061164504570096354
14471.875011971419,0.060984912473880694
14490.787695204788,0.06095314656121962
14428.777603675,0.06105618447644628
14312.948901262858,0.06129973880823229
14320.327347263397,0.061283559340809694
14316.178200594017,0.061279202530520153
14284.177121645484,0.061377783279243925
14278.70440023072,0.06133184555903538
14280.573055198287,0.06137915172660753
14322.232758474447,0.06128226556314195
14317.950362480915,0.061254111824509266
14349.905773854261,0.061203349139810063
14320.80069585572,0.06124414255645539
14329.220497711613,0.061259631550010456
14283.722471536576,0.06133288431525607
14343.184071424601,0.06122122791548104
14389.39091190884,0.06114988694252115
14559.804545046212,0.0607916702673046
14654.32593660386,0.060613867181668835
14666.76881812785,0.06062860167184838
14646.70820472539,0.06066334486208977
14659.487812303827,0.060626390471370674
14636.055623601462,0.06070031160234335
14623.27710125511,0.060677110656702886
14583.54006084569,0.06078869862549573
14594.200521626593,0.06075758774678118
14521.991077862478,0.060892490385298106
14450.12019508382,0.0610306167492158
14471.496663941425,0.06101387507162646
14523.308230308401,0.060869705695615145
14509.335626796907,0.06088746383146985
14482.762532428858,0.06093040688063567
14547.878080002458,0.06081312251534682
14589.26573815879,0.06075638858559393
14506.879855640325,0.06092544833456918
14433.125061935218,0.0610517988099014
14463.908443686558,0.06097725490276302
14427.48974614184,0.06105205797084637
14456.1174879094,0.06099917660562743
14430.980575795373,0.06104885710972285
14454.450990597954,0.06100928352106014
14414.721976727564,0.061084438761932175
14431.11860820167,0.06107394927743134
14472.41102849313,0.06098614316793963
14473.85482842388,0.060960115507992366
14465.20107149658,0.0609618095072143
14432.371284477778,0.061031977990203566
14425.638720103429,0.06106675523706621
14539.342759760737,0.06084207919313301
14759.700939355958,0.060428700232024395
14803.04564855268,0.06035609393046591
14793.563950423386,0.06041243175951029
14778.9242840925,0.060397234071185385
14729.5463600052,0.0605031065478167
14634.459227676789,0.060665749338217625
14714.74271521257,0.06052317889658344
14686.65148366811,0.060579207893071946
14745.788082320796,0.06047777705945551
14628.323534580593,0.060697075858071256
14478.437134338743,0.060931429041481695
14553.527687510717,0.06082849777873223
14585.118575601471,0.06074088292057502
14647.118322020391,0.0606320759995837
14620.072387977601,0.06070556345584285
14669.352778343356,0.06058582614315928
14681.55583487262,0.06058123290360416
14583.651824393533,0.06077233904723678
14509.895377193765,0.060879770318903216
14469.925737395568,0.06097543385734528
14510.458314234593,0.060909082315912036
14539.898140074572,0.06087389611716706
14473.261429987453,0.06094027034557529
14464.658159302646,0.06098147033602388
14431.102655741232,0.06107699404319198
14334.392708143041,0.06122232591705857
14391.72304138103,0.061157155679269694
14416.650105432875,0.061097144924563404
14423.977214781866,0.061060244860512834
14411.307214824668,0.06108843754056892
14439.523660614333,0.06103499596153188
14560.131445639572,0.06083139982260787
14709.399562170684,0.060530986508836246
14742.379316327564,0.06049056048542407
14701.24894760533,0.060577508050555604
14668.773280326934,0.06060110410061009
14653.162429114856,0.060645250864924616
14641.122188492034,0.06067389678320133
14637.856673838633,0.06065520336642236
14589.536595197455,0.06076378977304304
14549.560635088263,0.060835984319496106
14549.051118555206,0.060827116464473176
14495.191639824428,0.06093053175831283
14530.686662978918,0.06086644637862125
14542.908606438905,0.06083249292173963
14582.59151027024,0.060752228895773065
14611.550882272037,0.06070901116316105
14559.700873671596,0.06079176704950448
14606.027540988445,0.060722625521375494
14585.545266418241,0.06076020205247046
14513.213293989555,0.06090690214618929
14548.249559610336,0.06081462064333134
14530.257153771923,0.06087083997135751
14515.873601244282,0.06088084192583611
14558.826684992051,0.06080999439885481
14526.286854717835,0.06085263044994803
14512.765536174547,0.06088599452399295
14581.874324376837,0.060776452392073806
14559.568697445176,0.06080609130337447
14524.174087901509,0.060865549014905984
14502.038859591163,0.06093650979221363
14500.070141533792,0.06088724932279508
14551.234436928584,0.06079353688587148
14736.669637339826,0.06042938775738204
14817.149729771865,0.06029952011327801
14819.32569197113,0.06033079175655992
14794.346607024354,0.060383050814851603
14724.187665515268,0.06049830870656632
14747.682925954861,0.06045412694743317
14783.570658408342,0.06038743538361046
14689.1511081697,0.060590072786990544
14654.91389533542,0.06063254009235758
14639.479479126112,0.060665960281409984
14597.888528502659,0.060759727774970046
14550.854109965823,0.060828294920376454
14568.460388262418,0.060778631761012857
14622.022867523146,0.06068905563408641
14607.200041816322,0.060712254971330176
14500.046106769421,0.06092378610424769
14578.320831233987,0.060800360411645646
14545.706894038694,0.06083017040004264
14539.498553313677,0.06086494416267465
14527.558313461699,0.06088830385459314
14454.17959786212,0.06102211850840468
14366.107158268815,0.061182604726256806
14368.44500520295,0.06117781926979994
14444.992052244535,0.06102141497171073
14438.050038284558,0.06103248326548555
14428.97219017778,0.06106830199356032
14355.456439672045,0.06119113410071942
14392.454239068657,0.061100947089354436
14404.283126276887,0.061133076782522805
14387.246976301183,0.06111828157676915
14467.07145616232,0.060986792189893085
14529.851790855186,0.06086572917280785
14648.36178894892,0.06065025281713856
14770.666546214119,0.060415664783262706
14768.493551468053,0.06040123666740712
14728.994362639662,0.06051331959342599
14679.644466461159,0.06061548527170536
14612.937353250336,0.060750594901969074
14551.23784852985,0.06086278120217737
14529.604405859032,0.06090327132835584
14509.421197003003,0.06093935815402551
14471.752653072877,0.06097968511733103
14466.15340083086,0.06101176357272685
14451.716557973661,0.06105126878180138
14457.655579252914,0.06104146161170193
14536.577520243449,0.06091186510278703
14570.672971540065,0.06083729150424137
14585.751894989933,0.06077773784759453
14519.861357479107,0.06091211245638106
14472.442001495643,0.06101789665719738
14449.59529944981,0.061042169468249696
14381.8105702177,0.06116918553482811
14289.549819766422,0.06135928274031388
14322.18445735464,0.061312585851353074
14387.393945476795,0.06115421869425197
14327.212156453206,0.06129724936789432
14362.101014384647,0.06118588536971916
14391.16701127908,0.06112140796616187
14387.49451571898,0.06119450054961507
14404.410140780214,0.06116872041340155
14420.479485181419,0.061072522535640626
14444.061495932307,0.06104095579010746
14379.135670714168,0.06115572959381255
14411.559913052932,0.06109986575031511
14560.246031545925,0.06081756124942556
14659.312280817647,0.060670535781135064
14689.57923266525,0.060616228774618613
14661.433312387557,0.06066114999480831
14607.605597026539,0.06076748108789253
14574.358338339718,0.06083938101346965
14557.345419406725,0.06083751080515229
14577.770959638545,0.06082723457846641
14513.059238874876,0.06095321363004352
14457.942985304951,0.06102628923199043
14411.725517972436,0.06111187612835011
14447.458241716444,0.061018725719168
14497.959295308787,0.060982331332668754
14479.67095040232,0.06096484920144488
14530.793400907123,0.060893264143378166
14497.432956261555,0.060963289466436636
14495.389871056723,0.060992708862679594
14460.629058229499,0.06102358460327576
14445.573158821113,0.06106223821901278
14420.337253807702,0.06113506235207674
14369.507813720154,0.06118650212771607
14399.438006574346,0.061147317741614346
14380.133433812229,0.06116402733057887
14458.652044112476,0.06101465925816661
14381.21740534713,0.06118451431994617
14439.47115269453,0.0610737296340627
14436.401779164384,0.061052450188742176
14415.688540728142,0.0610883370649332
14405.863330560085,0.0611053576870773
14391.589233910872,0.061164009742591334
14494.695933243243,0.0609468008404215
14589.44447909633,0.06079386845499257
14668.239433881363,0.06063209155409557
14731.096061891532,0.060512092656385484
14729.943341041244,0.06056091171833891
14675.422502854593,0.06065100417885745
14606.733122311267,0.06078896085537783
14614.478102731553,0.06072464513332401
14621.067116652863,0.060738564611417106
14645.85492613728,0.06068913162741321
14606.547864063272,0.06074189486703997
14534.923470144668,0.060870214391326234
14536.67420849888,0.0609006322301665
14617.055953760508,0.06072647282314771
14676.099335189669,0.060593131929275915
14616.303301082722,0.06072969212265479
14615.248493593963,0.06068754532299383
14599.349084178453,0.06078199687352678
14591.637834630688,0.06076323101795362
14567.221901873267,0.06081260887682065
14507.649473266003,0.06092665610062057
14453.472841919207,0.06101515983645401
14426.885625629127,0.06107914949096332
14484.44171398979,0.06097766929681478
14480.366970298692,0.060970295678734875
14497.886703314338,0.06096316793965415
14457.790128868623,0.061002830449771034
14483.713421189534,0.06094206620580345
14487.651008374321,0.06095694832494666
14540.016416432632,0.06087621516420747
14522.50204379321,0.060896843977377095
14530.231092538717,0.060862749419324194
14576.555402073534,0.060765598941049784
14771.61515155956,0.06040799828032332
14839.907957900361,0.060274009190293076
14849.52921781514,0.06028169068256733
14848.280131337786,0.06029080795567944
14821.416655544823,0.06031029283466384
14761.616298257619,0.06042910316744385
14744.646278856737,0.060483068862388065
14668.811655272797,0.060603468268350724
14689.212274950467,0.060577699013881645
14639.462880327255,0.06068043796048596
14636.141707400517,0.06065632975493974
14663.155622441605,0.06062815606165063
14683.015495339723,0.06060318251551725
14675.519646446828,0.06061741009880158
14729.145183938022,0.060535966212557024
14754.547903497309,0.06045927589342503
14696.888887716292,0.06058546692034473
14673.863701547994,0.06063118583968175
14660.294413838274,0.060667806171446945
14591.649460550301,0.0607595908662019
14590.827459193943,0.0607565544574317
14540.81058680054,0.060871698465183186
14557.201275819238,0.060826582971194434
14628.879490154526,0.060686186471754965
14658.791684282523,0.06064747141195454
14626.10812720417,0.060722442427810566
14575.381268919598,0.06082169331625556
14602.353075352306,0.06075979358537853
14529.550142056323,0.060884906377337615
14571.968293088905,0.06075378068170434
14565.114236922596,0.060833451603100386
14603.011774493525,0.06073962625977353
14683.726314818285,0.06059650305411951
14783.469748392772,0.06039691807260892
14857.861852861342,0.06027527388279248
14975.721378005537,0.06007035785736146
14943.09966594283,0.0601487271479334
14847.293283576722,0.06031563476968655
14868.976943594167,0.06027709262377265
14789.704002080094,0.060434889843036736
14837.130506607662,0.06035624306882032
14778.167430177948,0.06044404304367101
14789.672575109076,0.060407524384949424
14750.85818934125,0.06047814814832372
14741.478259813286,0.06051047473363068
14713.721263792197,0.06056907306837144
14779.199889250764,0.060438343059883486
14808.282339827185,0.06040943758929625
14809.649178135644,0.06038484675829407
14833.320869034551,0.06032666235670252
14749.69005582028,0.06050618645957495
14679.764094175742,0.060611280728637786
14660.468603431907,0.06064204789507545
14574.759689254852,0.0608137826751135
14544.334602681918,0.06085286953205487
14603.437035457155,0.06075918424651571
14601.622191226123,0.06077106672321227
14612.449732117386,0.06075692785542061
14639.967129806542,0.060689113812892215
14655.504952889365,0.06065712717819852
14597.817294627213,0.06075941751100808
14527.278526223938,0.0608825619440767
14511.61044539383,0.060929096973113356
14524.98764832484,0.06090278147539105
14492.100054591312,0.06092143824533463
14547.448987543487,0.060863496271312746
14589.234864106851,0.060771896978871746
14729.0682022269,0.06050069476610305
14809.931025415342,0.060343491280530875
14873.360644244896,0.0602334984421528
14792.899016577396,0.06041585447689962
14757.132131810724,0.0604455183408371
14711.280436647652,0.060551253006504976
14645.54638820024,0.06066170390036817
14605.984916472162,0.060750496173331364
14597.670205164286,0.06071049131568174
14574.155076989266,0.06081862112940282
14487.032799725697,0.0609704316780079
14474.883768190664,0.06096125920023861
14484.976538923846,0.06095915719372576
14588.653698524617,0.060749190486727334
14640.469073578504,0.06070071300676273
14630.346869790637,0.06070865223215854
14559.203026003248,0.06085335673292674
14538.140275717833,0.06087364701717039
14455.777889472818,0.061060570237897356
14398.578334794316,0.06113221218867506
14395.640302441565,0.06117040786988824
14363.512264927103,0.061230026155595266
14333.559670488965,0.06127198706699853
14327.33102098473,0.061250953836193174
14349.637325290245,0.0612220851934467
14343.983274828299,0.06122807403352986
14320.230584114706,0.06128376130463456
14322.35185672468,0.06130711398132674
14334.096921430786,0.06125139037231896
14361.917897362599,0.06122144194203963
14365.710861997037,0.06123086669972702
14378.016864084771,0.06118195142032245
14366.388597154264,0.061190116938422905
14448.180936468156,0.061007663605646176
14599.401575965325,0.06071558302604335
14701.932382578065,0.060544650636382084
14697.876767302825,0.06058075730828524
14682.29511928748,0.06061784838906384
14614.341799556798,0.06075681813308111
14605.112969389447,0.06071746006335299
14592.547494598299,0.06077651005104523
14522.877249892372,0.06090759881035307
14477.283168100354,0.06099878550766495
14409.858531759466,0.06113361491052204
14425.135988944821,0.06105247159988415
14453.353143042903,0.061021021282616716
14437.08867562761,0.061053678092611835
14526.979562227123,0.060890407069377
14512.044789600397,0.060913444064726596
14551.359881358325,0.060831953799411614
14509.861981482365,0.06092190515034645
14408.40311737586,0.061116253005477406
14363.772735337581,0.06120140949970852
14399.878487179534,0.06110402750426686
14345.324764366236,0.06127142647281157
14359.8754615364,0.061195008051286144
14317.992128166205,0.0613055279074501
14389.613850411448,0.061126528185057136
14320.330005469898,0.06124634859435009
14332.01215690145,0.06123843278041928
14387.565258780396,0.061170260783917414
14413.229753102496,0.06110815676962626
14433.962651678401,0.061054742175041234
14440.126565927914,0.06104719999861898
14437.585024897257,0.061041845368789045
14500.11970946061,0.06091011878820651
14662.716428502776,0.060612064884182276
14726.799262172812,0.060511051965124275
14823.746792871323,0.060354833735072846
14789.486673324658,0.06041265094692079
14795.57341408559,0.06040696446451501
14736.919671478301,0.06050410732518359
14687.992004022659,0.06059519404730816
14683.032115118844,0.060612405903961955
14605.111615239595,0.060749453998312684
14558.287448610434,0.06083308123556321
14484.560395667913,0.06096883261786168
14581.023606647152,0.060775958974474194
14548.851891555514,0.060818361483272375
14590.549164074888,0.060759454321422504
14618.119815810578,0.060687933002396645
14597.107930664468,0.06074163682756252
14592.931316410693,0.06074703145503869
14562.650549205222,0.06080089228580722
14560.257047611754,0.060788227724474654
14557.221544077505,0.06081690351118292
14516.937599181296,0.06091278967170453
14450.965348048709,0.06101937539987574
14462.037910132973,0.06099790887036939
14491.052269250762,0.06093674800358116
14501.644745805626,0.06092274479252714
14481.799778098359,0.06096644433824175
14477.661258578988,0.06096523770164775
14425.68743455616,0.06105017141325454
14471.886809523183,0.06097690272186234
14492.006023020893,0.06093730096163292
14477.129130776615,0.06094978572955212
14551.309657386097,0.06082179351146086
14728.001581497798,0.060506375522550324
14855.585240972605,0.06022618556449672
14889.659495860908,0.06018535178410546
14907.693004280427,0.06019224626047074
14877.93856538587,0.06022509229258569
14806.356121201674,0.060348373492395135
14685.61925504215,0.060579414814175794
14656.9387157787,0.06061825164799519
14671.581445423926,0.060598396813699815
14693.651437456268,0.060548006213772675
14667.392454813344,0.06065948537623387
14647.072953000163,0.060642551999221195
14674.828935917587,0.06059237545468866
14722.639423399418,0.06049738749482677
14771.483423484508,0.06044860652669976
14817.190472601547,0.06034628865722947
14762.150015389445,0.060435081302493796
14692.081307677963,0.060566701154435264
14597.036871814995,0.06072204897860368
14556.865326053126,0.06080516654917166
14606.835853114646,0.06068654395655084
14622.99102120386,0.060686301098757556
14560.337474144231,0.06081758929997142
14522.36513629316,0.06088157539474687
14541.656356978823,0.060839687569790704
14583.09198691621,0.06074949872698887
14607.273604607493,0.06070193451069642
14633.663481265608,0.06067476047506403
14602.290600148104,0.06073834105427428
14570.176633171905,0.060786885165903734
14527.718620312107,0.06087612726038638
14565.76676745315,0.06081322885743908
14765.781045841488,0.06037647956296108
14921.484424011222,0.06010045918575825
14951.498075705296,0.06007694461524585
14920.745163502352,0.06011145573610961
14847.075532966022,0.06027414539243286
14760.082994491791,0.06044262185200913
14743.46364496947,0.06045736539338081
14750.35000089923,0.06046930945373043
14768.313163967456,0.060434969478480885
14708.272789062925,0.06052301376875618
14670.421364562777,0.06062011927963148
14690.719499870875,0.060557728938930626
14682.618196873642,0.060572265998089084
14704.56960719053,0.060528789746923245
14762.061512553017,0.06041211264465301
14779.85055056865,0.060378118798919016
14793.285173162052,0.06037361811529801
14781.233030852385,0.060386384562658976
14716.927139012632,0.06049367517384673
14649.374304487243,0.06064540457053826
14592.225539439733,0.060726856308613575
14608.126706618687,0.06071389006526336
14612.728772083874,0.0607165793303001
14619.737331975435,0.06069548242373114
14570.592315482341,0.06078393238069973
14572.497809955248,0.060815834138645074
14612.666601096262,0.06072154901891453
14575.66383494605,0.06077993495360937
14583.738000274847,0.06075473507335853
14585.282333886467,0.06073752030305165
14597.178197133815,0.060727427821341544
14645.471127262754,0.060613538894829025
14870.348916087209,0.060212800439373035
14979.223439920928,0.0600241980484717
14976.711985450896,0.06003839578812034
15007.129854143011,0.0600033304667454
14968.8638947498,0.06003953050032643
14938.934682045608,0.060127073146624216
14898.118648862377,0.06020639324389791
14821.754043120014,0.06030027674053778
14802.248602296262,0.06040979574528436
14729.86641716957,0.06047595682927282
14672.721269158505,0.06059237591682782
14589.0895703262,0.0607582042949965
14570.17178805487,0.060804049399317064
14608.825369962962,0.06073139297678904
14623.36063365294,0.06069723289096597
14629.322398364653,0.060662699706772
14618.304233648583,0.06069867352894296
14646.118283146981,0.06062664926793293
14599.422895446009,0.06076648240902431
14501.858500357335,0.06090854713889837
14412.837084079889,0.06108606855622874
14453.00285699611,0.06100164439159639
14473.92542926384,0.0609438207593612
14431.559234970518,0.06104160129846826
14443.668907202307,0.06105859631313861
14415.164877249033,0.06106748029237893
14394.277709253149,0.06112880184477403
14341.837041631281,0.06121796784447447
14342.431302742987,0.06120880333045812
14307.749612084375,0.06129269739331889
14313.850432676763,0.06125661170897544
14345.636873890222,0.06122111593928277
14538.068241076962,0.06083843035493241
14607.614624344576,0.06075370365595835
14585.522016929597,0.06078793098572446
14584.743878197098,0.06073787544125974
14568.083132011867,0.060824308327618516
14539.500627599698,0.06085937400954954
14494.791743009426,0.06095108620485669
14457.65045568179,0.06099137431065117
14393.63349979443,0.06112935162892189
14390.571849540454,0.061121828379964736
14335.774755231329,0.06122841449619475
14296.33301828627,0.061309421749786534
14357.686662382095,0.06120447891865088
14428.394748646248,0.06105013409670506
14493.715192728341,0.06092973303286821
14510.366831755355,0.06089650193415651
14538.05823112592,0.06084771031228783
14520.12667445662,0.060906362911640054
14473.256328726435,0.06100354536920862
14430.542928924704,0.06103664659626242
14393.578513316186,0.061162307064209546
14359.501666837563,0.06116140920586361
14404.271452324865,0.06108035226396933
14373.943774368016,0.06116176018593134
14344.76768160751,0.06122625330195476
14401.032583835775,0.06111110490526362
14378.018047178364,0.06113323613746298
14399.15845920186,0.061100739015583556
14383.09017727755,0.06113077213181395
14409.982367957324,0.06107382958629557
14408.035058846093,0.061080895545619074
14534.500236016078,0.060846372645726836
14708.93063234536,0.060506073644675314
14815.387114643578,0.060329189673325456
14722.766374536503,0.06049920445976985
14753.671958928942,0.06049046719232597
14777.211053977408,0.06042281948553267
14766.006050126402,0.06044356727888752
14666.86438069855,0.06061270565544902
14624.593011265171,0.0606872960474482
14503.768492312462,0.060929964704271804
14483.377410396939,0.06093746775167929
14506.564734269281,0.060920500412089455
14627.847649855845,0.06066785478849941
14639.055345292489,0.0606366097818394
14638.023986637081,0.06066106814228583
14633.080792050414,0.060662132494776935
14644.094832697196,0.060645031730801456
14646.567934584415,0.060646301644346964
14648.8197394852,0.060630760152536586
14588.276987200856,0.060741499097506424
14491.074354826944,0.06095915359854862
14417.662738753063,0.06108218335053086
14499.112413894194,0.06092734147671519
14468.755601823987,0.061002816984464775
14483.50178103885,0.06094330638918236
14504.517203132456,0.06093246504398344
14504.778803440422,0.060878686540302686
14513.419671781592,0.06086245159574519
14485.222825572051,0.06093507809091255
14472.909320750381,0.06096824987699828
14506.48611308686,0.06092418333385161
14524.002034818985,0.06086485376251221
14708.431125815849,0.06054957327646598
14852.169401055553,0.06025234099467042
14825.046487187536,0.06027802900346762
14813.85000327306,0.06034401433271726
14840.320766223429,0.06029954994570899
14793.096310045055,0.06035688638924945
14734.652372151273,0.06047520811589076
14632.342392140208,0.06067137729102395
14673.272275255998,0.0606080424124782
14609.142527119653,0.060693486845923746
14571.97122919789,0.060777654949676956
14536.119305358294,0.06083769158862615
14581.788206575222,0.0607431285820955
14591.050510393941,0.06072149409115815
14624.819328726953,0.06066952034777057
14668.113842636942,0.060584865226824706
14692.10293499553,0.06053140030348772
14640.977623360337,0.06063181103967479
14584.544181723539,0.0607721533931957
14555.610861182136,0.060787007765113046
14597.41653878577,0.06073167734583697
14550.832408986353,0.060835254659663954
14521.432569071392,0.06084372276387911
14467.52384808889,0.06096388633779259
14534.7901784456,0.06081627014501938
14523.382463095226,0.0608709649630509
14567.038022651132,0.06076858837373958
14541.909485741318,0.06083085259808757
14542.761925972187,0.06084782934605639
14507.50509319427,0.06089870458414024
14543.272751078552,0.06080141537401173
14698.952442493266,0.06051575227294195
14830.674690866706,0.06027787492350023
14908.049921607097,0.060197228140139815
14894.199852922082,0.06018473166867366
14875.040292078724,0.06022749440930354
14830.431903202818,0.06032111851076641
14778.536578637462,0.060372499450610635
14763.205545156643,0.060437963183760275
14714.231261996432,0.06052440077429608
14699.60815228339,0.06054498010354154
14648.959018647894,0.06063365925781201
14650.297489165674,0.060625953155600695
14669.571023340352,0.06060087249744049
14727.85159814662,0.06048716290559306
14759.616660579895,0.06038371022887126
14727.693587460015,0.06049200743214857
14688.028736400165,0.060543474672790136
14724.877164043868,0.06046151441973001
14741.547823328996,0.06046810366496493
14703.058930344401,0.06052626187773265
14626.360360703495,0.06065709043624361
14544.459087861529,0.060839676845276316
14539.604836211161,0.06078905672565182
14583.395906733705,0.06074087165426652
14592.488971146657,0.060730910309374934
14603.33378738111,0.06071554685519796
14546.868749910092,0.0608296791716447
14510.060850860247,0.06086464939016063
14557.66156236017,0.06076835985233632
14579.106552423016,0.0607786312620095
14573.406275511323,0.06076446318055145
14636.324702644406,0.06066078407111532
14723.92212598849,0.06045838248124669
14910.82625536776,0.060156833008209794
14972.68903258675,0.06002163921198943
14982.950126212478,0.06002764242464345
14932.625918872738,0.06011321672829464
14887.390662264042,0.06024311614435673
14843.584957218718,0.060272551823211847
14800.085448767502,0.06034609546005475
14762.550953818443,0.06041527632636222
14788.54928829706,0.06039135534684248
14714.59435323696,0.06050081628583982
14665.458939671651,0.06059483718288017
14691.271741955325,0.06055609479582271
14764.177231413662,0.06038468676732247
14767.477331629887,0.06041785701486905
14784.113056079812,0.06039137721724144
14723.561605346444,0.06049966913993003
14727.966306226172,0.060449295894984635
14805.270202801434,0.060345854995488724
14747.455750229352,0.06045997529903189
14634.148915200052,0.06064623034408816
14611.339186746765,0.06068404646869666
14630.567181266046,0.0606428515875783
14649.39733731021,0.06062736099413484
14639.220796929543,0.06065144757288152
14704.93613627586,0.06054758149606966
14684.722449957952,0.06058635560864575
14643.290020321458,0.06061259443575443
14553.028777693517,0.06081349795007147
14578.951282672568,0.060758751608293866
14569.478254548263,0.0607906115537625
14545.351947646654,0.06080747296478624
14617.349408233564,0.06067143427084403
14750.206476857284,0.06041234882268082
14781.212628352503,0.060357880139651494
14881.188174472076,0.0602087316407788
14817.283618744346,0.060341354384888767
14825.438752095404,0.06031181518948079
14787.232401055306,0.060387587186013794
14724.783613174477,0.060494136515898266
14719.462601909041,0.060528182573355946
14672.623504218103,0.06056121074165325
14646.411439367084,0.06064395389600118
14573.678646654604,0.06077565098174714
14644.00802065266,0.06064627596918723
14665.031765712783,0.060586064563772656
14597.457644526043,0.060705775382253635
14621.286567203037,0.060672868571735136
14589.976795832863,0.06077351456226068
14662.826799702016,0.060594968326469795
14626.247270544638,0.06065245435536144
14631.74146821812,0.060693761711709884
14496.04643212164,0.06090391107591204
14474.047016268081,0.060978305498276604
14493.402384689265,0.06090916108874635
14532.041677164998,0.060831066286391115
14519.234520608808,0.060856058029408376
14521.795018853069,0.060852347373290365
14498.491547853395,0.060920437936423
14437.556102848319,0.06105031216121421
14380.709199185716,0.061149069371516394
14489.677293760162,0.06094929863372758
14414.897310832099,0.061077775992790406
14451.250444103447,0.06101733857667184
14406.952202349688,0.06108916175207882
14545.322733925972,0.06085706920067575
14725.712304734605,0.06049498269111676
14798.912064130216,0.060394796296980885
14770.768142357798,0.06043518847955997
14808.921854917304,0.06035927398383294
14718.420364477828,0.0605457929920887
14692.942681165221,0.06057271623157343
14636.954197318555,0.06062678178987501
14622.847185635323,0.06067793660093583
14581.15268439665,0.060795411675690074
14611.2936525559,0.0607199137466609
14568.640181769264,0.0608142750004723
14585.697539016774,0.060732545744520874
14677.5794777982,0.06062543857005227
14593.105595654419,0.06074244934436821
14629.88616441092,0.06063052606188261
14745.348309751058,0.06047341719788318
14657.805297450812,0.0606001703436156
14633.444721313352,0.06068410555284929
14591.478248663901,0.06075148746253571
14555.097095285711,0.0608480713929728
14488.60980663771,0.06095895911732694
14500.661784441922,0.0609081304124368
14523.577553913034,0.06088035903443771
14558.853083971322,0.06079496186637012
14552.716856208313,0.06081298442773759
14544.39175103505,0.060834611465274406
14535.132187465219,0.06084621379121514
14517.698663589845,0.0608693480391578
14476.009600258158,0.060963326973602336
14547.387087680503,0.060807585902499545
14629.918356981267,0.06067216257694368
14594.401635848748,0.06071529899876256
14744.47435567097,0.060465619079362494
14714.514778841469,0.06049010848627576
14761.09018726333,0.060474231490840656
14725.526513105122,0.0605306664465166
14725.553273758533,0.06052402895061491
14722.331539126546,0.0605322682251351
14667.781468224737,0.06062177597738981
14646.281913960534,0.060643469674003796
14679.656806970032,0.06058516986421519
14627.309286835161,0.060698761760147234
14603.164786186273,0.06073974032435354
14588.984475615305,0.06078374959368915
14624.504598208761,0.0606910453379739
14648.269901584867,0.06063906314592842
14686.955323574703,0.06058810045549004
14699.23393511874,0.0605298582082666
14671.686172584163,0.06059690349857908
14595.381539499722,0.06074624448373776
14506.226760704425,0.060906254052527135
14489.849436688912,0.06095630640598627
14540.291224772469,0.060848399036547034
14475.36449696891,0.06096215436971703
14537.740801483757,0.06085147514244565
14545.57079082835,0.06084396478817497
14553.430204137057,0.06082682187626828
14541.61575065041,0.06082864718394661
14528.953930307349,0.06088750046418444
14557.366751099511,0.060813524503666276
14544.12425728131,0.06082199707609461
14489.053942096834,0.060944901630409345
14537.092920031471,0.06085177161298946
14552.291036733066,0.06081571792741686
14673.372732081465,0.06057464395120777
14805.178303229388,0.06033195535401481
14832.576601317269,0.06032680930593829
14808.79170496582,0.06037469372488228
14716.767648043531,0.060520543436105245
14816.287010663797,0.06035209263333678
14808.890137132737,0.060334046369400596
14751.920714968905,0.06043414393491637
14731.877972854243,0.06049733590119179
14737.552255715458,0.06044504203985187
14663.916121547558,0.060588528928770265
14677.354930246252,0.06057502658177175
14713.192607964043,0.060520779860838
14753.460138390074,0.06044855740054299
14816.643266753481,0.06032803528658936
14756.137116858414,0.060423227399094524
14720.48686717651,0.06050465556382838
14776.831149996495,0.06039647474792185
14655.421470676889,0.06061458291307839
14718.534188047564,0.06048698256390689
14650.362000278765,0.06062415896795357
14647.737756897654,0.06064446064491713
14621.467574157678,0.060665649224083205
14697.626276655685,0.060541684029430186
14641.364598073527,0.06065593864874342
14682.252247386748,0.06057746885499253
14622.34676509299,0.06065745875174936
14678.982086866046,0.060551781558305075
14703.909809517601,0.06052502582749923
14694.159127707278,0.060543136520561085
14617.775176539591,0.06068504365343244
14684.580627841686,0.06057542091519454
14656.509922115327,0.06060320207130915
14839.163526964165,0.06024929048814425
14981.876343034954,0.06003839819152826
14979.500558945821,0.0600391796122336
14984.400436911405,0.060062846845226704
14997.166126484466,0.060017514541613776
14948.0858185276,0.06010552609964676
14941.342121075131,0.06010843040915283
14870.435206454284,0.06021785825813723
14872.545080216032,0.06022697598369516
14894.612951816349,0.06016877685486315
14871.093813287924,0.06020520782522312
14793.712791144628,0.060343785225429145
14801.691387352834,0.06032083376746772
14816.766575632932,0.0603182477941484
14874.899657701,0.06022524091376726
14876.241984420776,0.060194096103542274
14870.247757420815,0.060219350270968544
14881.651767887857,0.06022908550459094
14778.565323867202,0.060392125904085436
14728.303541357804,0.060496120275940785
14695.742610072186,0.06054038848932271
14687.980990142638,0.06056508282291792
14728.050987742638,0.060459310497546305
14707.315902772223,0.0605095791394517
14706.745629017105,0.06051652018110177
14670.855857917062,0.06059019179378636
14711.743850864668,0.06051092618293573
14770.688299332764,0.06042801152523152
14757.915957523803,0.060434888964374926
14768.94334491,0.06044754021564693
14647.418287659555,0.06064615172620463
14654.104157941534,0.060615381953216786
14733.53738392486,0.060472481938383074
14661.414434632989,0.060621782982515464
14702.465219984148,0.06052003825121641
14853.763919823938,0.06024097430520378
14959.152620292163,0.06006195998423513
15007.742779812683,0.05997749769663398
14991.196100423262,0.060049513155095234
15023.970724053554,0.0599802129956106
14910.628934468023,0.06013662497070879
14846.763458190717,0.060274915399078595
14820.570724766838,0.06032124563255456
14807.252095414187,0.060352355813901463
14736.501849596427,0.060473510990993115
14713.34984088102,0.060536596949274525
14689.943866475416,0.060542903221746984
14653.063062106306,0.06063713449196117
14666.988376698035,0.060616514165365225
14728.615010584466,0.06050797297289296
14716.04269749242,0.06051428026120603
14658.150884100245,0.060622974845711206
14633.754265159094,0.06066350162849077
14589.856591921347,0.060756985968242416
14538.220226102958,0.06084640082348002
14527.04125652096,0.06086054908351541
14531.109315063424,0.06087376697160478
14474.02159088446,0.06096299496142131
14481.230592473168,0.060956113333011534
14513.057418660741,0.06089964587391219
14495.96297670874,0.06091615944690216
14494.614168280095,0.06091260219261792
14505.787662857929,0.06087113302633676
14458.641741140505,0.0609603752952982
14472.556507537674,0.060959429993413174
14429.268201875699,0.061039729321497566
14400.037602432903,0.06112050493344957
14425.694839724893,0.0610341793787798
14465.536815335821,0.06095641722355815
14538.717119179335,0.06082750794298572
14691.733387196402,0.06054680849775644
14786.054976555735,0.06041086105152929
14759.160150653686,0.060433152817576934
14679.545768255333,0.06060484463542545
14623.403199216571,0.06070552653089442
14581.662711536563,0.060795764353587425
14521.141566018363,0.060908318734228147
14527.291473005098,0.06086879870233589
14491.754655532948,0.060943153046702774
14349.196141862216,0.061190264147356684
14431.280431742254,0.06106144099238497
14485.654235011918,0.060958713558623825
14537.460411511525,0.06083649068106896
14546.880929706622,0.06081557294104602
14555.294806905578,0.0607971622161015
14525.23410474807,0.06088224812846885
14487.677967437276,0.06093820434691107
14432.009961565856,0.06106039850743366
14337.789982198867,0.061215800882268384
14335.810076904907,0.061257802531316206
14287.809164350485,0.061334036352227686
14334.552869233792,0.06126574010461871
14286.780688095236,0.061376170991959994
14283.894889331246,0.06135502912546072
14366.41837561136,0.061181713749143975
14409.724158664332,0.061092956365932656
14411.69511423658,0.06106356660208419
14395.381599676282,0.061119839035186606
14372.394579640899,0.06112870090722072
14393.629198392606,0.06112680803006962
14352.461938037271,0.061190628661134
14406.921999862967,0.0610808267364873
14483.176590560091,0.06093513967266404
14600.874862440794,0.06075169637958434
14681.586153071217,0.06058351525511642
14679.967682808474,0.060598179309443403
14714.913876449476,0.06055675903397332
14660.245898458108,0.060624165387455825
14638.347711763969,0.06068109036097954
14608.338536315801,0.06074296061269073
14547.33487561298,0.0608661105079549
14509.936094322593,0.060874518722676546
14508.26222885636,0.06089435651895259
14480.591135567865,0.06093132777837958
14466.940841200128,0.06098024654145843
14473.791265108588,0.06097973719961164
14503.143630604989,0.06094692252705161
14556.611256747996,0.06082563433018259
14527.16007613527,0.060880703196786484
14541.612537160398,0.06084427756900096
14494.768490517881,0.06095768707760768
14422.363968489968,0.06110363490105969
14386.093974972264,0.06116444476209089
14416.233335678378,0.06110094718257847
14418.020762353832,0.06111229287909785
14419.459366921941,0.06105366416141799
14390.524296015263,0.06113880796056053
14387.345286856287,0.06114407631481611
14354.085824302518,0.0612087954355108
14370.842308723557,0.06115665162522216
14459.67177755384,0.061010030633568434
14398.556827869701,0.06109981861726044
14388.22469798269,0.06113859920425397
14432.395800660062,0.061029669218590474
14465.54403293496,0.060989276934378264
14633.453874304796,0.06066792280472522
14748.733350001101,0.06045328358686731
14803.97721624914,0.06038387555072543
14802.069159632036,0.06037894892804526
14746.93495846968,0.06050309197445877
14762.82977671718,0.0604456567107615
14674.120853203452,0.06061387752368924
14697.017982803467,0.060583339930655025
14628.743706691897,0.060688923065672036
14600.045561199753,0.06072066333537181
14573.545521987322,0.060784039403964485
14514.314007988176,0.0609048537804584
14578.521992943712,0.060761490486003496
14628.442067212613,0.06066338229092605
14656.437582563998,0.06062641861966732
14634.560797512624,0.0606823619787722
14579.388197678816,0.06076483307444844
14644.64860029783,0.060639058451992446
14626.11773263099,0.060702546778225744
14586.189813497587,0.060777858604951544
14581.145592420908,0.06077562045138637
14498.282573508772,0.06094482837907431
14485.440301023491,0.060953489902211395
14491.590780403485,0.0609644310847841
14521.42755893754,0.06088154412853153
14545.811671055762,0.06083497605495489
14538.628707229072,0.06088078988760788
14484.667662275984,0.06095228954288797
14446.936798867575,0.061018576977217284
14455.844151657333,0.06101927504706135
14470.170116134399,0.06101382850859296
14602.16487163996,0.06072733288770881
14755.870671630433,0.06043771350712584
14869.574139549297,0.06020609994748618
14860.94993828168,0.06026620541302558
14810.40662334705,0.06036700666539968
14795.575270098949,0.06036324885096293
14802.013641989477,0.060385096396367785
14759.293410257676,0.060449926694748274
14741.129655760311,0.06047847056406238
14687.102852387978,0.06059135732705983
14651.632217308943,0.06063741398878739
14601.116462420861,0.06072668757713348
14593.96219883163,0.06076209438385625
14634.894934320704,0.060699173167026936
14696.708136626865,0.06057556406284952
14787.544423360237,0.06040429371384184
14766.59610460536,0.06044863536494387
14726.58366274499,0.06055825286338393
14711.058512990032,0.0604999683694984
14633.244384232436,0.06070783343745535
14528.153628862334,0.060881929324350374
14528.386148701593,0.060877574532372636
14510.010250076502,0.06088356272792259
14594.484157571786,0.06077799143100965
14610.968360062403,0.06073457533452525
14531.27349847609,0.06090955941167164
14525.142021925632,0.06086978001759025
14552.957375903647,0.06083044931088847
14545.25214438394,0.0608549729567423
14524.128687291557,0.06090675356474587
14521.026043447246,0.0608947811057161
14483.758519272595,0.060972739998803295
14529.38452237489,0.0608846454267022
14707.894799253376,0.0605261631990542
14834.254378198455,0.06028622174508573
14876.67386529352,0.060219267559098524
14857.443629195344,0.06028180642797466
14753.254701110485,0.060453755477725454
14732.238528315867,0.060512398362121564
14656.944614118976,0.060632758517468424
14587.609970917929,0.060782806673061636
14575.866838886717,0.0608013992366689
14575.31495088045,0.060783912099683625
14577.406673384457,0.06077513191757321
14585.035752509735,0.0607439289716753
14565.489839342761,0.06080984022268152
14683.982029307435,0.06060722565296491
14642.683264330757,0.06062541923090139
14656.078505405412,0.06063907362466095
14651.011828002533,0.06065911639176278
14582.794305089355,0.06074700121978169
14516.2710098859,0.060910451552909486
14478.445116712819,0.06095686993946333
14490.000799091089,0.06095526178526151
14442.754373218928,0.061061418665949885
14412.54586820721,0.06110914743586593
14397.969293442551,0.061120992109199516
14329.88168198377,0.06123061230052775
14347.282820068922,0.06120300179790867
14429.455511354427,0.06102882159033062
14408.279135313951,0.06108015129588961
14371.078095489096,0.06118975483374936
14370.914886965053,0.06117910761756129
14364.44089670242,0.0611811763847599
14472.478774231226,0.06099557785409712
14568.535100522398,0.060782283391337254
14726.901718693294,0.060506960603174634
14758.162342011461,0.06043532712949339
14768.545189162898,0.06046606189458835
14720.943971660003,0.060538691178532875
14702.684886545001,0.06057294908002117
14609.884128629848,0.06074041741033385
14530.16049707489,0.06089452450642152
14495.378453993268,0.06095801792446208
14446.173858884913,0.06106986790727113
14471.656969016183,0.06101196952369801
14517.422457444494,0.060926987319315715
14482.248491009248,0.06096346224270925
14507.348036271213,0.0609191106596285
14499.533465508477,0.060968016445049046
14576.965145356,0.06078801855986303
14558.975422692718,0.06080883108137474
14600.318775875014,0.06075082711166661
14520.845710321435,0.06091086881605605
14453.386541137339,0.06101636672955694
14372.500202031868,0.06117891596653387
14409.962668762795,0.06112118543646702
14406.675407681543,0.06112462433575707
14370.989363419385,0.061207646325916604
14297.918702545503,0.06133491082047315
14314.843271634722,0.06130628245224815
14366.337385083334,0.06118695359106008
14392.42099690144,0.06116420746006923
14333.866494707858,0.06126442907131722
14365.55977432931,0.06120569402824283
14312.419780990836,0.06130487879369714
14452.354454635446,0.06102801280166931
14640.131484334166,0.06068045790237792
14762.900470436842,0.060453238801644514
14707.77799170542,0.06055317664792328
14663.008098371225,0.060666887421334754
14646.146909565068,0.06069709626494374
14653.893509123305,0.06067574075045847
14596.64107750411,0.060792938317528626
14566.586032022224,0.06085494511820621
14505.71802020494,0.06096355571227085
14411.600290149294,0.06110298680566322
14402.707351442943,0.0611729792041472
14412.123076681108,0.061128563263989424
14465.767493346408,0.06102791734711073
14562.050437736842,0.060845618926221715
14514.094763342066,0.06089708556472117
14578.031335586915,0.060811309468323436
14556.836977750043,0.060847043221675695
14586.16873511276,0.06080691620899878
14504.420966576303,0.06094090972395158
14478.207095159474,0.06101738650303275
14447.241479191422,0.061061714164618607
14455.847648031737,0.0610349167189694
14380.216281675348,0.061172455601271734
14406.243932290376,0.061148326057661746
14385.684161701942,0.061193500772207456
14438.83840220888,0.06107151996214672
14442.363207086113,0.061083497405036664
14437.610813475212,0.06104513752078706
14419.835991636794,0.06109883078231471
14428.919301441749,0.061042859531124746
14499.32628911602,0.060936241378611304
14698.910093669572,0.06060186690185423
14771.253382191497,0.060467461077779346
14723.304542958987,0.06056926987788369
14711.268066096589,0.060597931731125446
14709.289817595378,0.06060092908244454
14695.572466495605,0.060598755849140366
14625.939422261667,0.06075362054023488
14568.373369611674,0.060860296704042804
14492.646752428785,0.060993953714420165
14490.375939280953,0.06099499973775673
14506.31471298189,0.060941564517335754
14521.201486262558,0.06092863983380538
14549.792365696363,0.06083329348753119
14588.619301310517,0.06077961322815018
14554.811745994368,0.06086143162897748
14566.584794526774,0.060835794799617676
14574.680107620185,0.06082772553833882
14509.611839783624,0.060936680361307435
14489.958153974723,0.06099222790396142
14426.276047310392,0.06108613684816801
14381.555210464914,0.06119126214344944
14450.809251232067,0.0610597925903322
14455.733410698384,0.06102939519309488
14477.73559368947,0.06099126858380647
14442.49856472843,0.06105738919292172
14386.14797257437,0.061170462361426585
14403.900520226054,0.061111744372082735
14414.920412051826,0.061079176872160364
14422.661626893163,0.061088708254679255
14437.59779699238,0.06108859953667183
14481.079652524084,0.0610279428185142
14642.954017124675,0.06068524522172921
14735.446669553292,0.060508064915022135
14772.445332457895,0.060444666297337815
14733.209597030223,0.06053650794363944
14704.832875764232,0.06058932526517757
14687.905927695088,0.06061383412067988
14623.128273439948,0.06069908513780593
14613.435065126561,0.06074010381552576
14632.64830418755,0.06071835791685795
14593.105437500479,0.060807910696838226
14529.347479677766,0.06091356584898062
14573.241717626797,0.0608052392864833
14592.792558530346,0.0607736679066795
14563.865826406924,0.06085562417541608
14584.543072445422,0.06080198115344242
14587.825763313605,0.06079715728377475
14569.552505886206,0.060833599209832896
14507.625463608678,0.06094147141922757
14522.112495029643,0.060929803680372326
14461.896079432236,0.06102720791917876
14445.933926324356,0.061065550400354336
14507.347465551964,0.06093860341042811
14494.498728939725,0.06094699944872861
14489.474597409473,0.06094540416090065
14463.411899082428,0.061005702906510896
14499.953706680679,0.06094375934332544
14465.036281321174,0.06101189869100692
14468.213762472733,0.061008301919913945
14415.65127740702,0.061100513638232254
14439.282490917838,0.06104783251624108
14441.00839917097,0.06106680188366199
14573.173790805067,0.06080495375486516
14770.833061435658,0.06047157180315492
14829.008950848533,0.06034433327963987
14780.041469010997,0.06047254461490309
14658.740968491524,0.06068503867329715
14637.102271873791,0.060737108739201066
14669.04838656048,0.06063808156992867
14686.446441083375,0.060630948126915954
14681.466088529474,0.060621555593635676
14566.312654011801,0.06085538241072662
14533.486043574989,0.060902001912483884
14467.019076486335,0.061066084921721296
14504.898767542923,0.06093906662365748
14571.554121093339,0.06081375127675009
14612.576567762384,0.0607509162630893
14586.243283896332,0.060792273681736834
14500.503319130614,0.060982606811395085
14486.547529519385,0.06101303048817221
14436.979397654623,0.0610875995581731
14422.541359931909,0.06111516498496525
14424.76653990992,0.061132986801425294
14392.55607597931,0.06118856456173037
14420.49005080922,0.06111571214638319
14379.764360320436,0.06122310346561766
14364.282295392108,0.06117769546016471
14346.181211891037,0.0612337736226765
14396.4406179399,0.06114165251485471
14300.541023672187,0.061369719056203385
14346.97400524762,0.06123800825139827
14374.907391913956,0.0611823099758438
14360.29442336953,0.06121210874343523
14385.450104182752,0.06119898098421735
14392.431302864363,0.061157046201188336
14543.435078442393,0.06087654973365004
14697.939150281294,0.06060399646839824
14757.814355584858,0.06052659496213238
14695.413764422634,0.060617129273629854
14660.326818606703,0.06067200229567374
14558.042520926032,0.06089920604845685
14524.925040693895,0.060932911623167045
14513.800501531417,0.06095380876815232
14489.924325935992,0.06099649257741554
14426.174966125309,0.061148656299479354
14370.65977635397,0.06124701265212403
14416.13413174095,0.06118005318599232
14443.917480518996,0.06107439915849828
14478.363454612518,0.061018430287772964
14442.670415291828,0.06109530650507032
14476.722078496334,0.06102639159568712
14452.862586837604,0.061079919707711434
14426.897942927959,0.06112545804836786
14305.493796615343,0.06136287043136052
14232.538471335049,0.061488097350523394
14175.578578393479,0.061606780358959515
14133.127153010864,0.061686102674954765
14193.95468017504,0.0615825604563621
14251.50133224856,0.06147769735676252
14288.96066178635,0.06137300598591954
14273.403978601942,0.061401603174577
14232.818792358372,0.061522126129219167
14189.648914872034,0.061546539755975946
14215.043557466799,0.06149783682672591
14201.80473217455,0.06156417430982237
14187.395944782138,0.06154817224207042
14254.295847222356,0.06140633632631743
14264.619274946303,0.061435963831514215
14370.441216656858,0.06121978844115969
14529.849268281323,0.060922102611664856
14603.179320294934,0.06077755824591456
14581.208594965326,0.06083143814920244
14646.454679595287,0.06068310085475288
14555.309610100116,0.06084718167109365
14513.496355478675,0.06096591500672947
14340.896265629015,0.061308498870249896
14285.695846639268,0.061382432116812456
14310.521111246517,0.06137615567833313
14290.750369090123,0.06141222997039142
14301.723914700227,0.06134610659703933
14288.708314286629,0.06134352558776259
14329.443395152444,0.061319014487106846
14364.129183011695,0.061289106454808784
14419.125416949208,0.06114208252276606
14363.554309255382,0.06123472621669683
14328.285445777976,0.061331008029586645
14298.563632457017,0.06137852317557747
14271.328164295743,0.061439565158632484
14259.154507558018,0.06145892427130112
14184.988679409082,0.06159745816290953
14211.96820463757,0.061545722779188704
14194.2537565146,0.06155815484796218
14242.35017848599,0.061497117592341964
14249.695078438968,0.06146908432138663
14250.673392687577,0.06144321567767365
14217.732015678346,0.06150301963799204
14190.476583887266,0.0616084610156003
14171.33783143373,0.06161147784005997
14188.745492903561,0.061603646472819254
14206.980143082761,0.061511125827682665
14401.731315424016,0.06112766533537315
14619.638542813345,0.060769805798196005
14713.436808621918,0.06058090705398734
14689.907552149178,0.06069699734883356
14683.768811263228,0.06067468600904977
14630.731934560963,0.06076811746525442
14556.91485489265,0.0608800610352246
14450.5231607424,0.06108452227527238
14439.043326316885,0.061118470089039006
14379.670773821621,0.061238972091158354
14351.12987231778,0.06127652786802539
14363.509357631412,0.06125825925996265
14396.382100917765,0.06118019336065399
14451.928121897217,0.061069809023341845
14426.436614092214,0.061139145178490936
14430.936283770992,0.061084965988386565
14440.169539113847,0.06108634602968639
14442.389977093952,0.061074247805791494
14428.895844588276,0.06112201232348245
14364.343645279336,0.061247158885805404
14320.304376599648,0.061334918412356026
14243.659741285728,0.06147974995669248
14202.986523663822,0.061531561064255315
14209.1582791976,0.061551563248469894
14259.62155427979,0.061417199616491704
14261.084725181436,0.06145030595161448
14222.028767471875,0.06149688927473397
14211.921307353923,0.061544312541223146
14213.359588461817,0.061526726422063624
14191.092381798442,0.06158928006490356
14199.545547991303,0.06154051072155328
14300.873411578203,0.06137508902607446
14457.963478420486,0.06104534122926935
14688.713905147932,0.060611386528672255
14726.142078914225,0.060562214070175
14762.452492372191,0.06051396221505571
14751.312385708923,0.06048998645559473
14680.296374869324,0.06064680760251658
14641.400018299713,0.060693725315170116
14574.519039316207,0.06084727321807479
14526.17313405058,0.06093792810863747
14455.604751837323,0.06105945095875207
14379.909222074964,0.06122076571272855
14397.12683891185,0.061153717511716096
14340.276445766382,0.0612715953072262
14432.191425195932,0.06109906828557981
14419.75501137796,0.0611054170944941
14490.240756027912,0.060998423384258836
14492.970942192153,0.06095418891711381
14501.698116215812,0.06096370824660742
14412.332681755704,0.06112880904513779
14349.602581892172,0.061293664387372854
14373.468754747826,0.06120870054276124
14309.837701293665,0.06129229873006925
14245.763387591558,0.06145223041617073
14274.412784814585,0.06138203056157308
14320.006478879013,0.061316966041856144
14332.69978272145,0.061299459488075844
14297.961974937487,0.06135666336136016
14234.437411498617,0.061463725078980846
14269.282281114383,0.061401081746080374
14269.493595337197,0.06138617180046367
14245.339418825708,0.061436246067092
14263.9742176944,0.061395864115617316
14457.818714090145,0.06103505587251978
14687.114928802608,0.06060896682670041
14779.137301311926,0.06044146342414719
14796.315699139577,0.06043182637248929
14704.823175709753,0.06058941155198909
14621.472191710644,0.060732627465549756
14551.93275317254,0.06086411414576461
14492.912702111818,0.06097407498387831
14512.573972320008,0.060935711060094204
14497.105236529711,0.060991107699135814
14433.67775507246,0.06108311232082775
14401.715224519206,0.061154325702575826
14429.208120510812,0.06111319491600971
14417.398727503098,0.061115335240217346
14479.987839460951,0.06100840875955279
14511.469564980443,0.0609596791369919
14519.179687851687,0.060915628651876566
14480.575432160678,0.06099766045556081
14425.63561595061,0.061091436652241815
14432.384999872933,0.061098430330821685
14389.040503691424,0.06117483721341947
14320.341595743765,0.061289939505357084
14295.320126250479,0.0613725225442598
14233.053904713026,0.06149788415201282
14296.04732818591,0.061382791759711564
14289.270188481427,0.06138564526855463
14230.5877834397,0.06147266842037355
14195.923881992228,0.06156092852692419
14194.89224862136,0.061561256596871644
14178.736442788513,0.061588791573651686
14157.319522652278,0.06163668386655368
14215.032587642552,0.061496399240873724
14376.164732761861,0.06117497567965916
14638.46772605276,0.06069701231562326
14705.457927704005,0.06054147173135337
14695.910285150154,0.0605864281818695
14714.053604144567,0.06055956153447639
14659.329505833539,0.06064364060907706
14548.780132724041,0.060846522949836966
14464.862945847668,0.061014909523983106
14409.852973099654,0.06113956789212943
14376.585502759915,0.06118358028026539
14317.359522046609,0.06130407185813282
14199.00822520354,0.06156559654661579
14280.84549312768,0.06137536904661483
14369.894109564073,0.061226218222284044
14437.315864653647,0.06111212997164189
14426.963841489274,0.06110864285557914
14438.283465922408,0.0610761845919018
14383.264430223053,0.061175829670327656
14431.76424878024,0.06108619876118262
14390.986090252094,0.061180510659301135
14294.386708680877,0.061375684965444675
14222.748975493218,0.06150797767480044
14141.413599710582,0.06164629733653932
14116.109908325274,0.06169040445411021
14137.68041410028,0.061666483273666674
14104.172788866854,0.06173869440044022
14059.663935045062,0.061803683368759264
14073.523211140757,0.06174624142831918
14079.973497199659,0.061797498827046056
14090.519328588833,0.061782797233355675
14040.049856846586,0.06182623040357858
14048.505092870735,0.06182790921633627
14178.908869977726,0.061591635441857404
14367.436485586146,0.06119266924239825
14601.91665809154,0.060772051304942565
14663.474263874275,0.06064181147003119
14611.066603051746,0.06075464737427554
14576.082571024488,0.06082656452824456
14469.117771224935,0.06101151810100385
14424.116940169682,0.06111281623378826
14344.960752170631,0.06126973670629646
14329.264249864806,0.061296182144912476
14202.927529394063,0.06154598057103283
14169.404987915104,0.06157221173541071
14205.304440454924,0.06151934241858103
14288.674432453772,0.06135900195246438
14284.374091617654,0.06134259779790391
14364.254338298462,0.061208965970856004
14401.353547346413,0.06114698244528269
14371.25931646811,0.0611829203697866
14360.69994348832,0.061223206114465516
14226.358404456307,0.06147545699529753
14203.320206472918,0.06153368582508
14132.138513935766,0.06167472969946026
14104.369523482117,0.06169885440278039
14101.778428251171,0.061749166133577636
14084.718505937093,0.061767544388496985
14077.339770854373,0.06176743990183496
14058.575462161245,0.061840764032968204
14076.635645168499,0.06176001511714773
14067.03879680731,0.06179149952770227
14074.870969597441,0.06177411672710301
14067.873356531689,0.061822870392658984
14094.53528248025,0.061747761314702776
14148.648905215494,0.06167201218962139
14418.65842434192,0.061101360930845006
14595.760268470509,0.06077090884307646
14673.009532829788,0.06065769839078461
14581.639629612599,0.06083240793502652
14510.283222014143,0.06094630335878096
14487.397129511233,0.061005845270026546
14457.38836685067,0.06104046309873451
14355.250483965097,0.06122383466868728
14291.550058058288,0.06136624586885694
14189.279638016284,0.06152983563244256
14177.778931441326,0.06159725230554559
14186.600797538435,0.061562461673281534
14273.135795390484,0.06138288387389934
14365.339148492882,0.06122255771051789
14347.97561940355,0.06124724279640507
14388.219003273496,0.061160146379042137
14365.26677086316,0.061230640218842926
14359.541637354192,0.06121369459076229
14254.834193038638,0.06142523252472485
14189.775481863242,0.0615484187168843
14198.437438136714,0.061564946594333286
14201.922710941315,0.0615245688194481
14219.617739025178,0.06148170278852138
14216.24748963329,0.06148470516149195
14158.54982439559,0.0615986318745937
14185.358648205494,0.06156014451098808
14242.852345016758,0.06151314164265925
14200.96146299993,0.06153297803101687
14221.580647923667,0.06151082277010273
14167.32746972417,0.06160348772434327
14203.081609691586,0.061515837585992716
14390.8937742103,0.06113961242293655
14631.92974985013,0.060683515081618136
14748.68541030403,0.060473477813181784
14745.071810044594,0.06049598617131806
14722.88128679505,0.06052419808121281
14625.572645630737,0.06072008450295052
14544.83573675247,0.0608596817677554
14518.434313807338,0.060921743336912325
14485.033505379311,0.060990160472283055
14461.758378160996,0.06103562280446104
14468.249155167829,0.060987186473587376
14445.521823621506,0.06107681010550948
14392.946795188493,0.061151747952764325
14459.042742462208,0.061025339122240375
14537.496302120975,0.060895714980207
14557.15992013785,0.0608360872922708
14628.327708834397,0.06071358290980796
14588.836921676726,0.06078605579966314
14489.92954305668,0.060954187824516566
14456.681048532162,0.0610429456346965
14399.961451313005,0.06112512217255554
14416.015899193271,0.06109248953478996
14323.48864472051,0.061259309293790476
14316.230928906727,0.06127666384776542
14366.246982916213,0.06119680807195912
14363.805608200151,0.0612021666259843
14386.798025518958,0.061156268584775623
14374.67654005834,0.06116166075376113
14333.659357198057,0.0612747176230323
14345.536113647755,0.061255955535549265
14347.96827227003,0.06123450980244659
14396.86244807913,0.06114498875264436
14614.03893113666,0.06073752579824149
14772.98525146702,0.06043661779716121
14844.402522390592,0.060290217689923736
14788.44470927703,0.06040905580623862
14751.685531833156,0.06047972480136916
14709.388687101227,0.06055007988534086
14739.087984124386,0.060476671690764476
14677.461387801464,0.060602950250715
14669.376483855223,0.06062259795708097
14691.971433415101,0.060595729455097176
