0,1,2,3,4,5,6,7,8
666.3491535575195,515.1845093094382,2749.7416490944433,1215.7905327300568,1417.1892047366996,810.4347686669939,790.3474241630355,1221.4443274380205,892.2718356662851
754.4622527607864,522.1122168593142,2749.609460225497,1245.5833041741028,1410.1485222099375,809.707130911069,854.678636406888,1256.805957641215,904.0940603613017
764.930551893576,691.6454519723098,2745.9998808518103,1190.2297555211958,1366.0676649333868,843.2170367696604,959.1712167552225,1110.4817646134547,787.3250607311363
990.8730083425762,584.7595914729993,2758.752364074797,1135.5203329507435,1361.861318687755,871.112365650838,958.927066083055,1030.8848527486552,970.1457411591655
1287.0513397836214,567.6780636347899,2705.6085185844113,1138.2590820567493,1321.875784514241,883.8234097486475,845.441025246754,1219.3342729025221,1146.0503526056982
1327.764133110113,536.6416638492852,2728.614977630445,1115.6040438709783,1364.1111482565448,840.1378221515289,868.7144501769473,1355.3668122555323,1290.535041277757
935.1615175995867,545.9928542925904,2730.4331392217136,1142.2732216417426,1360.4374756997818,884.9971399417859,834.0996337862362,1262.966907600628,1110.184944376095
884.5462784345079,482.63647254322797,2815.2685824723494,1218.0841104418182,1392.106451894725,885.8244435623574,907.7141769065254,1142.942627834956,1058.4660059206117
1413.4949737340178,535.5308881811668,2780.348476028074,1224.465915326824,1425.773526479717,907.1656117049995,857.8286157979161,948.7522081757892,1058.5221589134626
1863.3910058338024,486.5851654479163,2777.406420405818,1245.71052803478,1359.792143103291,941.997308739246,806.8570998100763,975.0389832586555,1236.8119531581124
1805.8166176504055,430.7447975125456,2744.4535848284286,1202.8658185472,1394.1223957639559,939.3353140971333,931.1110681254357,1106.6317648351323,1359.5868710825603
1541.499713646589,495.23597468639366,2769.2936146075363,1185.3299001657772,1363.6723665606003,877.9814384160488,954.0233628294204,985.5500051237709,1201.1073671304043
1277.9630690138715,502.94059469268586,2865.286529422435,1169.4590553590515,1427.903995458962,934.9440153293973,828.6662966577001,1115.8506448861258,1063.767094524825
1064.1874278064424,507.2696509009408,2920.364936605207,1243.0814313007809,1409.136347863838,928.4208423045795,774.0890447220161,1316.3381256617354,954.014895079315
834.6563522989586,500.0274110686836,2949.306333451669,1177.3930180383536,1429.625207702845,881.2209912679623,764.8247066967629,1325.4366585027474,997.5337484003987
742.2534291783493,432.72984873287044,2904.656155434258,1227.1648725561495,1423.3224018706778,881.3078039111731,731.9906759610342,1424.2032262595153,1045.59447904618
955.8825108255412,504.2829652554676,2808.6883876357547,1302.7503012058642,1443.559506862467,849.1832685762347,785.1206840254806,1313.3952985131484,913.7095347417535
1105.5300844625099,493.03506103009033,2755.859650920911,1272.0743493931868,1444.433047561356,868.7769137390151,850.5962660732114,1536.9402491297192,902.3338053509647
1142.953599609491,477.5381439626575,2746.605408105046,1204.4079412803626,1450.8515893050967,802.4949239148857,849.670117993656,1477.0551718875056,1021.7544840173155
1005.7380599753262,511.8970626561702,2836.1508206223243,1184.3211643335103,1450.3929967089553,749.9132604683375,832.1831877496268,1378.8877481184663,975.4620225751446
892.0277843953133,564.0528918475613,2909.257442243287,1181.6516926610047,1423.3447161336178,823.5952157763477,811.402085636523,1190.9665087806811,984.4956108012818
681.5846035304819,569.4657688133818,2807.655685383371,1165.27527837569,1506.6447800841229,862.7311479073593,781.6229336698866,1041.283703444623,1101.1936953530235
945.4126507138092,590.8676668684789,2740.3171351854216,1086.1435577482775,1622.554644759406,900.2407455712914,722.8688115212691,1046.7381900957848,1162.8377922017467
762.0030920124191,551.1742826616402,2747.7186559099537,1050.2582994527554,1613.5269229651706,818.4217304517229,702.7559343851515,1147.380267012687,1133.3087413441758
858.8550188571719,532.5277095080269,2677.140009992485,1072.4249742235195,1514.4115997003958,829.7687120000062,737.3253745331097,1063.7658052454372,1127.5069443079587
738.5983379082015,682.3412960789021,2722.984872622197,1135.4800519228716,1510.751814064592,815.3861577208202,738.3477555805994,1046.9613213217167,1062.6364384516032
845.9242538687088,651.5495630635048,2713.874817891568,1207.9514656875099,1432.2806429551242,817.6208225947651,741.6532215074303,917.4218169571184,933.7121261266163
915.9901563343385,494.4355940436501,2759.513667352746,1268.7818542319305,1374.4139449933855,795.7327020116893,789.1867583883638,952.6215450904856,914.2370237021764
774.3602312464996,520.2137617137628,2805.501042942441,1311.3778868247853,1355.121457654397,798.0058897970243,867.5207604068145,1033.315524869019,837.5891883492853
803.5586251422673,478.73204361552325,2818.173529952855,1238.4808161571816,1349.868491689058,799.585161596041,803.8277705699282,1082.7326155367132,876.2682262527949
647.4606886016181,670.1059049821711,2815.9336567190835,1127.8954503269365,1350.7493629618102,860.5362873270717,834.1518984052154,1094.145594577827,997.9324112152451
610.099940671668,589.2704924467255,2715.9398555175358,1121.4942584272076,1331.3180887651656,835.4233620070036,759.4015742108966,1095.5151022004375,1037.014134015255
616.3441287908819,626.1491252579849,2687.48437861716,1113.9294183159318,1310.175556997197,893.0602218280553,703.9310965505692,1219.3921296833407,996.1989762160031
587.2695691402629,608.4833832458651,2693.6238158412007,1094.9556051610784,1308.7131042177393,883.0029398378858,733.0560053617256,1260.3757239714519,890.8130098421295
740.0272227714925,450.43768133195044,2702.634425514027,1134.9348075531093,1291.1991092307699,952.137698889175,741.0034303048965,1317.6805552590463,884.6674468235618
769.3032384095195,443.0144102183018,2748.9784466113797,1252.4188414122104,1337.3639376011522,935.5942169211689,749.0460424996879,1341.7472761019417,954.3718160875428
861.427070844004,597.7839757420911,2700.4981836476363,1392.0286688718222,1345.6428132127185,881.787211992018,727.6283909421479,1175.1169358892653,943.2011288526171
918.9285340668856,457.01604500748283,2696.796416614032,1375.5036316738087,1335.2685915413317,956.1508564415226,784.7328450524282,1035.3324915493185,1028.0198365126807
744.8230355230934,492.8996077291489,2745.5429419072534,1288.609289873431,1345.8676330226879,929.072876059095,863.1094892560984,1059.8473116657367,935.6087707465485
661.4932285251757,686.0599626400628,2658.6136755429407,1236.4835610934867,1328.3458808226515,911.5766571845758,853.299149542652,1091.5140516573479,835.1325570090762
688.6062064826865,1161.3487726817084,2760.454449731865,1209.9353571653114,1355.7243129192614,937.6302791698848,873.6198159375156,947.9203391481994,1029.4046336651363
705.8459140840903,1310.139546014557,2870.4489463850537,1301.1181758247976,1390.540555318748,900.9886356655041,818.2069672440268,1062.736609838701,1212.6588514177756
728.453069698756,1238.7029614217508,2862.310891669175,1292.6570704603241,1414.2212554641123,858.9563517939232,790.0062383598665,1047.5698754153227,1088.589328043699
738.6008188812493,813.7451848775662,2805.376651674408,1277.2516916944303,1402.4658034640493,827.8510596039298,802.1120741337572,1007.6136576906299,1013.0184137520239
577.0931809697953,705.5198912829383,2776.75310146383,1275.3098062745175,1409.474648644013,845.7231761708866,807.8552862482452,1098.465115731229,1018.1758773294746
760.539981775958,1155.4634877454728,2701.9223799545844,1257.8682776655382,1424.0919604240937,904.3699454891126,815.4801401195257,1198.7029765304192,1151.885174759666
630.1807696154438,1581.7275089987734,2716.1610643545846,1264.4326429073399,1417.8573284520062,809.8953444807005,805.7022560657473,1184.7610612378835,1100.699282983982
620.0539938338127,1521.8360350730607,2660.3847038377344,1293.5144130258536,1488.3881350767642,801.8102443693647,856.9727371116569,1099.6363428438988,1061.143794078867
714.9447428103348,855.2618801143449,2698.056085218497,1270.5806521358063,1411.2312169509264,831.6627906530047,895.3669519173984,1048.477518295881,983.5358760167207
672.2998663551792,648.2750665923995,2690.7506705134715,1231.7216308758818,1434.604917033113,807.3520184520828,894.9467746676194,1071.8603870887086,968.0328059917692
757.1625950637759,1034.7318718601757,2661.335191623364,1102.8400423349017,1440.0343650720893,760.5775578549512,814.9195523916999,1063.7219093695885,867.3392779432431
714.3273503751618,1164.6744368026762,2659.711756192737,1064.4639329167444,1442.1647840158353,788.9744252763547,808.3284838115019,984.1439670735176,913.9087859100897
695.7599718710758,1147.9954837022765,2625.66114441787,1070.880051462474,1433.4117989021272,722.0379134063176,1004.7960350404439,983.8115453218818,880.6588658027431
675.1208202556903,1214.6753871311553,2683.4682055591957,1104.8441436912372,1453.840805614121,732.9790714366907,996.1822642462728,1113.3960904551905,1055.186150962228
677.496800892182,1035.183571408175,2649.6381694818247,1124.8082319423045,1466.4956635808624,769.5703088342241,944.8840353353274,1026.1078479471535,1074.3753029952895
912.0767974035941,949.2828920031828,2651.928591963502,1152.458886488958,1422.6879716201092,809.710220674955,850.5436718537806,867.8698262203261,950.9525081187583
947.5284073614698,625.2187051944127,2674.0261936214583,1157.0041826429224,1363.3069090824401,775.9220216915662,819.5660640024713,905.5530122001396,821.9361947447026
1167.834686543315,563.0876052509249,2687.3032114974612,1127.1680534712546,1335.644749503334,799.6532043307927,737.662129051964,923.334442188468,943.4017230834127
1168.1907977163125,813.9039068339048,2693.4549813551735,1134.834581076253,1319.0103999671394,815.2264032729307,794.8400972838042,978.3328491708953,995.5905796903155
889.560669212171,936.2184051521003,2755.4284367775726,1116.4131621551148,1328.6092525275346,843.295609464258,811.1957689675355,1039.2790673050774,974.2552082931524
845.9234454568893,914.0749303953094,2671.9264741019206,1120.7432509212733,1299.5522372839087,880.976016981424,767.6381697206525,1191.5477057519643,892.7920745713227
801.3568197692892,844.6365277320327,2693.02018733729,1129.9213920107672,1296.6344006024497,903.4620043454363,697.1477009601851,1363.6229088946366,898.1730617491006
999.187928421537,633.2721605015048,2701.4831666079913,1177.2760446769098,1323.1639194566035,947.9815043554192,732.1527561492132,1512.4987802298454,1023.6109485112949
951.4955737334592,416.70289976754873,2665.731326459103,1177.956251177522,1314.5725360921385,893.6983363741336,737.9143370691579,1551.4221314052934,967.6130985120346
803.1079922919216,605.4505807508833,2711.958271561086,1230.079875152996,1363.203820457088,841.7536379804965,723.3775408504594,1374.8417576153888,956.1736357649909
625.7543534506303,613.1197900597515,2715.508028067682,1186.9485992614068,1342.5770525523476,826.2972501266311,756.9938456296043,1180.5796077419263,952.9614613550089
822.1031095909109,684.5110118940794,2735.3880687214014,1172.3381581792432,1372.2273673118423,821.0351391386039,827.6526954793012,1209.7444788160637,830.2165045352757
747.1504151923364,566.7661927430407,2746.5387723696936,1196.9171625029485,1383.157842552483,862.23352282305,874.0586031625596,1245.4389083316205,843.4259832951487
656.4613874294492,667.3658587928649,2758.934552931586,1191.774120050001,1381.6002964046556,882.6494232382063,880.3873790042838,1095.5151630871233,1008.1475662886515
729.9888586058646,576.1922029136995,2752.019727631515,1218.2615313385827,1400.3847466691732,886.7270254404389,844.944304346893,1098.2962164665669,955.7832902122091
670.12824024897,563.9553600867705,2894.7357113342514,1199.3926935033696,1380.302782807666,873.8483314565227,789.7506086449938,1232.4207976735352,902.2649568890563
774.600884998108,612.6361544051947,2764.1408135918978,1231.8791058961028,1409.7382902322925,868.8528282118807,763.6532945725135,1272.014435596806,954.2454097466266
839.8868225062795,514.5992951271455,2786.657290194862,1249.2279405589666,1434.5587119326565,785.1852297449104,724.187270068981,1156.6367311881406,988.2113732027098
730.9670392697052,456.2535176590296,2750.4962503942966,1230.0844781368148,1459.8499003765676,866.3154513972395,683.3002559158215,1114.8261952949442,966.1736476873659
736.4868925939102,486.81609838354785,2681.803933410177,1250.2252994313972,1453.1098094258323,783.5881084458531,685.4444093208501,1082.3241115868248,957.6211553230779
710.1689074235017,465.3145197436693,2700.954481976184,1249.8320430156612,1478.1454847768605,781.5884694679836,770.7814252890271,1046.175640660409,835.2492731254285
776.1977570402461,530.8048416080426,2656.16656471687,1190.3087124153824,1412.68296682356,774.0555127957095,743.5852816552581,1079.794630225602,1053.2625458126126
827.8620258453282,505.22352000705166,2689.1189896081005,1144.2009321865103,1445.188577906479,794.0702933657315,750.7314090941946,1006.0051579752719,1048.846418351386
723.0846315483809,533.7390165869132,2638.127768824139,1084.5494237670116,1453.730497693468,755.791168105036,856.1914881850225,1082.7537915968355,917.3878726137897
747.8790479192373,466.1249141119057,2707.993533746634,1057.7795778499512,1411.0816178313378,798.3821255017776,809.7669180288894,1151.7446847496599,930.6786799152579
697.678559480887,479.0093818230713,2680.702471733371,1051.4353701761793,1419.7439730761043,859.2782393947402,728.5962346889012,1192.2425635772454,1057.8251274384716
689.9362667003761,607.2571225174979,2706.131715863454,1044.6211050760633,1460.494726264406,1013.9405368871809,774.630980337306,997.6773551437625,1040.7913595821242
792.930531248576,586.7262993756572,2799.8542230585736,1105.6273108635683,1434.2036910380384,1111.6166162618656,771.1757347864681,917.2380426022812,998.7428027681196
927.4070881545399,496.92887849806004,3001.8360231138176,1245.9305629799564,1417.7272246894515,989.5299635392664,763.4908297929196,1080.2430805166564,1003.4963915550618
1026.8950495201648,453.561580119145,2948.503875968974,1321.3154376908333,1601.149813594717,844.1090490156356,834.0334211701179,1090.6128170070178,998.5095962147514
740.3700463455261,655.6886115193647,2696.124788740758,1183.034490744792,1595.7851906342203,945.1385127096671,794.4166786033513,1128.3621336065983,797.8602746041463
775.3967836355873,813.8795370549481,2778.925580462942,1115.6228777628544,1534.8261068329114,1099.5966823312945,838.4157261417536,1150.77275938945,957.3183823448703
806.5736887383827,1014.3592497753332,3037.8196273909666,1141.9542680825348,1389.9338461774746,1121.621030714529,732.305943080363,1235.1456907124434,1213.39739833051
759.8906953152297,1156.925062370453,3073.044162241911,1302.755130922835,1351.4133067010162,1068.2704675101845,740.9957120709867,1098.7543173417243,1302.6744609996554
785.2556105608969,1453.0939682599833,2921.571419104899,1412.5662116220287,1332.5702091433855,1002.4066109265485,797.1734195800551,1088.6715943399934,1221.09898404667
760.6870634325708,1311.3660073509848,2857.3644861612865,1377.6140495253667,1322.4131143339455,957.4914655828568,756.8987880075679,1087.7570998915207,1166.1766359914322
859.8049161152269,928.0438726162024,2789.7639812867674,1300.8619282585453,1317.4337410785704,928.9947107636849,787.6903468432135,1078.0502159946673,1196.8754643302887
1028.890459932732,585.5655848467601,2827.101921345654,1251.9198894309732,1375.8638104012275,914.2180534421487,787.966350282501,1034.336788211818,1015.0128682973593
784.5278551576481,979.2885134252426,2751.8336902763904,1313.7098871682165,1379.1587222196808,963.4343603411928,796.153799007044,1149.4422834518177,1062.3486028834495
695.3668919514671,1612.666052248629,2858.107239511238,1429.5009491775913,1397.1985804861804,956.2180801461082,836.8414913879308,1133.0662992677835,997.5797643231879
892.4422968058838,1824.8708380082035,2766.184001874173,1448.2457661402668,1434.9570567472383,1034.8099380454514,854.6712426180441,1164.3497087730057,924.5813485376001
905.691913649792,1720.1792323673035,2720.4623065772016,1319.3757968416905,1424.0565680971622,1072.783493127206,843.4343745793149,1059.174573646857,854.3771682462094
739.4540286266706,1341.654209482178,2762.531447226419,1232.2488467775793,1398.1514834542218,1070.0952496703758,764.7294175607769,1139.7226476463961,1015.6548796461027
755.4327106877963,744.3729419725491,2749.4546893673887,1195.5739511064066,1424.2054647972157,960.7132332831335,759.6115424612717,1209.6796201490065,957.4296518925906
831.2830381285821,550.8949215877506,2811.453175665353,1189.03199638177,1461.365318465038,897.6241786835012,750.0888549273731,1156.3892080183891,866.8851040241705
806.9826487893225,843.4802240735899,2741.1693662661273,1246.24310238446,1485.1443602272914,885.2078138607242,765.6285243304148,995.5052355456219,990.3443192720312
668.1534553619854,892.1407042707478,2810.4925848647104,1219.080194347236,1563.2546435128284,897.257861562046,750.104006180668,904.6249863787993,986.6345657024999
736.9186339760249,940.7257362436555,2828.9333109918934,1176.8854544355527,1617.6152623231312,850.7278151647367,799.8560835663062,953.6395286621719,829.6506535600183
854.4548061615278,680.5551275407722,2742.294792165906,1161.3678079908661,1582.7743491853294,815.8124646638638,761.4823263209878,958.1993188696135,922.238279091414
772.7629989298996,708.6799774142669,2756.4492403787417,1174.54454295953,1593.6018748852484,800.5205226200003,765.7812055723373,1086.607894660724,877.2626206952348
615.6117545447281,560.8843772205631,2732.690834480849,1187.57001003824,1554.550011562276,856.8536319800947,720.3637164687706,1164.317525018897,949.2252237032213
794.0212302519874,692.5308773381742,2751.8993063565276,1146.3550946554692,1529.3295797040678,820.4245203701319,709.4102900909708,1150.8474563530524,953.6855258339997
779.0388537965641,520.4908897395419,2735.83300390533,1134.0415921515073,1446.047252803412,771.4830157486265,716.4287139197934,1256.7731123246022,1032.409640453164
748.7022121843788,470.6323578756146,2726.380958635461,1060.186015435017,1456.5792030244522,730.0935744057463,768.4615433923686,1430.557032970236,821.7515135493657
908.5011300941501,654.0121360766134,2718.569213335719,1048.038074916849,1448.2611244769705,727.1683773440122,804.5755383852937,1200.1967824971402,1053.2198292007292
1179.813634348871,633.8413758646257,2778.8911596284497,1081.365819312131,1475.0798685592044,774.6386431321137,863.2340163792816,1056.0460891553118,1077.0913321610833
1311.6782116538511,492.18070383761204,2849.607457521042,1121.1712809555365,1462.6610328906982,829.6291720786656,894.3091514290453,1173.8233508418434,859.5671291550042
1328.783377116662,429.6781540270895,2871.315114146745,1105.524083062359,1436.9327551579179,850.2891362308278,824.942051347631,1320.9485983131942,817.5539847665002
891.5097581855673,657.4566592436493,2726.4474233345973,1105.887233068483,1407.317452583738,839.2595333031885,825.3907374181131,1222.4545365167064,868.6242820588527
823.5835748356408,782.6175689163547,2725.7158679096747,1130.6133134400702,1371.9104825559161,880.6696767879853,955.8942459511904,1339.621917887558,808.6374973405298
1438.6932717981908,798.1499492862324,2775.7226725849023,1098.1262294178155,1352.6069203866386,933.004118474675,1089.90116076496,1359.945876295315,833.6271778615737
1683.7900655592475,635.081279423697,2829.712611957229,1112.4595475255037,1353.8293999577754,881.7082659168511,929.7627928922091,1180.4587061172358,1008.4284726452279
1513.9034004433952,591.3224051923154,2781.413338112259,1119.231490700909,1391.764610290198,935.7062540892094,869.794854746021,1038.5327375489737,989.4385099417325
1290.2318182223457,512.8750760745834,2818.512837706534,1144.7834158274088,1380.6897557992625,918.1515665614204,1069.7296588170277,964.5651850001,991.8263072326413
1077.4529370226605,688.2961190198407,2774.8814802437664,1115.230788423196,1423.120270458206,924.9040084838415,1230.1365347744268,987.7146364085827,947.3257957046776
802.6582940088522,683.0732582206355,2702.648509968619,1151.7057180069164,1412.9571078461345,914.4659743935763,1049.9733464449182,1104.9729987986025,884.2373380559177
865.5030380799725,530.8297426950692,2725.6706079853634,1162.6945345734207,1410.7945849866492,884.6165715067876,1011.3848526452132,1081.1571717160477,1001.594889467196
920.05747728108,538.6635824281643,2805.639569599522,1171.5749978642973,1421.5469963194914,872.4613954439319,848.9570117184381,1014.0462742624945,1059.108222131436
896.9434564975609,517.5496940288174,2771.4719728660884,1166.528872615475,1413.1159538542674,907.6949779362035,776.1120697500553,1169.559210740749,995.641544099818
836.302372085024,640.3804182837974,2718.798337712954,1177.0193635405767,1433.3844452542958,918.1667203981577,816.0500057277447,1384.9825029913713,911.8604449112898
955.1888652978405,524.1934224901665,2761.1951122445907,1177.7987965495959,1458.3638262191605,932.0829053985196,849.8892741273369,1210.3954198438573,836.2036590764709
717.1699644263358,476.9681894615462,2830.293708342489,1224.8231338980734,1439.457770322075,918.8021961870112,825.3037717543592,1033.2118431076947,844.6173947351747
721.2581155761866,538.4960947753807,2806.245949633489,1195.0330865118058,1459.78323147898,871.7190553820228,816.8922502108259,1148.5642049094859,950.1012018571832
829.521182054207,526.8123234569443,2786.8890699093326,1229.8557994288399,1481.094860156748,914.411332127654,780.746744371555,1215.4913930724713,1111.868115121106
695.3938127250672,500.05512959063367,2775.7871707697113,1178.82258602771,1464.9574328518006,843.831729511803,781.2551622093424,1123.9937407079983,1110.208584019903
699.9668484248177,421.6546742657398,2699.7949527380197,1146.959362226019,1502.095806780509,808.6572707916321,744.2801902614649,984.2693438861547,1056.8365406924308
760.2013994299415,467.26626008254834,2710.1137494161876,1194.35514693277,1506.763254892477,791.4725594277329,820.2102593392112,958.405670687742,959.4482821609934
791.2175749420576,575.9502640667575,2720.7948910507785,1193.010353795225,1506.5560081163653,775.6093499663536,1035.672623722667,1046.4310467113955,1033.754008892832
745.1802795428866,601.9467704089427,2696.4145330591246,1133.292092422956,1450.0986225730235,775.1857212383975,1088.0911917160743,1230.7593539024624,919.4341091164597
797.4183555938102,573.5405903767114,2636.4168663264063,1087.8577679274786,1463.8153964073933,730.1103695859119,1022.5632900156266,1125.9996141043111,849.7268790779128
780.0375418862257,543.0490764273135,2702.3103510364854,1068.484996528699,1474.3906007473365,765.7322228787073,933.6227071139306,1134.449599384513,986.1701814837313
769.0325972991109,579.5306879035852,2688.7941652227705,1051.6379941612968,1459.2021089028112,832.3070598839292,886.9638635277618,1267.6880134927758,967.0973302943733
659.7494723646066,520.712000625758,2674.8677114731117,1071.6687293667314,1460.9015944263083,994.608434370047,928.8049798503504,1302.9402431608835,1010.9586010118734
721.9828125820005,477.5735232845736,2707.2260230730435,1107.730636129299,1492.6307885500862,1036.3102021044347,1023.2021679161562,1116.7205061584489,958.9706182163079
641.1059193639057,580.2814121416798,2692.092625648054,1102.1000691349432,1455.0417901579071,931.3859001576927,971.4656462655646,1113.8784093906788,956.2947739456852
721.5424098145488,553.1544507245039,2708.007508855346,1055.5205592675404,1412.475957226632,851.3833654909479,917.3652255922079,1231.604742162617,892.4354949358495
786.3559747068944,610.4855240478673,2701.127857180173,1069.7241634881498,1370.9926592631905,872.3051582807846,826.2947190853454,1391.2034951899773,848.1329782543163
717.0004694691877,726.9634422312322,2685.3757518006955,1098.7599661811155,1370.8576103747505,936.8095530909159,752.3611144635381,1209.7822492865819,865.7037357296457
720.7745758481199,694.0166894474307,2699.697812572246,1073.3280036132408,1342.3451098722326,972.0726060612095,761.899777256822,1013.3944569995327,1041.7399928217492
727.3448033629768,555.4855895504595,2713.649634871261,1074.6838467408934,1383.6673394255372,925.3830202626873,833.9989847272382,1020.8359107796873,1193.5146370439784
818.5992802059126,502.27819259533,2701.3438249366995,1088.356027990054,1365.8977833767356,891.9661232085364,968.2552046653935,1035.052074462908,892.3361920318343
823.3177981181287,559.4635907573202,2732.1993895001215,1081.202258280021,1347.1643411614245,903.1184454542333,954.3897590341282,1076.3770648241498,875.4240683905184
863.7566167610985,643.5481507604121,2725.1968774526686,1140.3708660347374,1361.1325092690217,951.937104548631,858.5812553976215,1221.6094860884102,971.3296740797975
849.6962401567646,542.7323008611274,2703.686359896965,1362.8449417950394,1373.4929991890583,942.4696373815032,772.5870819811302,1366.4410177311165,916.0706987722535
701.8259386292216,580.6123564152244,2728.7616972518526,1554.0851119155059,1398.9960794132112,946.21312782818,878.4856515779209,1308.3639877316919,1031.5546397805406
725.5579007941044,571.8104492752792,2765.077199832479,1391.9978644868481,1387.215833976893,905.5140291061832,904.4960708618224,1060.4217050601378,996.5304776628757
863.2848992017122,676.0762352283443,2869.7901518220915,1260.8438467039427,1420.5804034959874,914.7725698441093,997.1170597607679,925.4807351632494,869.3483001503995
750.2575279887116,1005.1648392811576,2960.0413945269884,1524.3484382794497,1399.2544867208792,946.1199319686139,1044.6092508899878,1041.9859845503847,865.8683647249296
912.2367461773692,1205.4398205509287,2969.5218947356225,1547.551357382999,1396.4772207582905,889.7082090321037,1011.4615290543254,1080.443747725083,889.5183612353846
905.5643181021005,1196.4417762335274,2926.78725698361,1516.2608638738454,1395.8576699826524,921.799429677349,920.6457770390856,1047.4263778208924,857.5492926146071
704.4832592884394,851.0693444244074,2782.6739030048057,1372.285919100456,1447.3579508078474,910.8803001991496,847.2616121782165,1210.2356658222209,863.562993164848
803.8448848974338,706.0156631024523,2635.7429576749473,1319.001550917751,1451.7920659198435,926.4053569373965,780.5131191487123,1252.1274645701,845.5985277486755
826.9628330184498,1006.3804438246,2807.760141093474,1312.7508577180672,1424.2113597228772,849.4758152317937,745.454478632389,1177.4657034534066,888.6958536873685
735.4481285155076,1236.3457438728492,2933.0556126306524,1231.8156302586326,1508.0806803352862,810.1684948469549,784.5848470438867,1197.6927860050823,1032.497903739876
735.8261047180397,1189.3082264893596,2947.5110647863858,1169.0514640410177,1492.1030622552425,782.1016796821232,842.4258525685644,1274.31104416877,977.3215262575366
616.6884752927915,863.1604950374128,2911.5516361682267,1178.0399303567715,1414.4368208601668,778.3064164039511,878.4716054442702,1160.8748961864083,948.521781736978
725.0377030466097,658.1438870054023,2710.612163413579,1161.327081459646,1458.6127602999668,760.6641095743084,879.2731595785472,935.731460056602,822.8443396577766
669.4220383048619,593.2952252732601,2701.783990151507,1253.6838522118958,1582.5207980979612,746.491458149526,954.2362214154734,966.3543731316144,919.6794022463441
622.5123291032025,719.2598086179682,2720.010417043189,1147.4871685770352,1613.0941400623292,727.249453965298,926.4268291410785,1009.016584198479,875.7096059931721
756.4075183112425,1000.296484966598,2792.83480456502,1150.2869626309357,1654.8202223352184,765.9841109491053,884.8521835167054,1156.560279263916,903.9188975317866
794.959988820118,922.9977359775282,2736.1089918520793,1104.7956774265444,1572.296885566605,771.0710700156155,818.4099633945967,1470.5970647848922,980.2248182445227
724.5869562170931,872.2783686679933,2788.2961901833905,1132.9975352002627,1515.1473493790463,734.4287741447688,779.2782272293148,1575.7066146400675,1090.5030870193473
752.2614887327034,637.0363721646038,2719.9447474475764,1111.173577968876,1400.7543206816333,767.0173099590932,771.3054448546029,1491.616566293219,1036.3724705196594
651.1789407383633,674.5604064442778,2684.9511849767123,1100.7520075416214,1368.9156495979032,808.983560466045,767.729372304815,1286.606936979765,915.5386767762363
880.1698250162891,711.0044809558538,2674.7604711000927,1091.845654468553,1370.859791585572,800.714803705816,776.7274622458156,1228.9939833982453,1069.2325583361517
675.0459732904451,807.115241681867,2687.0606417979297,1114.2050188134194,1454.9576704647352,814.0493856249723,856.5262330477407,1270.9637915672445,1095.5068655378238
839.8162604362763,713.7226168507161,2681.910434046934,1148.1552527658544,1400.2684437246437,839.8702105732339,986.5177625198114,1032.432336242284,901.139000069411
784.7211357616009,807.8731399816188,2644.368268999902,1200.035867052406,1358.5229044443342,827.7033802522278,888.5539808097901,1158.2047500772812,954.7624666781238
749.4201767685644,669.2785840358308,2702.8053951208203,1185.3180236358562,1360.4376693274771,847.6063720822754,830.1306029138102,1357.9881037329264,911.8452155731025
615.1366642791987,595.897469907082,2757.967126811137,1211.9279010676037,1323.9108240490955,839.833932160878,865.567623399719,1118.6841079749681,848.0397982888467
657.9556017721707,567.9646608129651,2681.953455244857,1251.6839901741182,1340.8420890713103,873.3971180641795,929.8129673666105,1130.7514676501323,806.9491500757827
798.7662776739542,551.9439255059701,2692.673820653983,1223.6386135059354,1328.4082111268694,904.6857701770568,878.6234692793035,1258.2970663013475,816.3847427525434
741.865490813643,561.8260123564875,2689.0095661786527,1168.4310094140965,1398.485718143912,903.3638754412583,809.3531653715638,1444.7975062756375,821.6278395906102
693.3913927534142,611.8472146941167,2696.165158024217,1205.4665149575494,1387.1328055945537,899.8692968955778,851.7456693122639,1326.5414728521378,956.187004447419
781.0305676779983,664.1103750741804,2691.2925140821108,1223.0069874760188,1388.9864422487508,862.0928453009514,950.8815785632288,1187.7467435970784,1078.5434115455255
941.5420033875116,654.6106321729658,2707.8992770821774,1231.2566159587163,1402.505164731882,866.0905223680245,1027.5941511330448,1348.9513091969889,1023.4115687690762
843.7284714890209,734.9684964990997,2803.1647118448504,1231.5098693194823,1427.115405184884,810.3341248971295,1019.478546511993,1369.5474744992248,898.4545273332587
1037.18868940659,700.2432988787571,2746.1255017115454,1202.6055511019213,1427.2952918101623,853.2721698408642,1081.3367528248407,1257.195093646888,909.5004596411351
1412.5639997088037,656.1871700742108,2769.856156218976,1205.5200067730993,1390.198396052664,837.5417912375888,1115.4277931170195,1041.57839447838,900.5989819721333
1490.6573329855623,960.6706083359512,2704.816427692099,1206.620810893465,1447.5416238296377,825.5868639051164,1014.8197739610534,1125.8767842987663,798.7524872820163
1027.3550384879957,1848.0829060756844,2690.5752640237197,1210.0971079848305,1433.2604105770868,824.0482518454414,942.9302328846685,1085.5874680368775,934.455793699168
1159.2484452488072,2248.2685826594397,2691.9503611093633,1177.1452828334095,1437.5199038489754,837.2036300423244,874.9068687196701,1077.211065019938,1024.0675529415046
1816.6278454830162,1949.3252580583767,2620.7006694291076,1158.674319699996,1418.7330408548514,877.173693782097,927.2325902281768,1118.2530841779803,1123.3577064188175
1838.6288268773149,1159.468674980637,2638.8889976717487,1155.2582290571495,1433.5253791753266,923.0312264148793,1046.9359253019043,1184.9539253347884,1129.9109988242794
1726.138748237101,1147.1447433350604,2630.728587335064,1076.7619378494123,1423.351405264476,955.5258710299463,1076.1556724761151,1296.0810142318378,1014.4442807741718
1513.6378456814655,1466.565543428667,2648.617840308483,1074.161772494247,1444.2893939086978,895.5223202246406,989.1996462210385,1208.9891998366434,1001.8773761066284
1117.627025839301,1780.8065413765069,2630.4441768750075,1054.4064108039943,1456.752285267716,849.2411308447188,889.8569117739817,1201.6320300383231,1087.6831567834458
952.6280820656168,1992.471077275645,2660.005819990427,1061.3167506508294,1447.438623406279,796.686636411164,768.8229043925835,1127.1947361166335,1100.522862474139
950.2501058753297,1573.92685739254,2648.2179062466103,1097.4638040918708,1445.5105389081198,821.4087215284277,799.8563442320598,1175.998358716232,1161.2969860055991
867.0797019058182,825.3148944461672,2669.000882552187,1089.9298180141166,1427.1348644771522,899.9788821192114,897.4956489388342,1042.1918930279094,1105.09067216733
837.2421012909177,2309.507829452689,2699.8462527144547,1105.8448129481337,1418.2705006361862,1010.6936823986536,849.0693828106564,1081.2015800717095,1095.5815083057287
830.7952391527039,3043.8538980101252,2677.692785479513,1076.7365016193812,1370.003307620318,958.527999783596,879.9550895594696,1115.488473640969,836.060810678161
1018.4177254781055,3045.3055385163325,2672.0659366766677,1091.617064744319,1344.8346626576813,885.8062627363911,883.8004149952592,1093.4403356619218,902.1718998471183
1043.998917956657,2228.0028132854122,2723.0725084466385,1096.5411083408164,1350.550834138839,857.0991506865992,831.3838380932848,1096.5890888514223,1071.5557785823435
1070.3523598859308,1331.2058715346325,2698.8500910169287,1103.898006711668,1385.169227963641,832.3651676288423,820.9145731577105,964.175899689823,942.3692429473447
910.4214958562753,1250.9993050490857,2688.026771993959,1116.3528467122221,1344.380249959293,829.1385157315251,782.243588252049,1027.279850605093,1049.3754761282355
830.9357986335424,1827.0456684478481,2718.1011565494537,1129.6693405282458,1355.979877183633,885.1569885432139,814.3285843571612,1124.4747214979766,973.5323718399493
754.9167338476124,2247.947944643348,2693.2728134093113,1158.24013376387,1336.3613942204486,907.3121299628432,832.6304753440963,1343.845965398574,1004.1796433231033
1120.9582060508853,2688.053648709239,2713.5363748272866,1145.9172366150447,1348.5395122943246,840.9047554587721,775.1731592580877,1344.444906569589,1040.6662388625728
1452.6831936585409,2491.510525563476,2711.5818491384753,1139.2374860894113,1350.9632161823206,909.1980546893478,788.2954266849094,1322.1051075425307,1013.6130165771795
1502.002232427852,2051.953026255958,2717.4664419289675,1120.4745532312756,1349.0336861349258,868.8562973490975,909.856111912079,1110.0236815516705,917.8692337801231
1334.8491638736577,1714.943708059017,2666.1375765318658,1157.0811104986874,1338.6031051935406,878.6831556852869,973.2055538840702,1158.335253089616,1010.7260376435092
1128.4451426891646,2136.7151462119014,2699.542785289186,1171.8510561865965,1353.7351789321,856.3691087653679,899.3892656425623,1047.2236470757443,1076.6167398993853
1232.432137515144,2293.9912351269313,2704.077008764005,1170.474363920015,1407.8809957846238,911.1882871588745,926.1118432174488,1154.4895391025275,1044.4810356401726
1102.3179020764346,2213.2922161741517,2794.8747999414663,1200.9771091303028,1400.8350404526961,826.9532415590568,897.3236975754963,1120.5819839649807,928.2448792853426
1119.5621046967326,1535.502797583127,2762.6348443540764,1186.305765208922,1462.0756638517892,845.1034645292206,817.0754522128452,1233.4271005306164,922.1979695169191
1149.370891478845,1113.6389788076385,2707.540627339455,1187.7988533012385,1468.3198348363235,851.8591862253352,808.2102716361935,1320.5145579513714,1087.5202227167524
996.1558523365368,1292.685145531465,2784.631344566572,1140.9942817055382,1488.7877310801723,828.9908247956121,780.566573457489,1230.7192414420933,952.3902752170727
733.6115498712891,1402.424614354285,2833.8095435448386,1153.010322334357,1485.3028936595047,823.8747813520447,757.6622292860714,1024.9220780477685,805.1260699453783
881.5603926777721,1477.0070249746814,2763.913718364779,1189.433711548942,1535.7359135662296,819.165722298909,791.3198181531199,924.5238138807956,876.9204392130082
825.7340872812981,1058.852791879573,2762.1323750452684,1242.9615781520215,1563.9455459014412,762.972397044358,828.0347274165532,931.0988609545092,896.5116654740345
819.018425915473,885.0610931254212,2692.036972250715,1280.0931752092388,1634.2781030718513,839.0611413440615,798.112425460143,823.88452835217,977.1885775470009
717.0527720859805,1114.3025879382994,2637.9873129912935,1230.2471435944963,1601.243455621964,816.8713782052253,851.7901006068893,878.7079849023805,1073.8039632346533
826.838690142006,1382.7314024487212,2676.0233519861667,1155.27381700438,1476.8218710592178,759.0058702347271,811.6206973439685,1177.0804662171183,1228.2616064521399
882.9535101125797,1281.714541763345,2619.2480359040956,1091.7974175816244,1472.242037170388,751.0792908107652,821.4882485416997,1275.752118276972,1042.452339264691
889.2396304627914,1050.2321754662262,2689.4841222089017,1099.9047429316288,1520.519413790999,747.9001042676875,722.6004569629766,1105.3320508468887,1043.2723806919525
989.6398795938865,835.3063574791131,2662.334029936156,1221.4396733621447,1468.603452830128,770.517349125504,779.9287259583566,1025.160149364578,950.6478834025728
807.2030586666582,595.8077306139143,2722.528749037541,1249.9294968331676,1410.0933561378522,811.0769508380988,828.0225499168799,1331.882096097288,870.4883452737233
764.4172366928456,622.2072539345829,2816.7645391573096,1220.9764293525052,1440.3049047625882,796.0227274367267,824.6445062647522,1433.1150834475789,863.0784606078176
820.3216625839758,741.1569706118005,2774.3361434903554,1141.11540343741,1373.9614025096532,809.7366919430499,790.817774224978,1277.6143831662578,758.1221520872061
796.7142220707669,1020.2267186744423,2750.075617636947,1102.2975745954855,1373.6793319834999,761.8656649758968,804.9170731232032,1135.4715094011253,895.7695713380122
743.793328861896,1012.6037950129173,2707.8883407071016,1062.7393161752088,1360.7206624069377,773.434433150476,801.1572620684577,1277.3632635192448,959.1705648079584
904.0600740962533,633.3477160448575,2742.8668171382064,1093.736518704679,1369.8605778774759,798.4308187158721,766.8646445792156,1052.6226177579842,949.3539438612431
754.4108340606995,966.7347937338338,2782.2958575795583,1093.1158045752888,1346.4389246718356,840.6627768526866,778.1818791486166,1117.994005815666,1076.0820536762164
850.0215415302423,1323.7552741996333,2897.485808695398,1112.0331402783222,1360.7490447562723,831.3245871545574,827.0478502617943,1261.767395172512,1020.2265298802079
683.0680598463805,1443.057301352057,2807.4999834685605,1124.9184741879444,1382.7149324022353,916.5579576163288,789.4378161443633,1281.6615840032491,816.7265730500101
754.8231539535336,1339.2277736350072,2726.2550360483488,1144.033978056433,1389.965465056065,858.5046265861165,755.8427867113985,1101.6797904745406,823.557940525265
720.7873511873611,933.6458595273327,2749.993958659751,1152.7607823037033,1422.214698484573,917.007552918727,753.056816979481,1037.0225938814242,921.9189866449295
747.8203905921947,785.1483855553088,2753.4428307148587,1177.8141205445088,1376.9575038145383,945.1628450272538,762.1170352842679,1019.6811565711421,903.0757839626922
770.8542870978443,709.3830558414986,2747.3976603938727,1158.2176339895996,1444.976159707112,930.0893279794359,766.6195201449664,1090.0997729739538,1048.009606437242
722.503400548597,560.1302503934864,2729.4500400407005,1157.2375002538702,1394.4441277715819,874.1111426292564,811.2735157486811,1136.0168355254773,1227.3765932404942
708.7782208594931,549.8698919774763,2732.3481034878605,1164.6115787459657,1445.3458734913474,932.320280106017,880.1187985952835,1269.923190263953,1161.5534703220615
709.1115244003192,686.493263403426,2862.9311134633517,1211.6186296528047,1425.7248499385573,894.328602921217,891.5934395113284,1041.4829409725191,899.9988814728399
670.3983459167828,583.1181356729728,2847.477945777054,1179.5962757267084,1484.8848675718882,888.0501719065542,814.2919256949558,1246.69483990922,881.5679940751297
683.0958280761997,685.671240154194,2806.5698335030174,1166.841732765868,1430.521892420857,908.2472527038203,784.1622419853718,1319.1085202111133,860.387415199075
796.7842691665512,745.3013342561812,2874.3151993577303,1141.7283950617293,1447.8680952711163,883.6733304593397,821.9784384436043,1240.6935261110152,820.8951866095786
757.5675212976612,937.3397454250681,2783.8918374792584,1176.5486774935275,1494.6923168137587,883.6756803976828,883.4634830070158,1160.3623190597418,937.9325478554508
670.4225971703204,799.044507182674,2729.326030768202,1109.6611432162767,1479.7341216858044,810.7627458451057,1050.1879953947514,1052.5885677805,914.2095937551404
646.0011298668915,701.2261456967411,2734.6659406193794,1116.0553410516509,1470.958053792966,736.2242023616559,1105.1599178377637,990.7385013082795,897.1984050902718
597.1677101084906,511.406381746479,2724.5636441038732,1141.8020353995876,1486.7169624182843,785.746007547886,981.1361378820537,915.237298494033,887.8871300285489
773.0811639689127,544.7946367615875,2676.2086534149867,1112.3380896776264,1523.2267973867633,811.6607013520652,847.9369830454789,1203.2668075683719,965.0913635435948
642.4248999644981,524.4875718417377,2690.1484662937705,1096.8329254498703,1479.903673668739,844.8911189654866,787.6242930171409,1313.924027272689,957.0625713527456
688.4205340843467,691.0227949204259,2693.608103708468,1072.7298829417434,1459.1834602800168,842.2728005529007,925.569429737049,1194.9708935982248,854.7912836343653
695.0559232569549,718.7634631184267,2694.7171365538547,1032.1531344414916,1450.7428052381479,849.9816123203939,919.2303680040224,1190.4926422417277,808.644390659208
645.6003193226395,847.9950013160814,2746.105179037432,1066.3693482021172,1463.6122483641589,851.3923287594032,862.2688913600341,1205.5163480175675,897.0045155358671
713.9324052614403,610.755556169663,2741.455855738904,1087.7109455656869,1429.0417487434538,832.0979535467504,812.7613711821539,1028.4709523276094,828.7506881200221
865.162960142098,597.0754967404446,2743.2459797163715,1096.1754430862798,1417.8615573258653,752.710370237235,857.4587229992358,1034.050366431285,848.0092516040913
708.4286888111435,661.9516110345262,2731.0495648890624,1073.0836432722576,1392.638562105919,760.7336560797652,835.6348685756818,1140.8535066368418,874.2941707288996
656.129698091831,818.2229528268367,2729.028557624154,1079.5585035309255,1404.6563138932638,781.1154200980982,810.9909938022367,1126.996041181849,947.752184690561
722.6395496015604,858.0420607556392,2677.2535653819687,1087.1945701012542,1410.5517894140257,796.3280455685635,845.2860200581392,1081.0582898642729,825.6909758454419
842.2952614570381,886.3647836214573,2677.384823675826,1086.0676906718932,1421.6357689631122,816.967019424055,830.9008316205886,1203.011723629363,909.5285983244055
1079.9261425696359,724.0155177065428,2667.7863672026715,1099.32883392028,1392.0092983603568,869.7432549934581,872.6869166768762,1250.8424234405531,949.9137971352352
1114.687576055658,536.19719750689,2710.34032469233,1084.8990665699146,1353.8513977872763,833.1348693759919,936.0728536224541,1255.774239585895,957.5138343725184
1283.803636988463,559.077220712128,2780.6470904500347,1101.007112841558,1343.2083402357891,947.071574639852,886.1272523171776,1372.1391112419412,1022.7962556823136
1441.8527500900705,702.2263372294728,2786.5557592902114,1120.6911385317658,1339.857965761193,926.5739558815426,816.7484731771567,1334.3113352045814,964.0285817325973
1283.0411791164242,686.7831552206815,2769.1563962723153,1137.294533947931,1352.4567801637222,1002.168987311573,804.6256437724714,1235.6282012738213,1088.8286882776026
1042.4945318712055,518.2841142400865,2952.3018919553942,1150.0057692917571,1355.1625262719936,1147.4143108702876,911.0369751788933,1281.7529244464918,1181.1068641813017
890.8571623641226,552.2259795675819,3050.6972428234126,1182.59519961665,1428.7583247603156,1081.0427174938602,934.5120154084955,1258.190149748828,1087.6143702370198
1031.5666357457535,635.5837842617761,3071.0091054524646,1200.1903768061866,1567.9014575980946,906.8657788670955,903.7503829403927,1067.031941364825,1008.2726041170567
1238.464784633109,536.5151873488735,2789.650923500105,1186.3412979237842,1675.4255890945792,996.6901957035427,856.41783528056,1213.1246643457544,923.8522819676564
1664.3499663971813,569.1751966417241,2766.0193336043653,1174.7365114330082,1673.3895611783396,1107.3896194375307,846.9992625167007,1368.1879930966438,863.6262648270022
1679.413000689386,553.5471372379458,3008.567071555825,1195.563991248976,1627.0619816505198,1107.5555209811105,826.8993349307667,1223.1520731214118,876.2965079297801
1431.9436385115173,529.7083939067376,3038.9754289650764,1251.4787406870614,1537.0420264417726,1043.0165339587124,810.525132123895,1040.3769648440953,990.515168609794
1206.1459687951556,597.1667932713381,2968.2974465510424,1246.5250284416256,1497.0193635064002,1003.333829696395,755.5521538075884,1051.9271830771618,995.536624256918
847.9291546812979,623.4319849153842,2874.7300948610246,1217.2851041386784,1474.988148172858,1020.4739814021478,737.2306943855147,1160.3215562987828,1021.3732321648415
848.5056933874874,546.2604964714526,2844.0614928017567,1127.9861048995135,1448.0272886718467,896.0231191349759,755.1748923796555,1122.6738337468105,1254.981238733377
820.313640256054,767.5534188318379,2732.0357461520143,1116.367172988234,1476.2518354261842,860.1879678547934,797.1825864890828,1099.8667926266808,1297.122416636098
1030.9210308197999,1043.2729433942761,2706.106678301311,1082.3711593095688,1462.8260176727558,817.5097606015373,812.3013536342064,990.5958615399663,1126.4637460558083
1003.9565214547815,1006.0019409368828,2739.2764113806315,1086.3837681143027,1507.5263541524992,808.0118422577918,757.9420326879507,1170.3806982189715,922.6521612242301
1032.8564817986469,803.4849242027278,2652.605350677107,1073.7931340944783,1511.9602597715966,791.6984844062904,777.7459503959792,1088.3597268229478,890.8811682096148
1054.1081519934569,672.4033799324575,2746.6644154539026,1117.2792100875477,1547.1877137833303,792.000621734025,755.1625172094314,945.0161794951574,1005.577084988578
812.1577996421777,579.4214613377708,2767.8910861674767,1087.1164235255,1505.4600046531123,797.7094065462782,715.8681406118551,1206.3487955962078,1145.97893956391
771.0831414047188,599.6570537740752,2773.318217660021,1062.504067712921,1501.5190858027768,779.9804119828163,789.4524052704007,1136.2287599843253,1203.446830914911
967.1992854330026,829.2317245680538,2741.849992309092,1041.6154833042604,1471.315331806651,812.8484383492419,843.417386762449,1059.207602501324,1083.2831360739901
847.27800807252,892.6459577519843,2769.4963674227756,1043.1678744102583,1484.2483251755461,866.1032790095272,780.655553338223,1018.3514271413201,861.1851470994347
754.8516465237471,858.9107618310259,2680.6167282896176,1034.5725954678096,1413.3145825345018,805.3368394024742,772.1420444370174,983.3483795919137,851.9888916173711
751.0585610189692,762.8144811244022,2691.6323233570483,1085.3972010180132,1406.2324616849387,861.8012064555371,823.1217207978013,1049.1717863246895,911.4364666749011
674.5655565964892,656.7717805187796,2647.775424944018,1102.083719829078,1386.001125910221,859.7117299881295,772.4769776225817,1202.0045293294595,876.4337739301814
717.1654140609651,716.0592474804671,2693.5739722247654,1111.3596294636254,1417.8951120936413,849.7654032506994,728.9149168314233,1155.2834877103578,946.4793821214065
938.3135330255841,628.4736762461114,2675.487193897577,1130.1523575781816,1437.92383393205,918.7713752378753,816.5240204582695,1086.4406119385715,993.3295985934049
805.9074372958062,681.0605791269967,2742.702212004554,1152.8783003396916,1396.4123380485626,915.4344881895588,816.7793880441106,1135.349767929813,894.7108271173133
650.5857154192404,963.8421473113849,2733.5048916956325,1193.3121640444156,1359.9446754503679,915.3552422419061,738.4783462657381,1196.4713561124022,849.9193832481183
717.7088642338317,832.0841007777858,2767.1631034511443,1188.9170949028821,1409.1845594455604,983.6136962417784,712.4619960318862,1129.0551269369994,847.0131070963612
960.8765767794414,653.568123883008,2730.5472565782766,1184.421632953176,1440.5236074572308,966.7990185042853,718.5802310554479,915.567277590204,899.5500010184015
800.4236922263318,770.1244853309911,2713.606768388717,1165.1011778490006,1447.2155189819964,926.6802604612026,817.197159554309,1098.6704892351966,987.2521977853329
706.1705542107079,891.2280201439085,2724.336628374055,1180.2021831138318,1481.642631928697,946.6191461727291,892.9796095559764,1123.5041258617152,996.6053276026311
799.3824825438878,1078.9144580594548,2737.9269733072415,1224.6669660268594,1476.517731552095,979.0430960222759,915.3547600019995,1171.4812981904734,1032.6603499142352
707.9002817709568,827.55642913562,2753.8311220016285,1322.9698005675546,1473.3916609619346,955.9141681029581,819.1581414071345,978.5886725137441,1094.8570026958826
729.8849607462646,749.4969238038533,2746.8049037063565,1296.9356306073241,1486.3275415698931,950.4028468836561,983.1564920349119,1099.1418239560849,1043.554853354236
710.399739082898,771.5344328862395,2740.7982397832784,1275.9775796649756,1489.3532908643065,898.9613699071448,1175.9123592413498,1308.187002455215,926.6404046858227
781.0570596100638,1178.0774523672262,2707.307263406166,1239.33144530444,1498.1919664864608,898.4098341539527,1087.7409184485373,1253.6408059983382,860.9147368175468
910.6850073829607,1291.2960792325543,2729.020148924097,1211.5786158807075,1488.7556594464522,857.964107144539,908.2680888838102,1122.4035981388338,879.3392295169831
833.7005936201864,1496.5437031128931,2724.465610350373,1250.5114330073336,1514.3042932091564,836.5183095089187,781.6761283373455,1189.9223391393393,882.294313482548
1025.1859248821956,1368.8989880795395,2700.9584983265086,1180.3760102197402,1496.9517415358573,816.1426502405068,931.6099761862636,1223.8235724232864,869.1835966178498
1025.8653862930141,1186.9627797345877,2694.752683549922,1144.7753274152274,1464.5222659594576,827.4155065329102,1028.8577099978834,1027.2662476852865,984.1564616205508
878.7445133136948,1074.1677705444426,2662.2660717457584,1087.9433235529896,1457.1830689877218,750.0597757641317,1093.5681879769745,905.6499190088241,939.9263914175714
727.5179413963202,866.2579153825791,2725.3808087459365,1125.6922344825377,1492.1202398745245,766.067825055414,1099.3411753764608,1084.8093749399738,961.0115745336786
847.6063327322377,1531.9225744021317,2671.815507022966,1099.4470085631817,1482.750464513002,742.0413016804205,1084.9746372757063,1047.7626788482648,861.2660654583981
769.7754023626094,1842.1246144754466,2680.9893771472207,1107.344399355159,1479.8617078324307,744.5076394942954,974.3923329160687,902.3174533290457,959.1831295430732
743.7131806839911,1584.2321224067068,2656.8035288902897,1053.3996849443538,1474.1827826636081,750.9556441472719,1014.6202422021126,1144.3276109855858,941.0982089103272
797.0760328495853,1071.4979718490276,2684.7700203672275,1073.585864508019,1488.6930668010482,716.4931352475165,1239.6184487777082,1060.8649843097994,849.2624212751869
777.6107801747174,964.7039098300833,2671.0825611857517,1075.0773793608537,1508.1271333347952,768.0539975473416,1186.7178476601125,921.5088509803338,906.7360597492268
775.3375330693066,1100.6863921909317,2677.6013962745737,1102.1988842316637,1419.8536259570967,761.3946277846214,971.8194532638196,1060.3986670974239,836.0570783047476
798.6976417606974,1612.7367477766754,2682.405337042498,1074.0400724260294,1371.998304936285,769.5816094595824,1154.7480438897999,1253.7611346026847,832.5500668391057
847.805526432458,1639.700626309658,2755.452389478566,1066.2501056161382,1365.571359025348,793.8805079668389,1035.8049511937975,1092.8654104627994,905.910289521619
700.2381651249032,1419.7173701046183,2692.5297583886727,1096.0088114332652,1375.5568104852177,809.9032343054014,1032.56078336391,1284.492596028165,987.6371930647538
761.0001910906908,1002.3070955198444,2662.2441646332663,1092.3784970068998,1398.6046732453347,839.5566178785746,1038.5995894109817,1339.241391616909,862.2450581111674
759.6027765056158,671.5917929590407,2659.6319412002513,1105.4980447827165,1362.672955122513,800.2914369874126,1023.3817359756322,1157.8361538811207,958.6408136189901
1041.298263997031,842.0826495978345,2664.68642012061,1140.540108960562,1334.216768776012,822.9014496593259,1043.0060647201221,1113.6310364590381,994.2362199503889
958.8630699926207,912.925323929906,2666.666666666666,1133.5325778093384,1369.493282861943,837.2665199253943,943.3731474925121,1103.9060513962822,857.4592540337774
887.4689467608779,1005.0834861489043,2698.8235040815853,1140.150356437575,1387.9196833626206,821.1237532721467,997.2988743427211,1017.8290223413635,929.9449787048193
905.9016071589375,800.5352934010815,2725.664911959164,1145.095619360574,1404.3063515401914,865.5724759435516,924.3930132226665,939.5936340685678,1028.3511372076955
856.0279283409427,632.723151655386,2710.7642610864887,1167.4042692417204,1374.658756270655,928.9336512496336,933.7571590689467,1052.201958034721,1006.607662000107
711.6979094661691,458.5263533934064,2719.116417412473,1179.7445909182775,1368.5995895796345,877.1797348081113,931.0259143176988,1074.284478614232,813.9824083117765
861.6135306929492,477.67057026899283,2699.636977169642,1174.4068828766312,1442.9843782530245,987.042220552876,912.3782384230673,1148.0933157915078,960.0368645843134
977.7043611158346,410.4090064464315,2726.7125301763763,1152.1193066917504,1534.469894971056,949.8890571878708,869.562539085625,1035.6249183189816,898.7772748876216
960.8082751636553,540.2903270623063,2754.3794596235775,1186.7542418645885,1617.2325355572113,893.9735376778469,830.3908401559536,1151.2339863198638,820.7999078360973
1047.767683385784,678.6404846232595,2733.7593440640394,1174.6320545005628,1542.4155178238852,921.4319661088887,761.6960543228934,1243.032993279157,840.410689040391
878.3101744542575,769.9243460609944,2703.193599674843,1189.9572961359995,1475.3686441655354,910.4446359871449,818.9207127065083,1243.495708941788,997.621383779441
810.0074743554076,583.0365160597208,2682.91408468965,1216.5652318317475,1461.2976064048212,896.3158887951256,888.0442852122555,1064.6244629066807,891.1140900988537
1035.4468279058128,856.3519333377365,2710.399225588269,1167.5316703703475,1470.3950994627435,912.0129049898057,874.2730583209636,1177.9604951787346,833.4697718837796
1148.2334382458102,1479.3345228359972,2683.490508022802,1142.2504811829554,1434.0237650477084,859.701572088006,901.2547766694927,1322.0588079091783,966.5033357657028
1415.7108265677603,1709.1635998121628,2651.3303405155975,1391.3332860098426,1451.1818294082022,834.9575954758197,945.3716377289759,1094.5903029906417,947.7006052246275
1504.772917456447,1495.4708070405081,2642.490692506494,1560.8250066461378,1416.363952054608,796.4517294500515,882.2300010369881,911.4546604917113,928.6063072544268
1467.082131827377,1096.5527237554713,2668.065029539571,1321.9143274730059,1431.1706354633607,794.3029093747664,840.9631090196515,872.0443190110677,1021.9499956907199
1107.6702189110165,706.6408490376555,2629.889293919114,1076.8313363239752,1426.903496402065,821.3397663544805,748.9664148971929,1037.201575150821,975.0675906999682
784.3969302240544,622.8888991779133,2653.791937201694,1210.8777242621811,1447.9096985704957,929.3886373031578,764.7882656305236,1006.2284642831921,907.1392690373059
1205.3465205019638,647.0153082002917,2692.06508544809,1278.5376607628311,1464.7212364997563,898.9751321518004,780.7687778041138,890.2183941382693,831.5728315387634
1285.0743025371312,647.823551953986,2704.5539986309186,1352.79325807109,1479.361742953181,898.7669615748281,817.5187732416705,1199.5164797014345,813.5373868030676
1246.1916576561925,676.5295593406355,2727.898514219375,1544.7672530822078,1489.2687039318566,823.8237113330006,860.3909812256417,1207.2200950080478,825.3436277686124
1036.1011130150628,813.7003029550058,2690.821811313611,1562.790087515481,1410.6867131326162,833.8300953665259,833.5462441237116,1105.7661602245005,967.1999076522492
874.8526694068692,736.9421477534135,2727.6625700975574,1474.4463028285038,1336.8972652023363,810.3944685655664,835.2892081238283,1013.39258303621,934.5711657883983
705.8890048411863,598.4054681398986,2686.7434398795076,1225.9124986318066,1302.6536611923766,800.3881589314892,832.9130912151404,1010.7223740321189,927.0811673804653
800.9955283737149,503.3172548711675,2725.2085902303634,1143.0217976081728,1353.9749432783287,800.5334140536341,787.7813827902163,946.7277509106184,881.055090994988
774.5671494797605,545.0550646730217,2670.991709317532,1171.9805338782662,1322.7502801425987,872.3762605093021,745.7606484143963,1061.0739404696528,957.7355535579293
938.2353653137711,621.9232163951901,2686.9277610697854,1243.3776868147183,1313.9881978022247,868.9907851321755,852.4731744434798,1329.4847918222636,1023.3067692698974
1050.5989650788729,792.5899971853555,2686.065103063776,1193.0743124322767,1293.5119308007152,947.400679906524,955.5920589013094,1312.6449208446274,982.1462751300828
1039.004594045809,1080.8944039626308,2682.0386322902777,1242.6657119972006,1296.3487985078275,847.1963004555923,931.5751713796685,1198.2973381490326,957.1019116277364
918.5544102421093,1169.4862337330183,2705.7949834303254,1232.7388431725635,1289.5000051481438,822.9748068575128,871.2290044674514,1055.2527792963574,954.437037613422
755.722924151637,1341.6513847340082,2687.897487303454,1220.0151088522489,1307.2050369326926,808.8623269881238,836.1496108245074,1139.2749838381453,869.0125903557255
832.8734381625363,1297.6498795435273,2697.133069370517,1180.1447409018833,1327.276820657894,844.8515357732404,737.8428565670298,1068.600316645125,775.118315514751
885.7399306787398,1127.2686214124574,2765.0614884131433,1162.6770220881099,1320.41667097022,834.3216351757013,708.2833883885373,1176.2067043838736,913.0253279830878
878.6999551544734,705.1688146822808,2700.0277254309885,1196.867594869726,1385.842959255028,878.3896858716689,813.8026101909638,1129.2659309800729,1082.3256389479916
790.2149475189864,593.7760229028613,2760.3371271677206,1227.2983350186823,1353.7353465389604,928.4148306097688,964.9633554677775,1085.2857389298151,993.3140372745409
731.021661945002,536.6327436947527,2731.0414026857748,1173.2460041921613,1367.363266983542,882.1155408006675,928.2655628816749,1110.4770397181674,816.7933696002342
657.5482857347198,575.7457255131466,2798.4069466750952,1162.3160317864522,1397.6835856702087,945.5602990235573,868.1990622478312,1447.069230904422,894.2351054774933
676.2804030525601,525.7064450089337,2832.2309656298285,1224.862092491906,1399.212191853419,888.2585838737557,806.2172674618914,1626.2287637272184,843.8020793186789
706.8874433696797,552.2703821979289,2780.6117672841974,1193.6478045321014,1374.698576522177,868.8144254583165,845.4414911927263,1520.3335493853183,845.0384965815036
703.2584227658472,536.378964220015,2783.407425370463,1150.4884052027214,1373.5457576998683,813.6297823524512,982.2316395418803,1283.7498790247523,803.468188468652
658.0375977632474,529.8823734669227,2742.4876475528554,1182.2398512230384,1368.0961187090652,823.4647372537078,1006.9198878803365,1320.5730324197496,874.3631112815583
637.8982304322533,558.0862564409166,2689.7807993698752,1245.4279901752184,1388.0360702875325,763.8888271701238,974.0061975935878,1299.2720824075311,1097.6177395384539
622.8663341967409,473.08836919670716,2684.4998733394095,1210.1911021171027,1401.9212204901964,706.9261982327182,867.2629785261183,1276.581714122552,1134.9510283130057
666.4774934035988,475.6664693968853,2749.5128766703856,1073.1337361481167,1383.391471541,752.9702251270879,814.1329497480132,1388.6613131036947,822.4094628670068
773.6723775950784,496.6870125859772,2733.439431555934,1079.148741990557,1421.3238723319648,743.5382633314435,864.7125635257896,1328.9061613972654,884.080032944923
653.2191784340714,509.0228451299451,2688.87478682501,1039.956097719591,1356.6921125879157,790.1886348518944,961.3571726774005,1237.8076911525127,803.489700553444
782.6370003045305,514.8958183888944,2730.3339290790013,1086.4523539543652,1397.7626403859636,755.2258939448293,1053.7146028554394,935.3063176995538,807.0283953203392
834.2001529566896,455.87883240908025,2655.6643217461697,1168.231655294147,1392.980164826243,724.8117269885763,1001.6401825784136,1036.1507962192388,899.2009552513723
1153.5101220650781,455.2929135622401,2609.004322510342,1217.3538245255547,1373.7585714610618,713.0116284245195,935.8115799315572,1089.354404006417,941.9854516579371
1185.5622959493653,736.8450171258069,2652.283570186639,1168.3192695675846,1303.9616243111257,757.8726605132008,911.5715471954913,1197.6542281941681,850.4923277856161
855.0986298696777,933.8752079044746,2637.7664141139317,1088.4679942592202,1285.325048363796,772.0085824474467,844.8915691275711,1204.1991923623173,831.5593728293924
1004.0889966214779,1019.8961049601833,2665.75950668937,1059.813637306048,1272.4261519250408,779.5888396722105,859.7894722136573,1196.848704513176,906.6819407778598
1497.8986224056985,1140.3691051125552,2733.712953112208,1132.314898194373,1288.8994791499201,808.2371546204455,824.6166862630873,1201.232647248245,876.939251828912
955.2399905385123,1142.453452414636,2725.877451551448,1119.8401550830613,1254.2600218346086,878.2894758451416,827.7459703001314,1273.1932362430027,987.3443643067559
1061.6552650686176,1102.3284907698044,2746.209120033539,1117.1207905463684,1300.0375890889331,865.4771635735542,900.1835302823669,1381.1250314949261,1121.5921882846753
1715.7563347875434,729.0741538321497,2672.478518930644,1131.309892102075,1287.602271686084,886.1052324203567,943.0532127861287,1262.6261784315284,1100.4680052405583
1732.0745278770073,554.7053421804276,2662.251826665723,1137.1866410935004,1294.2313778161558,868.2798667188625,838.0133536533781,1245.4430719792708,1168.2462675375243
1432.7140971101862,610.1849182885724,2621.052524214714,1170.4887852643196,1283.9727061379112,825.5500400503774,769.3896505050345,1233.2476660893649,1070.4031402071364
1053.3000961020668,527.2267604711337,2668.9962274785084,1146.0071802227117,1311.232219504039,858.9475527568657,784.7256553518862,1402.6287472505046,971.025685980653
947.3680931030631,559.9395394414362,2762.1396258792333,1142.6675594980916,1329.5930233526424,851.660827613183,778.3758603062495,1260.4740842705983,959.4266657276694
1482.751838663698,795.288416305568,2893.6836162906698,1168.1499674456973,1285.302297075035,836.6758692601356,816.5814487453899,1161.5387810880402,1041.438769203855
1684.3818383789849,1014.8652194246043,2936.205218550764,1198.0588125423246,1253.6738509365962,866.0805164924964,755.8319907466648,1345.080491654046,1109.952742540198
1946.228044375062,997.1210744660982,2916.731791496638,1224.3839573074047,1315.1766537965273,872.9376593645549,715.0804700306073,1257.0654059211151,945.0450329789628
1599.7531457883338,1082.9583098007524,2738.6157570858795,1275.3266062088842,1473.8689180528927,893.5823520843126,761.4488734238239,1285.2039771501418,825.9979599900998
1240.325315042174,1073.6615787625956,2653.8436818115247,1287.0455865978524,1518.3137329494612,903.1157816560242,941.5049798878055,1291.8192918192913,805.492483006555
1010.8594948456679,1149.3507118777134,2708.7039590136,1282.0607511998958,1531.4336259432835,836.0233476797034,980.2311956554533,1205.9001380272666,916.1251728171464
967.6018838313278,950.7221997032681,2719.1143543961816,1280.029387263411,1497.512035925863,855.9588088596521,920.9586806515196,1000.6548534176769,885.9808160240551
860.5726514578188,962.4720293922221,2724.9507784465904,1257.1327333467584,1388.841631974934,830.2642518682001,892.5691877672568,922.8280855679593,963.9942032351665
1034.4984661252854,1071.413727655386,2803.9753641392567,1186.2071941436332,1392.7472359163312,808.7228503953206,885.0378152857836,1072.4399543341738,991.5845833492118
1012.14070672143,1018.9509247444382,2801.8348719607334,1105.6908044291927,1371.02423656761,756.2984843934246,824.7029023611937,1330.1602547675927,1140.64736723227
1011.3450446531253,805.3676011776997,2764.0693544693913,1116.0507170282995,1345.5612887447674,759.0897219510468,750.2256041226848,1408.388439228088,1167.1049414081317
931.8528726249544,1391.8198691830703,2683.6206454606045,1161.89366887373,1334.3361814340287,787.4680874398699,788.6878969958768,1252.8619374478335,1009.2826268271297
902.5343318004831,1173.2709887614387,2653.313361978171,1293.3058476577676,1343.330918482826,843.4338360610298,777.2877497489924,1054.260888607117,1056.8217895824341
678.5170954505487,1099.2507093359186,2825.006162010951,1236.500427542568,1308.791745492318,819.6497447384281,761.5181975068585,1190.206461942296,1036.074425816547
887.6949231506435,788.653756273406,2776.3500980764607,1182.6696340729654,1307.6900529485818,799.8836405036113,740.6765041291887,1360.3387565005264,1127.5666664340442
941.0873885096173,604.3884150240378,2743.8871950852526,1142.1373822797655,1353.9558637666196,823.883836896211,776.7451060974292,1202.7903571124593,949.3313299153939
793.7720643060509,592.1159697729381,2686.0071248302356,1168.5150229160206,1373.0895990973781,1044.5432899061275,840.8187740022286,1011.4883746188736,894.9383464210237
731.6579405694474,686.7788704916293,2623.167176532098,1128.4625458502023,1292.9133952956936,1107.812538159181,809.9691596599231,912.2922871997844,882.6009478162232
1027.309988629629,562.3442318782767,2640.724460711549,1081.6162838157275,1280.0733531480537,1052.03558413638,737.7455470497052,1104.6668175432587,941.8128480614673
924.5154926694547,555.9348087429926,2576.1970293725417,1122.4830030369144,1267.7339856916274,880.5625889420515,713.5708601363276,1183.6869737380102,789.6229155845888
737.9166416747789,783.3492279888231,2655.104324520359,1270.2949792466366,1302.4582116058737,812.8122079612785,782.1420600427883,1176.5776886878434,796.5152717687787
1053.4168333301625,1089.7385244674101,2635.2109717775243,1410.0458621216592,1281.0614082209077,918.6397205761365,710.7305975782507,1250.380080718229,852.6916213597915
815.3641062837439,1222.5912429401283,2752.2634401376645,1450.284203055197,1265.7083392514614,973.9460053088519,697.4895204322291,1212.2978200594378,866.3747561280405
804.843518116942,926.4813014636211,2694.2465606218266,1343.6069888547368,1253.2839231012204,1017.5121601782079,813.3450443426742,1241.149255941613,921.3520767091499
849.5373128891441,779.9048624259665,2643.5893906659917,1214.124097603472,1252.574127813598,1015.3537122370731,886.8496777067985,1232.774604567886,1060.8501215016468
860.1646438977926,899.5594131981941,2663.4138929898636,1276.7840660571142,1230.226236004843,964.2801289787517,954.4818614720389,1339.1429750900948,1120.138809083319
771.3140742079756,1286.3361456663115,2604.5350599659337,1461.6440947774627,1237.5860072953146,911.1157477284843,936.2962430738992,1209.4318702899377,1011.7795034293201
852.6015433138882,1275.5533037311875,2635.691757649799,1522.5858203718763,1296.2240531862103,905.2967442615003,864.1331596429744,997.4107993614712,936.4546774789411
869.1632971626532,1091.9009010039713,2650.1008598768803,1340.3792144551112,1283.0927029299262,910.3748947618467,843.4098410834051,947.2909334276936,1054.487448244955
827.5208722243797,779.8388206414227,2641.0324426006846,1317.9185675089034,1313.0726491181958,846.8313186081102,906.0383267540394,1183.000871427832,1082.0179816584528
833.477705501041,645.9968397288596,2624.0460746190674,1443.8067107896704,1368.5184714267743,886.753411031139,979.5521238366084,1214.9038756810676,941.400975698179
743.4995737018592,504.6248631543583,2690.6095811004434,1508.447863239544,1346.6210780030292,837.5121243031736,921.9990619458054,1054.2589300070706,848.9664130369474
788.4617151154091,800.7923765238384,2637.8511808215612,1453.652016593286,1349.618630614961,860.474973192898,923.1153485724967,1019.3352542116197,1058.1717292763078
831.6710351032889,1168.0668886930216,2664.082259190101,1358.8202977558562,1349.9492729623612,918.1425120505328,860.2452832906024,1112.625086491288,1183.4439791135244
762.6395413649941,1422.9670119944676,2586.0192585627474,1240.637523189886,1352.3904947317703,916.5209140057273,768.2518741743899,1201.0956780341644,978.265839105869
744.7525140810544,1269.925723506714,2598.3318965950875,1158.3519724528458,1372.7750188729306,894.6503265503595,741.8729935218889,1086.0982130686943,936.5516437309291
623.7702686793027,1114.1976671873797,2599.8337399746206,1118.1446520320796,1392.7602195527156,832.5922751619723,758.3496595347342,980.1273297539024,905.0078318722065
689.3460961615601,1018.9044451505565,2582.0523580178738,1113.587784187189,1369.073186812689,789.1576725721297,768.4868757529823,945.0338762441593,907.26723131945
676.2192182681185,914.8972829776419,2584.2127782600946,1167.657156266741,1363.8821073003294,770.7780654949152,840.1781223917404,982.3671524858698,968.5050005642507
708.1440523755803,987.4459846426491,2619.381384111567,1230.504006052985,1381.8657572811653,740.6663438215442,827.6269764517028,797.9161620224515,984.1801479115998
797.1215662442936,822.1444205783184,2624.9608237720076,1253.1545202375885,1380.741659936913,750.7825032996127,800.4381594348565,887.9673733087566,898.7763294209575
755.233637218435,716.7517985176801,2617.8005456745723,1142.3011933100406,1401.6055657580669,725.3859807104685,789.5249612767664,1050.6828199250776,811.3382628916482
799.9967849358691,515.0214336213535,2597.801757978348,1070.521628202644,1378.2087231665719,742.2654672436481,772.9351312458347,1206.3091774986324,800.1176284143273
719.4273117313874,608.7092057440689,2589.7908441642703,1191.4064959561667,1401.8463071506237,802.5863516216552,726.9256128420287,1183.4713857756374,839.1140960317963
654.691137273924,483.4764282574115,2643.6926657015715,1324.136176388176,1382.7405067076231,823.0137820544453,715.0872498947485,1056.3844466567812,745.6370703583191
768.8156771623899,536.5190878768128,2547.5021000310026,1382.0983087457812,1356.92906482057,788.6826444835847,766.3622904328051,1081.6261071947915,787.4918745583543
780.1392098217834,614.0619139118596,2575.43120857774,1263.6760781297958,1264.4768152233967,759.5816735628534,784.8584100459916,1140.5033373270926,969.3234277914626
925.3787940158629,564.1245571904567,2557.352573870883,1221.5696277350867,1269.266714604687,771.6820881356546,769.4147705842797,1301.678077072513,981.5763188550602
687.9458017192792,697.2739961177701,2562.5904706194397,1185.9484063950492,1298.68955403926,762.3240388911556,761.5227251605706,1211.9718506099996,860.1004635286081
671.0538763437867,587.9294292969399,2587.253610021408,1263.9940287144127,1284.148987610523,767.381040071926,817.7654275595725,1029.6176712195058,822.4305879127638
813.943554319827,521.5648084665593,2629.919159807515,1315.2419255180384,1267.7656321965699,807.8312526328988,845.9042519912721,1087.9356330735664,1042.1008607170402
857.001505036895,591.3091442345333,2594.094753107062,1327.304122078383,1263.8065460005614,791.958725535276,751.3633575416189,1102.402340898363,1106.8892363665934
844.5219674878779,540.9461117613632,2625.853807208393,1229.015183874867,1244.0805436567512,880.5236227565057,765.4072386980733,1160.997373236888,1113.7452746668014
790.0270679446637,519.9538329465574,2659.833104665125,1150.8937698614031,1276.488611135746,927.6396706710366,856.70809322812,1262.8164921578746,896.3180091722818
775.5556667224262,586.632808566304,2583.188725468669,1131.4868973310045,1313.7371126026121,893.3547424304415,840.62989418461,1105.0881331526584,848.8830889927606
805.1916723615315,752.1253995886786,2669.410923891872,1094.995743681727,1341.071066175368,949.2040170840152,790.8742641429267,1012.6474871246725,901.0297641751401
818.6701302537656,724.7226973817014,2721.9639010318133,1154.144038090435,1315.3595909551682,907.2217924786933,785.7500125843544,1154.400278742316,1036.8601644218656
1179.484873364103,698.1536799229671,2765.7428255064024,1159.0860293304663,1348.9267979909623,795.7339257637772,824.2953735414233,1178.0408029520727,971.9112676526371
1115.7542940747871,588.8055716000572,2687.510265081683,1170.5740064553875,1399.6687641133772,828.0085602669766,831.3055395911756,1019.8311167066806,909.0762353321802
861.3536734787747,623.1204450144637,2686.2681848403663,1217.8076594658755,1344.5677038312258,785.9826002845964,798.7432479421373,981.0212282788516,970.0399035575791
867.6351723740897,551.5793141242958,2630.76562222111,1202.7172263946863,1384.3165694332158,812.1272903218171,757.2844069975864,1091.090561270517,961.3384582804316
894.0247815980542,555.5770313232559,2584.714899972166,1169.542225405768,1392.2837973888377,804.5580630302563,757.08951409195,1114.5044475277432,869.5053825019156
850.508579179636,521.5216473460678,2598.2193802202873,1133.754434973721,1396.1779147665297,819.2941629234547,745.3123761838276,1039.5692138746558,1038.2968267810957
960.5876444929218,572.439492710394,2578.802355387501,1104.9096361020415,1384.8236517973273,825.9309806884257,762.3378135904304,1020.2092003814456,1094.5373127817531
881.241018552711,525.163093781085,2629.414745742304,1133.4887732363295,1457.2219947426938,837.9708396411298,794.88162913837,1169.71209034397,1014.261810139147
895.8254645845498,720.986281294561,2550.113144917355,1169.2994477692641,1542.6694076247998,777.5603711349304,829.6429691614917,1417.2107919310092,1062.2584301991587
731.6899213722479,983.9175627582393,2646.7958055145286,1218.8663882864248,1444.194199473602,903.2012217466679,804.2973281841864,1378.174161687472,1046.4643136338323
738.2508538210539,1348.0175652216112,2922.341670421559,1173.6802946260582,1414.2642996283325,889.3248547970861,768.2366130642316,1236.163825470979,915.2796449508135
924.1456363430591,1462.179274825523,3021.783492332118,1097.831451138235,1531.1751367480922,811.9335121477978,698.128410471006,1028.2005925919464,894.5326391590211
898.908092929999,1243.304381824917,2699.250151858638,1050.3278862967052,1724.4672897556231,810.2726346714605,712.0518115045484,1220.7044349164667,855.0112347830997
1174.4203691083385,672.2659426979972,2648.459951181061,1113.7633847097459,1727.2280179073218,948.8989956541797,720.2443024727338,1155.6369065763479,828.0001690976444
1067.214941144664,759.4230843391103,2878.625639468486,1245.54460704288,1689.468095397393,896.5366310783297,702.1393989200509,1069.7220929379946,888.6790249613949
894.354647330297,1353.6416739338395,2936.7789292111056,1404.1133094817656,1605.5573598270075,862.591165016535,718.2150387442166,1037.5619605346942,787.8174845195972
934.3067675866282,1765.9361870923972,2828.5521932590664,1337.9391896285604,1511.8187790041786,881.3709727914018,728.0626408728568,1095.211442264782,886.5326465209997
881.0089674547619,1706.5690792352957,2842.678009661976,1247.4243947609125,1367.6338268529748,870.295567953413,821.8192675108653,970.461081711955,1216.6473900950743
961.7394439365635,1556.1863847494083,2774.4031579066723,1198.7947949287557,1333.9205328818402,848.0463836828915,851.8160915179932,1194.832845434276,1295.8995836311178
1076.342570863968,1076.5480319340872,2701.003865132843,1116.2923621454006,1325.5176444466542,823.1447802318482,844.895107470365,1358.5251220218984,1198.579448537153
931.1689941670164,717.9596833735088,2653.1108099747107,1099.459299745948,1335.4990429057118,797.404585407458,802.6080194999067,1224.935543707651,1002.2960657291712
868.15016176477,622.2017994422401,2635.9292618960735,1097.6433028535246,1356.1723812073092,879.4746308085523,819.2190644556343,1118.5173275321954,1038.2958015506958
741.6511283479331,764.9664176676754,2628.7959699632647,1116.229126305565,1428.3653764119226,842.1558997235427,845.9568538565829,1168.332213741509,1043.2438712201874
671.722633650003,821.7090276570518,2636.6201632758466,1102.0646154664182,1388.7597068308087,969.0662160463476,839.0540049757242,1054.475545602176,1168.9216947580985
829.594301404599,762.7085497550065,2668.549348801205,1121.200408452089,1350.148883977771,968.0667597661306,751.6268727320851,1153.902758334552,945.2248990319144
712.6668626553934,737.0359564476508,2621.3347413004662,1159.5331494898487,1359.077240403895,924.706773322317,748.5766329699734,1229.6450305773383,917.1826935747864
711.494330779492,664.42697937673,2594.209181563805,1112.6723842193953,1369.3265903866884,872.5475692214434,839.307249087577,1346.9695699539636,899.296173789988
916.3195776827982,601.7162263474445,2683.049993570453,1148.3992344819499,1383.0938529601215,853.2233273435877,801.3876702456691,1325.8944782725534,862.6967884152871
760.3661265525004,509.5256848657277,2663.9617755268837,1133.5983701463083,1457.117644540202,807.8737983652027,740.1872856413261,1158.4228371896838,893.5199491159713
854.2633496825981,681.5279101138174,2714.755630480242,1113.4012947996748,1529.9405368742446,858.7741470080541,727.6350814396917,968.5739787040018,1034.3141373536414
806.3982488045583,841.3792617531421,2687.2890441729874,1124.016141785451,1606.9523894223685,851.5069744380329,884.8659185939414,1080.735014819334,1092.5631923770102
702.1157271119835,1082.5261331550814,2713.2069895265868,1137.442840007608,1643.082894291183,884.4837198407158,1043.9245302184836,1110.6615938951045,942.6510449273635
775.8311335615763,931.3295622091252,2785.1406379597693,1135.2502799561018,1615.1426884243147,929.5359477226134,1074.088745126776,1062.2239437538815,950.9775298380575
854.2181350843664,710.3167651937231,2778.2800588454174,1119.8081962709055,1610.3498924025585,892.9279989888803,936.0498775780802,1164.9251287790298,863.6519575974186
679.2807879874912,636.7863977162415,2700.8420651031815,1106.7069319716575,1488.1255170000493,891.7926902198462,852.8945089088958,1168.4389510588476,990.4631624287242
725.6490915710908,749.748571855143,2675.2071942439525,1091.8619743257022,1484.9500011251225,844.3310637685138,878.7477516836063,1118.4520164850016,1036.1277610950528
704.6072858628322,784.4453831793812,2619.2123733101253,1080.0733419478543,1496.4882279520248,788.208557659413,912.2407303168004,1125.9137196617141,1004.3308373633504
826.9159464991365,607.0212118763753,2601.2036764857726,1111.976631758243,1500.9806518291516,762.2428437579363,941.4845250782931,1104.4437438275322,882.5235554267124
719.1976780431926,614.0544571898797,2651.1159639154193,1070.9519936740285,1484.2397442982233,752.2824288025392,844.2561258704312,1096.2653031849986,970.8322589009122
749.0027172883576,590.3243903276651,2730.243553082599,1099.6099516329236,1518.964393371597,749.728174169581,841.130356886076,1054.6454710185135,935.3933239120912
841.483684583102,673.1514486032643,2690.383365821962,1048.1951284264458,1523.9318460436102,734.9749464457403,886.4574330370835,903.9640888537958,905.9354340862859
800.3098665178179,661.0862613655852,2648.203522288418,1071.1508531674162,1520.6682653480384,762.233529199462,902.5923819716393,1010.16961601297,993.1885628778451
799.6743516147274,750.5554828098266,2791.6641927552737,1137.1120038502245,1598.2199402140332,780.3696496148831,860.4973247187602,1054.1300076293812,1052.3003861463578
808.3196828766354,723.6921883973097,2749.001683987237,1180.305272401386,1589.030852390345,791.687150803424,765.3122550774099,991.3087740707613,861.561514071451
689.6946527097352,802.4016078958986,2650.2081849476026,1168.977076636992,1525.5026657976216,750.7365550146708,782.9114041170361,965.317584047494,837.8503235170847
929.2365645063879,942.8945767579929,2705.1473932510676,1113.3116722948346,1432.8244737468274,779.3911196345703,1003.9847771219108,997.053905997051,932.3762074124932
819.8536227201325,1083.1088513748673,2691.3528347685597,1114.0097111363307,1403.7142164222716,781.5471406227293,1156.4911998735906,1103.6993635213241,890.3250974689199
907.6100447516146,1311.3729533811497,2742.1561148470864,1111.7220636954453,1383.5737975270595,796.6143152428513,1125.514282776367,1071.0455834239065,932.4407789778656
900.0157106083657,1256.637341841093,2748.678942626719,1220.986073127418,1382.3828160776195,813.633389369312,993.6724449439997,1049.7421264683444,861.735095392526
914.9574876453966,980.2794703510215,2766.049424657995,1257.193369022887,1386.2329954029947,840.9916627125585,963.3649954595012,1119.6688711422837,919.526364886946
842.5027838935392,598.2698735180469,2732.5343713053576,1135.2809605937343,1392.6748122583972,832.2584516434731,897.7382827689994,935.7264063571225,894.2180870133441
964.8121881827105,587.5180454075418,2679.5505493417113,1094.9917111932095,1389.1473273165425,866.2783685594823,842.833590248036,1097.8738566005804,946.3395309952481
908.386712104314,611.9731628012382,2715.3246392114015,1095.9615350319482,1412.4266280816244,856.5988396691353,786.0299721846759,1152.277508448894,836.7082357345711
1060.9444497852937,761.050286091425,2742.3865057451644,1144.7669204032518,1448.4593497911867,889.9846838690617,880.1119557176271,1064.9521898780076,847.11215643287
1126.7427075675132,796.8552360318488,2710.7749531902364,1114.8602295894425,1446.6855767731572,897.9107839294264,805.5801064423699,902.8068392257619,998.8898448210052
873.5306685327063,751.0667628357278,2696.9868074914166,1179.2822645699407,1504.4740562743718,943.566085805111,764.3854026673157,1129.4202934885407,967.9746888582531
811.3827579482838,722.4043687020485,2769.1541136599253,1174.8126092619093,1476.806208750305,957.5924887650367,772.7476279782826,1381.3972737667568,859.1710711754426
997.5691420281885,917.5609648714824,2751.610015531567,1179.6079661504668,1526.4137868211956,943.8347433031158,842.5544872543849,1289.2770093910278,889.798600756756
997.2210293642877,1077.592414216471,2746.7011272228438,1219.5943973566427,1501.588097191387,924.1839551871203,774.2290432354204,1251.5020598765434,917.2717886126748
1075.814806783008,1025.3203201317679,2759.8064364433912,1226.5180432960808,1504.5885683498846,829.7162426073498,774.9624341098124,1152.4777380296214,949.1282474723628
1040.3333617153762,979.7261414831967,2717.949982078054,1172.1040485305382,1531.4014579065629,906.4340035652958,761.2252674354681,1191.3792290666593,1034.4493713172105
1211.5933946424461,885.6289890663786,2676.5181370950872,1131.1202799768598,1538.971486474236,886.9098601521302,792.4650920113289,1001.8553194826211,1045.6917757707186
1044.0064522570883,656.913164562169,2677.6358091066413,1120.0442184280928,1525.3580549699357,864.029617139653,741.5972363887645,1172.2286469353367,910.6050408896745
948.5887540799115,538.9367877600087,2705.2100463941474,1072.605589610134,1519.57111737896,891.3003841427013,757.4267358868749,1247.6426017075505,898.3295836488649
691.6388787131646,710.5937393878145,2681.9323628084194,1099.2387547499754,1536.3627189736299,831.1607908911795,761.9929325507189,1157.2892174358296,1000.4607327715878
735.2791755428567,726.0778296226791,2638.6363487707854,1123.273440038689,1547.5009663757323,746.5250465307602,784.0229709430682,1032.2226267265135,963.4765066543041
905.2847565208293,1131.4120981919075,2708.747442948722,1142.6444082952798,1546.9794397293394,769.9421207170985,785.7070313955737,1232.320467077766,886.6099717136287
904.0558547988688,1443.0633776157592,2673.019126929532,1125.3597253515627,1541.975608290456,799.2329552436672,769.86956223735,1299.559680003369,920.0437750980911
858.2296202303476,1665.4685173298135,2651.9904558885187,1134.9270439956008,1536.41580515563,822.7940647563682,775.421490697534,1216.7473337907654,955.1036630905403
948.0590591189493,1401.5403858548357,2667.7773005027125,1078.0631282045933,1484.746164456054,844.2832904712737,817.176184081997,1000.7225887573077,944.3502822769372
951.4655521886493,931.7233261276306,2687.4012729085193,1086.1523150853695,1532.5345282539038,884.6080729562518,800.8845400910338,968.0089185721292,882.646015960407
778.7983042620552,1231.1510251181699,2700.617283950617,1053.8024998597525,1503.1067659791797,788.0981951808723,786.404876998628,938.4744679636065,916.3302736195157
915.3593092967926,1483.9841142197715,2686.6288462718007,1075.6917298262874,1484.5053830284683,792.6814750679087,786.25037272953,1014.7528814528519,823.7991326982615
782.4517180741404,1551.7944548980108,2649.42557981129,1085.7523402661636,1413.7008356875704,755.7675019511632,758.2334301806247,1139.8681379120426,737.1426352014109
753.5678005327991,1263.16864983785,2739.9200586049296,1040.2110225009453,1413.0707459425175,837.6723500093977,770.9394151707629,1074.2954534849039,870.0575748954275
819.4232479065121,953.3383704757923,2696.2302842919,1158.5507350111434,1399.1650843653422,880.3826346454971,825.4854750481768,968.3186103593682,923.0857979215532
739.4829052872749,580.8326768639524,2726.9259131070457,1388.4223585230093,1396.4682290220762,808.6840724778185,913.6566553343887,940.6109470819566,922.3669933056868
888.2789464372527,684.2366106906575,2688.292956964285,1331.3788606350192,1437.9652314299747,939.4646716937411,851.3635304162633,1088.1646741993545,1109.177642529177
820.1298704325641,823.7104852922196,2709.3465206376095,1224.8892666626825,1412.9651376044758,874.4831080374629,800.2523204469684,1030.6756648463092,1096.383917468836
678.8799178044446,792.0782023629225,2666.657346458437,1506.2854215558782,1406.5575042799119,872.8096651706809,770.1483510154269,942.8398611710033,993.7035221327205
747.786843042447,537.4718843881984,2687.222788856665,1615.0074926662232,1389.546606411595,920.2020176334274,752.4817145415477,977.4179729479978,768.2254081782428
752.2146963790083,680.9517386737093,2732.361209044206,1527.6723055647744,1422.9524489519963,897.7090965894611,779.8870961611215,956.1312024872857,863.5867612520435
769.224152625291,888.5100190074525,2794.3244184303385,1368.3638472006783,1414.6043138850482,968.8035879919945,907.855248113839,999.90919976026,868.5778307430444
817.920249709819,1094.6894070739913,2789.7679435400187,1265.6664515190796,1438.7220443819429,892.3129194792585,909.52000904783,1038.085189919773,808.5074654838816
730.1746887891234,1031.1352706587204,2750.565873809952,1261.8653722355748,1454.8233058990313,881.7104322434958,866.4063190908764,1192.5361463975814,1007.5812425764275
804.073835100527,790.3073881177138,2665.53456704788,1186.1345808706376,1493.4042654282716,892.3762478084408,829.0111775478154,1217.3095634195483,1039.5118481409284
805.3706116506926,663.0062105026575,2619.5167163444717,1148.698739279907,1474.727147202607,919.4926505660715,817.3664275913479,1073.448657480758,915.8965297963573
735.927305187932,675.3298765575776,2769.3848145384936,1186.970567802332,1473.1360463677886,854.4942711350168,829.5919744372532,1087.0837729912228,939.8151527393945
832.3608043536906,867.929750599262,2782.7161282764055,1199.9480195192198,1496.0690084748417,961.4532930195275,771.8303501451197,1170.975517341653,1048.0813608614444
968.0741614618527,1028.6965373709013,2798.5706226910825,1151.988870819171,1565.8457666425443,892.5716582695782,712.050662221932,1157.6735696970736,919.1535612616285
809.7794295196561,801.0817259264456,2812.715549626262,1196.0008650831105,1684.2352408256274,873.4344481399539,736.1381269608383,937.7720877331078,899.0884232565477
897.8706444292352,652.8349232494534,2667.051542212348,1185.8207360674787,1613.8651908164104,860.4674349252143,722.4990158245757,1069.4466793709041,922.2400512654549
736.1759204876437,493.02457400652753,2642.9940191276664,1117.1515336799089,1590.5591921533555,826.7021709733885,716.2302343173246,1249.044815259618,818.3423011144237
749.9570501746387,558.1631205849295,2724.04394442321,1149.9007950890848,1552.885319650622,784.5799093846138,757.1175571824633,1105.8967145755637,906.221600682889
656.2026531316036,790.6565116336503,2715.4439642919006,1256.5589293090516,1514.409551840261,785.5887933019349,837.488802395138,901.9956797003142,836.9428260851143
828.1082086536255,1068.0238437551147,2800.929310505622,1274.5228336073744,1469.9443525210959,767.1329131870405,821.1199338201773,1006.9910814824725,965.26897829417
706.4899899073629,1149.8396154482757,2743.126326327695,1216.5023235383946,1489.354442469964,754.3645154829126,736.8462787465114,982.9437337689762,1066.8762847259736
714.5441209424387,1053.4163253860888,2672.432384052401,1142.7757756026608,1510.516234821051,753.7474952575894,838.3700807356546,916.406667988429,1036.6530011964228
793.416477259934,851.5133615499627,2660.2072429156133,1108.3567357462475,1480.174411300558,778.9266249297989,898.7103573813672,952.7846139250005,885.7678515190569
821.1955378357386,712.7062562255319,2588.0127387659704,1104.3571220988792,1458.0412971030078,734.978425942147,831.4055242049872,1107.4026079589305,800.2713383284513
785.516119131805,618.4596637522304,2577.907718255524,1117.9487159688097,1397.1255577698253,759.6501720031489,742.4529390524835,1225.8463396191478,845.2289191586251
724.1205060027171,616.3912317315069,2639.949835323696,1062.49583626289,1403.2389666449149,769.982960173727,783.8423551798062,1066.8332432494126,723.2635951997133
730.2350110984064,541.0731482319911,2624.3696672978895,1081.45440168902,1359.617593500901,753.9724444090042,866.0871383293702,966.5674318275627,867.997210105161
847.0486574319143,622.0544652595506,2599.4667844882365,1154.6058858837926,1369.9181478741252,781.6878534883303,866.6830048488815,931.5312956902175,843.8743268651137
754.5202960659262,608.0905680678982,2700.2811959580968,1235.3529327096376,1344.0767037669798,780.3161271730622,843.251975225083,1022.3637592468212,860.4203349408759
892.9186412493854,747.3082699336715,2687.7300222103718,1267.3433630814993,1362.237571632686,811.3651326593056,877.0881247134407,956.5185677829813,858.4761608254377
762.3788410886493,869.3532361438502,2671.957024215233,1220.7274811698703,1397.901217046274,840.820782072701,913.6902916220408,1077.2062076463028,962.3770739713548
824.3014357628667,890.0565933492828,2688.039547146236,1228.0588936581926,1385.9092554864922,853.5054183360342,849.6864264717897,1345.8535769147093,889.2515545826825
751.668167077474,901.2743058015099,2678.8608307165555,1184.2981088529982,1382.1936320837713,929.7671063793682,753.0805887003332,1377.0421117497458,806.3694113408544
1033.9692456184791,860.2130782979452,2680.1010743178485,1171.1760602354611,1394.563217323865,851.2303880742647,794.9382897897508,1185.8779130367798,863.291655020481
1481.3665229702387,802.0220750614426,2636.3632907579567,1163.6307435275467,1409.0393558969645,908.7944689939543,842.6213156155108,1091.571768957012,1060.739525287488
1573.4225902561825,690.1722275367379,2699.9800856687834,1161.5438509831627,1407.8827697820625,915.9712349442849,862.4557667722855,1161.8132283980235,981.2368593451174
1427.190224847935,535.5673444600359,2655.174658075496,1159.463524380902,1441.653305687366,892.8723227755132,760.571401986328,990.9099539633394,827.3617074271633
1116.8185753266343,676.036987813215,2656.437718656632,1158.9035818639572,1461.0172839506172,845.6491094762368,809.3767377159102,952.9280313820555,885.6840025080539
1607.7797189558714,710.6334287510344,2630.542377580967,1190.549810095517,1487.8847847967158,907.1490603320153,741.0262659252062,1013.0919044710881,929.7225633211422
1871.3980298939553,992.1336410115941,2706.7009213527544,1202.0336474142364,1502.0179939923992,861.1291861144546,700.7460017091782,1076.5066422801224,1007.868576190584
1905.9200605682026,948.4129885796342,2633.4531857382613,1219.717690202614,1514.2490353449348,925.524568738377,785.9017850500936,1060.2192977918494,1166.8627060705467
1503.6427597631737,747.5583214719325,2667.20836281633,1203.2117897747883,1499.059623465143,938.9232618532498,841.4699798201123,1164.390763048565,1151.8818086159606
1203.3689554862476,916.8375569904409,2657.769558196233,1170.226493986312,1535.6433246316785,900.02729626064,797.0227661656843,1225.5386760841952,1117.685199076333
1083.8658831698276,1182.740114273397,2657.2891414072064,1138.4838985756905,1493.366829471322,952.5292310270598,750.3212834687538,1351.200432175588,1111.7334767231282
996.5122078682973,1185.023411735346,2634.1814070550854,1131.1120183200183,1468.0535181781866,871.2059216245534,779.4656652443896,1348.295046311567,1034.1157664618045
844.789560406063,1184.891774210676,2602.6893806445787,1074.9727735741103,1469.278995178264,863.1257981380916,750.9285797756991,1217.284374004596,961.4805159124858
844.738699217628,1131.1451906150692,2649.1144245133664,1085.5202581106046,1520.5565962134026,751.5220231102353,773.8140575936172,1022.9129130510208,1045.6237705369338
809.1162884802734,879.4730780123639,2601.738312495811,1081.9111983804778,1494.7102621255242,730.7661538992886,797.1551299725746,1084.498617462516,1088.1484638620695
962.3149308582388,718.6725895744468,2666.680422451862,1092.9056652191498,1496.8416877412133,881.2273811379184,781.8600077633212,1240.2062961479282,1025.8202133765099
1018.4919725799481,645.2895058317349,2653.577599696465,1087.2247006510624,1524.782886802619,889.7540587969677,824.9834851941027,1512.2641216631027,943.0410055686579
1149.517707921228,725.7671021063031,2645.3629288191078,1109.6353526747357,1515.6997321010201,1008.5148057289907,865.8049978931523,1497.7426237345035,997.1189731475184
1033.1244533022054,616.4512279698133,2664.847083802145,1138.272066711267,1519.2743857393052,969.9885677282446,843.1164165207203,1433.0737922737353,971.1198948220323
825.4229799609086,536.930258221044,2718.9615368516297,1105.1055659409342,1438.351210143504,892.4945436718024,791.8204316981969,1248.7045480784682,893.0657319629303
658.6904653395507,654.0434156207461,2664.3310493403224,1099.683640486438,1378.3405437726433,832.7813740505198,764.1501643187696,1272.7898541279985,790.4666561858642
726.3193997346282,626.0099407058854,2672.320693228537,1099.0541540392364,1366.2198286492114,783.9994999455581,788.4096300480628,1258.2388595036418,963.2512794337849
772.790660012548,701.6254456831563,2692.7644575226677,1090.8689114003441,1419.14423671378,815.2014889566175,753.4632194733191,1155.562592578321,1003.5985770482746
966.9039232064084,630.0924053662491,2619.2180178931703,1083.3250523761621,1360.762631534686,823.6568389845198,892.6905265915298,1153.5568206568225,908.4219565681612
917.6212121875451,557.8218911166072,2701.331652047447,1123.5213386182131,1374.0729748913184,891.1039239409157,1007.6303234461982,1192.7044265085328,921.4704199722586
923.251073337037,539.8494695710406,2675.5529451726707,1117.709256186556,1346.9363883531012,945.2285718340079,1141.5229942165674,1026.2884774985027,878.8236263986421
810.6563436707659,509.1672811839357,2695.3118177126757,1139.9058992084088,1391.5477325840593,828.6088883090326,1165.8122824887173,1259.746943533904,866.9954416306027
792.0395178770922,458.37931968668295,2705.2564592083486,1166.5338922472256,1438.5486781088212,908.4015282514825,1197.5553270469318,1295.0978979170918,809.8305110414556
710.2987820590916,585.3927374454348,2711.1577193696285,1193.7197901148825,1478.6856400862644,827.2940534458916,1017.0158512733256,1213.1288093878943,878.6055157677603
783.2381276769643,630.3081168319977,2731.568592250507,1192.5302275061827,1454.3320866604317,895.6161882547259,893.7955120620791,1102.8714381191394,914.684808830359
770.4867383022429,748.9455195873102,2700.6226760974478,1215.7632668976803,1431.1900793222203,923.2393609650671,948.0883022628017,1084.4317061186823,1020.1501263636785
1032.198657444698,683.1004700055269,2799.7632185128914,1184.6659118797684,1532.26830907363,892.198186957795,1044.6241154480845,1232.5404156960403,958.4594667443569
1038.4689094148835,846.2809593601121,2922.831594564594,1198.772662837623,1640.7432148752628,905.26815554266,1021.9133435864928,1218.6050660398228,948.3823092937636
1053.0093927553285,880.694025585902,2964.572972243498,1214.2322535051428,1727.8015429350598,997.4290519833155,950.5639498687945,1039.925623155227,993.0607624745048
945.6232257007711,793.960755249384,2758.784823738634,1202.5922873484415,1633.8918068178366,917.9698197596914,817.4541085869962,1213.289935946196,1037.6320465300741
787.2931975081649,762.4789073931393,2740.5108605910327,1205.0723517970976,1551.737885563321,903.4747299113412,722.9603438216775,1250.6925464919489,921.0580658055867
749.5729945344855,777.3238402094576,2824.5348655684443,1180.2516393418332,1531.7556195413445,866.2582315338682,806.7442103998045,1224.719707761266,891.4865318826569
1104.7905642971768,663.0341248204446,2885.4016964156363,1302.8033908186094,1587.2691912853388,827.3982701921962,895.4499972796251,1267.5820559712156,972.0479558026884
947.0935222083558,695.856312962295,2915.4878877778865,1344.3203971707026,1637.043803458485,879.951970875906,856.1550373186212,1334.9371183940093,1123.3787331226627
832.4888989513481,727.4935833662728,2877.7898671556286,1318.2480149188395,1519.429659388622,803.5154527188088,929.6463203560438,1236.5080094782334,968.9730685804549
678.6972882597622,795.9412493303015,2731.895306659294,1128.777603796657,1516.8676204035703,776.740412070417,1063.790392240328,1124.049146355091,982.2888398523456
918.8206261785476,644.2701062275783,2700.922646331722,1085.33077633014,1495.1126153515957,753.9459128662496,1169.152831779068,962.5325814146827,1062.7134729502277
995.618329639259,765.2966392505448,2698.7146047396245,1090.4687395619321,1587.1487287673308,760.8263678085889,1071.1595232570482,936.4207214939329,937.2311878153434
928.142268396255,1075.4740995290824,2753.360188529685,1232.651380580698,1542.038021491028,780.8375641136513,941.9064627784115,983.0602592131472,825.5379130537444
943.3898515693138,1197.7039335379031,2830.537240092727,1309.482902694029,1637.8844694379975,771.369070032349,864.881840254697,871.8633232610359,926.5175338969568
804.5931617167389,832.935924476366,2834.7918938923294,1251.3549733821974,1594.266732145108,754.1914348589326,831.8500810829119,898.2521554881482,844.3410224714061
778.0018607523184,650.9672203739119,2765.92233911765,1183.4454974070063,1535.642815169674,752.2865132847066,868.7087907027362,1124.0303577039062,918.9678005262836
903.2170518791136,920.6752047793495,2777.279628330696,1100.375190423192,1440.0013096173057,747.3971939788298,853.4147123778484,1229.2154663436186,1013.2017942990348
773.1186439227447,1173.579973161216,2729.4247173916974,1144.2720002283106,1391.9529357326458,749.7384109834659,868.5445556115358,1020.9070896541277,1021.748926146729
866.3950120499219,950.7687061761126,2740.0393847430596,1111.9377282925159,1395.6170362749447,782.5483335315919,894.3154097397751,1005.1909760093306,985.7285015200355
913.1875953114945,790.06619777502,2782.655187321813,1086.4365562041696,1381.3732651521073,793.649830104207,943.735774431768,1081.8835529785879,795.4287977432335
878.6316165173881,973.8473899725708,2811.8479164256687,1088.1255105670211,1370.507365019959,833.4873027050483,930.7915188401001,1013.0678332221216,846.4880638655884
966.4285651670905,1128.8166359272957,2802.290818988249,1094.9060233042105,1371.486793358347,820.1626158150419,979.3153559925703,966.8637526181096,748.607382567616
879.4523033965277,1194.7901698990772,2738.892542865042,1120.4962136362435,1363.1549543955116,856.0358055722463,959.5848909267147,967.5896237741489,867.2744587469356
679.5178611662511,1072.9013614567891,2750.6114266304303,1164.5120993705364,1389.3567549658005,846.4523806222859,923.0203740672507,1016.6620064125909,864.712267992486
826.2520183822814,790.4280695673478,2709.620612912588,1170.5672214178685,1401.6329513449068,859.5544873815886,824.5452962954885,1151.1676134947666,940.571203490208
843.4621870596743,559.5565233563457,2769.457786935087,1197.6979331587083,1390.1896599666416,843.7211245281587,770.2697406220768,1088.205943716283,994.0556699197391
916.5877464313985,883.3214201638167,2808.247282378975,1198.9027472421867,1384.1924825831802,855.2825804909926,797.9799406909224,1030.0456595980286,967.137910697752
1035.5906291784522,1282.9034916663932,2802.9680651087447,1197.3123371522847,1407.2316162894185,890.99366320683,820.9950948507692,1012.6501494514985,862.3877454165527
764.0612207866785,1401.9480035999195,2845.59629808698,1230.6668274780366,1421.6198627093834,892.8884070476056,825.3865738611785,1173.904252418198,918.1890056574
830.9614634743373,1295.2639291500786,2783.9745931721027,1230.79244524358,1458.3674688815954,882.8217525339567,759.5157478563867,1269.5249429485402,1041.7812175623785
750.9033196301773,875.0880799230024,2787.6247211383443,1229.7671710447075,1432.6963972156227,872.3299941433387,734.9853922035878,1165.926213213467,1059.7526059634674
763.7208259902995,671.1888563005161,2816.6483998184667,1242.9603263544598,1470.6067085893696,911.1577963623055,741.4683154816066,1133.286627023515,1018.7132661192202
818.5092623864371,596.7240931859051,2790.6133645958835,1220.256595072995,1479.8974109157834,883.3101683783129,716.5182963577377,1137.0439457730126,871.5674266792363
755.7192005904324,578.2857179649568,2722.623405513548,1194.328276176406,1516.3312240790724,895.1481213269021,744.6641964144491,1131.8259668635737,985.7594180238393
785.8776585709755,576.6866562701327,2769.0598106071984,1204.5970591429727,1484.1947387682349,866.4198367349086,767.1076740677233,960.3730737728278,1086.076336748636
771.7203380232568,632.2520463723182,2727.283026355346,1129.7445803172939,1474.1376607180591,868.7112991052634,751.7887899605245,1054.7959860495966,910.0274370574592
703.712692165089,958.8065412090253,2751.9757407814077,1175.50298849156,1444.910918073884,820.2747318516525,754.7985325574043,1096.2673368460469,750.1861257501131
841.9407905257112,1242.8224240885752,2696.0340261248607,1106.3427161713498,1447.7941383030263,789.4125856753167,823.0562825462938,1327.1654142417128,899.1268000381303
860.2659091798446,1202.6838471605129,2725.2429537669736,1062.169945789232,1478.546343916934,776.7563096463456,809.5458793616419,1541.8202833965229,991.1667136992232
886.6645009906917,1012.6595875763962,2716.197981656991,1056.9507665495912,1453.239869543712,781.7523059289662,787.2122927551911,1355.861264487154,901.5120830252548
801.0365115427708,904.6143576818629,2770.7369619504275,1089.4590004738402,1446.1490635644448,790.1946948696454,764.5055942165386,1036.0247835378618,874.3983490066948
714.2959801089403,718.7193639486828,2742.5663660483933,1169.4774943217385,1452.796406311828,769.7963439460896,810.8730310262843,960.7457078398751,835.6144789271073
886.0274095658701,682.3709445649642,2753.9798117467226,1109.9574297499648,1436.9823331487669,768.2559380243681,843.7028158749692,1181.897565923925,854.9834885042317
824.5577164124579,607.0945052349875,2773.738011885419,1115.3142920061337,1423.0025701193222,736.3239491554225,792.6005752214385,1339.5614412939303,864.5841069516528
768.4719637052738,620.2657701916876,2740.002289643203,1112.3611933117197,1357.7856480174228,724.6221814870928,743.7164548227403,1166.997930275434,841.9587683412014
884.4903502534121,675.4504398707226,2750.7025521574215,1128.3380491520138,1351.2605235097203,734.1888575537009,723.0603621780004,1243.9135209475944,755.5320702628021
815.1044667689148,836.6821784369071,2729.2099849807146,1141.3646019918945,1344.3884087343395,762.5260171289128,783.9566830151684,1364.654961123853,712.3537870815035
719.1118986400637,985.6910791129869,2762.317359094794,1141.1726210585211,1344.3561555773722,786.9033373826387,842.1748742841355,1340.8518761785606,802.5837205346984
690.0901730799584,1228.4187923423165,2783.59068223967,1105.8426261290551,1339.2436616930343,972.8937191380087,811.4306576178946,1309.441557841776,826.3157015485342
659.2412955032626,1109.0364858116782,3036.1300549140306,1115.8947518062448,1330.1400752293903,1023.2654454566843,830.6151683597817,1032.433867032135,821.0809900211793
763.4938350694564,929.1476031022534,3072.5672490600755,1161.9746755175051,1359.0492735266034,849.8398398966452,892.2781044389478,1079.3098220742054,865.1970775393186
831.1988257023064,648.7751936574123,2817.3497123276366,1177.736933795191,1478.9849970570633,934.8210098377131,896.9449392569809,1193.0620271358437,852.6578370164947
936.373799270837,820.0461502146795,2811.5219467028683,1236.3848855561737,1531.9000529767566,1124.6806790214,829.858896939691,1040.7968543193056,1014.3814210504474
1163.6898465204176,934.3771623132222,2997.447546753927,1312.4899983182677,1502.262580066178,1140.7140817684945,817.2002434767405,973.1640526970559,965.3826995029103
1247.5725091122285,809.1424286650135,3113.3170173104513,1308.6834028508983,1504.278676186339,1076.4728473631703,811.6970443441243,999.8271592007593,759.4183676816657
1174.2406147174804,652.850230489539,3091.3336242664045,1276.9575402534251,1476.6092823321646,1030.7957943450162,820.7183256159433,1091.8225301327839,895.2615300805982
1340.2779312788246,775.1057197143018,3099.7859300313794,1247.8975300847678,1426.816816197091,912.5830145731253,788.7287185950444,1219.3874766994445,1016.9602579852325
1134.7692358418603,791.3067399632438,2937.302735139429,1218.3927465997576,1387.1772162175184,899.853443130798,756.0271307897679,1264.8746357158946,1045.5838013850598
915.8806211601736,739.0063585530224,2881.5362868046795,1173.5551694736373,1393.965976798593,878.1002464416948,712.5245387257637,1139.7186580694527,959.1716885400456
1179.4956511218013,973.4849509892281,2821.334451345598,1188.3700297146447,1406.7298907090849,919.4915920126339,713.9244596385229,996.7204258472411,1028.9541047794235
1493.6414965863967,1217.9477795895964,2827.622133265352,1207.46692259807,1427.639400122942,886.1194882980444,802.7408786531505,1131.79030090783,1165.9246059195245
1594.4849728754996,1262.7445108078186,2751.6631924562353,1202.1951285318096,1476.4850149397626,903.3720850699392,786.0073405503546,1326.511154168734,1011.2495069027844
1576.7522727769056,1222.594251067238,2750.58430970931,1183.8531435621344,1493.9951891949286,909.2223428267816,747.8231961813951,1373.405063108953,894.3663803186114
1478.1963498217642,807.3251486405934,2841.667827902006,1201.2810877422562,1472.5483968791323,980.3980523855281,721.6634434082289,1426.3092261903012,1018.0938362315155
1145.1637984767526,690.4804792786251,2892.1621348025706,1203.2358224531783,1416.024335656948,1013.7217522482293,779.2884444914441,1146.423955123185,917.6842522733491
801.9202358052266,806.1477482600171,2774.1032230637657,1151.8943602626198,1427.6795777004768,919.7222898940356,781.1723539859911,1046.436130494747,922.4786403491098
962.2693524993656,1182.0842330292505,2729.7839506172804,1213.0229367330344,1462.06981047865,838.5332065027972,790.1433245357036,1081.3982326370701,944.4389677879656
963.5867221812459,1177.054581329188,2786.910215395209,1192.2055736956463,1471.0339381271085,896.5776601557122,789.3338753460587,1138.9675465789703,949.0882295063326
882.9399048842924,1018.6536531072117,2802.1264626917236,1174.6581798779546,1451.042740249276,992.8960320902154,814.0488023002351,1030.6983494609701,1008.8015630896115
965.6412535684311,1038.0267909783252,2863.2648783816812,1124.8060285199122,1458.5711548287723,975.8428327112617,834.8835030051689,1035.9859931279154,877.4422796015023
855.460103985542,918.6779512824278,2788.125984430647,1093.8493051847395,1476.468551185771,936.2856098888653,881.875283453234,1037.325215530606,798.8173611949842
697.1230372808141,1095.5370094331436,2880.1807462294364,1120.3205917187863,1461.1093193214324,857.9593713531357,861.0765125236655,1053.3390460472356,774.7245633602877
710.3418773413534,1107.8637028346395,2865.842482070473,1157.6375398673338,1401.1610445053725,812.7373054257868,786.0797685454685,1179.887466354633,782.1719316529524
674.3803898283949,1047.6911769785886,2968.057473908563,1261.600002276104,1362.3047395280246,812.4056038670817,778.7794703280258,1101.6871006793049,865.730313304191
735.1982950990644,792.8522365872648,2859.3293751197343,1233.5605941632662,1336.1709917036721,909.1061259455258,893.9610921550113,1024.3410176254374,905.7340062134587
851.8801861003014,839.4873077697265,2826.295715484427,1214.9584389581632,1341.6233256892185,915.8146788394322,874.8493061320187,986.888199969075,1064.6897356928293
889.9262842918122,1187.9215782781162,2783.8600886229433,1157.909506833068,1301.4430606621527,915.9335943765589,797.7924264666142,1048.2592506535125,914.7502371290627
858.8679663700893,1566.2681182450815,2854.020643499676,1198.4895349962276,1313.2443285511035,880.7512687309988,861.2503139999952,1024.3782085420905,834.93082070378
692.3903057424693,1646.1251986062714,2841.252168038689,1281.90130390471,1364.0985132368812,861.2960120934877,903.8864592674715,989.6257516850972,860.2180037869452
786.2440394473203,1237.4349142118758,2857.025219373102,1312.6452935624038,1382.6303925635239,864.6785244606517,836.263111263427,1244.3227571763323,977.6056056687523
1001.4032573484408,1110.1656557855415,2849.420647954875,1264.215875492192,1447.007756750279,923.7200329220093,827.2167869622626,1351.5287316323138,810.5837766742371
1119.1765327356488,1178.576958465716,2851.9001760310375,1243.0081795141862,1429.283928836857,959.2715932730173,1046.1854584061775,1221.276561372825,807.2651737074247
1012.7527944779144,1290.4834903762553,2855.7364481456534,1290.4571612574211,1403.4689521207229,896.9279568592389,1126.8923656215952,998.7364083304503,885.873092125579
910.3077075610104,1157.1798408187033,2903.3455664458215,1335.6240744793058,1393.355356799501,953.5737501727883,848.5170471316877,1017.2021870794142,950.649550941393
786.5301827913593,1333.296062239935,2905.0686653932685,1347.2684238712322,1376.4034301119025,838.8720190666809,854.1637016026539,1012.5669542299249,1131.3054557056817
835.7343270943621,1353.1721807416252,2832.420323274687,1332.8946920823905,1372.0746629157495,921.2989205609806,1028.470971623069,1044.1635950984844,1020.1000575035067
1092.3610720019367,1301.393066976094,2814.593618420341,1304.834861164049,1402.5131796913015,897.6262635303369,1199.6221009656424,952.4168953523138,950.4623746082888
1020.3155158167161,1057.5793648257645,2814.3117479398206,1290.2936470191455,1448.4286148929766,852.9248262511273,1169.4247905530651,1151.1014017219568,1011.7136012615633
1066.2057519132434,996.9478519445088,2835.591579645905,1254.9351110100786,1445.9833651323306,874.3691226222761,1163.9840863161096,1429.4127104898364,1015.586927438343
904.3075580142583,1343.6136423143896,2804.4336651068616,1224.0862923991674,1471.407165749314,850.3790275551078,1011.9876405816649,1508.437755816105,991.9511840948002
932.2809612444967,1607.3099275927984,2846.4581308829784,1206.0532745820838,1484.776825488936,870.4577723094251,895.1220329329781,1406.0325163672069,846.4342904422156
790.0884748442769,1521.113677191469,2777.1896210489303,1191.1932793668218,1504.9056258572448,840.4162998165834,842.5605734613896,1343.5828816442113,971.8174632230251
910.5252591196963,1325.004781452428,2873.677913609754,1131.8258342648085,1426.9609119066636,825.0291027559055,807.110432510944,1331.962853962501,963.1439788651645
737.5523083848905,1249.3227769195037,2817.887295837322,1115.8930780494024,1449.0860977601321,787.3341971019468,804.8122334229115,1258.819017645968,991.4884405747796
763.2900592889592,1033.0957717014085,2804.526399937963,1081.0429964093069,1464.7258375617057,775.2386120316628,756.6854335282801,1238.8956779324708,831.8093007967075
817.9026368764571,1636.0687017079338,2773.9519073102238,1095.7599336582268,1450.901251939386,787.3556691840212,824.9918499107667,1400.6046165618168,936.2950123247803
861.1019939756123,2157.839846675005,2775.5172683506808,1062.6813721751612,1462.0669554628025,769.3654423083931,810.4384791054049,1367.5693320834416,1060.7590491815708
804.9654563714948,2666.754289463319,2805.324329420213,1055.104296604894,1470.8893976283384,741.8931228586191,815.5110733172259,1289.8944256320665,938.8015293489623
801.0303998299719,2731.922151022448,2787.7906005733453,1080.7047854400098,1525.4635524154187,723.3859866796502,876.0370876288252,1086.794595574731,861.1910510143805
789.6219971515043,2667.11587351669,2819.8047513614824,1088.2518054680256,1460.2967902195771,718.1579052001482,933.8430877461234,1052.9276850647468,859.0693364851193
862.594098899986,1870.5968920534874,2807.787046171231,1080.9752935937709,1388.3214580350455,703.2150412072015,872.1572895614014,1005.2497425588654,795.1107292675545
719.9500359967287,829.8911442704866,2819.3987302742908,1151.6526815336597,1331.1911684181637,713.4700918676976,941.685884728437,1059.8645806244776,852.7059614259006
929.2031876359601,1250.1132899510092,2793.4643827224954,1194.1924012040463,1367.837869137807,746.3904141663156,983.102933264379,1151.302311883291,866.1263972490431
833.0676177073733,2099.2314509797943,2858.9718087718607,1247.5230993623331,1376.059467911479,775.4825191984019,915.4898303006037,1236.9402972192725,939.633148717985
937.5259615247962,2496.682586740817,2890.174820369979,1252.102100848112,1350.5979124748048,805.56053620408,783.6107624776034,1421.3157446046662,909.4344051284497
960.2572849319624,2301.417360344148,2886.8951709843186,1235.664248336518,1331.2164787600436,844.7062067903605,806.2672730160076,1326.1139914023756,979.7723598389132
1052.89080602091,1830.645374685761,2942.272280602241,1194.1601152772196,1395.0088256173328,812.7949349226931,831.7460437107186,1138.8617894516756,878.7836680608759
794.856809785575,1477.7921220120718,2860.9121524693905,1155.8583362700738,1526.6444819575822,814.424749701721,865.3507177809227,1086.3341637581102,915.3842177615832
844.5024506659342,1578.3540229295022,2922.2173274845354,1148.8273978436841,1629.7966391475215,847.3268283845397,916.5883638687046,1138.266712022783,891.6484679893496
1011.4215401993695,1734.2761536360968,2869.916416739022,1166.5211925364733,1521.7172351744784,878.4934098659376,859.1679482094466,1105.4795609470266,887.2284547413818
838.69149487704,1775.6011642108563,2997.6204254997538,1165.540497680791,1441.1897203495896,817.742837856807,792.0229537696989,999.4724602898409,753.2702862556152
920.7885757762544,1376.8514714064431,2860.6513133726003,1176.6120844605755,1355.4535697326348,886.4280450533298,764.5458750452476,1112.8760181965492,858.1882516473796
837.9499052403123,949.8465332935938,2930.0338693553103,1277.9771066736741,1359.1750122051706,963.0386862772584,733.4673261934356,1173.4134164873246,905.4589058772983
789.4191316298002,708.2885254261703,2930.9653109671826,1273.4060456571724,1361.9236867010313,904.8960396818086,738.1996116914759,1313.2089184323033,801.7081654734768
893.1525461512979,870.0200151500533,2975.383395844235,1382.947595070853,1350.212255492249,1031.2711032330021,710.9850427876518,1300.5702935216036,826.2747872413944
798.0416612401559,767.8148736129972,2880.2343385926365,1410.007706315877,1429.629999621494,951.2617707708066,738.4467967167559,1247.0782792034352,831.3054444304585
869.3284350910565,506.959513479167,2894.588152579163,1327.466205066241,1436.1080568657578,928.316546373848,819.7198382258512,1404.0038002822616,865.3418296313109
968.6582022999703,706.3281378588418,2864.2006002637527,1177.3605099041097,1478.6631457090025,840.19302355309,856.8213282976933,1424.503363011007,884.3425310755829
830.0578695507913,734.2740151353087,2863.957318161583,1273.3988130637695,1471.239241901309,834.3783295029216,839.7578861021839,1434.092725944497,956.208600698176
720.4504479848426,954.8283128593105,2797.974578740702,1309.9012676156417,1442.2447772935234,963.9530315041402,853.1419379790029,1057.1946393089179,1000.0972631513935
822.9974187682268,1033.7877788129256,2816.581803048534,1263.7463750896459,1429.962377479175,1038.0694184348863,921.4721503116916,1093.949322491973,856.8939982472577
860.1450105718739,949.0817843221046,2832.167255686676,1288.5129715026105,1437.456370563345,1040.865646842949,1027.2728258145225,1046.1739700055082,820.3861304702612
745.1263380136764,706.076808632323,2862.883893691481,1234.6731669229932,1463.0935373461302,943.8041150608376,1011.950016687214,848.6609227677071,888.5282348093039
734.3856575078978,726.1777947449369,2849.702328769263,1277.1453131750864,1434.676106276699,812.7594918377483,1000.7899994884775,916.5365617927857,920.4803190896338
922.3334236139344,999.8658572951183,2897.4352313486775,1262.0798853811916,1453.9768300085573,811.1195428048889,953.8062868625426,957.6686698633196,824.3953865886936
1236.869949593319,1146.6893227696046,2881.637813419208,1204.4979646260294,1403.40152572863,736.5498233979998,922.0323093007389,1054.4766696944666,904.8466523829193
1621.0124020497792,1199.6126504696203,2871.7428684997763,1158.493710869261,1481.5013248841651,761.0226939537686,920.1157566152201,956.7083319611886,855.348845526785
1500.6898659796843,924.9314641423678,2896.642476485135,1078.754194543887,1402.9840260761553,803.0168959986942,881.2874202423939,910.9180774538474,882.5144082894174
1111.3350258114738,912.2188385241022,2841.57702244359,1080.0377661714374,1419.695106690801,805.1242060983266,815.5657862297177,1163.0286046961432,1160.3701435175537
1218.4330709850967,1172.4799553461087,2871.1679345298153,1146.34133155348,1337.9106397556425,804.6488464560117,796.6384440176323,1275.2713777094318,1062.2175748650734
1394.0336895023254,1542.4497193027328,2810.9284550588427,1173.8330850470577,1328.36997798715,717.0524990620759,815.1337547941531,1088.3781274420298,954.6069105797151
1393.533617402918,1626.402180184186,2827.0072555606002,1122.1271336995223,1328.7224788591448,738.3033204088314,790.2031336641412,1096.007336022004,861.8540067803851
1121.3952438137994,1319.8136053882085,2868.6699404300734,1109.861047858862,1339.2305375466815,727.0572955029336,829.2260170629492,1183.307829606257,823.5972140342269
845.0421775493071,798.2435337330237,2864.4881447776283,1123.1339213057618,1313.6921947110786,789.3005658126087,940.9215390323982,1126.8041166843914,857.7311043942399
782.4330117505488,789.125077085793,2886.4871648086637,1132.167896857336,1330.5226383818342,805.3872863439678,1002.0651512825275,968.9700046203534,910.6405451994542
769.801165515714,1235.1519604941095,2862.5478970233644,1176.562482439229,1335.1067392800303,827.1173025524563,1009.9213077224779,981.2154594656703,954.1959623674377
757.376930356583,1084.5421876732835,2918.7199814233627,1145.7938664979556,1369.3410977763897,850.8127394983192,1017.3878802575548,939.6362444878773,742.4592209740865
909.8634097122094,831.6175320448559,2887.3443840647215,1148.9304373353839,1359.0657483179768,832.5420620838836,918.6769102574178,1078.1049784658549,853.5803875538177
1063.9146661552672,722.4422717450154,2957.829052888397,1165.7921236844231,1347.406570066166,847.9823083035801,827.6608474497336,1088.6739070108524,938.8690309008508
872.5273033707996,824.666057225085,2873.607056692581,1177.3871161581196,1357.92307104694,829.4251716599347,822.963939372871,1018.2280656097164,1031.9177691712812
833.2325585779316,777.7048762095565,2892.5131027565867,1201.5844432883744,1348.7567360162989,820.6428303730978,802.5196387211299,1083.2908656351747,810.1224183917957
770.9039071983719,845.5375611136526,2858.710030834296,1217.6722619683833,1382.091338777236,827.2511948485836,830.8388287970756,1215.3077500834402,883.4459277409126
873.2762306083039,746.1720382189262,2872.2827744234482,1189.462032777657,1426.8877474367237,832.6228740891995,741.795580791365,1254.9229192871735,883.0323189578462
953.3904054211517,654.9149096773904,2864.966075633414,1199.13460490015,1441.9979031290425,819.393399162421,806.6962954309007,1101.388085739532,830.5471798468434
769.6100459632642,556.3087305733075,2846.4685981864545,1221.3856607486948,1441.4935948787263,860.2284895724378,829.2422369890327,1105.3925794711558,898.6735913033485
849.7145848764728,603.4543453799768,2888.897467938221,1178.5746999277335,1474.8291443680966,796.5787652527188,879.4206706645,1144.057380602199,966.9900751132973
851.3250622138427,655.679875901905,2860.9693274535143,1126.4753207119065,1450.2455615253439,831.0503238312173,882.5987361672001,1083.326534198669,1015.1700952472725
761.8361056796816,645.6041511884507,2860.45352060806,1082.9082339037195,1420.2089109319136,823.6169496802252,912.2652885540633,974.9646092510345,936.114045259694
789.5723952512653,773.161131435602,2806.653620612463,1063.6027542885759,1416.21507089843,828.3471270603054,917.5037025731484,1161.1932111257606,888.1890930612003
755.8310811530257,572.7075245938595,2821.627847122706,1086.9955621257488,1383.5940367575301,742.0661528818362,889.9048295743914,1056.3393685129427,852.4252965485962
1048.6963378510413,577.9435015806803,2821.512332695954,1053.7486230406182,1399.97980058601,749.413253106927,849.5081247469196,962.6079270230699,1031.3504122827171
781.1878070334305,577.1153091697611,2861.6619304351143,1071.7859978466095,1382.44057855446,754.3014406411153,866.2192291168722,857.6626667072424,1106.1356762859746
877.3533217217669,821.774824919348,2854.357367260368,1059.464061952438,1412.7145514834183,752.4348071990341,909.3388001205298,947.2504515436556,934.7335079817482
1354.8703014058292,827.481973439317,2886.8892370557833,1056.0367749903858,1398.3829973740349,795.4677482338745,926.4626379303688,1106.1511014370722,832.3566901105135
1244.5874746257327,694.577373486758,2905.6597736516496,1093.056717879197,1453.2505448269903,781.6738678785907,901.8578071809676,1144.860757921068,968.4951322327524
1361.0450868251382,758.393767256257,2983.3933055199254,1096.0364813176611,1392.1452277930462,741.019087397016,959.1753549583531,1084.9660945193752,925.3572071040498
1127.499932929001,689.5673113403125,2934.420397118476,1070.3963377842133,1367.1501785227922,745.5394395853132,950.1697546280881,1084.3541236783333,814.4260386200291
1211.984864214796,798.7545371243716,2897.330653979189,1059.8659337936504,1331.7933408968784,790.7835799632519,876.2938273111622,1278.3666990430593,786.4300654525898
1151.5167148253477,1083.3292803134962,2859.4159501415566,1074.3741912718724,1431.9159086311956,807.0332931813437,891.6160636491103,1435.2956623797559,804.7700151872212
984.1698666227944,1116.2536202617416,2854.2556013464036,1087.2596745589842,1371.6200308622833,788.1638018565944,853.6694738421879,1537.88977788337,825.2875764612352
919.1596694227519,1110.179760874514,2889.092888133916,1109.8625951798626,1415.2037638730803,767.4802183988079,788.850973171084,1514.9709189127484,1075.829213374601
885.7034696929446,804.1572055346445,2883.761457077222,1117.722131514289,1390.7800429390688,804.4924504283831,836.9732773837536,1415.0013959823145,1170.6450155924363
829.2820354818266,768.4500823996643,2879.4157018625765,1151.665490653054,1315.5466400452046,834.9719615418084,860.3969014883755,1262.9387896699493,1225.6862091777907
1040.2603114682192,674.2597988604739,2918.5666020628787,1146.566409154853,1339.3457657492313,791.5341468479626,838.7828972556986,1299.6128393993995,1003.9344144851746
1029.1861703748305,672.6036719841761,3073.9057810489403,1129.0182025099498,1403.8469475615316,844.3234754537507,882.2921718136372,1580.0452036368974,1035.2716043000169
1051.625815948313,731.7398685718221,3061.2158385872535,1159.0775482676654,1499.903103799572,831.5017114617101,920.6038923693751,1502.1493173768013,1136.2824937998068
968.5018975795174,796.0777853435721,3029.8014147058466,1162.508718321014,1489.1580539118027,851.1816366003844,865.1089922582737,1153.642966295597,1169.9777866532534
1035.5789797623788,896.360863520235,2904.460649605645,1173.1780938735785,1475.9041886585271,814.9447410534365,751.895360999229,1262.7680058108194,1126.2843400002935
931.2743712521035,1153.2159548221666,2832.6638759281186,1159.3418608176048,1396.655477180916,819.0036555151423,803.6731536498575,1185.0725799863378,1056.5612516578062
982.3501775409957,1339.964024333471,2891.806802321417,1190.057035503478,1390.5201010165545,799.7159551896386,840.9303208731563,1181.6641753861488,1047.92154725813
1218.7884233233544,1347.0700758157043,2920.654419200202,1237.0968710477248,1342.1528350505382,858.0587462084471,779.1323204476093,1139.7094369201031,920.7731507514493
1197.3031022953762,1107.7531061957816,3126.2943335962113,1234.5178974823566,1342.0839027413854,824.7282686200598,770.5329658590503,1152.2470669370227,946.3489019255526
1195.5529940578735,861.5470554932156,3010.7732111869905,1226.5135889289456,1355.7874276099947,882.380978243341,834.603037615766,1221.2004537489233,1018.8684970751212
1003.6887105090552,591.9320291616901,2949.8063866436064,1183.9060031888612,1376.6288295297113,852.4389712845623,787.9489097196198,1272.1596449673038,940.0102608629527
1307.595717830448,675.6728453753979,2823.158566315564,1148.8243427548127,1403.3591360664607,934.8810703461335,699.7692844169151,1296.815540929118,995.9961362012616
1825.445120035993,700.6813692592932,2881.1540343750958,1117.0418155382963,1394.191489938034,1063.9504966164727,780.9941689976715,1280.5211349184708,1115.366778256864
2014.620917630386,544.1715179170932,2934.010666724661,1089.0269920518954,1408.8272452908425,1065.0007836545494,892.953497178569,1157.9430578037982,1012.6307965198021
1785.9307847988916,570.8994143460732,2930.278317733103,1142.9183405965834,1388.9441508588352,884.2172663911558,1050.180378533903,1159.4618430844994,1074.5882552928178
1330.0335371647489,683.317243499492,2875.4424587757912,1139.8734821598791,1424.5020383430515,901.3831111630136,1022.2794389185556,1173.5486303574212,1115.2548656204162
1109.853744985825,887.5305165359449,2834.666634340183,1085.0210299758069,1375.490195446739,952.6968670980941,1094.8150047664312,1098.3420801378436,1005.3530988772275
1098.1162689302264,962.4157057122452,2806.5889767160843,1109.817769111133,1412.1171409344224,969.0969873656825,1112.568684456853,1026.7812695998782,867.6425025689759
1026.6743051182173,774.4201227645419,2830.160328835847,1044.8937952832284,1358.0642536897303,890.7115865033318,990.037098797201,1009.2627261424134,968.7264963652385
1055.2455430895227,645.9135265487294,2819.7077782121237,1061.6943565650786,1383.1708875540244,901.7408417068251,882.7784247264947,1171.7573235590444,1199.335551376403
962.0373417828662,658.1464280669982,2829.43053205931,1064.267094649464,1377.678698074304,795.15473648127,887.3656977789263,1258.8903152706441,1315.5531446297036
1041.4965469312283,824.1010555098544,2819.492751422861,1047.8403418656408,1352.2869458782184,740.4511189062489,847.3869940113411,1268.9816035723034,1265.8877374095487
1272.1486769022374,788.1409615451774,2846.2969768370986,1067.005095271653,1356.839845549475,759.7120498686813,793.3917257957246,1340.038985886379,1078.565486442118
1074.3434172916102,641.2959922332718,2851.394968953091,1065.9272484024666,1408.8182755610378,763.9758261531334,777.887063336018,999.7794546281698,1111.7668620508582
885.0707869283107,687.5422468854665,2842.1489910874025,1101.9678291973462,1363.097993782449,786.9836253028438,872.1612990035064,997.8304531788024,1124.1569436545933
989.219440655385,806.5388221124846,2841.8298832655228,1167.6890487408727,1341.4853736004425,793.6914957302373,801.8659255380765,1068.182507367384,1097.1620345172541
1000.8172859867516,989.3298033954452,2848.5411029040506,1172.1299954575493,1347.7230064033342,841.1910675732944,821.2418329952186,1053.7714150292827,1051.1394427736714
1089.682041630881,1246.3716001898833,2848.9874451656315,1198.8117856259855,1337.3241282655613,838.0956472964014,809.8819250885888,1107.6301925873736,996.8483510319111
1069.6856340504132,1423.2458757713512,2867.1250733419897,1218.894012066014,1375.659943312467,851.5669587491429,861.7917978439801,1428.020912757951,1029.4151292944498
948.7718339929401,1136.196309878434,2900.387183830445,1193.1090592632022,1375.4821488154817,862.269931616342,857.1981175157471,1414.1409705376193,1064.4907101841845
858.1200554449683,671.4602464276991,2898.687046835196,1184.7412517169614,1373.819969293722,884.6074179141602,796.3126164588693,1330.5932254188785,1056.860571085545
886.2752775976462,1116.3524332555444,2985.351142773116,1187.066458693586,1348.4266028137072,845.3791528236588,755.3002961303465,1341.5768117171197,904.4688682528019
909.6879437427906,1686.5089307132212,2863.209803080552,1173.4084444025275,1370.500724857572,843.8919381994913,744.2332374342985,1424.9777543020127,911.9693256695437
852.5862939905286,1575.3280382298774,2839.7543379980807,1222.6026245763805,1358.3352268937645,867.6189473594845,725.7379655840552,1369.3332266994328,873.0480490577102
757.0155946782875,1200.1907905170597,2876.290051111353,1240.8107066057808,1378.588870153201,804.7185892178478,769.5731326801887,1144.386302584985,835.657261488881
779.3484261161232,988.711975994196,2785.672956551664,1236.1059535127838,1407.0078653601004,847.2308513089322,728.879426831285,1117.194239332984,922.2818509869206
750.4743570764224,817.919477546937,2845.7426986500723,1236.2508778665979,1389.0007018676793,828.5932553070886,782.9827094478617,1124.413167697065,823.0107196222375
710.2805255166242,801.8005162821917,2798.658415144833,1258.6463844225216,1454.4538031615407,853.6679324065708,825.911435702773,1283.5621282323955,922.2534471688004
824.4307402631157,706.9231112162988,2812.1639571076284,1182.736303733448,1450.5560416684605,918.3460736350096,911.1471664896312,1368.9565107330702,1141.6167496627108
895.3681732153243,644.6211429881994,2788.060825888141,1142.0552786913945,1450.3027759951563,852.7348899942997,885.2243524867112,1247.276085882339,1103.014509967542
944.4973737744865,727.7780323880414,2799.7604486787086,1113.6386533121076,1456.408201606464,865.4354667552182,930.7175767813296,1081.1251150603714,886.5664765668677
851.218608423298,953.3192500088533,2784.0933627086033,1085.5920937132287,1475.3707156825708,789.1528356473191,845.8847868046525,1070.3959933750925,890.4788798870957
907.9745262065626,1058.3221963574651,2768.6722092100654,1057.7296914789636,1410.3718190988427,709.2895419575102,822.0481191777558,1135.9790114235993,865.829261638077
910.9225212313982,1060.5373985555036,2795.848688661251,1088.7107872145405,1443.299022066265,763.3073465800439,855.2593082707276,1090.4697797670447,813.3323311115136
813.0732623917274,1062.0659515631928,2836.140125015978,1037.033790314691,1435.569732348145,724.9808287633118,823.5245843544421,1023.979918428895,928.7011957845637
907.5372427235093,1107.8581122603068,2852.320305146097,1076.7550284840136,1434.92259980622,778.1688390934921,780.8887452457441,1231.4658352789288,987.795344738152
936.4327073366358,900.7087982582325,2851.803025254856,1046.7791083046625,1409.5396737936744,742.8558575510037,882.4530888315167,1242.9230992304524,976.3746576110282
806.4993444791419,899.671719052697,2858.351412519107,1052.2851453468754,1464.6867941425073,753.5730913421775,895.8927043259724,1270.1415166736097,1001.5414060004073
920.1160158041779,652.7153585567656,2864.528284797092,1079.2770692801219,1442.7356457092465,747.7852446215622,873.5319977689423,1190.6547259593735,972.8890865576946
846.7709289343156,602.9163337620816,2836.45084274643,1072.5953379424072,1361.39811913602,751.795498554919,848.436363031061,1116.837801602328,985.3799640086436
735.2710453523841,660.7541530630797,2818.0985248070056,1094.9654477410006,1338.9577698974458,798.1516299605057,891.6525913714479,1129.4497820900908,919.3024010409307
1057.6051685961356,600.4110426673697,2819.21773441633,1073.6907235877613,1391.8426483278226,803.8695015985244,943.1402083248981,1211.8051226453808,893.7826849099442
955.5981316412974,589.6401555889133,2834.0807271438052,1086.7749980349408,1378.7703807678156,798.5822198537159,901.7898084545319,1134.6321237126513,833.1049568901822
827.9759234908491,469.4768477243742,2817.452085953252,1140.7365421014229,1367.23857832282,810.3231436027022,866.644137858224,1041.1977774165694,827.7374116940061
836.4526158752014,519.0890886016621,2960.93097654879,1139.5435889707865,1383.5511780588217,796.1510079652817,895.7974283827411,1036.959365267695,907.1445273189994
841.7647003302864,681.3165035741581,2844.078247190285,1154.6963592924044,1341.6441213311643,787.899027272818,939.819061051822,1002.0394275961867,939.2484757036286
797.2952081268189,893.1920999928643,2872.83988547491,1167.5120361616796,1352.351506133871,821.6966011614472,871.5512466284372,1080.2907207938463,925.9146522797522
794.8819328781337,1246.6311974615055,2868.855724054575,1198.5461885737209,1350.0667402018207,835.7328237378015,835.1418015052689,1142.205062213594,949.8624516681913
825.2747691867522,1532.262311705028,2924.837671846239,1176.9158987963904,1396.393741497669,838.4761647801191,792.1721754607222,1042.3375278236772,980.536285607634
727.4035307056324,1729.3543957749189,2988.0021768411766,1151.3378706806657,1376.7001971121188,848.0497708970845,806.4167493710663,1066.7103772974074,1015.8177198459814
843.5329949290192,1483.0739868738578,2982.053321996062,1180.6415738434944,1401.656083191106,824.3230996039856,847.2607276656668,1160.0133941113293,860.3216410190569
770.8631219522774,864.4312854923933,2993.28437735882,1200.851275407006,1395.5236761938954,834.134016348798,853.5900862548198,1226.1785833604486,839.6811904585436
822.1978533031029,1198.0459788396054,2993.213059319335,1219.3566786691154,1413.1725654901743,840.8510862340731,783.316188950067,1151.5089645634137,786.006396995605
814.7747704886543,1680.7825760491894,2854.5775922649536,1251.386322141836,1444.9494179340913,906.9657244570243,704.6663794129881,1125.8821428688461,782.5828091909232
830.4032764294486,2046.2739845658402,2908.4927039536024,1286.9330346392683,1436.9262759284666,1077.7505181483893,794.5400172890559,1239.4331643120554,853.6883361876373
853.2086814513366,1653.6364591569334,3004.2817412857785,1240.185264281137,1431.7731950432449,1067.107130391012,833.3024537996616,1221.5531300467605,832.6222103190056
996.3469854012108,870.3610100898284,3126.3998776898675,1260.5015710667458,1612.5300213808346,952.0817655838123,853.9052842928465,1117.1066074683463,892.4855467282462
1292.4137716587675,511.51269746672847,2884.9401682447824,1353.334136581072,1857.3294135272488,841.9763288277327,813.2151796739593,993.5842042849215,970.249130812085
1608.2328808884802,728.7982198012547,2919.8728329132537,1305.3301141635827,1765.7363727529023,903.421034306707,866.3815053815624,1088.833787654637,942.964781784334
1604.0064012342484,933.5184356925611,3337.647822035703,1130.3124868975685,1678.991373057952,956.397191155102,864.340150731944,1043.7768938978998,808.3796087920152
1209.049083311669,1079.715336138559,3426.1231602271764,1026.4094215458917,1555.6271547096499,971.8558374303344,995.1908735794257,946.6329321898129,860.6880170457774
1053.7317361625521,1067.927897457603,3331.139883678943,1139.9629666254295,1506.7437446497038,984.757630618931,1210.8637447214119,994.539657941645,931.8757757859137
1368.645339550452,1039.7581126888797,3094.8904880137025,1239.4881114920454,1482.7855078927096,962.6049659042803,1254.0532058049973,1089.7177701469345,751.9083484641736
1384.0569410160274,774.4922472091031,3012.634335776033,1268.4248120717502,1433.6564580785052,835.1323223937019,1170.8369100110087,927.1260145081897,736.3806411811013
1355.79330866684,610.3665349257136,2918.8992744266043,1226.859339085799,1454.9625932814824,797.5033106690946,988.589899475558,1021.3845661517096,807.2396211269352
1031.5518133232467,739.6070063697936,2948.8365368144296,1103.1013396572143,1454.5024362562758,752.102800764281,943.648687651913,1180.9321230462779,866.9391748235453
847.8083989728781,994.9723104895091,2977.817210475599,1090.658786792095,1472.6261336779662,779.58788123929,972.2127208740974,973.2586409138908,1048.6505605120694
872.2032595914774,997.388637289275,3050.1055558588123,1080.6745818897734,1442.2001367226871,801.3498093689175,917.1870409584685,995.8982804900819,1200.7701403909819
807.8270300466463,1158.7613488458842,3008.1144817581785,1092.9347697830754,1442.4510014281127,797.2827745111856,913.8682809906506,1168.3303300375705,1024.1754399139895
1128.866221345737,1014.8805591213105,3103.029137579156,1067.587525196965,1432.0078820284527,907.1784190908929,810.2091158888693,1180.2700612230042,961.2331705769423
1188.8568343408153,767.3461256853093,3008.1283968573034,1078.7949214504877,1378.5198201566043,782.0992268594518,812.365243712383,1114.2486733662613,987.5675167406341
1009.5885191212731,547.4780254387546,2915.73852723417,1109.7272310465223,1356.6752873922287,789.3462219119253,832.2465194993481,1004.8401594417512,921.9810403104665
990.7279323990747,635.713041664823,2974.3954622431565,1159.1238690156858,1407.3843564135882,804.528366115911,971.251074430377,1050.7957708181161,890.6602595760588
969.3095451949143,855.506172825624,2907.478012145487,1168.4791354389363,1467.5831595859327,811.9768986418838,1069.4634998622055,1322.6542493956586,984.3821892351618
932.1687877644447,1047.1423664020547,2974.1986301209554,1186.2727205336807,1561.8143646451051,864.8856846677415,1109.0018472467232,1465.308754983158,936.9251719970819
1155.0776019321065,1205.40287408912,2976.0334058669405,1171.3686741597298,1655.015461754489,868.5729365693369,987.1840420201645,1329.1328231547948,891.5493180723764
956.2335803511431,926.9642906894217,2866.7420860409793,1151.9757047521452,1587.5739445327845,871.0868697651923,896.8609274287114,1214.2007790389762,987.4227237727255
1070.1278293774108,700.1138444912626,2930.639271947001,1179.0589523258832,1488.9134782984884,963.3758679965035,852.3282738371295,1230.9775666948742,935.10217576878
883.8959918150906,791.5642860532132,2928.7676865910694,1194.4459647491742,1423.6348573750204,929.1350832971478,817.4523700129754,1191.1535618728026,854.5684041599673
736.422813054653,1365.9490790267773,2933.8650588516675,1241.727139845978,1415.40068500747,917.2244631050994,857.7444845911966,1323.4171569031078,963.3081130373305
890.7132046878821,1328.8892788211022,2973.5285588041315,1290.6348113618442,1455.3053719284815,983.2504741707095,853.7380817922458,1281.4271126335357,1093.1847708069756
971.4559308325142,1149.2908803364826,2948.5709885286606,1262.234752406341,1446.9536822349678,886.4176820066878,832.4199290856582,1173.8015236042615,963.4640181201789
892.8976879637366,1129.456669912142,2945.8063003548077,1239.8535220474168,1458.6895513382324,875.2202338770062,786.6019709484121,1037.1749551709331,836.6083195656328
825.6640006778896,1172.6946812941037,3092.438333953629,1203.5082963329328,1441.729684127037,862.7698104565641,779.6276659964151,1048.4381731972164,802.2936320790677
846.430974066514,761.6447873883416,2975.4939785344827,1180.8497236485168,1536.5442427219486,856.6646402680478,763.8751538318813,1108.5184242621049,864.4024438833816
961.0596287579276,803.5589183405825,2915.596786974341,1170.8989410167364,1620.7905210882418,859.1205802503126,797.1767341582793,1018.416577362,962.7286145517071
782.0383160731441,1761.6014359999697,2960.6171783532154,1113.4463010204954,1554.0472627619226,912.2311606030614,778.4609999654722,999.3415095071389,1014.1491335744245
846.191559991528,1842.7163732634644,3003.3067998359065,1074.9587597448779,1476.9793087838134,836.6881754578365,837.3403253466005,971.5392788992569,863.6154055063108
948.1437388398382,1751.3114337921797,2955.046153892222,1055.2558363610465,1513.0931617710912,828.2524076456457,819.2011959554819,982.6037436294934,849.4474938773922
853.4589207384411,1629.7217615625584,2933.1649517973347,1044.5365667431274,1485.7566340621524,789.9629756250255,862.4742517717457,978.2916416763816,925.9214847793675
977.6366293503952,1505.2917041699839,2888.7237942270012,1024.0976132527596,1498.723754132408,821.5665573228114,1007.9343345557215,1130.682883672664,829.4455549914157
847.4832708817132,1540.2090681409113,2933.2206052027477,1062.0775814440412,1457.2809370044774,780.804763549979,1168.8130140263802,1209.1804305518463,709.513607246407
787.0876367077627,1214.0957917751005,2954.510468641651,1076.1178758243905,1466.219321301915,745.4746190722217,1075.2980302657327,1290.0835281309787,842.7029534366659
807.5412833046213,732.7427800631037,2885.0758354794516,1065.589308762769,1455.7273386438837,733.7184194023682,1015.6656976845114,1256.9164274718478,888.3502358767369
753.9877599016875,882.2597953479001,2881.466035520625,1096.0824780876833,1477.394489781229,746.4007360797023,941.0477865102191,1101.9196738363808,825.0025780569754
778.6287055411433,1408.5654637884322,2887.9229933862202,1080.3558557712322,1426.4167137223144,742.5685350048728,954.7961051103949,1048.601923548371,814.4907371638935
841.186459568804,1876.9073830982309,2910.289964017266,1096.4605892949796,1418.7970315432149,775.348822387148,951.8441117271101,1166.3039621608418,793.1425850997032
818.97225545331,1673.5157541649378,2939.5927640085647,1112.5147270525013,1387.4968279526684,828.2414027817213,918.7957702558542,1268.7660428135136,802.8831846999972
887.6831359635999,1405.3501682384144,2965.2085293937043,1115.3382822827984,1416.482906070323,805.7414266351259,879.783093613891,1263.0483445766467,800.2814750386356
830.1699995683283,907.7198870452007,2992.2828817266163,1136.8732172234145,1323.2951198043497,784.522588341031,926.37742793109,1102.3822074706568,739.039396774916
723.1193029665892,668.3931496252095,2995.3221792807462,1134.448116463253,1337.2437039503852,779.9752680063386,904.8627149749022,1152.8170567237055,846.4348710898864
938.7565777589434,701.76050316971,2932.4759656395454,1185.8796564257818,1363.2577207034155,816.9096668788521,839.2084258263637,1411.1129818599193,852.2957960099791
836.4272547488176,861.7441401245021,3005.7570805226105,1296.8114075391718,1441.1539287104317,870.2315824269426,751.8203121684851,1482.6881746692843,879.7160684875125
702.8874840747122,921.6303148998015,2985.1948361895757,1338.634305291877,1453.6583324760868,857.7707158110782,846.5944715596102,1309.3293480029258,806.6392462513393
795.0621162399897,1186.3107034628952,2976.4410566950683,1320.716613104788,1415.9947838037328,892.7203411384235,1067.0084477590558,1131.3300211679784,903.5325091149733
1001.3539290162148,1225.3581941023444,2928.6089266971658,1270.9438172084283,1427.5686841120587,884.3224149198861,1093.7580034849584,1144.0039083156912,1026.4920273086673
860.0375675008008,1113.8581157056624,2935.6858477261403,1254.0393795112504,1376.923578114382,902.4475347432314,1159.8115622598862,1036.1347992400545,938.915498401286
837.5871889457825,881.2829134345088,2916.1594369609033,1214.0617250010973,1399.2088145470902,856.8059562694284,1117.745830111115,1057.0395464224807,909.4201632623476
993.8922350819573,611.7684467904412,2888.3327376149427,1240.4674183885688,1418.8408644311194,827.9874368482699,1049.129445187963,1129.0232618657465,1022.438836336491
1103.8334059025274,700.3142231044292,2919.837804435074,1249.9795670870253,1386.9196202124886,864.6100194000555,888.3879872845071,1197.6577576987697,897.1561028516994
1208.948310602941,765.731619813886,2968.5078046448766,1284.6640577047456,1423.3786228320378,889.4275740264802,820.5991323999533,1260.3142840647672,775.0737719114927
855.333936899666,979.9959176950199,3057.00026267402,1220.0535243417926,1426.4036433521119,819.0353283880527,839.4002354563686,1228.55189064853,787.4442580057312
798.2677610449197,698.9416379029284,2959.354263349929,1192.5553661811375,1448.225194127367,880.6921611614521,769.8423324634373,1209.8146023584738,725.5278361560977
1263.546367905968,642.1981865853916,2922.0754521919316,1173.576849921034,1430.1157213081005,961.8681017842391,753.8562446487009,1298.6376316044955,793.4704299545951
1355.863739885363,493.69085396648745,2857.777583033854,1152.7561763616573,1436.0718710285562,1099.8843656859444,822.958559871412,1239.569893594763,853.4770868046201
1203.5292732765324,705.0748515763837,2906.955425764915,1097.9768928223675,1403.608436395888,1065.0118968577804,795.7557790792265,1098.979623957971,717.0163086866628
1086.662754722636,671.6865252047031,2897.571697059361,1079.833235409054,1472.4431777879513,946.6400619633434,801.518113536658,1071.1999240674738,835.1259468159387
944.4259073463277,687.6311803899208,2979.4614836652354,1122.9859358668273,1455.3885308197969,823.2435955572605,855.0561609750528,896.6562114436435,825.1447294802554
771.9701115908522,809.8159373208005,2873.9839376253726,1109.833259744223,1462.4425067968173,894.1515303086637,883.5747996907813,962.2705384992199,805.6790754456811
999.5727438380142,877.4041996893277,2964.6328866664617,1095.725066946039,1436.9508290098183,958.5570720710492,914.8488719914367,1222.6851506416838,1004.7783381308149
960.325983898945,1064.7371770662871,2902.567266908344,1198.2613834281399,1438.235261778252,898.6570877893632,925.5064055861666,1489.755163558386,965.7514982699566
765.2782134563187,1235.7362784000227,2938.8972773432974,1312.8687368544854,1443.6303936243044,839.4917495952795,960.7837070228636,1625.4964028484608,800.565113140962
902.4667248944321,984.7280603452384,2921.9306635200965,1234.2549512865216,1393.0294930876337,795.7095625016684,901.754471123842,1553.5509479523707,920.7656745005365
985.185253645029,636.6963108946334,2886.4765198041923,1181.6191957931426,1395.7459099318703,795.9776563759071,924.4464997562144,1430.5460316351891,1061.7597065308832
764.5349444822007,651.2378302927677,2906.263165350083,1447.011695782558,1334.5115090962095,789.7364675001352,902.5199302617739,1493.3622980605978,1006.7546505505019
855.4844538138061,648.3314402870813,2883.717797676637,1638.770141822832,1328.3711944800611,815.1371055356158,881.2826997832542,1532.2474442294201,878.4517377616992
849.6681692599045,526.8000257390033,2860.0741528560684,1641.329708807836,1360.5596565217434,831.6250064528194,878.4780337031189,1364.8899255768665,861.5882793822796
792.0731979034335,505.7133939140965,2836.6794609873596,1463.8224091052261,1342.236674524253,822.2105867689877,818.4111351140396,1230.9149549478366,857.066810940156
707.9598335019256,777.5980557962582,2863.833673007471,1309.6733157667259,1400.0139469273731,832.7832770272346,813.1536249920592,1084.9557854566783,827.6286115821649
795.9224418082886,917.0919559830309,2866.143322639022,1289.210143447577,1370.051708701637,877.9921369806657,892.9306427075858,1190.4070197940384,867.5860051457691
768.3776588365117,765.1648364994799,2914.0026965061015,1212.272146756307,1355.7811267411835,923.4425185277096,980.5318839466394,1155.858984086527,858.022949481135
817.5285267898917,752.4221707371315,2881.88247765998,1177.9647392828883,1308.7943797926846,870.3807721042483,936.8341583393161,1258.8665015629435,835.5825051246277
761.6447758534159,704.3073031108406,2933.343895064564,1178.2629655645737,1334.4627766624612,969.8970729531626,823.3244198964187,1204.65384484116,888.9805515316041
861.3737211901608,678.2922212780519,2869.4738910320702,1238.2118825317702,1422.7718185670255,934.683523457379,832.7506343298219,1278.1973360532572,826.9029713555171
864.5157278261975,613.901296904279,2924.804399125413,1239.3267026315802,1505.3402773952323,977.7562758514782,823.5862224997422,1367.6516581218325,920.0874514901977
715.4597195437004,532.8128293815548,2932.8325725621603,1328.0833863115595,1550.0226156577141,917.5990660958096,812.1670190258882,1294.640799143724,918.6641876512888
712.8110286973729,578.8362258120562,2895.043292519663,1412.5650814107946,1539.5267785978713,849.0238949996633,822.4046047817932,1354.6160622492935,1033.076688816518
706.992038634718,1018.9225259327961,2923.6111208384436,1343.4743874000353,1499.2384002721942,872.9851050077261,800.9622111666783,1177.1548332114178,970.8114906583544
745.6834485859226,1239.0593498427434,2863.5111334198155,1297.5724403588497,1399.0719508197972,840.0139656476017,830.6107045174224,1093.1007859439414,824.1994236166902
713.4873316251354,1471.3188627160189,2856.879054195439,1233.2116214064356,1372.2913190837635,828.7986019864943,894.0555043428603,1213.6893419643761,852.9799561537343
780.5414687256449,1593.4900428943688,2822.8318907840494,1232.7126499590563,1373.6601743762517,857.2337215667449,919.2293821325226,1162.8469660040778,965.5008798569194
720.3197513060019,1540.4085756545473,2759.017661268609,1163.9889830349932,1402.313482303206,860.4999294831795,898.8193794270314,1126.3504288617737,976.0539501895753
726.8356100115564,1174.8239117732828,2731.5485672538953,1149.7668662412013,1421.649438576134,868.0324978083539,843.1771219724832,1194.6680071647852,850.6620447958969
771.7484926787256,646.8429415935492,2802.1969679092917,1094.1639526268116,1405.479754287192,820.8558541846686,849.0899072042766,1235.7926941972496,809.0216425680535
732.575871374396,885.2485008989134,2917.498608922419,1138.8384091616958,1415.4950024597147,797.6936874471912,840.89169757268,992.3076846014014,946.7869854952505
788.5002330968543,1263.8343110695598,2898.2366620444145,1125.827832665036,1396.592747834764,789.7434247807237,906.4738762844745,1029.045845393534,905.4678626517264
932.9739228744908,1454.3833390047503,2931.1432113275823,1163.5727774064403,1410.6958086249476,763.682690954098,867.0721390295453,1107.4822714479046,752.9578146173186
883.0290829697988,1472.237164650204,2754.547634197978,1169.9092899760735,1383.9842618232024,771.6328768004321,881.6613329409129,1021.5938746635522,868.7895347612367
822.6054122733078,1475.5685901905113,2765.534897358044,1145.996038496371,1382.5191349243723,758.7568188343384,977.1592572114951,1025.481688401182,862.471061205367
780.585995632204,1406.7785168576297,2786.2280153571255,1126.9802316401474,1428.3493318958476,771.3811563579852,995.999033624635,1017.2452776896724,868.6910820499754
668.8004838074019,1137.3897571911637,2769.0455350780735,1094.6834151592648,1394.0527990972541,738.3899406529063,924.1761025954129,1101.2977423617554,815.7408638204622
796.7359464140858,815.5271638910017,2768.6463193057643,1099.479432847617,1352.1415213685036,699.514772069647,896.200306413614,1103.5160775326694,912.6291496939031
726.7505506478087,1053.4338442667522,2829.9856891770232,1081.4048515750073,1277.2327397043182,725.7164499336493,977.9140615221489,1084.838105929907,913.4716032315416
799.0589883733644,1465.5302484547456,2823.53217385809,1102.52978200067,1295.2177887377693,733.5502147750294,964.9046987484347,1066.4109506593575,805.8168064184777
708.6016335858873,1505.0037578671595,2819.2285532503774,1122.7507659543494,1326.2207675818668,740.039164553164,938.6059503806795,1224.5690074755169,880.0153968117759
1181.738056164416,1490.4029551713816,2718.0153118630133,1161.7864787043163,1289.661499378236,797.8905455937253,1065.7313799573112,1193.7993046845365,901.3419844127475
1611.4924903548877,1198.0248835590578,2729.80224468096,1190.897162014503,1284.0492655554885,810.0013268914436,1276.710247171894,1077.0390739052664,902.6701142272252
1465.863081558587,965.8245991457941,2679.0336800273876,1246.3080968401289,1278.8519941265015,783.9733175031813,1216.4446778392276,991.8245727918152,900.8396642621049
896.9244864328539,605.2420678071899,2689.3597669465917,1228.1489157204144,1304.2069662200424,892.4206598091439,1110.1687356825337,1006.4029003254352,906.8459494998378
1370.2409396765918,735.0491413277681,2732.1347449227296,1207.6176519871192,1358.4665775141957,879.1315327832006,1053.3444042517365,1149.049587209919,840.8790462218706
1546.7145558750553,1222.2007233419054,2699.2028835075635,1211.7573706058197,1353.5418264845232,885.849043679738,1091.227882568492,1210.1745769848758,945.0118698900353
1751.9633539634829,1362.1726776632686,2665.785167093788,1205.7119437250694,1369.9507123405792,916.1616575600183,1051.0325067292506,1154.047533939005,1122.8375646479667
1456.566729603195,1116.7748356601219,2630.1842770695175,1211.7319164688588,1355.1879965209987,954.1280280407418,1013.1894184458131,1051.9181273822342,1082.3873678008513
1287.9901389676775,700.3710008972821,2714.895692734929,1220.628175113601,1346.2394192105035,989.4458668541843,929.1568286287086,1151.3682010473021,848.7647500860951
1244.907722097652,473.47470047297577,2673.90397721717,1206.3952846804648,1410.764537100924,1006.3800308433964,874.7015876563339,1166.9680820226981,996.5383341656654
936.9318806350782,590.8519554425588,2668.8778385229084,1226.154216329223,1406.7280476069263,987.1483254554275,786.6326076330222,1213.594208923794,938.1902368601144
781.2538209320253,715.4300576821355,2627.486034960002,1255.6020616195174,1463.1885063702211,857.1189507968379,756.5295683676853,1344.1920172480309,788.4131958386151
880.4700840242249,528.5396314338277,2600.6645185558104,1218.1119348263512,1424.3301656811213,821.2830530835297,851.7663246244146,1421.6426428060772,831.0881074844813
815.9692882182815,545.2693919430964,2575.7542678085965,1222.240382187655,1465.2012259543321,833.606259575716,958.1866799807176,1382.4908949451124,984.5610414570492
761.8821443266364,471.75288693007826,2609.5633416863693,1197.8075337026444,1454.514937462986,949.4310108151798,1064.35672953652,1235.7282137781835,1182.552970857907
810.8315707195537,571.863136101819,2611.204325085704,1151.8103247041367,1465.5540679035225,978.5063323084403,1108.47473473543,1268.977095928553,1399.3145062198098
776.0925750694174,887.6853024001127,2587.665661042191,1080.4708117903351,1449.5351086477535,986.0231700643715,1151.9602835560358,1400.219698380798,1418.0402481527717
803.3950265174843,935.8152932940623,2594.9120274942616,1073.9450476186544,1474.074542572475,862.9262041936076,1092.4266152407954,1166.2151710000417,1037.620427297651
723.4420310025571,713.4457166339402,2591.4272400875752,1094.0830874429244,1486.0249098265022,786.8860422338405,1033.3875203407024,1021.0299279908609,987.3770351949061
694.4905378081244,573.9587994546953,2582.9207406652085,1122.9874011708837,1450.4954731192397,784.8051583169325,966.6102560086341,976.3429556841239,1147.8411701203072
824.1945011539992,542.0075111058201,2613.3254291220937,1138.545344360029,1449.3450660853323,774.0779187970807,906.5813531780555,1041.2675860673753,1186.9827203763832
690.1127428199484,574.4155695255731,2647.811178272405,1133.1904962367394,1442.763124394964,807.6869293731688,871.0996148117197,1161.950529593778,1104.8185304861936
1041.6666842602053,690.2525102867162,2651.3872835212906,1092.6164192120505,1449.32326737493,845.1589907893826,965.6017183510264,1156.459593654532,1124.6610424601595
933.2037522757539,668.5936374110802,2742.4504713544593,1090.587373721911,1400.1626118962186,808.2208621012694,910.8269827485433,1189.78563333612,908.7076752879001
990.9337327698031,975.1204076476797,2667.207045232074,1087.5520531959035,1358.7242481253475,810.0874595399657,927.6375472012097,1043.7939254882567,930.3300685951317
1029.105901921509,843.9001034651192,2669.884438198427,1081.3939504590303,1324.1446655315242,832.0516751584106,1061.4540766126288,1211.441143452353,1124.8617066375532
928.3935371852549,781.2761338871762,2593.570468157927,1115.3627139853002,1318.2324652661125,758.0017200999873,1101.7955285866324,1237.0183593270744,1186.1861229688602
830.9572391450056,916.1695799122142,2580.7371013402935,1101.0259197116911,1308.13839245491,787.3319039379016,1033.9393878257401,1201.1996283110907,1087.524220111733
831.2876230727115,912.2790587581762,2638.8527952444792,1127.8510913378154,1297.2471770752175,795.2291677829621,990.0937312129525,1308.1581318886124,939.9776942469114
904.7697560047568,810.9637057675097,2599.8773793157543,1171.8965372444318,1272.7152648619349,832.1396047542374,1044.149138491185,1407.1031650987898,875.7420759639283
964.0492947183401,753.82295271456,2622.422865073271,1168.0112628111065,1279.5056367930529,790.6296314325392,1043.156106370221,1083.3239469796822,957.08829921488
1010.5855666882192,648.8387809320059,2591.500015971903,1156.983204617333,1362.4728949898583,832.8848758192453,997.439773419785,1118.9981915031071,799.2544748350891
759.4155262655563,738.2359796866131,2687.791243347474,1157.576517510323,1551.4893222933993,844.6286292811918,955.0343680666055,1178.7736637136913,816.6269353079838
924.947347165107,618.3129524092565,2646.469555192649,1189.7567477571474,1734.6292010231227,885.1453410347133,918.1465519174299,1030.3353205571398,860.027411016127
850.7715796041681,549.8690415277605,2605.9070781739065,1160.622501513977,1671.4683845653942,877.7167103701549,855.6903226401213,1012.1609726001427,954.1342686019213
721.2542687231007,490.91952662574005,2525.057178516305,1179.7945998001808,1574.4618473102003,946.3647575220377,854.312325111423,1105.0747499893193,1138.9562859208208
904.2437594573286,603.0766384709227,2573.316918277182,1219.9065608549358,1455.917517622228,1010.6040341349951,922.7868991663472,1031.1464498267778,1082.6678852467649
940.806268702428,531.9754512798395,2521.4968646764532,1196.1094829555186,1504.9014787154642,956.4396737942075,911.4646104187709,1013.5754820565819,1161.0166080604695
1122.8294862680134,508.2448961876787,2540.4507400274356,1212.6641313589312,1509.3920260472116,947.3394175586585,840.5459142553702,1130.7623635002747,1233.198877451619
1166.360209667153,523.9944309180369,2510.824635694743,1212.6300485871398,1536.5034205034058,850.1640571416774,782.2461608134678,1284.3724086486304,1223.5685819666237
1237.9224287211775,503.71048339118295,2525.4773397777094,1194.3217522619996,1453.8695907716574,866.47045589719,847.6972390801325,1224.8663696158576,1097.521070995609
1312.2126710437801,701.6866214253141,2500.9085808400046,1172.378500713724,1472.3393311244681,812.8092058798605,835.4775603006317,1158.5011469058581,1012.8858767469903
929.9540431094733,1077.6059967864026,2521.810350999552,1167.6026721538328,1521.6183025569821,861.7003553750558,881.8019671597866,1062.1145926631846,986.1156945909646
856.0237158609111,1188.5619389310866,2522.967151729271,1171.0486522840295,1554.3962443633595,863.0189764802176,951.3303318544282,1078.620737563082,845.0215121069193
1122.2304015144623,739.9549266210107,2528.5842582010546,1099.5059159923794,1518.5200457126748,823.467719273257,898.9591908766151,1066.295599568903,1080.1567412634836
1047.5085539576896,919.6555181884294,2626.610430727719,1165.465900280541,1516.6487991224399,763.2935296243065,863.377293325145,963.2796391431218,1083.00956153162
1131.664725628717,1399.205870592869,2646.5892833642515,1165.4048661669297,1543.6629767701825,798.4409482170055,922.6106623747211,1134.0774022469532,1007.2452193157333
878.9935618471297,1464.8852171333149,2826.7421844564205,1110.0431215501455,1506.976514867872,849.8642730378315,921.3126518511765,1183.1890958063286,1112.9307749613517
955.5665551805141,1350.1039092096291,2743.930971291077,1068.7957975586774,1519.0373322813673,852.1213443163565,904.2018860092746,1031.963606876375,1014.2122046545251
947.056450962604,1075.4702873936412,2616.1165690609914,1058.551572196442,1523.1878642610177,780.8604882782,887.9780775940308,1070.476765816933,1041.092106968471
849.158150904417,892.401814237692,2624.515799326652,1109.5020284137652,1534.328689338702,783.0439932598418,887.7054164214562,1190.4813452114377,971.1809309621473
872.8050564761447,697.8744224987277,2677.5495631558597,1137.7123149171755,1447.9472391046559,731.6771680049067,862.751538670041,1338.1287796161237,874.8880744798546
1150.3757843108453,586.5651047570116,2726.518006937443,1173.1660350919624,1445.0662926795912,747.7605876775892,788.6092797636477,1520.2800406713332,829.533186768848
1123.1669346034892,532.3357964980011,2809.106081363002,1157.7535818859824,1420.603626021414,757.201985709136,955.5793095146935,1624.605412876188,853.890246940932
1320.4660336393185,568.2813914071738,2738.261242926341,1140.107942791477,1394.4545725505882,767.1354547773403,1066.4155217886464,1334.0633864431695,1144.1108941148145
1135.2886091296277,521.5701939615632,2583.3525781610215,1140.2710975191114,1361.9193658140405,788.7073252935934,1097.0308214116708,1201.5435148019603,1089.4233652040868
925.4168668075906,636.7082622046923,2569.1932046257452,1127.4076864117578,1374.2091472647799,833.7735950826877,1050.960931769207,1257.2173830820589,894.6580636458878
1085.4083414078382,784.7420811795074,2593.5822260884906,1079.033697045458,1314.734363642434,889.6244485467264,1032.7269466196865,1365.0180083009868,775.1042091769233
1141.5048741413514,1046.95111170354,2621.4633931409144,1108.9175823503492,1327.9443671487227,886.4049053149033,929.5282270485806,1181.0188406877583,828.6922167185874
1179.8952775817966,1004.6370560175108,2550.148478318071,1147.8318360997546,1352.7566705114964,833.975299920058,892.8396840835564,1094.3344029149807,953.0112090371426
863.4120476753463,710.8181714667605,2610.591473699684,1138.0928173190482,1445.1245611414877,875.2510248091359,908.794517187116,939.5190053673035,903.4969521498886
839.0798281871928,580.023476586543,2572.508372711698,1101.5342631323933,1453.1909126261558,855.3248006505784,913.9842912731183,1034.751353907523,1053.448335585325
739.6948506058027,814.8115705628402,2601.093798405851,1131.8140754212955,1425.8077102449574,885.3157044529598,876.6031836650978,1065.534546795077,1157.3227466822404
752.3285247319639,850.6722179994489,2589.9473171845466,1109.0448799762394,1452.3819772161087,903.7460587573867,840.4559115040056,1126.6506978032398,972.3439118583515
869.2282743459523,974.5095725411259,2573.3377699761895,1114.695090562918,1413.3822951695129,965.9664863737805,927.1780695495308,1162.7630217488327,929.2668807631676
898.9433539602127,702.9370986505778,2583.3491536951883,1147.308234539198,1454.705207821412,895.3294609882329,884.9307080286162,1236.1527676877913,941.110268873614
848.3682543958864,570.9911345349185,2588.0728855528587,1175.2909961478513,1463.385759629384,854.191131170116,875.7583564786348,1366.0379295966945,1038.054676467044
828.0116553717969,561.0028228823791,2625.3103064877114,1164.2015468387544,1457.6936067803172,887.3702489188538,819.8312880185304,1263.6251269456484,810.8003025363882
756.591484639419,603.6789602035867,2595.017990526644,1151.0531750778546,1437.2138084847134,897.6091062006828,805.3606597387264,1301.706683138426,852.037453679533
709.2912641034707,706.5539136299922,2539.870169056744,1136.1555025520126,1463.3320315883348,846.7234832655479,774.7536273826108,1219.0342468590165,887.4495432350191
919.6134800719421,728.4296650221131,2533.8199445493547,1091.1170535125602,1478.2341889702307,897.5375413819551,827.70928442852,1111.4130446307827,746.9272331840949
795.7016027721791,597.3911834200504,2541.214637446939,1112.7863765656089,1476.030279937572,833.29450005036,888.1910252577622,1164.5542485842807,810.1587933954831
849.4858214290784,575.7199083976777,2546.2420267850503,1064.1298551608015,1439.5174633827537,877.1148850668385,877.3815784735627,1226.9747463928184,788.1723829103428
845.5814141834486,562.0153133386639,2561.2035432361236,1031.718592192652,1498.9786347469894,807.2733869768882,868.3288788548359,1024.5766017772175,953.6365701667214
808.5734985413869,649.631872351981,2560.4209822933567,1073.2729816568487,1496.5193542196312,805.6099436735994,836.9896719804697,879.6582680544019,952.6238861115986
778.4984792394937,723.9158683394272,2565.9341681893006,1036.8509444911354,1447.2384730423064,807.4776035676891,849.7864623746593,937.4453297938238,892.694605384112
835.1697192246905,884.1130437101297,2561.313265509848,1062.4117816228982,1501.7615527732287,842.2255283754337,844.3041004857666,1101.9900259938363,912.355729141777
842.3408557952425,863.2526108474824,2623.730516006556,1079.7441195273445,1471.6260154907654,923.980962678042,879.9831214736387,1208.653427529743,981.5421091956482
899.619547804929,839.4115939557664,2630.1483606267384,1081.3950281015032,1433.2655543643107,1045.112646342739,893.0659962505865,1168.017410204144,802.4090677611589
811.3643061203377,653.3780725560432,2797.7628740191694,1064.2627253088076,1388.7235162243499,1023.7253888720986,920.9100012171077,1064.3806377891365,808.5906235581986
1010.7054651255148,681.2901201608634,2840.419275479989,1090.5410316429493,1500.8867889799735,827.134983008267,940.2992642157967,1129.7120655285262,844.115036751336
835.1600389792197,871.3190663147354,2625.1280716954943,1071.463710652156,1564.560618429864,998.1732772947414,939.8085112391716,1123.3287789224264,921.9473108321166
749.7565512116157,1170.3016677334454,2568.37463331659,1083.8771257766787,1538.682196929464,1114.7830096359394,920.2068596605529,1073.789082157536,844.8883142421262
817.4100318375436,1169.8077049427711,2663.1720019593213,1124.854979880231,1492.6731567774893,1121.9239795263047,949.3870272605357,1153.8508066911922,790.9820638802371
764.0328099415995,790.2248896064041,2565.8181997622387,1124.531189696366,1476.584134779347,1066.7475470665522,945.6222117974812,1308.150969676752,819.3734799902447
740.7218194078957,700.4129469115944,2540.397644284227,1164.420542707424,1396.9699589877016,1014.3163227209649,901.910900017717,1198.1548341229313,911.4572679982444
854.4769239943512,1017.4990971780805,2662.853263843259,1184.555457281816,1384.1247164713109,947.8597439958446,941.4212573290054,1009.882270847812,920.5205559670584
777.2899591341875,1492.666676645515,2597.5562877217776,1193.3721333377262,1362.3885658155937,933.2014879605911,1029.3641104940712,977.9543615073922,873.9624036379203
781.6906986957009,1988.374514018325,2583.6535939772175,1228.5459157905848,1340.9698805616522,985.0406899337772,994.6895578741052,1065.8080148069912,971.6143856388502
908.2474700079518,2156.369705780963,2760.1060592132844,1306.1156290894437,1430.9079969037841,1130.370342357636,919.2105269695301,996.0356536842961,978.2509922174299
949.750458101498,2012.737728022451,2929.145500461538,1287.5999232580525,1378.127173062525,1187.9071141774948,862.1684227080212,1001.7972857985579,926.1068532966108
888.8147317106725,1978.3933096201408,2845.0801980136525,1221.5116858928104,1421.772532208092,1074.1202248257478,781.1058504661685,1086.469961517104,936.1071254711592
1093.786005817134,1392.0451145036382,2627.1634977058397,1172.0427412128029,1496.7786416403724,1115.6308186723008,738.5201087334679,1121.1298604638907,1042.0656400860025
1232.5011342464652,919.785719869649,2585.4890336915923,1183.754885576775,1475.0715820933324,1247.5535198333373,742.6715594834045,1073.2746897835782,962.3029018329614
1377.6834531595928,1081.743691984002,2604.879999079084,1267.785025565986,1470.9748664637098,1364.0736256337623,744.0019881417859,1049.684528708745,924.6703277719332
1375.764493800913,1446.2346403223319,2701.2773729394394,1279.1460654607067,1466.2119224414291,1273.8340927752774,779.2867749800346,1138.2423887911377,920.022113658165
903.8306049075743,1520.8166350160186,2753.127636888693,1241.2812851331232,1530.4687387583997,1124.337718859264,816.2123779493191,1221.739780839313,940.7810668207599
971.3746138197291,1268.8962278267347,2652.675710442126,1155.1282845606888,1542.7254155119736,947.4330849848047,856.4323097817589,1043.1298383835283,907.8928481777702
1626.1722646410312,1092.9368695049898,2550.243101430663,1127.8091907562575,1551.0072670416134,902.8080962679064,912.9586759434483,1152.1733652598791,985.5903516831277
1990.6298007288635,1296.6339184932267,2565.2208646820945,1122.3210195166148,1502.5631039922184,981.594148800489,1018.8293242547318,1174.113882038614,1216.1097170398398
1757.8782647096796,1249.8401158742763,2465.9033554436637,1094.7673142096955,1508.6682763323158,918.6547425338049,955.5547629893213,1151.6299747746052,1322.2612284102106
