0,1,2,3,4,5,6,7,8
0.28382082642805345,0.3235391489744164,0.1399195621803204,0.21068456219364246,0.1955830449163795,0.2575451714236478,0.26160478665302533,0.20957311399040426,0.2464241175904697
0.2671128717935606,0.3208394425083147,0.1402975064551962,0.20806467506623122,0.19567433433671114,0.2574682192097253,0.25166522667510444,0.20638879618138875,0.24517511107588952
0.26505918515496735,0.27979929348942173,0.1400561502516952,0.2133175518470368,0.1992614288455269,0.2524868679838868,0.23757220730357378,0.21994220523595484,0.26264986318140693
0.23232887772049934,0.30310300802253615,0.13954357893342215,0.2188216053000581,0.19943370250794212,0.24874817474221367,0.2377141576170378,0.2280907872394977,0.23674579955935462
0.2040203346269392,0.3084166312215212,0.14102756077489356,0.2177024423979353,0.20239159594984044,0.24674201760046946,0.2529552991116966,0.2099691769755528,0.21851192892277987
0.2010009031508742,0.316667872054102,0.14021275763569693,0.2203161223483531,0.19938424255282577,0.2528900339723755,0.2493517335083607,0.19914641096394972,0.2054501794769021
0.2397563644725899,0.3145427413169743,0.14069957334782332,0.21765192617784743,0.19953756219014812,0.24630071360948783,0.25469972682984976,0.2068570511053442,0.22163925310168375
0.24647480444830158,0.33399162372393093,0.13821048939850714,0.21091593598868233,0.1974322944131379,0.24669199103572798,0.24439001303377816,0.21688065844063395,0.22653699551672374
0.19494209960422407,0.3174279526314522,0.13922343571673398,0.2100732089196075,0.19467629489295996,0.24317170422484155,0.25071318193830355,0.23764046669354733,0.22679578684783888
0.16995456479626792,0.3325981950876316,0.13934427842661487,0.20812338576154593,0.19904075001134192,0.23870080418721099,0.2589038462578658,0.23452182831505905,0.20985664202281581
0.1724861480311839,0.35243428307261815,0.13984280774084473,0.2120882079011082,0.1970915972541134,0.2393949451245009,0.2407798866777763,0.22040269703400756,0.20041080826752677
0.18667425301841403,0.32943613508165664,0.13941005122441918,0.2131910944852193,0.19898536548412776,0.24694071754778307,0.23846635126694193,0.23301917434758673,0.21281043453459345
0.20510819733376207,0.3272259043467447,0.13709986887424952,0.21582404566696084,0.1947857464718209,0.23960127179564875,0.25501235162571007,0.21954369303828952,0.22617006506538284
0.22473685766327925,0.3258946757192201,0.13579863340593243,0.20860450071344452,0.19640330419806828,0.24061903336336263,0.2640587461151047,0.20222956572358353,0.23887456674457253
0.2537442696782373,0.3279301297369679,0.13505318573390185,0.21438451879592607,0.19426256756316476,0.24690278721024753,0.26580704262130234,0.20130981084212113,0.2337255914802958
0.26908327555042144,0.35194921839484583,0.135915732933995,0.20965713316647427,0.19477187459151157,0.24682269573894283,0.2713379342862015,0.1947826070188554,0.2283458437803763
0.2367937323162392,0.3263892797610066,0.13803993126324962,0.2037238038157022,0.19363751311776461,0.25156716854823014,0.2623528613845042,0.2024228554877943,0.24342555004150765
0.2207014100013931,0.3306263840092967,0.1397298344461361,0.2063574950059894,0.19355084348955742,0.2490854050564851,0.2522615223230764,0.18685378857722196,0.24526394419632255
0.21687338817659313,0.3351075201293766,0.14022163304531526,0.21183451321917515,0.19326433040926425,0.25900068152311345,0.25228815711878977,0.19107304168137942,0.2306094270114816
0.23125055130173824,0.3240939823221498,0.13793914185497136,0.21414054833840068,0.1931300169873243,0.26764113841664355,0.25487516349977063,0.197645249837265,0.23562242848330905
0.2458927383381995,0.30917722099559386,0.13600926414595282,0.21420776986926876,0.1957897078821584,0.25581051891588225,0.25814585432970455,0.21236099394630542,0.23569263247304187
0.28086138683238765,0.30734582431882784,0.13855480629131375,0.21553138554883283,0.18967577101519542,0.2494355284743116,0.26266769730727335,0.22693297102825907,0.22235270773717666
0.23885656146987924,0.3019778278295744,0.14004042958392796,0.2236200920849699,0.1826573257043497,0.24401121772965234,0.2731128759940765,0.22650646366159846,0.21674499246628906
0.2649064128771937,0.3120684239704349,0.14007830993901976,0.2272961758401406,0.18280012679164617,0.25607674789461776,0.2779329045634368,0.21584187738514105,0.21952778965441613
0.24979965708935226,0.318131348742066,0.14192135488117602,0.22443976784019684,0.18881576840013609,0.2551621927931827,0.27086839576351196,0.2248544084515007,0.2199225167462364
0.26982602210195383,0.2810170757764721,0.14047646158143912,0.21864188816912036,0.18915690766684964,0.2563338810172624,0.2699554149056819,0.22636620653412065,0.22662109956865203
0.25158931597273726,0.28734815185214263,0.14086873192751453,0.21153118233478277,0.19408670457829547,0.2563401300247316,0.2700728567871806,0.2416896215819317,0.24134396761718338
0.2422188545714277,0.32952977436639136,0.13967037575467114,0.2064628535946267,0.19869153520574226,0.25952177598000303,0.2614952393697189,0.2372448140204447,0.24416500223486268
0.2630967133275037,0.321509324292431,0.13821240100276844,0.20312194441999123,0.20054420862697228,0.2602357158228048,0.24956883987629536,0.2277429672727809,0.25469225033144993
0.2591032648876006,0.33513396531384887,0.13792043747974042,0.20899405999766368,0.2003186242406461,0.2598770090913103,0.25910465356942136,0.2226389566866675,0.24906085275371045
0.2878942201801596,0.283945612576214,0.13776908034031074,0.218897507592929,0.2002477459180762,0.24982970703920518,0.25462675446535776,0.22130377366172382,0.23349168493527941
0.2962660983753389,0.30333920384231833,0.14067335614011736,0.2196128475172308,0.20194974958738035,0.2538120992390772,0.2669446682621415,0.22154486073110685,0.22918139803420787
0.2950228442392618,0.2932139640968165,0.14194755570489007,0.22019572988644467,0.20353777568120668,0.24519737883702925,0.27603777388322887,0.21007897980719928,0.23374554818713447
0.3027963587593539,0.29791215913530333,0.14127832617016567,0.2225321389162546,0.20436792613695579,0.24652636008591883,0.27143150975424735,0.20634410371962958,0.24712548700910233
0.2696165888662549,0.34455310023508734,0.14127755063244113,0.2181739815797932,0.20482960070608053,0.23768420745914665,0.26988252273492314,0.2016384070909308,0.24771489591567655
0.26388440513290246,0.34842056171767966,0.1399331808637322,0.20728393652804653,0.20169146011805314,0.2396889691307728,0.2687151490408547,0.20025518063998668,0.23898419797576387
0.24975993747463004,0.30032391399382236,0.14104636945964963,0.19687504826068128,0.20047753825171294,0.246868598464538,0.27261027142206395,0.21342014392264705,0.2399905087187195
0.24191671035876386,0.34194572507061755,0.1414547132553759,0.19799688489481443,0.2015969501147077,0.23712553115404825,0.2621138265951649,0.227494836266035,0.23009140352278437
0.2682982073284154,0.3302386425900223,0.13993945878873432,0.20481455943098736,0.20023214188190824,0.24088616906303514,0.2507895317078949,0.22541654600641534,0.24112521606593199
0.2847468881625542,0.2799726974073598,0.1424410400269427,0.2092027678007335,0.2026463079511779,0.24306582702879778,0.25169719404182284,0.22146144626818834,0.2550740455269986
0.27967838346382645,0.21575295949350481,0.1394911444830589,0.21132335256279533,0.2003769386000697,0.23903933137044095,0.2486334894637902,0.23817249609289975,0.23008930044157047
0.2753182149486064,0.20303426348397843,0.13676287555160888,0.2033618809553409,0.19753722227343856,0.24447603915444455,0.2570723475312367,0.22454626896187477,0.21208534554150016
0.2711434649699981,0.2094251250614942,0.13696230933586168,0.2043518191938477,0.1956390388340462,0.2498779503827557,0.2613833303508237,0.22628441474511882,0.22342256278917816
0.26938013339820976,0.25789298026063295,0.13846855147982187,0.20604077144929694,0.19639173050078837,0.25502949040801587,0.2597593359458589,0.23088166839439977,0.23157790692732658
0.3052807274088551,0.27709043489585583,0.13926757784868915,0.2056855546553863,0.1956597216617126,0.2521704652245908,0.2585511050322875,0.22085536215030266,0.23104209127458342
0.26569496993307157,0.2164028567630548,0.1413452266181037,0.20780158035169652,0.194924081833222,0.2442015507827629,0.25737819320020844,0.21080741183278454,0.21718039391112873
0.2919436589201361,0.1846196533755178,0.14112748177506151,0.20705798598435968,0.19576091622889624,0.25790940183653693,0.25896129179325034,0.21223277493361964,0.2222108616158811
0.2941305751073197,0.18862537263403636,0.1424787192196035,0.20458606525023415,0.19068859702365376,0.25853390502770246,0.2510260904584775,0.22075092170798943,0.2265390778105803
0.27332154274697795,0.25160104214050866,0.1414765771094059,0.20594834725290045,0.196250446984684,0.2544600369408883,0.2451523095348566,0.22634344031866077,0.2353076841057782
0.2828159873713528,0.28910272052573077,0.14138513837692562,0.20921491560320793,0.19425267420262676,0.25807172721106,0.245356506292697,0.22355429722819453,0.2370946269689297
0.2663813317353826,0.22865096540475477,0.14217320578652815,0.22147108262020432,0.1940229252701091,0.2652713064952528,0.25771737987811605,0.22480210782970872,0.2503339712029928
0.27471985134182203,0.21525802355252185,0.14231040310040932,0.2259066397013915,0.19380758845041782,0.260614714457516,0.25852417105599523,0.23293201037032096,0.24347478981636747
0.27758870413086817,0.2168558281184575,0.14339612972494836,0.22519120687919508,0.1947162890339263,0.27243445733487803,0.2318483126039998,0.23346059137890365,0.24795810698298992
0.2821516443445328,0.21105366957284155,0.1419324581135593,0.2212775843585649,0.19311607741885406,0.2705680304721677,0.2330626890637365,0.22012156777426387,0.2275242589997283
0.28109276985653603,0.22836892317906954,0.14269103031363412,0.2194296779891808,0.19178554396194739,0.26424901925219557,0.2391378063941414,0.22867898859866792,0.22542529829404903
0.2432329988559814,0.23910335889692733,0.1424025662875911,0.21652206121577075,0.1955379249353123,0.25722302485210274,0.25185808749735833,0.24840330052708406,0.23930308235364378
0.23851405755267033,0.29401221090244306,0.14157061548938638,0.2166176058322021,0.19962461346751517,0.2638155908629828,0.25632601741131184,0.24304862945756625,0.256794001526228
0.21445508462000118,0.30969281217855926,0.14168526071826745,0.2194517049087126,0.2014187329708268,0.2595755481797415,0.27025697620506095,0.24132216601666967,0.23988325344273076
0.2144346512717951,0.2574576195068721,0.14155806823000058,0.21844729751316078,0.20269837767373583,0.25659268169037663,0.26038989589408484,0.23444596441268192,0.23433506441917867
0.24561263069496792,0.24020294595652875,0.13943990174678175,0.22028331591875333,0.20195454839670593,0.2521792908835821,0.25831601537780474,0.2266409209249184,0.23655158663279358
0.2520852214207879,0.24297333324114828,0.14185096846980244,0.22010293487693217,0.20438784487293657,0.24664763854348656,0.26474807176983756,0.2121663209258424,0.24631231863520536
0.2586429969562006,0.2533681667147288,0.1413485331435786,0.21888877281539135,0.2043675546497875,0.2437911539134578,0.2784388260758722,0.198240491211117,0.24571263584440747
0.23167940883931498,0.29244920003169594,0.14114539237765694,0.21427573016220539,0.20256087275630275,0.23804950240334177,0.271421713756796,0.1881555477453191,0.23080411999530168
0.2375467773584257,0.3592715740070806,0.14224959859202702,0.21445894300403331,0.20360820023646803,0.2451473920370496,0.27088854264651463,0.18615917402400514,0.23707705497011305
0.25811609871739793,0.2984138217660488,0.14064389147402429,0.20991880739267252,0.19996465891541126,0.25250091115552553,0.2728499008798818,0.1980896933887437,0.2382559996011445
0.2929562534335021,0.2969524624704382,0.14093249302447264,0.2132495524468438,0.2011690593447479,0.2547357930815168,0.2663669382100053,0.2138836815252,0.23845868061175574
0.2555895663737773,0.2808991160615029,0.14023582496605114,0.2146261922911982,0.19897415118206893,0.25608971931813096,0.2561288011257343,0.21081797840968858,0.2550922551422852
0.2680708380564657,0.3083674564787717,0.13970102688839287,0.21246713550265997,0.19784072162688598,0.24936505093633318,0.24831129562733728,0.20737013691864972,0.25382189954216156
0.28617475016418126,0.28391298668841203,0.13964766864769043,0.21300486080718875,0.19759032627751663,0.2467532437092959,0.24790152942731938,0.22121399570015296,0.23261136697809262
0.27150250007978166,0.3062334321713134,0.14007748146808427,0.2105838309854152,0.19638402953019193,0.24610571543321164,0.25290035023566504,0.22069179868812333,0.2384186433694238
0.2825159904427077,0.3085961083440272,0.13629407667614138,0.21248947467365137,0.19744506041804966,0.2482386585376042,0.26156131986821973,0.20890858216792363,0.24523634561777985
0.2636247504896506,0.29727660543240986,0.1396450585350888,0.20952671331079797,0.19592005597490805,0.2491217576218242,0.26624384325775813,0.20584930783711983,0.2387909942594964
0.2528866824803388,0.3234438920073665,0.13889408858494207,0.20794743165478868,0.19463203903874646,0.2612764186622758,0.2725723751626565,0.21585069530630427,0.23481953462983354
0.27080318257310343,0.3429256421598655,0.13976880256293545,0.2097626742460071,0.19236531727795825,0.24887033338468909,0.2800511213774033,0.21924609694104036,0.23764510437969785
0.26949791797821093,0.33283003682415824,0.1418460197354876,0.20799590283119376,0.1928258834957308,0.2620870880405574,0.2804346679298479,0.22229367101812283,0.23804139330444576
0.27535864380893676,0.33978376687745615,0.1411632374997152,0.2076288719197726,0.19101891452458078,0.2623029109828282,0.2651685825068998,0.22662768943884992,0.2549634412537703
0.262144353530942,0.318962470538681,0.14245383493478567,0.21303372964946057,0.1961099514500372,0.26356991823321085,0.2692859548495085,0.22290921188813856,0.2274368411661453
0.25501112089645855,0.3260982965025795,0.14147010277112876,0.21752169063903867,0.19372893294724197,0.260513280102317,0.2684979540138749,0.23105602727098,0.2274282813983412
0.2728970829497932,0.3180406350548664,0.1429508466442173,0.22388320884826143,0.19297526704736828,0.2665097340884588,0.2509730375565048,0.22259248515493593,0.24350612815740155
0.2681391347329804,0.33891455580623303,0.14077847140084093,0.22588331003612266,0.1956169481341079,0.25944556928639195,0.25841267211583374,0.21590674631857804,0.24130651356461771
0.27811016753118517,0.33476349310256337,0.141826021601412,0.22760631695696532,0.19505196428819613,0.25040358278755664,0.27225725021870784,0.21209473254486505,0.2269592025190948
0.2789835812244924,0.2977684767515229,0.14080240272794686,0.22821956795439013,0.19240551045393978,0.23019399332391094,0.2640445903860902,0.23184850722605416,0.22843807043474276
0.2601129400014324,0.3031486405843176,0.13864656629750083,0.22146065660617487,0.19437727396807816,0.21974858135103817,0.2646840797504202,0.24204808755384133,0.23326891777949516
0.24082905116074307,0.32869286232717065,0.13344764603595372,0.20854028547989126,0.19547224841610292,0.23279481940190963,0.2656758954096709,0.22310264715925918,0.23300948305381064
0.22889692124008684,0.3447385887170019,0.1344902386391865,0.2020860939742586,0.18386576031328394,0.25270757232575713,0.2550199482116377,0.22178945791949076,0.2334556426027771
0.26918645996000656,0.2869984292997878,0.14133538162018996,0.2138789389260416,0.18396220531136317,0.2384349673053433,0.2607281073982416,0.21771082314828602,0.26087550113326735
0.2631187544008064,0.25771819232701615,0.13899498329911397,0.22017197155633186,0.18771281217773816,0.2212069189643054,0.2541155700431853,0.21604526760479192,0.23762583322244266
0.2583033271267906,0.2308069520894874,0.1325384281598147,0.2174931406474543,0.19698488819734816,0.21988502379488042,0.2719580985844298,0.2083229617210343,0.2123231691855557
0.26560380693297664,0.2162376791744336,0.13178548412030577,0.20376790915819484,0.1999496133037951,0.22378875580982496,0.27032845207267203,0.22110500041633618,0.2046445825830326
0.26204751304735435,0.1930139064223413,0.13542526277615588,0.19502891849611476,0.20203875851230085,0.23121660831955274,0.26056599878734454,0.22200400505171494,0.21129387347034345
0.265898121033019,0.20313519760119111,0.13714902887300387,0.19786451359781515,0.20254133263254892,0.23773062709692816,0.2670361180228408,0.2219421518991183,0.2156657486805977
0.25026124599674004,0.24172699226523303,0.13891448264562223,0.2041018397207099,0.2030191205804181,0.240376508690293,0.2620444932565871,0.2233032088044351,0.21308808339745824
0.22886641663298588,0.3036757534932573,0.1375413211455318,0.20805286728419523,0.19843123466681728,0.24250736021797917,0.2619752132958455,0.22754172348198715,0.23140190603317984
0.2616317861271901,0.23502966903444988,0.13971788293601814,0.20260633236776324,0.19837980560243015,0.2363789800727441,0.26042629431627645,0.21595962602629057,0.22612231860894902
0.2781571212422465,0.18325107719124284,0.1370551143756865,0.19393160834627302,0.1977709809358601,0.23699864330847487,0.25439598632400234,0.21782639700899303,0.23368580477360265
0.24522300296028057,0.1722137348540223,0.13927954669572162,0.19277718827301044,0.19385646504504575,0.22819345691910428,0.25121946345306906,0.21435263624356374,0.24235273469102314
0.24421139877390624,0.17788117039485452,0.14083426578278033,0.20207421611413962,0.19500883525844287,0.22397206588392826,0.2530005666901449,0.22515503706538167,0.2522471352606748
0.26939155214239796,0.2008875269419832,0.13959314416635932,0.20924911656795292,0.1966982494312211,0.224140756396946,0.2658588131364911,0.2171684060517645,0.23181856722032138
0.2669755646149926,0.26894524775322837,0.1399886552993018,0.21243429995127291,0.19504066146393226,0.23649004810210644,0.2662711089623199,0.21108111398362764,0.23879036962025482
0.25460996337774255,0.3122446496663464,0.13843686702729222,0.2130297608160661,0.19269328885102127,0.24454788321201693,0.26865587359601484,0.21525242318448495,0.2504174852133359
0.2578569716284341,0.2529266367863598,0.13997981269022453,0.20818688767909527,0.19117365238315767,0.2468515696246808,0.26560379969819453,0.23256083345110484,0.23413910934114923
0.28346793887166205,0.24590768152463102,0.13854554485691256,0.2109204252681282,0.18571113707120296,0.24479124003934263,0.26814177766455677,0.24351954701542736,0.23494442908411742
0.26974448498933723,0.23984240006180568,0.1380540522625256,0.2144632859796975,0.182658665637838,0.2514102885311936,0.2593505760648599,0.23739788731423198,0.2557176608768448
0.25065102895149144,0.2814257783270219,0.13998057269018852,0.21606018194401413,0.18481345293012272,0.25691394177573657,0.2663591790522636,0.23661481632071618,0.2428271028751141
0.26304985550914733,0.2761979220968823,0.13978998792177735,0.21509017448819115,0.18361022977651764,0.25898242366385865,0.2655990218810771,0.22262056037032468,0.24846468140818564
0.2956250250944486,0.30940393079612233,0.13999186963497445,0.2135836182881896,0.18670459238737244,0.25092669253363015,0.27406674048154966,0.21474003130150335,0.23869708752899357
0.2604156713832187,0.27939825335152224,0.1393814137216535,0.21708461424714323,0.1877831987802938,0.25602825344597774,0.27514955843324745,0.21610420404376027,0.23827615295856255
0.26286278418980924,0.32206440155208954,0.14045762301407314,0.21829255451943014,0.19356593557008783,0.26425451102130504,0.2739962174087405,0.20716070269131348,0.22950159695180233
0.2682255328107133,0.33772258824284895,0.14087852124656366,0.22597489093296524,0.19273980328475263,0.27130169672546983,0.26456893845965257,0.1935760409678071,0.2569071449123897
0.24320754161916014,0.2875819886769191,0.14077570576754417,0.226991812780102,0.193565946374725,0.2722059105545682,0.2592392103611313,0.2117477781878366,0.22679772322655753
0.21297783156391006,0.2913808088471606,0.13898625230659556,0.22425318584305642,0.19144822250917262,0.26344180482898644,0.24996792855660194,0.2249525420119377,0.22514980333691037
0.20245070342576152,0.3311152036972743,0.13698721542938724,0.2200331516819496,0.19233112249084214,0.25445716516778666,0.2460106752820558,0.21398422062103767,0.2513532341728644
0.20104811428112596,0.3533151238329614,0.13664778355015117,0.22092096701754793,0.19406730283107895,0.2514366480792015,0.25619632958921545,0.201286885735046,0.2577279702153226
0.2462279897267732,0.28612042735180826,0.1406825865688731,0.2212952791204912,0.1962189896270226,0.252792028969855,0.25588501702113775,0.2091676427175568,0.2501100672531107
0.25538362457436603,0.2628903400964007,0.14075780109844352,0.21908983990104855,0.19871782732825552,0.2470174362441596,0.2381740199897898,0.2003256265575682,0.25888691118728385
0.1932224198593523,0.2599372523389681,0.13896647809676735,0.22163412126107404,0.20037774045463314,0.2393081748017935,0.2222620711894253,0.19843449919467337,0.2550999569072785
0.17832842671877622,0.29175921081815853,0.13780495749623528,0.22056429691011747,0.20002542893609898,0.24712452644378272,0.24108756999611072,0.2136358701041914,0.23247329132298591
0.1884283359024554,0.30204459327940536,0.138944776014392,0.2195418020426975,0.19763962761187168,0.2395050062942368,0.24964825645669003,0.22691319905731444,0.23474991747058516
0.2038551594506684,0.3245974281428799,0.13800156297139626,0.2171838730243543,0.19772350223565827,0.24168172189717077,0.22465212695893122,0.23628869516000886,0.23433823933163567
0.22343239212570035,0.2802929938736774,0.13931373088078924,0.22002781409110866,0.19487317697291287,0.24060865006476098,0.20994894831821836,0.23302729593369936,0.23932007637223848
0.25852975733490535,0.28115669896364553,0.14125165041484003,0.21692739145503107,0.19601395505456698,0.2427826706992335,0.22732114777621032,0.2203590040522451,0.2480145690976101
0.24920284304933374,0.31836051831056394,0.140347697421938,0.21593837637256919,0.19589170624152016,0.24652539136976517,0.2309391129210407,0.22276216267831206,0.23283678980964462
0.2416267177244313,0.3158990278825646,0.1384648845571612,0.21502000987830244,0.19527128208874556,0.24837203788375042,0.2519828455391382,0.23016306724122756,0.22688060214609146
0.2444881828409332,0.32314820038678077,0.13946071251466058,0.2154849813849109,0.19565090752593473,0.24312008099929133,0.263548155659391,0.21456649317096727,0.23392121907017357
0.2533378378512517,0.29060004780976006,0.14087304362240097,0.21488948179653625,0.19437953055893725,0.24216474322203488,0.2574079005667371,0.1967516946039804,0.2442015222709601
0.2370689882996949,0.31972683073410574,0.13983922425428197,0.21462285286636051,0.19266709330014042,0.2398051822784204,0.2518791953512303,0.21085530060881919,0.2548684800309373
0.2731027564284511,0.3356741734167019,0.13796661021368306,0.21018881351756774,0.1940927867812159,0.24210241204084076,0.255974751297831,0.22764142343948385,0.25395771525791144
0.27280761800358444,0.3160817588079332,0.13840526503667192,0.21287342098341994,0.19247091631584898,0.24885427542762772,0.2572875314376566,0.21650142215829257,0.23908814928038413
0.2545119322523348,0.3204314235347326,0.1387965390540877,0.2095194862737335,0.19138359592327558,0.24260654807150178,0.26279221045278384,0.2103259920870618,0.22151989387905838
0.27847229101729937,0.3283392710587494,0.1393663661799071,0.21439123432730683,0.1922016425743353,0.25269689830425335,0.2628938194925944,0.2184902346707494,0.2212154386313985
0.277703027969049,0.3565167422694197,0.14151022071803546,0.21700498729312603,0.19026739305400037,0.2579689614595142,0.26879363390354494,0.23342255085575736,0.22728163894293016
0.26553097629792627,0.3389251782197188,0.14062928835552801,0.21296474523794637,0.18946407881483268,0.2603753788121241,0.25690723422138245,0.2366038151403838,0.23841656431620648
0.2606454066390236,0.30586026124690113,0.14077083682321637,0.2130048071647371,0.18964755655729942,0.26354183105758916,0.22831970076579083,0.22646194527009691,0.22949002184273404
0.26861797375031654,0.29954164649965825,0.14115043785684697,0.2181262330589583,0.19306959630412765,0.2631683463354783,0.22290113466012634,0.2088600480717623,0.24324339376943155
0.25880659259279964,0.30698669463470246,0.14253249085951875,0.22312723388941536,0.19202068117060422,0.27126457980087054,0.23006322618451644,0.21832479995820242,0.2526029132001318
0.2628378816215896,0.314821626241356,0.1412968580748551,0.22533377874547186,0.1914276032502692,0.26519915532858895,0.24069547461889634,0.2174115707366802,0.23479209674515666
0.26416335070732894,0.3054124691798965,0.1414047296050156,0.2268167788108294,0.19254460965532103,0.25470217368745507,0.2471603800356224,0.20594552790419676,0.2374999957691316
0.28526761246921023,0.32142621637291174,0.1418314192444968,0.22497469705361137,0.1926878915262909,0.23293743357094207,0.2412459573525262,0.20363034258394852,0.23229600497525543
0.27341368860065923,0.33536149667313225,0.14095219390784106,0.22101916336774713,0.19062358599592966,0.22783684807243523,0.2298767429346258,0.21934874903545346,0.23846781587344845
0.28987624050633526,0.3044426895679512,0.14162659501923003,0.22176205998010773,0.19218196551018812,0.2402507678950884,0.23571084698523118,0.21958199271400547,0.23836286044386049
0.27327718615680135,0.3121189516729026,0.14093754800963337,0.22636242553021138,0.195981855945648,0.25133298930842607,0.24290164569021797,0.20879462033730953,0.2465303041353778
0.2623806777845585,0.2969791512840413,0.14114668618742393,0.2251236397843785,0.19872424061837932,0.2484124911505187,0.25561132008229814,0.19657734723863549,0.2531581028919738
0.2744652956453072,0.27287084387152233,0.1416642954381326,0.22210379030034647,0.19887325185654836,0.2393667822477182,0.2678829168067659,0.21063818187744682,0.250136858630104
0.2729357040547139,0.2791473594311817,0.14127833069449028,0.2250363076946036,0.20095713493152612,0.235397521429441,0.2663491873985678,0.22984352759543758,0.22963521493142805
0.27151786066173905,0.31155760981867425,0.14083850004067075,0.22446545447887473,0.19774482482454073,0.24056126193045296,0.2545745223464785,0.2286010137202431,0.2141053377350297
0.2558323750432944,0.3274634168678644,0.14121289970216996,0.22288956410284497,0.1996285908812735,0.24547614373966511,0.23617647401633976,0.22800006987952637,0.24628826252915537
0.2551499931588238,0.310511840775477,0.14001415982486196,0.22398747104571484,0.20022889071124728,0.24370544852493095,0.23817071812953572,0.2230305737343514,0.2493522986393722
0.24951626062635401,0.2892825734414214,0.140652141497319,0.21775630725178288,0.19941683650934167,0.23756080078747466,0.2504918623485483,0.20971985526699238,0.23676344212086223
0.2509631005284581,0.315174896860401,0.14116709436117805,0.19861155130189462,0.1984853128590264,0.23858800213821937,0.2645402431980073,0.19811520151525222,0.24423744007119016
0.27630292424988784,0.304932012047684,0.14044293987608356,0.18603830692361414,0.1967106042403596,0.23822788933965985,0.24787687980085274,0.20238743959107564,0.2299069823067841
0.2723971305081894,0.30688559039504776,0.1391091675252118,0.19644727494984435,0.19776343209281522,0.24387074373779835,0.24458734270444363,0.22510511353023632,0.23366526790416053
0.24928756661159085,0.28307608836030534,0.1365767823951775,0.206819255484431,0.1950051563975435,0.2424236368930591,0.23274284143553214,0.24076077269369184,0.25044925233757004
0.2674651222546092,0.2320213236262536,0.1341040251393114,0.1880159813029538,0.19707550510734642,0.23837214303534562,0.2275501695324088,0.22702367347685276,0.2506154862705322
0.24248719936225802,0.21135577899567887,0.1341583590823943,0.18680497619919512,0.19714454301166834,0.2458168602338307,0.23093696502858688,0.22255897222369653,0.24691254730051757
0.24365585456929084,0.21331845461438217,0.1353764278861256,0.18843494138688033,0.1968137134829313,0.2419111467049718,0.2423290406334474,0.22608096633527863,0.2512748559023808
0.276703330870361,0.25243639571048654,0.1393117750170348,0.1983516774973975,0.19366237471474498,0.2426924138277324,0.2527674191610234,0.21045303757989528,0.250607040182757
0.25910774941907433,0.27654944135569776,0.14287042765822078,0.2020081942562432,0.1928282407761172,0.240844286273186,0.2626397796134559,0.2068691169594584,0.2528891919735633
0.2550432339011557,0.23233068247029529,0.13827594840225552,0.20257511187664107,0.19493111718008524,0.25173294417154973,0.2693975501401646,0.2132163978882985,0.24688937082510432
0.27026926650250305,0.2092271493901851,0.1352078982801497,0.2097462896497121,0.18979655546315644,0.25690923066101334,0.2626612185691679,0.2114462518258547,0.22919796105346418
0.26978235526061484,0.21352484035281274,0.13489586207192086,0.21506197061091598,0.18997575454837493,0.2625789885510966,0.25337108956723603,0.20504281856033474,0.23582260606557665
0.2948195840448303,0.2503531846708917,0.13567277199482167,0.2144124033782559,0.1956915646483684,0.26261148391157857,0.24775845981752098,0.2150170654770707,0.23915448545373458
0.27209702235660777,0.2859907354489318,0.140689527764661,0.21601901459868206,0.1928630422553153,0.2658002250446692,0.247794160385371,0.23947233881759253,0.25647284712059865
0.28339166453905085,0.3011106934553035,0.1411236335126709,0.20759220179692928,0.18490717678594068,0.26814563925790996,0.23773826720287927,0.2357901798041046,0.2434351046344693
0.29377530154599624,0.2740944421557137,0.14066731813804834,0.21702365220400666,0.18295452122219052,0.27178535743479554,0.24118646996276943,0.23064985956819753,0.24892446154324807
0.2668646335821073,0.2326906385082366,0.1389097683694236,0.21659462043848368,0.18075601941215033,0.2646711799932989,0.24737339108285122,0.2151037641986673,0.24557723052272587
0.25960427045200707,0.2421421653785762,0.1397646260669375,0.2215814809141287,0.1855469099252019,0.2640119210902667,0.25662083766865235,0.19102449106666106,0.23540385033549427
0.2726137898755159,0.24941336720910715,0.13908689734678575,0.21887927648040825,0.18868929816171193,0.27072515706867134,0.2633038827246217,0.1846941246777557,0.22323628321882064
0.26712596043264936,0.2918688467756088,0.14056982893925915,0.22060795244869885,0.19640505369321618,0.2646470746375136,0.26503476395606945,0.18955916806399514,0.22924566895509885
0.2874825723065206,0.28337509381780723,0.14184238534877125,0.2218425861901151,0.19907251886735913,0.2584883700710783,0.2654580021836926,0.20437819955259343,0.24349222821767738
0.24703997444998171,0.27598868350559763,0.14169323952325802,0.2228170921173025,0.19877955868693337,0.25919009179100205,0.26352170141404974,0.20893712366897457,0.2253973454458117
0.28211475558448224,0.2583868474923666,0.14170247969574307,0.22054315071796027,0.1925399846124123,0.2570232365936852,0.2512191048027028,0.2055555523514822,0.22302481255114712
0.25306083677003194,0.2755577649284785,0.1418699451404035,0.21703681533777852,0.19660538055060828,0.2528751891029724,0.2338158837128031,0.22804168447592213,0.24464371015587227
0.2615889548403868,0.2589045236737183,0.14270602020261272,0.21292341450600186,0.19971705608364496,0.25468421309603656,0.24687863019837059,0.21514445424413883,0.23869733614017571
0.2680073052515822,0.28363626764298594,0.14096679876884213,0.21371342958366085,0.19946818309777356,0.2526501584333539,0.2548698161117834,0.19875569921635727,0.2442052486106325
0.29527987473071776,0.3006899716863489,0.13929964000243328,0.211530649484105,0.20286406700904822,0.25290860032749823,0.2502071522216523,0.21941139673921628,0.2532314934385603
0.2862441746092505,0.30813317868754303,0.14212912893201,0.20787072624102051,0.20151788115311578,0.24817015965144124,0.24120027058264276,0.21785310310667805,0.2591355249277274
0.2598690306033629,0.31206575789026453,0.14129694490541309,0.21002931547761344,0.20268256465536874,0.24374083893204457,0.24816353310691525,0.20698084770417327,0.2583361265395792
0.26947324785293264,0.3096592221662893,0.14161638489161202,0.21506353090381677,0.19698428457875367,0.2436919861085816,0.2582509973648317,0.19289194138385782,0.25783195432282247
0.2781886202265906,0.29613599350991093,0.14144862059973864,0.2120796273663788,0.19780039725926957,0.24437243843258855,0.2516472085577673,0.20119117875387557,0.23883281207648577
0.2619626415672901,0.28532186983832897,0.14141057036320537,0.21053056002602955,0.19766730939301808,0.2501564478367553,0.2383729550157056,0.2122883580359418,0.22483785336666218
0.23811838026294715,0.28692942859515713,0.1408072895898663,0.20957003928777554,0.19669746665524276,0.2493928785062939,0.22938604037974758,0.19974280445931525,0.230265022699192
0.25211443975285125,0.2709004630307065,0.1382926466224861,0.21034714920995692,0.1951560589308336,0.25767215114724346,0.22994446134834667,0.1974716429190565,0.24599434190705816
0.22786206400865974,0.27822228596568893,0.14013121841407053,0.21245894937816215,0.19476362695590815,0.25133040434068804,0.22413762102937201,0.20638639556634153,0.24447388638372694
0.19538413415212963,0.2864942944062797,0.13929482872991064,0.21235500036985638,0.19753065650491722,0.25335920638661913,0.22021906714603695,0.227088627685533,0.2456666618336514
0.18985566684453883,0.23743960531912894,0.14073283899737635,0.211568103418104,0.19395655697138992,0.2548688661398253,0.23125043974023377,0.21826879319977718,0.2609664028048303
0.22836417116944036,0.17084394627964983,0.141299286236409,0.21166568671996458,0.19437686799041443,0.2557936602038922,0.23938006712197824,0.222367524104282,0.24123562860278605
0.21559097044055733,0.15491806165038627,0.1417937834939747,0.21448807094339314,0.19462338349725739,0.25313149053115414,0.2484148106225651,0.2236068085748367,0.23050558205771177
0.1720386576941473,0.16639281208032156,0.14292293965422853,0.21632569869225596,0.19572199518629552,0.24738036897343393,0.24167647901320857,0.21912605517817432,0.22014918830539273
0.1709889433940945,0.21637633622294644,0.1428854074487573,0.21683060611315227,0.19394464589941407,0.24111778244118415,0.22741838719734925,0.21310131064200957,0.21900831251510577
0.17648150343217503,0.21720806669711312,0.14288247935823503,0.22396879321389657,0.1952970034331919,0.23707444770661382,0.2240485258019881,0.20345576516293823,0.23143543670989944
0.1885729560659195,0.19242825925084317,0.14247878935996358,0.22474540759939715,0.19364454996903824,0.2452786377426415,0.23389405325929255,0.21100204888601565,0.23305046870059468
0.21959044368648997,0.17421896958001415,0.14329381356862733,0.22656785217751654,0.1929992102580177,0.2513197560640018,0.24655758926872584,0.21091739339133656,0.22362250825757957
0.23708674962527299,0.1645585475476518,0.14217836359232228,0.2255722261487326,0.19346424875277604,0.2598806255040065,0.26468527833634364,0.2181576992619169,0.22269684656643116
0.23769121436922075,0.18572030025583752,0.14271166551416914,0.22211707943771553,0.19363300203530617,0.25601587432081396,0.2603844417153428,0.2139037969664833,0.21647407223178877
0.2487268086322951,0.25591123765618945,0.1421997033297756,0.22300353603648998,0.19495314550077888,0.24461248216704035,0.24530270963651613,0.22695241031112073,0.2218074684808245
0.2534098791978206,0.15289903469709235,0.14125465282078864,0.221151869243769,0.19505905159683126,0.23067915773851383,0.2519912814972895,0.2226363843178964,0.22266699421580682
0.2546435717679883,0.13287612761459744,0.1418891267589916,0.22438406921239037,0.19919542836432394,0.2368229586625398,0.24752490502950564,0.22001341085010095,0.25421879604391856
0.22940855467461166,0.1332027017662623,0.14206734246836153,0.22327534558348863,0.20081548477731276,0.24629381548712043,0.2469462879052341,0.2211327107355032,0.24542664557013436
0.22670499327162288,0.1556497654575598,0.14072646302173075,0.22207730994383115,0.20050243101643664,0.2504107553645683,0.2547947824751992,0.22122960064199299,0.22555454659752555
0.22446747249664029,0.20136859297188686,0.1410666562493847,0.22172089957105043,0.1978679903143918,0.25430419097328766,0.2566049083950015,0.23594422302737814,0.2403234262236086
0.2428840898165414,0.20825285435436064,0.14113296074182644,0.22017341876364996,0.20087914347518465,0.2550363451781629,0.2631216909260202,0.2287879651385714,0.22847304399388185
0.2542283090634323,0.1719271752013324,0.1406769359151268,0.21944966239863442,0.20012740108226035,0.24701780115423957,0.25742801606147675,0.21870031780581375,0.2361322301816303
0.26675019766206015,0.15467822511383042,0.14130090953590074,0.21605098061927225,0.2017573516581884,0.24335439752816254,0.25470038315187615,0.1999786490001101,0.23279368928351912
0.21905874984214962,0.14151248484037607,0.14088677829441676,0.2170305673803145,0.2007260916984764,0.25279571647132487,0.2637998726961959,0.20000085618102614,0.22868291974315635
0.19205804776118593,0.14724564252193253,0.14085835080720205,0.2180541698761208,0.20092662083774532,0.24321131194460485,0.2619384172216006,0.20146319995064374,0.23163868921721698
0.18951654201193005,0.16268881803174712,0.14109168677446818,0.2200577879148188,0.20097760375038679,0.2485814122646383,0.2437206552171582,0.21999833823118026,0.24378971508742805
0.2009465985598711,0.17792182139674131,0.1422224930846021,0.2162825937977943,0.20101993129488097,0.24696208430246686,0.2354738202249433,0.21518317283651894,0.2317455993396422
0.2180834754966367,0.1586839263326314,0.14142854150463283,0.21526734770251243,0.20039692763661743,0.2505615206335521,0.24532836255354734,0.22636095303745418,0.2247977732575972
0.20845031234528927,0.1533957644434981,0.14109015292584118,0.21508141776452164,0.19628137795306239,0.24290228626919974,0.24157594280688283,0.21528607652855863,0.22797853684096944
0.2206015081442869,0.15608233498477744,0.13871164752162207,0.2124982439872123,0.19687542581460332,0.25487142708540705,0.24533667675587167,0.2189177799179262,0.24213222194569306
0.2191871431127635,0.18741748379179574,0.13921399875536516,0.21308931294699898,0.19253770638959986,0.2521419575771793,0.25729905647552864,0.20872752436135136,0.24279001582615553
0.21637652310196073,0.2208246241877579,0.1409052198252619,0.21331361030224866,0.19241111074874404,0.25094428168937766,0.2587341737936316,0.20165492390819484,0.22399031742804795
0.23236909188994204,0.20481306162797908,0.13927374867060824,0.21815030228648263,0.19086768720758823,0.2544070163416763,0.26322790462676166,0.209268430541491,0.23856548031866506
0.2708023972518988,0.19662640872157797,0.13756980936485705,0.21740172225071094,0.1911766158097916,0.2550440356269641,0.2667972123090102,0.22885995905739373,0.2596636149696723
0.2468468779404992,0.19112654617822797,0.1391334458390565,0.21339630638974882,0.18781449439795642,0.25591925954511974,0.26122444390666705,0.24072067743371012,0.24887505736862853
0.2548376578369159,0.22572762922578035,0.1396007165917564,0.20821232208889387,0.18579957073536738,0.2656658993619577,0.25565314417912977,0.2398652113798089,0.24595811663325587
0.25615014365678956,0.2470341237735955,0.14163245939184183,0.2053113729409187,0.18227112271055648,0.25332883281238144,0.2605539007509426,0.25502164379654774,0.23559618801026383
0.2732132236877936,0.22040987657469052,0.14269678851298773,0.209750730256114,0.1836574296975145,0.25619057005727003,0.2514199498689035,0.24699829415113703,0.22542970335599863
0.2548162579376804,0.1978318118768856,0.1418361862013205,0.2162728487171423,0.19142591614728666,0.266228013249213,0.2581777866945941,0.2131598258745709,0.2109310982368402
0.24607111018088368,0.20564882068147236,0.14337802293031102,0.22293398975949663,0.19165333502500848,0.26733204384224657,0.2566788266966387,0.20550123901861622,0.22889303558293547
0.2461705586134408,0.2274158547822286,0.14153973161003613,0.22167840850979517,0.18855953549762192,0.2677091772504498,0.2736390789396505,0.22051538351161545,0.2281601402202103
0.23256778959602223,0.25425189749871124,0.14233466215683271,0.21017295205716624,0.19169939641689082,0.2635462841310053,0.26309322210408936,0.22847827128379858,0.23840784468980158
0.258136160853301,0.30167661659541695,0.14067576980214047,0.20758958173152883,0.19582358804101593,0.2576837107961895,0.25577870851438717,0.20071590534246012,0.24983395586147944
0.2654612676828826,0.294498368972638,0.13812963552333604,0.2102143057906565,0.19412618522156733,0.25982761840127255,0.25664677163316996,0.19360315156007396,0.25077423098253865
0.2559812651513986,0.27019497125376013,0.13922270226654251,0.2178456372749461,0.19835577888095476,0.25765561024925243,0.2613387752646627,0.20542547054551447,0.2678701194970877
0.2596071301584617,0.23092856700189285,0.14002976880671306,0.22127579732778657,0.19870425247359624,0.26553909900427014,0.2588672422049881,0.21729047653552783,0.24630332644912145
0.2683631033092579,0.23133811648126693,0.14100002486892477,0.22536374583053043,0.19958636127306323,0.2638868575558775,0.25967633951103036,0.20513426699224255,0.23787157780723014
0.24381465596616897,0.2918602984698661,0.13983056238784816,0.22255446429322553,0.19886416952483268,0.2593828186052252,0.26564166888612134,0.2254943433496902,0.2393230300317773
0.26731801307545333,0.23701512086803675,0.13905457842275426,0.22241865242472475,0.20033600481860597,0.2526569989025776,0.2636033927472121,0.21884850956242743,0.22464586341342482
0.25124248714401365,0.20216145448747766,0.13632216535628516,0.22061547979735263,0.19934326428791807,0.2544989550639107,0.2555032620482506,0.20632914188789434,0.23097532167838447
0.27987036814485244,0.19352395365937622,0.13847441238153382,0.2191975860621536,0.19784282660149966,0.24205541798910127,0.2615938420051401,0.20475190533431015,0.2577579136044846
0.2661651858544223,0.2011124248199258,0.1404305049636705,0.21733436151013838,0.1977479040373244,0.2502843033729628,0.26726705864419376,0.22070709186809828,0.2564523960620264
0.2733490172008631,0.2409047333487464,0.139738247618634,0.2166406651370176,0.1953675506258583,0.24187630429962276,0.26771040921946815,0.22730815178650568,0.2423233472735313
0.26812976992793086,0.26245233248923355,0.14000461744196394,0.21449015641836325,0.19866674357133451,0.23864030500373962,0.26584761520904693,0.2297293797502297,0.24565450752330953
0.26389699402581734,0.2758443254429249,0.13996440555806602,0.2164373371498936,0.19393109418128948,0.24011510339629974,0.26557733175712395,0.22166755463633733,0.22792041906382252
0.27279488444671907,0.310138998695562,0.14032399788442182,0.21625427858585836,0.1975597588803736,0.247480772557907,0.25842248175653953,0.21751113007141518,0.21077369574220997
0.2755169129970518,0.31307038779668356,0.14042095239571536,0.21562059614286166,0.19309429970829295,0.24006925413404587,0.24706433861778798,0.20580807871319423,0.21652744708505428
0.2756452547960276,0.2807662208861235,0.13705417276437637,0.21089735162296297,0.1950089131616057,0.24528783340778304,0.24701128797478764,0.2269986945770667,0.24605251263876401
0.2830291844915649,0.3038357253027793,0.13745459533535231,0.21373950566700287,0.19068756681026283,0.24597629213765168,0.2581952080285428,0.20784082659337716,0.24885572649880625
0.28100602504345706,0.2813148671841454,0.1384825506622956,0.21555860188749656,0.19508817799055775,0.24285286954805926,0.26248606063148794,0.20172816143434674,0.2510676680719847
0.2594295431004956,0.2692837410063491,0.13651005087880733,0.21726472363088492,0.19311331070651727,0.2477422252673652,0.2566423442023551,0.20769263054464515,0.2574741977090784
0.2663383682791692,0.24033410855464274,0.1391471666872522,0.2142847379098959,0.1900603976781333,0.24678966780252495,0.24718206283550842,0.21480798591841188,0.2403748277710107
0.2832835467902986,0.2596524164067993,0.14031956624308725,0.22100055354536957,0.1909659896746244,0.25735805160756264,0.22725886722867633,0.22518151413661555,0.24353220636133216
0.28834934741934853,0.2773873547799792,0.14029137363512134,0.22026559996116676,0.19163770215400527,0.2700310805827143,0.22096815122651475,0.2330162514355351,0.24650142055478005
0.29966846193646524,0.32444150892308365,0.1405549144415197,0.2175670639200381,0.19083474494129626,0.26114923379885896,0.23448940579854727,0.24210595430925097,0.24787235593660772
0.2639684845991298,0.31424564765597535,0.14171510166642515,0.2207672334579414,0.18795676884451185,0.25757331938804434,0.2524407233483202,0.21113955579516358,0.23743908123552185
0.2895093322860573,0.32008622634125766,0.14116676214412271,0.22226119186153678,0.19099668067639047,0.2525804076492501,0.2618303805183672,0.20170288487292287,0.23851413229341417
0.27850218446554736,0.2797487261826264,0.14142586927742223,0.22455223499657154,0.19233986255659535,0.2528026509424115,0.2416631231223873,0.21178756917898459,0.25243087976349793
0.27818041748483757,0.2736377900644106,0.1416559615258271,0.22891369497320332,0.1927516231312063,0.25160002975052614,0.24287296458109844,0.21222308400542994,0.2589031225092853
0.2880211249774673,0.25225363592894207,0.14010430652485445,0.2255956484259566,0.19218466071146087,0.2515527653626053,0.25031791248666735,0.21095655546768677,0.24559650817675774
0.2743599998804741,0.2972606943177247,0.13966761192381272,0.22304870286733142,0.19463832585577315,0.25413077468579426,0.25786030019383194,0.22822513973424494,0.2556450881554426
0.2493645453849054,0.30057556803905044,0.14015514070064836,0.22280027604724745,0.19546154766439852,0.2674873461781908,0.2510105689017826,0.22815918373750463,0.2529866383395138
0.2756835779772605,0.28532279570750335,0.14033101580919197,0.22477645155388723,0.19744816069629414,0.26569081545838485,0.2544728283914688,0.21721328136929224,0.24910764821230488
0.28625238776746764,0.2569087504979682,0.14041567459345586,0.22463507512833628,0.1964662729693666,0.2614070715599671,0.2579760539240724,0.2186790068834559,0.23939142832958085
0.2726402387090833,0.25130652802542747,0.14194392464940112,0.22335477828329428,0.19621164120809972,0.25972410983426125,0.2530974762369175,0.22278157007665475,0.25585112904309765
0.25290633333627066,0.24708473498277767,0.14149349041706935,0.2233795460079649,0.19517431216838385,0.2563711196508229,0.25439268386173153,0.21122160969610249,0.24463854218666345
0.22339244293128693,0.27259764380608215,0.1417958947318423,0.2219580708067945,0.19768888049562888,0.2486146695049217,0.24854459252731256,0.20714836646661897,0.23918538554039517
0.2200008567118667,0.31655590064281186,0.14100477832542693,0.2235818418344669,0.20040677325020675,0.25374273637130335,0.23982375870436806,0.20701207189501789,0.23900561728883063
0.20433698238742937,0.31041715383778035,0.13909647254399995,0.22212713663988692,0.20109539669423188,0.237943742552877,0.24704463927561052,0.19789536525159887,0.23079310241054316
0.19318159863663695,0.27743627507898533,0.13868240380225894,0.2196154195261335,0.2015492188982809,0.24083874402024666,0.25679154000124166,0.2007424759271137,0.23754901234789053
0.20504919776839,0.28059977717965057,0.1395600441890482,0.21835516577174838,0.20034514491354738,0.2316928910591144,0.2589549427858883,0.20820340097221285,0.22366678791302397
0.22674771645481615,0.32299464717107107,0.13471821278153767,0.21692986635319003,0.19996608782940342,0.21611910011605873,0.24318091793853416,0.20475798569777512,0.2151121432198402
0.24539880960471994,0.3129044224888418,0.13233859485763907,0.21365692321303903,0.19487096014962887,0.22271038211591407,0.2404363984151369,0.20690527522826316,0.22395298150998758
0.22816007330564272,0.29123163682193415,0.13190731593662997,0.21257509484792914,0.18546311236095422,0.24341084641455968,0.24521811419748687,0.2239746249583463,0.23224262073551247
0.2081526664662837,0.3172395979099792,0.1392023958678008,0.21410083102818098,0.17994997811764862,0.23305749990446228,0.2510083708377173,0.21061737181394247,0.24205885410254868
0.1797189342568295,0.3079322888257227,0.13922874813853917,0.21456143253918722,0.17967454725296655,0.21999824967794274,0.2523285783575349,0.1984495555803712,0.2508162008632619
0.17894741473606277,0.31272446365205725,0.1334949519372764,0.21307512736828832,0.1821088179890052,0.22040872831522615,0.25612293096019334,0.20920336326891278,0.24889155779967057
0.1936669633099488,0.31798097870122505,0.1328126223831222,0.20779059109575887,0.1878008048306014,0.22711648926302447,0.2576429537957453,0.22783201061181912,0.2342358848467553
0.2110631107854384,0.30060012028423383,0.1345429140685605,0.20815850143655298,0.19059060975076503,0.23142008584173474,0.2669997731655106,0.22574871606588692,0.2338585878674305
0.251702557831282,0.2945932589525628,0.13666300405417836,0.21036218161252715,0.19136110770333303,0.22936164721826344,0.2708879638185403,0.21531769396666553,0.23096196846124328
0.2517518744212181,0.31449302592187295,0.13777397401242458,0.21974380987039133,0.19323188156910137,0.24461721167585326,0.26687872212910296,0.21919605546142695,0.20815049207528732
0.25585187806379217,0.26552635610224185,0.14027622372178242,0.2205031707204475,0.19136572730995924,0.25010111250733125,0.25995832092744725,0.22163898184962855,0.20482417726861388
0.22824298433771706,0.22779022299027693,0.1409037273094591,0.22327911697436242,0.1923692632285763,0.2564666224516761,0.2579168569408604,0.23286288591806145,0.2194679481411266
0.23175461320708093,0.2318862726892577,0.14043995396624967,0.22253252738206358,0.1894199722061549,0.2577980716937906,0.26726211611813344,0.21405518300386606,0.24317792256138906
0.2281713013859248,0.2596238266683609,0.14248280581772946,0.2241702908574944,0.1892794107447452,0.26037459751503056,0.2636567119348252,0.2224517111396736,0.24708305947210238
0.22573716044298792,0.28353828547839316,0.13980983143604844,0.2200331631805003,0.18693567848212544,0.26000660735329045,0.26737114667469,0.23834940609769611,0.23234385344714095
0.2575125961060927,0.3049367028410911,0.13958531677760294,0.22376234878470336,0.18960998135305998,0.25998252129086724,0.27476440592044243,0.2112043136785542,0.21800770364436037
0.2645771812612609,0.29968644763973595,0.13915445090385922,0.22589415088977047,0.1898624712311605,0.262481125619911,0.26154860192664264,0.21742358063048225,0.21278801328642866
0.23587913932343343,0.2560702429201077,0.14000276251030458,0.22823111332121365,0.19171692240761368,0.2572895804828835,0.25270651503193237,0.22503309703424265,0.22418475469615642
0.2519945104817361,0.24565764289838174,0.1395767610984329,0.22809117145626626,0.19120947376134595,0.24937943887022246,0.26288004282579436,0.2291610665654486,0.25095861702933897
0.2669851667406494,0.2507408693190881,0.1418898974062213,0.22893166618700203,0.1959818021150451,0.2581815566735583,0.26471002360632123,0.23350819920043703,0.25264766846258263
0.2670725125872725,0.26595738956662557,0.14144461329652497,0.2236152686252382,0.19645360000660628,0.24960118300946676,0.2566224457197007,0.22608166488315612,0.2442904727856328
0.28233519230138243,0.2867708114434524,0.14287563720986793,0.2212969623367656,0.197926694640259,0.25034829512441453,0.2643555169830541,0.21136797686384562,0.24922043047265066
0.27357337504888374,0.2743423203208249,0.14162190215934597,0.22077757872977408,0.19546653815816814,0.25147048683246487,0.2723393519746879,0.21540173385592654,0.23949086799655547
0.23932173077526334,0.29321241822525373,0.141842336637244,0.21873958461058657,0.1943233463618147,0.24192533191589627,0.2569286809988341,0.22210889079901633,0.23378032845458055
0.2586743887261448,0.2816052611500774,0.14015933179291784,0.21666065457418135,0.19704237130475233,0.24245617066076203,0.2574012778016045,0.21765839197650974,0.24617536563267903
0.2874176744940567,0.23633596315328292,0.14029606677939574,0.2131085379838434,0.19939150532609823,0.242285668377925,0.2704195275447992,0.21194125188651436,0.2528458447713145
0.27356236016621155,0.2551261795840715,0.13927287701317317,0.21350840121673492,0.19615611316397222,0.23434644084482248,0.2751184070436205,0.2179332632167736,0.2536096239288578
0.23622576893183253,0.2870451805438872,0.14049535221690193,0.2133288529182911,0.19445513966648473,0.2358027405903213,0.27412015732146733,0.2414610189878957,0.24576455152843346
0.2591802765616955,0.26480034441987066,0.14091707240301957,0.2155360644428913,0.19366726799285058,0.24124573340469538,0.2570916795189646,0.22107643281980624,0.23428775821162814
0.27626559282678353,0.2466132333381246,0.1404701823249614,0.21400333302189245,0.1907865355420003,0.23871314006846694,0.24594523291888162,0.218215945609491,0.23314042395109927
0.2593609449920628,0.22405625549804867,0.1402253770319793,0.21022672332419565,0.19134176679430454,0.2344423795559583,0.24328119541083396,0.21376568259071285,0.22939202836705044
0.2753555146260236,0.2559886421121193,0.13966810378137925,0.202149535850868,0.1916537771783436,0.2374881585203887,0.25679948639395583,0.23463666993830629,0.22293058016054942
0.27139523900703916,0.2686053920207707,0.13989546618441392,0.2039789166976989,0.19076486667044276,0.23830457774884653,0.23411042904144716,0.22110762631415926,0.22843285302797117
0.27481626953440147,0.26456055342767354,0.13980099572071109,0.20604021966878763,0.19085828746336134,0.2446992819887177,0.21443660967174125,0.202655051613422,0.24197709666787087
0.26234999201229775,0.21383235969045009,0.14103403470986223,0.2093142411801322,0.19012771016994806,0.24465933930103476,0.2230577094074611,0.20693226838583093,0.25078448678383
0.24278063921862092,0.20486646149402385,0.14044968812806033,0.211365750579028,0.19067403936096924,0.25008637087504026,0.24398003274295393,0.2190448967444055,0.2486153428710935
0.2542948765773634,0.18991107882542907,0.14040615075889898,0.2077823354582998,0.18869913908075553,0.2535085962685167,0.26261094209857283,0.21235329295586253,0.24811404955904603
0.22845553640707592,0.19868581381509348,0.14133565815516713,0.21383053588104506,0.18974210448696907,0.2572015917688373,0.24099946464787908,0.20949583584549308,0.24950104715752922
0.22928540489819527,0.21371323136812587,0.14158145463330954,0.21776806870549678,0.19210435547653418,0.2549763942328683,0.22903525068178004,0.22818507337513477,0.2348449385489985
0.24756287735148408,0.2248491412716132,0.14284246262071906,0.22276019789058682,0.19285913556135634,0.2675365651882737,0.22279621335284314,0.24327156966805763,0.24060009807809077
0.2717880672992342,0.24981335485058556,0.14033552747932043,0.21910199862865654,0.19038147163048708,0.2651425538687202,0.22192914760766894,0.22230087435640536,0.23756075812366706
0.2515875568856151,0.18782490619044023,0.14210850689213628,0.22170824639393824,0.1913102409420285,0.2691229141487458,0.22296149795985262,0.22619881701270686,0.2514011275093101
0.26448552962387195,0.17111041903161933,0.1417161875749778,0.22105878883407565,0.19151841093451838,0.26864373527023083,0.23551167787944285,0.24384619027101495,0.23803191432493148
0.2691956963795066,0.1845820983745317,0.1425739670347003,0.22663719302940824,0.1912263619941394,0.2674417195549699,0.2307397613645324,0.21679551187130353,0.2399874239401927
0.2592146390212596,0.22449331181286103,0.14115475586405032,0.2250784110831836,0.1908789501927936,0.2740039969252645,0.2094509581595282,0.22497620135120752,0.2529327635574835
0.26265790799696026,0.23619012534602102,0.1421844985788124,0.22425553210980853,0.18921020880393338,0.26439894067529707,0.21371397035715514,0.24120728729482793,0.24479437441453042
0.26307505170673695,0.22175483585235428,0.14188334358874483,0.2216619897551517,0.19556620188513052,0.265899463791706,0.2358562185220283,0.225025220715392,0.2547340299401595
0.2590835054204519,0.18274025276218953,0.1417665244168307,0.2246249562407449,0.19909096528571385,0.26439688441843195,0.21616680006219977,0.20696015898664394,0.2558479120080989
0.25217282956836645,0.18136803339164856,0.13960452252410854,0.2258896597155224,0.19942585943680632,0.2599319887664521,0.22876585615249298,0.2212796297183662,0.24502800093743132
0.27680525224906827,0.19510452073905185,0.14141920084556653,0.22239317092549774,0.19923837641073028,0.2578204222197637,0.22899937600352385,0.20423763744105802,0.2350341647364483
0.2659803694650295,0.23244420605802799,0.14237056515313926,0.22277993938643148,0.19658469570268428,0.25333269857802926,0.22851271117391167,0.2001012232656491,0.25114049637487607
0.26574511589448474,0.2835313381586828,0.14260528457665722,0.22148468343590208,0.19968194675426068,0.25918547223475297,0.22989291936084452,0.2152763070026694,0.2383297731486073
0.22710260979249933,0.2533834849492229,0.14237284113368578,0.21789642195673928,0.20147073601018164,0.25520651218112894,0.2272621033218424,0.21978384958216557,0.23391355089629218
0.236358036084381,0.24329271285955387,0.1422980926833906,0.2185817105416819,0.19875778757398666,0.2533956817331879,0.23966882090493988,0.22060660863948472,0.25126292296179725
0.24605615867828748,0.23206907481055558,0.14115382038020782,0.2184319654443672,0.1976847175627536,0.25607340759293296,0.23292233606135343,0.22971777356542325,0.24104090142245804
0.243264320755394,0.25917456425411767,0.14061722834611082,0.21738080040644836,0.19665794065022998,0.24901120313964809,0.24172671030576243,0.23866450436558767,0.2297370490184254
0.2503701916861079,0.2918056693506994,0.14102325341733205,0.21549345052631866,0.1983269360630992,0.24033070290163147,0.24020812787812607,0.2259454714386476,0.23252535501478683
0.2744678493265825,0.34210815868838385,0.1403725497235974,0.2146389793549933,0.19929506425386218,0.24783674338279485,0.24112525333117543,0.2230895396731474,0.2581456968733265
0.24992501926829896,0.33578040632919093,0.14131029032722425,0.2146451030033574,0.19373176582276988,0.23364705692829432,0.2435601396165827,0.216285296159053,0.23839473926805582
0.23462805474455403,0.3614394264736733,0.14066178909235555,0.21664978714510483,0.1871286588429062,0.23768531584327207,0.2496097156705408,0.22773112149240834,0.24614807398904365
0.23646337701629935,0.3156478759138603,0.1400254105282937,0.2134125308576162,0.18305731649031945,0.24517173305692938,0.2550539583561752,0.21569989694703523,0.25702231495163913
0.22607175508844166,0.28183336171953477,0.1404939268531476,0.21467222725016633,0.1876161896965841,0.2410335815871265,0.2662021087568471,0.20783870798632295,0.2543937028141871
0.2473004127413547,0.264980144852878,0.14115617027829475,0.21350926596142591,0.19191862972875692,0.24295757562411385,0.25675165409101236,0.20751121017499352,0.23388404028160364
0.25698331548384723,0.3034898545008419,0.14151200043344195,0.21030123226113023,0.19271466590195663,0.24472838396344973,0.24655089476245415,0.22433734504625116,0.24672709472175444
0.22750518215695556,0.2513595247426407,0.14098821213178775,0.2156311523753946,0.19250995673208268,0.24259264450095883,0.24868726407612704,0.21336573899936392,0.2553004845625058
0.21684116195084255,0.19143330510773868,0.14177902757401026,0.21770772004599584,0.19450567200687033,0.2504523253235548,0.24444385266636404,0.20165326784464804,0.2370263909177974
0.1948893695226452,0.1778710689760518,0.14226961715034578,0.19655160611129963,0.19312766278511864,0.25378530017212675,0.2393053875145042,0.2214281935993075,0.23924532307332752
0.18913203058442415,0.19022911255360134,0.14267840310977215,0.18551050407227965,0.19557559667421393,0.2593535960533856,0.24789720176584065,0.24248596415731685,0.24212730422347958
0.19117417744826543,0.2222155167210242,0.14213034125524815,0.202096912191889,0.19408734165746705,0.26036290511601917,0.25374480963620716,0.24822883137249133,0.23048638263714719
0.22058604359971692,0.2760340645918694,0.1430922453038982,0.22450282471110197,0.19490660402718643,0.25571211908959646,0.2685125779059521,0.22713202583499278,0.2358582824479639
0.2620717396769151,0.2944261949888683,0.14271773589783054,0.21134476750910838,0.19362697665950948,0.2405601226506179,0.2658442802733689,0.2308685220498542,0.24489129144317517
0.21137233807898603,0.28873485196636905,0.14123379360463223,0.2053692711014177,0.19232831265975553,0.24469874717104606,0.2625058233472181,0.2454824714214373,0.25504063607355754
0.20453061917647924,0.28813010653142385,0.141212499074089,0.19942509829274818,0.1914039446989447,0.24401650633581684,0.25754526187357446,0.21186845350806927,0.25827319781745117
0.207641885964645,0.2825551492783175,0.14029870934164287,0.18683239556176548,0.1902863907308625,0.2554740962365417,0.25109023526079755,0.21094112679489105,0.2572361041501063
0.2272345481778552,0.2576901030759793,0.14142908403274151,0.18523347566106632,0.19576055850096277,0.2540362601786042,0.2549980124079531,0.2203474896307557,0.23692292610048876
0.2481791585283723,0.2708235168189895,0.1401861420261005,0.1914066407701377,0.201521860006032,0.2575313091626653,0.25499948591999816,0.22990459364661495,0.24150589887233467
0.27621281329965464,0.2999025464863725,0.14135750004830355,0.21018119899173232,0.20466093411704017,0.25919264134208986,0.25489210244869365,0.23091355859978874,0.24293597072801515
0.2586387784822924,0.3266616104073853,0.14088501044487015,0.21779170726308855,0.19999703554674947,0.2592385507738895,0.2624484489408173,0.238034775620179,0.24831948465513626
0.2632378018704109,0.3141404781797941,0.1418487999439804,0.21504217135036188,0.20293367626612807,0.24808794070601375,0.2695210588323277,0.2248619259477946,0.23872961898885653
0.23916224660700508,0.2943844494380924,0.14169279802439544,0.20857385467984862,0.20313406849024038,0.2485072487711778,0.2525357149909372,0.20121913246093878,0.23084052081300366
0.22616515045780416,0.26107288240436277,0.14160517121123206,0.21278368481599755,0.2046841266438873,0.23866638353189407,0.23841583016762427,0.2021745378155757,0.2353253327583557
0.22712659904807936,0.22354121251368017,0.14166080770263906,0.20818608056509919,0.20448681553017137,0.25171819311304006,0.24095055939895474,0.21154704156134962,0.2386179077415681
0.24137041128801076,0.21513476645354035,0.14135811686339875,0.20918236987891461,0.20556344388429612,0.25599341297125416,0.24858102040587363,0.22524003798253986,0.2389735404166787
0.26665106967544255,0.2006073007102839,0.14154385522889298,0.21042327474077924,0.2038518697571077,0.25760386785251244,0.25469764292499963,0.21706471799759228,0.250251222470614
0.2539818043021246,0.20398559401528257,0.14116072213160866,0.21479214450876952,0.2022350865003458,0.25243551655403745,0.27104801736122125,0.2237798650883876,0.26429049408900457
0.2464112932104025,0.2194332143262199,0.1393738181814269,0.21593766123517574,0.20245623719335382,0.25383635576552416,0.27545462788283176,0.21376432755175517,0.24339786346256279
0.2471192723773939,0.2761433442350201,0.1411660659009935,0.21285490636225912,0.19755351089763895,0.2470233143889992,0.25779816673553524,0.2181874124626127,0.22446646247569568
0.2609835851198052,0.30128186941571616,0.1394661083864212,0.20971365319859192,0.20031047040243735,0.24044178942489083,0.23668077268693344,0.2222888108058081,0.23371885838523435
0.27104483460211903,0.31680814696136467,0.14021242750670174,0.21504726132844168,0.19924045958850775,0.24679234529311478,0.24106139679881794,0.21981534383800647,0.2572003350800451
0.2863767670335615,0.3065663870099505,0.13872900199987998,0.21579659117543346,0.19713694216144695,0.23883192105228726,0.24986554251808032,0.19230474720583565,0.24647488141707935
0.282000751100998,0.31990051966706146,0.13789628800199016,0.21033372580004894,0.19682607094674467,0.2463631012146388,0.2587926367612521,0.18166489666805968,0.25379105844366084
0.2759496074664827,0.31181678322644574,0.13905409066157606,0.21271913893099792,0.19850619484388776,0.2483726274559567,0.2526356562614,0.18773916486659645,0.25345338903166875
0.27589523568336344,0.317266838502372,0.13909007146247812,0.21666539403941132,0.19853802101576667,0.2570333541222198,0.2349774409896881,0.20460870611900187,0.26005254178783865
0.2855405032584458,0.3188055321877387,0.1401863718978958,0.21387687560262,0.19864827148483363,0.25532578260917,0.23204198604073772,0.2015626178268207,0.24964282182401681
0.289952770228318,0.3107259201851497,0.14163120867808493,0.20883957087148322,0.19768881771997124,0.26511602335469137,0.23590909593317938,0.20321170121533622,0.22357795485613713
0.29322026521445943,0.33625161285814226,0.14160534551083462,0.212132380417151,0.19707469451635512,0.275169315069969,0.24969016725795556,0.20536400888033415,0.2191428437966942
0.28422209349037475,0.3356949005345961,0.13978692763339062,0.22486945739779005,0.19797906592365716,0.26679191889409914,0.25789604022926776,0.19647789698217996,0.2570277040513591
0.263657463592638,0.3286063321006082,0.14041143832979702,0.22366283365058134,0.19537690073195774,0.2692887555318355,0.25059279639611187,0.20051123218156197,0.24768945287253671
0.28655721403405676,0.3250993989936831,0.14139655817972038,0.22858275962194194,0.19987408913022914,0.26049031602191186,0.23697988810567233,0.20829150066644378,0.2604447371238342
0.26193405675691045,0.32274309115504957,0.1403289519075764,0.22353940887166962,0.19660370114040884,0.2659613504963937,0.22616610396501546,0.2396504598417322,0.259049353576892
0.25357186173501073,0.34329279563344023,0.14231521537220648,0.21487578885830488,0.19697823923606408,0.2721547443953837,0.23225258821475767,0.22763416523219773,0.24623872606049899
0.21583421478012094,0.344215074628083,0.1439070373194213,0.21067914148609063,0.19845432011583602,0.2746605999637886,0.24065155453251028,0.22204424061218367,0.24038716678362132
0.21281418237856436,0.2702164735367626,0.14256624044589902,0.2157729472998252,0.20414646731480415,0.26624117611296355,0.24295643474851303,0.2113214816047457,0.2530902389289049
0.2506415502299219,0.24070886138383446,0.14298180523575846,0.2225341437072813,0.2051863599369259,0.263270495862353,0.25291708793714457,0.21124361009517162,0.2557597315620019
0.23121651451045713,0.23068336624099056,0.14223242863153926,0.22637661324044914,0.20667822797827587,0.2625932580823401,0.25078149424559687,0.21199364975536963,0.24491763051986262
0.18949861900750498,0.2178632027731679,0.1400990486930795,0.21857308072483286,0.20501332268107525,0.25777437623902594,0.2558376127959146,0.21176052386621072,0.24897556661962045
0.23723485696082014,0.2179601694645519,0.14058915444242984,0.2199720226385468,0.20802020131121787,0.2472884751326923,0.25540271713564006,0.20593642824966574,0.23507060387765344
0.22508928646561693,0.22143455339175974,0.13998307311994074,0.2203789407317429,0.2041014653025284,0.2493818869151582,0.2450353253683661,0.19672625190744084,0.21996789799620234
0.17702596518593305,0.272081146194724,0.14194390208496363,0.218519763427477,0.20509473515755927,0.24576364017776997,0.23968672582599604,0.20614823114362435,0.2225802038082652
0.1758266139330803,0.3111011791302827,0.14211437813786795,0.218175147447337,0.20515630801122473,0.24910467753127769,0.25410133467059987,0.20806180020962906,0.21568801978686233
0.19337497400214615,0.2972799893938409,0.14346029264962723,0.21500725592123338,0.20520637864776162,0.25551359548063635,0.26440252078548665,0.20872145419149726,0.22562235226535643
0.2260902659274588,0.3199493578732574,0.14221228442066056,0.21744211256474422,0.203202251275672,0.25044633209962663,0.26197843783669167,0.1958654109978473,0.2365982732315734
0.23850891867902238,0.31030103019774896,0.13969066077053113,0.2180483283636836,0.20186640068605116,0.2508972279051175,0.2632937452862462,0.20598185752673073,0.23811504601196679
0.190483699211728,0.2607048266859589,0.13621465480627673,0.21499951327777242,0.20587352747053064,0.2535237025703147,0.2570715065837955,0.21495614823033113,0.22837446481255147
0.17845901087024296,0.23060193286707514,0.13515949132461486,0.21291039692186067,0.2078633578644828,0.24906862826698895,0.26748597446923006,0.19988319606568955,0.22175246842423701
0.16620038867672282,0.2331181875398271,0.1356296154408357,0.21026059330089047,0.20340434400282628,0.24782703874266873,0.27465937253362316,0.20669713214791896,0.2396525035113946
0.1833301321510604,0.2234615366010247,0.1399293081861603,0.2054737129589793,0.19181883636155378,0.24560422084925673,0.2661644170702069,0.20456616219428841,0.2560815473841394
0.2080355969167068,0.22461593785185185,0.14241046384395425,0.20462820731758097,0.1885712676695271,0.24410742618919776,0.23970307871304064,0.20376220780877202,0.259491632823989
0.23101860724866574,0.21680447660945437,0.14117770169919425,0.20536137713481184,0.1880509878660041,0.25355452326165695,0.23502530336375993,0.2108737380209289,0.24341460935753018
0.23607887740402023,0.23857772270389221,0.14060810203843624,0.20564274105231323,0.18994414662520495,0.25090339326721267,0.24262434974033034,0.23162393428821704,0.24771586989883373
0.25009374035319687,0.2369792461125087,0.14018444328596139,0.20737946874248864,0.19795248633753795,0.25409573321583157,0.2459960531914996,0.24085637173745503,0.23718763450356434
0.22757483713671936,0.22481613551189836,0.13798836582567903,0.21390248202988904,0.19718317702906557,0.2579330109140595,0.2472894606178733,0.22363709403121207,0.23447208351368587
0.23024113383779196,0.23104341822656582,0.13826837313687051,0.2218047595856616,0.19876693800501413,0.2667136338677002,0.25607647759404223,0.20082662792781739,0.21846061541406223
0.23043993135703184,0.2596170684207552,0.13951345031184545,0.2208436168138101,0.2011384581232893,0.26701479517097476,0.2686159329114605,0.19536279316170393,0.21631935016727818
0.23968207832354546,0.19731023694072758,0.14164164991775433,0.21514402042978217,0.20140925852628622,0.2613619108763779,0.2620195676426655,0.2071874306917388,0.23243881489471663
0.24397531215210577,0.2148852630689707,0.14276540732962176,0.20457701279099008,0.2004928511262634,0.25259101963515374,0.2639709624685847,0.22609511426301487,0.22673686908707347
0.2820015000094327,0.2222190812796661,0.1377484387026093,0.2088104743436023,0.2031111424819755,0.2562673839105233,0.266242031587734,0.21243426361037343,0.22922849212936638
0.24601175126027244,0.262102296506229,0.1390523991506333,0.21384144619250017,0.20348168270223885,0.2597516538503165,0.2703829024272938,0.1990470031086505,0.21975891999829072
0.23941327195779535,0.29899201006631865,0.1399477775867162,0.21770894213606207,0.1999346058291261,0.25563901372438863,0.2631827937905942,0.21115663297811146,0.23948289961697983
0.2600622750349503,0.30166644818916827,0.14132669844801002,0.21482014427121707,0.19862895273449696,0.22668637034281466,0.2533384131205135,0.23062374577837416,0.24622245566294038
0.27098538844050046,0.27999051268912123,0.14334650972704938,0.21912887135111644,0.2051247894320386,0.22011784985167382,0.2583191310812125,0.2425178944509572,0.24823053471796386
0.2283020869346871,0.30957158400108076,0.14304591969332017,0.22336465556357257,0.20546398808259744,0.2261929799027782,0.270178543666303,0.2204410338899475,0.24039892686495803
0.24148922942972567,0.3114397467549197,0.1444726843296604,0.21938358328516472,0.20722408663589442,0.24733020184592416,0.27528840451252234,0.21290886825273284,0.26275510748156106
0.2697490141184264,0.2628091859179134,0.14262216572240902,0.2066011650135169,0.20392219207247972,0.2568985482609216,0.26329270789760584,0.21359617044687848,0.26102259017400853
0.22574450357793222,0.22321282639644896,0.14294176860664223,0.19534100706538712,0.20608764547981773,0.24170095967980604,0.27622016079618505,0.2069273051392886,0.2528845517033444
0.2569549874409545,0.21054930745961437,0.13985204253578834,0.1929819956676404,0.20726521599131534,0.23472026445461733,0.2782277587539618,0.21022544460502818,0.25039714813303776
0.2583523595292592,0.2413939775630257,0.14101215468813114,0.20028274639300409,0.20811823614806543,0.23007424502470958,0.257710734074639,0.20787749773345804,0.24291143238247506
0.25112507256202293,0.263369929215043,0.14262800803713704,0.211018954072039,0.2082288477821226,0.2300486166813074,0.2469846680265495,0.20899388560364096,0.22659117229372377
0.25005553746021514,0.24516076132038442,0.14230492401120817,0.20574158160138983,0.21023998813566191,0.23609386603447582,0.23799101171230913,0.19980695495413306,0.22047200625137045
0.2638768949044896,0.20508524242167625,0.14377812619916377,0.19232822288847012,0.20990858835427312,0.24354513297095634,0.2404588070668602,0.21074950816852944,0.23179774059801603
0.25088642432960134,0.20622799961512972,0.14305473636510893,0.18798621557261289,0.20452618480647952,0.24315994693622542,0.25004871931066885,0.2317621683710516,0.24070589096595343
0.24904092606011327,0.22266264695448557,0.14250057279598466,0.20118341561941477,0.20538801568179504,0.24356935662304408,0.2537379087773503,0.23839348351633852,0.227330724900667
0.2550793530880863,0.2631909152479777,0.14280386786286037,0.20271183669526446,0.20333521086558706,0.25188883187754696,0.24431314851980315,0.2130144109003586,0.224769746084977
0.2545251306367848,0.28913455385389386,0.14320096690458858,0.19306804578856743,0.19877664279488044,0.2457735208352488,0.23488947307632446,0.21025978005726043,0.24019325507083533
0.2690234035255032,0.326705999973552,0.14149342628119857,0.18899118980460108,0.2008395839850014,0.25310125488485175,0.2424111452695141,0.22590362343003284,0.2533559950424111
0.2605192803700139,0.2600138297918972,0.14269310969633345,0.19217422060871092,0.20041405713950308,0.24991679900054994,0.2419287180173623,0.22995876654816144,0.2268520356769679
0.2545517000001089,0.21468528282560811,0.14202526086978176,0.19975717886959737,0.20027162334710938,0.24157770268068973,0.25026742165703936,0.21979416033052646,0.21509473567926427
0.2651280382652943,0.19525136466699702,0.14449214202124894,0.20911512292745796,0.19987341835080225,0.24220026535129757,0.26500057458295273,0.21135475502526183,0.23571045525523932
0.2681998742375945,0.2068044642980891,0.14399362141179983,0.21666713251359895,0.19875823303049434,0.24487621481774186,0.2694967699854792,0.2219911844819333,0.2410836387228062
0.29388306017935106,0.2208472914921871,0.14393137500922143,0.2200540702069052,0.19697299651167494,0.2541347320787057,0.26730351772305017,0.23389838723222692,0.24519957617838134
0.27922251754384736,0.2305752220362504,0.14461922040801325,0.2203098324662452,0.19880334205611772,0.261167602077753,0.26440053294158455,0.23867938932259278,0.244286803393849
0.2822136286249127,0.24372082509728832,0.1442387318958092,0.21522828897407242,0.19951971523552706,0.2641420985781363,0.25343642007457023,0.23414976874384158,0.2366954407840515
0.2755236039247172,0.2338408383059238,0.14314839088617487,0.2098362012521301,0.1980250886661285,0.269413874763394,0.2555333953344779,0.2587693496994402,0.23496107739747377
0.2593097155246461,0.25709307602099196,0.14316645534269234,0.2075143476557757,0.19761548003427265,0.26745335406223425,0.2599220105627834,0.24563646773835013,0.24559965062899564
0.26717955461789344,0.2745720224135367,0.1434275121206312,0.21686832533851375,0.19639569196703066,0.2720868984488698,0.26185768193808984,0.22644173561693534,0.25855229568360644
0.25925862319311344,0.32321271001394003,0.14400219362646277,0.2251308513069843,0.19829052931179497,0.2687849197213391,0.2640681089223716,0.21106763215043675,0.260347565119249
0.27347977877093227,0.29768101542746245,0.14395596474297706,0.213292550023213,0.19667509976675243,0.25944841958444775,0.2730518047977889,0.21321423284580354,0.2546761489413166
0.2867464957275938,0.33412052904453576,0.14245573462042238,0.20136913412386492,0.19763438158293642,0.25554458747909525,0.27501047280931146,0.2254869661464272,0.270048784855434
0.26420836091150884,0.3165411384756932,0.1453712016341385,0.19728140353444948,0.2001029061162654,0.2611325487317774,0.2658969227937577,0.22273101706761173,0.2626108423288238
0.2623088633478096,0.29689999215319113,0.14474681005260995,0.20693213010030126,0.20653904150900879,0.2657454809828412,0.2634037719906694,0.21691960861004528,0.23699824428852578
0.24078030188949245,0.3093188031777886,0.14514319219392308,0.21028362120574154,0.20711971819699793,0.2639387601662553,0.26521251385013683,0.2032680454014187,0.23604685154875646
0.2796580432798177,0.27865017631332306,0.14488581899739036,0.21371446626964322,0.20407037013363732,0.26612777826918105,0.2663951205316421,0.21027159007672036,0.25161393112440267
0.2830605493840685,0.3032487721628134,0.14451731276242197,0.20672436739541658,0.20602073947499597,0.2648768678757682,0.25690098565008346,0.2280674187079078,0.25650274758530967
0.25741024466583773,0.3219800863666024,0.14299608791966492,0.20311961501197714,0.20705632563294438,0.25800520204757166,0.2526452370989599,0.22217402608154557,0.22835051407189602
0.25061207416836795,0.3017892112244066,0.1443132065887901,0.20175291903919618,0.20701746822065534,0.2608315455631299,0.26819449539994544,0.22049254611571184,0.22167208606296998
0.2517256434564926,0.3161996045213067,0.14336329307188997,0.2099502743153152,0.2088214879951185,0.24703447541147475,0.265513236354659,0.21473028630190572,0.22106000081700705
0.26119961973191064,0.3212369494269351,0.14207613198072652,0.21721118781188536,0.20652636206444458,0.24004013340984826,0.2515845103245799,0.20610247875480436,0.24641443198184496
0.26337829659663314,0.30340575292925775,0.14467385767526245,0.21928585253614089,0.20366057690576378,0.24473301831072977,0.2537360620525104,0.22011144919357506,0.2530731555629453
0.258421515363697,0.2672177542692192,0.1421431312395895,0.2223242698085677,0.20136127460106598,0.23801382062587254,0.2614491522100903,0.2305665622338949,0.24571840150583862
0.2564210440838882,0.272500636738363,0.14061141153848364,0.2165803513999874,0.20320476173776222,0.24312500036387852,0.26271781417086276,0.21531223800152818,0.22953478183621936
0.21361727491194457,0.2786444793705297,0.13936060491122618,0.21607914359422617,0.2004356265629264,0.25973164247724634,0.2561212080779733,0.2136620050097735,0.23611985610037012
0.219713107376484,0.3028760747973938,0.14139963284734555,0.21506732670162101,0.19692817201786397,0.2546781644833054,0.25482822022277074,0.229433638873027,0.2449761639772329
0.24929972293065616,0.2950246191150561,0.14144988770617084,0.21039290620487947,0.20086355703985453,0.26121070249853146,0.26003103067418265,0.23412184449481357,0.23668779398126377
0.24871465552799668,0.31273522734170794,0.14288577871600147,0.2121436035651691,0.19854204120966826,0.25718892310008035,0.2670975076370525,0.22180626049202284,0.23779453039516485
0.24505711156619842,0.31163368777935485,0.14422049352563418,0.21500173289345104,0.19764356482176482,0.2578239373720842,0.2671186349688229,0.21962739571980347,0.249892742351333
0.2512792510103262,0.32094068077216686,0.14403419805907341,0.21854088928487533,0.1970832222263458,0.256042321934139,0.26871029683852915,0.22724451213675093,0.2291515960495762
0.23691228478753854,0.30732071239395037,0.14431721980610326,0.22154212058769537,0.1974664511719308,0.2554989002249285,0.2655626226675301,0.2294879979269307,0.2232382910710025
0.2469434460852073,0.3203879300999019,0.1430241400258116,0.21884223286480753,0.19268091010342975,0.2527168854836592,0.26058904594648746,0.21447619336262216,0.2316804497887084
0.24516572060976052,0.2735835207593795,0.1454681509860209,0.21483336726450836,0.1872105761084624,0.2628911892218617,0.2552932654635937,0.19477592063494933,0.22624993788091194
0.27130551179947804,0.23477785379768779,0.14235519771935437,0.2105832445111725,0.19356361611592102,0.24415820477277014,0.25901638689886175,0.19696239575210087,0.2279315112271039
0.2696892440269174,0.20002132958241722,0.13516487551887357,0.2145619610457128,0.19607606415113538,0.24523980356974476,0.2657627772535241,0.20842169586887016,0.24351909166491473
0.2411311038081244,0.19225083732279974,0.13296231591251814,0.2222041592240925,0.1879597074310677,0.2574189377040044,0.2783353012533159,0.22832545547617727,0.24617627923691507
0.24471840254752375,0.2085971837969009,0.14118456783265898,0.22737513313237281,0.17684944220066906,0.2574659865697042,0.27544975021433066,0.20930184495716164,0.25178754048901403
0.213818425120242,0.2837167386603376,0.1423854096098327,0.22077721950957085,0.17691392414214321,0.23827471809548428,0.27441421341186883,0.21543928685492303,0.2561321627219801
0.2238821693926513,0.26682177576286453,0.13623191586377503,0.2078149906321889,0.17910642228789134,0.2445720094188775,0.27730408420922453,0.22379286989655672,0.24752143069401722
0.2448279976200279,0.20020909509538978,0.13499835240710203,0.1963141914590825,0.183654466923253,0.2493192043322151,0.27461398090603584,0.22714965814894472,0.26262856829121745
0.23989073797474755,0.17545186565997903,0.13743426473024004,0.20064996232343457,0.18898684071077881,0.24664087804824789,0.2723337159883989,0.22101581148844424,0.24766529939095144
0.24731876767855318,0.1785345945903165,0.13738011268166417,0.20778236529787836,0.19900129130809488,0.2482748029058287,0.25682235845557133,0.2351468466842816,0.21212707425241778
0.23609319574141815,0.18645878333797267,0.13923522504900607,0.2124598847608713,0.20185487397299434,0.2516947333340578,0.25227993563286405,0.21187697459402982,0.20473587700983764
0.22337070706112766,0.22483049480481496,0.1410385535883072,0.22047756195526255,0.20233498101328024,0.25511692924886975,0.25282841160499475,0.19862049884983785,0.2130961778613344
0.24050258653024734,0.274195802591911,0.14265007947587746,0.22180098765589673,0.20082476347039918,0.26020980814427624,0.2598377600022059,0.2091560715309537,0.23279566107999952
0.24858574680753517,0.2946761879160819,0.1431498737318717,0.22190325668121644,0.20008695511151628,0.24762708772547715,0.25663588465502796,0.21920215124336778,0.22887585192766655
0.2693487013007709,0.2656903297494421,0.1430645473441477,0.22060869787654225,0.1948734815544263,0.2525140112400538,0.25302177210151156,0.21434776689836785,0.22837417217376818
0.28274741692636757,0.2561407608576179,0.14278134370314827,0.22195512610593646,0.19734271657345426,0.23564141417838663,0.2541131334301887,0.22538612274677572,0.21626234186309792
0.2542069536020859,0.26620853385741217,0.14231081197163561,0.2192986304993198,0.20020789873825168,0.23560053377118093,0.26829279341018986,0.21585979655035342,0.23989152679172515
0.27467541811341456,0.27029891898973263,0.1435498880877739,0.21608939845671907,0.19962817164064223,0.24125430410648294,0.2692318396953156,0.20870112019158527,0.24259804858530543
0.2751621392839106,0.2847357850632605,0.14374984517555492,0.22045896142462637,0.19908281213336546,0.2483199812176637,0.25342188283148964,0.19935937269214635,0.2458376365723912
0.24212202137737904,0.2996139136631285,0.14183197933623362,0.2170512713469662,0.19754683265673306,0.2506788044885589,0.2597838766063179,0.20137800651530133,0.25108146617210153
0.2666686010715962,0.3257129116948367,0.14222079677596375,0.21879346060237084,0.1930426563373665,0.2581225920411424,0.27002414562024496,0.21571154091137465,0.24680056057650432
0.2508558694855845,0.2814941146226267,0.14101193560814457,0.2204334769933982,0.1876320047753835,0.24966029814984092,0.27265953554657785,0.23499549323248817,0.22928715761103527
0.25819727708146756,0.2534781553235733,0.14137326967026614,0.21882753479926423,0.1834953386493964,0.25128768338036056,0.24761159797695073,0.22262122240426022,0.2231700342616842
0.27658012369004514,0.2237928739546254,0.14060448650614243,0.21769580558563723,0.1813192386492106,0.24665751941303438,0.22767061917021786,0.21957123820888694,0.24024294494606463
0.26338537047662,0.24039465791820452,0.13881472395044434,0.2187133026694149,0.18301465456849364,0.2408223680313434,0.22406726402614136,0.2249582887005088,0.23904304867714848
0.2506301411683619,0.2757013801732328,0.1388901733802747,0.22010326657530868,0.1833669952323851,0.24563061990265156,0.24079955958679697,0.21419661337601378,0.2504748404661482
0.2811069334743163,0.2914454207729423,0.14125070319608654,0.22165869314456307,0.19090168903558496,0.24509040989648428,0.2514838218273487,0.21425424397346315,0.2345717627043783
0.2721228913992838,0.2682745316639,0.14199703618898327,0.22306923880571172,0.1905166579415164,0.2520336884011723,0.24815286114830654,0.21895392835907654,0.22945113530607672
0.2764046290120541,0.26271137081110585,0.14331183245527093,0.2241566063809758,0.18992434212925005,0.2609293400673102,0.24369996681365455,0.21833575718636444,0.23249612894397598
0.2546714444443126,0.2976390660549985,0.14400861765307266,0.2209392922732124,0.18973767247491463,0.26553527154087236,0.2399868464938115,0.2204333869303946,0.24872203321144662
0.273466871276025,0.2959993396001294,0.14239230932605915,0.2251672757381839,0.19078848187099862,0.2671421624636118,0.2528790578282311,0.22119587575040953,0.2367968901111673
0.26793100478785176,0.30265872782846315,0.1400394840667456,0.22149452455321084,0.18901311798733675,0.2675423010247132,0.2538342546077127,0.2256671710753943,0.24078202061432336
0.2527155954179057,0.28343184129008614,0.14162974154050695,0.2272840631860977,0.18863232392502002,0.27003772674986753,0.24695739699890085,0.24394100970129912,0.2448709481114694
0.258562836289118,0.2854930816613524,0.14227165208734158,0.22422285398149283,0.18866701867341223,0.2651061598133478,0.2451550041734797,0.23013789965016676,0.23410649873134895
0.25975270307788895,0.2680374015639745,0.13856470624457043,0.2183299747283012,0.1838345697549004,0.26278177364275057,0.2508738654859247,0.22585966131103855,0.22783474308483606
0.25755676753469653,0.2733176697394678,0.13957654276997244,0.2139189424468395,0.18415009987655304,0.2605910944117738,0.2658346276511942,0.2328801733473373,0.2516006339765011
0.27922016395387195,0.2592070025426172,0.14231938380135836,0.21511704322629246,0.18821748234646135,0.2678282519385126,0.26317759313019673,0.23592270811122026,0.25496162650626353
0.240698682576679,0.23945215465154082,0.14082379943885157,0.2203407945333389,0.19448106399011955,0.26227718364012775,0.2320316398750892,0.2319061561565987,0.24182810567794505
0.2559906806084864,0.22339575918871218,0.14152496904623865,0.22032272292341287,0.19693325917903504,0.26212030160448463,0.21664635357300419,0.22020994783465855,0.24687008727943835
0.24360208923598167,0.2028181008779982,0.14003429538365647,0.22084642805679874,0.19819912151792246,0.25962946400272163,0.21948546589090773,0.22370584496833368,0.2415360714991755
0.2444534092858444,0.2078427814992526,0.13973327875367197,0.2104404340404921,0.1980338987342953,0.25703815453071477,0.23370635645643087,0.22622248072523932,0.25085691565746976
0.24196112762973537,0.23503135961070498,0.1394743473484243,0.2071297887014745,0.1979032477309671,0.2530584348872789,0.23698592543137292,0.21895792236145054,0.2431513695484507
0.2527898479078039,0.3001555583503335,0.14022988133693504,0.2183400491903791,0.19721656939611798,0.25393785916400213,0.24578161762697748,0.23986537349518913,0.2467416332525517
0.23610948005752486,0.3025376917390976,0.1415632030269181,0.22254490420962225,0.19780121465480485,0.24886278086362842,0.2535662952071984,0.221377429460007,0.23960958668248758
0.24286782042300048,0.29712727537789213,0.14067171718704025,0.2222054237318081,0.19604558379933673,0.2505911848548037,0.26224597847180364,0.2159741673705787,0.2548940982326204
0.22515155849567384,0.2663438056774444,0.13989295642664956,0.21752245285678895,0.1938366561170612,0.24561599628740385,0.24831585374031875,0.22460360222564202,0.2531874193318007
0.21804674511132932,0.26035965145085244,0.14125696787847314,0.22054194381482367,0.19395070220489613,0.24487955070750958,0.258530059777114,0.24327181641309006,0.23289438386195888
0.24789687561315277,0.26787862792172523,0.14126612368405533,0.21432381386133145,0.18957330731355448,0.23850908478048327,0.265302218073081,0.2183346927117452,0.23723234774047558
0.2577573833769872,0.27344865048005773,0.1394104027531785,0.2149339065701924,0.19156923321888383,0.23692066371010262,0.2651393322126774,0.1967724068569237,0.2516874297165833
0.2316480884220528,0.24286231034998054,0.1397882459874387,0.21429331777525112,0.1882526011868899,0.2386063043140582,0.2534013250117251,0.2041335246186376,0.24717874556658984
0.23209312569263052,0.22435085176381847,0.14011851607010284,0.21040053929696229,0.1900082345882013,0.24081335823865063,0.2648099451443751,0.2068584756568543,0.2426192124084865
0.22344679794511166,0.22996112914854172,0.13995040010505277,0.20991079951897948,0.1895880625562149,0.25445700415063066,0.26353136600707955,0.21588201158779696,0.23951927748085583
0.22730693143842312,0.23532068760609792,0.1408081462395108,0.21477193935588051,0.18787105230067114,0.243008984826158,0.2658111481055028,0.21212716801731885,0.22897159801881548
0.2106186620966253,0.2473493991301132,0.14190083556060834,0.21886581590071472,0.18770209268164859,0.2463343760881124,0.2608241366300559,0.23096217874295127,0.2283389011189719
0.22690827183329293,0.2863405945117032,0.14176124356179948,0.2196888043497234,0.18824688449927215,0.2489932116520379,0.26999605636475077,0.21383115790918453,0.24438840842708986
0.23819900857894463,0.3162957089589416,0.14110603185133425,0.2244509753469282,0.18866540778369886,0.24533601957175585,0.26714589810689343,0.20810925608898453,0.24591375618638567
0.2787023762754996,0.27539065786838385,0.14175720776331158,0.22201594102022576,0.18784164124264274,0.25447804009516123,0.26719039149509777,0.2153592258508557,0.23297847749353506
0.27063945483011875,0.2726151901501058,0.14302158673988538,0.21979264437620288,0.18647347319566296,0.26827160555988555,0.26250384926291936,0.22786017136447348,0.23759429272229887
0.24380969219198512,0.2187882265061449,0.14100944387101846,0.21716125599160566,0.1869492979048048,0.26436276737101616,0.2620444267404598,0.20881281917144104,0.24765949763112755
0.2442189710093177,0.19330406731705183,0.14176205009739146,0.2195142291061801,0.18748455669564074,0.2592075890279966,0.2648952865213155,0.20323088956985624,0.24317673793076836
0.25001432316316535,0.1802257194158277,0.14259770957836035,0.21795001624596805,0.18751687339498802,0.2555061848776819,0.26405834662184513,0.20989160684114963,0.23870212306207375
0.23833539561444916,0.1963482893404192,0.14187511555228116,0.2241583389980214,0.19113870557867713,0.2525057329470973,0.2572999936840701,0.23178017899653489,0.24000932694515406
0.23745843613571843,0.24131359046583248,0.14173730946727464,0.22335386934983462,0.18781379119117242,0.24596207098662548,0.25973567581097473,0.23528357218159107,0.2482885078452105
0.2626155743874979,0.2097456311829631,0.14154315440122292,0.22649624787639194,0.18940331271040692,0.26078086005213713,0.26223144300224527,0.23896910814392128,0.24348812414462276
0.24257244325477859,0.19112531121400594,0.14140165155170217,0.22439048536787545,0.19087107364137848,0.25988829227853205,0.26231933504313726,0.22980642356490374,0.2569529619418317
0.26233020262386747,0.18673257370951998,0.14256076395116135,0.2234982960194355,0.19552801854816035,0.2664857907592577,0.2670088161155967,0.2167602294962975,0.2712098330035823
0.2672282400140819,0.20687014085000408,0.14072081788018742,0.22826715631027708,0.19530497984018041,0.2534914276153504,0.2643458152839478,0.22323598537770956,0.2500207132810176
0.2561034038153637,0.23833245328185218,0.14124229036581998,0.21632671481523474,0.19660373243214024,0.24722420875204146,0.25635831018600913,0.23548492389574907,0.2423538902581789
0.26931454145970607,0.30454419709163477,0.14017302427471173,0.1972359013318564,0.19659790318849066,0.25825849841657506,0.24280332341958688,0.23889955757807846,0.24307417530192255
0.24610157359480894,0.280942400978557,0.14182493909654467,0.20181633175082614,0.19415087417486165,0.2391782342592079,0.2521891903526954,0.22209690980245891,0.22176052397598867
0.25600942997864673,0.2561691894652197,0.14111028752347402,0.2105634270465594,0.1956692228221668,0.24791470207482819,0.2597320935960277,0.22809121327927606,0.2232277152916692
0.2813755218132886,0.2613900294636848,0.14195671936445908,0.18944996647186235,0.19638249353626647,0.24857186625821504,0.2646921999067164,0.23914610335126818,0.23414005564894383
0.26795916170448486,0.3164055141860812,0.1414762486137103,0.18244915134378006,0.1972827016566708,0.24132982696814506,0.2682320555235382,0.23456550954499705,0.2655265368597136
0.2676765830712782,0.28179647843576167,0.14014528067336166,0.1877313666653648,0.19526761904834283,0.24456852676520727,0.2626284922488784,0.23718168196496286,0.2512025853675995
0.26499212347708584,0.24656156484086952,0.1385480693258647,0.19934367069426884,0.19552415387464406,0.23588814897618132,0.2445003155692503,0.23099022776936567,0.2498653499622744
0.2560253764316628,0.2220798007851598,0.13860973177593566,0.2063664285946636,0.19416199570775833,0.24521567589364063,0.24363084556782916,0.22736481044579399,0.2588703853390479
0.27152642835949736,0.22873577621941144,0.1400315350509854,0.20651449642443612,0.19285090314585385,0.2469917569444162,0.24971122611381968,0.21226319603977592,0.23219029993146748
0.2586952069565579,0.2616741828270031,0.14194399080510092,0.21303662687450503,0.19047625664589843,0.24531370641309114,0.2555264554797703,0.21008322828965684,0.22911565006773832
0.2586997516377774,0.2852520898977253,0.14310762701049465,0.217338953204968,0.1913506301432411,0.24185818966768557,0.257186850035868,0.22367225705816351,0.2431237604748104
0.2702554192906927,0.282853192759325,0.1390667645883953,0.21374837771250196,0.19169858106274326,0.2508342548007812,0.2556533318364746,0.22233394559549882,0.24097823647854835
0.2545098490280518,0.24979485939083598,0.13875405302214963,0.21230996869673674,0.19016651096728363,0.23632815427979867,0.2641824380097056,0.2140017788779048,0.22806480091115816
0.23599420275956068,0.22934617724155895,0.13845874687649248,0.2166978062108774,0.18558046168725864,0.24582673027438035,0.27515167529576234,0.21531244799864513,0.24368614703264788
0.25754670512466066,0.25963768967089945,0.13799103872038937,0.2128617887745428,0.17881604037616428,0.24746122673155813,0.2703899033100458,0.23878405501679123,0.24591091160220574
0.24515133046216267,0.2879096740847785,0.14188348993636898,0.2140940431870562,0.182605918616431,0.2501712899152289,0.2729507902824417,0.22422489149341668,0.24307964509164465
0.27005170537877227,0.33077227595879766,0.1426489879279552,0.22052316747829237,0.18388825312866358,0.25497691078792595,0.2747990604534655,0.20760793203053138,0.2575641724723972
0.2674644220469386,0.31050858360817746,0.14036166046474247,0.2165680571552548,0.1866483066458132,0.2613746121920216,0.2665273064188965,0.2198138192465751,0.2450464615762183
0.28547459546544757,0.2616621757649586,0.14093180291122098,0.207269807968842,0.1887712682753377,0.26155394761090933,0.25413328326889395,0.24375934704621252,0.2543200081447687
0.25464882978839076,0.225264857062054,0.13845830829646294,0.20594011659983527,0.1922041221567679,0.26518645723965234,0.2565330967144565,0.23093441830429937,0.23727116374409624
0.27612980335336096,0.21668572385823495,0.14017581489289005,0.21087896976757647,0.19112845992227565,0.26657869358911973,0.2712660454422117,0.23379677162007692,0.2259577148362512
0.2743884250083934,0.22670821896598659,0.14184271874699017,0.21766266830898734,0.18927307913536381,0.2668802909878995,0.25433019341513297,0.24188410265153026,0.22951742010472634
0.26073099237690206,0.2521035833971765,0.14199374456212296,0.2215578420687617,0.19129117761204595,0.26239828125485204,0.24537178823049932,0.23725337008384204,0.24744008702065046
0.25609865265195164,0.275669452679999,0.14406786082214848,0.22142844911770623,0.1925916630587108,0.27084904598928566,0.2549300632113453,0.21972861818806003,0.26016457310349617
0.26182111682427417,0.29568552901555756,0.14495201217451684,0.2198601096151829,0.19703588600461275,0.2660472618453503,0.27002315844464475,0.2093498652798938,0.25286968551054995
0.27292119599431275,0.29583588560159063,0.1429484413669882,0.2259804059222715,0.19637424305911036,0.26331930933295633,0.2628927390445368,0.22449383209313045,0.27359275458396753
0.2704316557392678,0.31588578710907367,0.1431901628465883,0.22344228486924472,0.1997638810952476,0.2666502087033228,0.2500688519522565,0.23558926635200356,0.2503158619571734
0.25169552293710884,0.2954119304807274,0.14414946221896868,0.2160662832217936,0.19893769977791126,0.26186017514908805,0.24984170787913287,0.23969071718708337,0.2540138979670758
0.2669060497877956,0.2979623399567426,0.1409981056726062,0.20900998695897782,0.20056879584902243,0.26184750509366483,0.2531075489689353,0.22930828807863024,0.25117638126058983
0.24549766188303676,0.26883458660491855,0.1415432879945035,0.20669105677723185,0.19984020268615182,0.25740397429320555,0.2488425756858487,0.23633976681938934,0.25148936214958795
0.2657201956073746,0.2497067762133693,0.14192610072448358,0.21040440700298033,0.19729358820499832,0.2524323793252657,0.2426501482172627,0.22311154934583927,0.2381683287595597
0.25522576004660397,0.2464060224818511,0.14177857387767934,0.2099351445300515,0.19747857897796994,0.2507020280677501,0.252418987040119,0.19990162683350782,0.24682036115154382
0.26720836244612844,0.24503620544384896,0.1418301103134325,0.2132857778270586,0.19767732766808155,0.24054107595131663,0.2678382077072025,0.19726036951744816,0.25919504362952267
0.22822659934682155,0.25053080974710984,0.14168759379550294,0.21458850356985132,0.19713948366180545,0.2515022300318598,0.26094284023961756,0.21315402306454875,0.2513637538619652
0.19045705811499108,0.25933657027046453,0.14272034707962164,0.2158006181371406,0.19615109367764516,0.24303511252529536,0.25307010591812673,0.22204114948387066,0.22659096215048297
0.18483518469267674,0.2800277041269826,0.14081708707426915,0.21582416544280325,0.19634871789828964,0.24184242207521703,0.25073999673502634,0.21510265523132432,0.23525280004439283
0.19417916079810088,0.3169190827735824,0.14236058496054413,0.21616017424079234,0.1936636614869636,0.24529007701700237,0.2666814856122557,0.23300312771175274,0.25616199710372456
0.21974979217095336,0.28249297757458236,0.14224096394795255,0.21636342584208218,0.19190863403968317,0.2519982536325968,0.2582990501394578,0.23739092855430194,0.24729722716984281
0.1828034051875847,0.27590679600367807,0.14307608099694177,0.21342398534025084,0.19074936400520726,0.2429141876225636,0.2698514993061006,0.23020516357620455,0.24155699940407876
0.1692380317722639,0.2334271866677188,0.1409709163408371,0.21228849451641207,0.189815669638272,0.24982574562050092,0.2776298125842714,0.22292047666422898,0.23187519169028648
0.16788909079353156,0.23828847353593824,0.14287981926698007,0.21023458325359742,0.18932093449107434,0.24101348540350764,0.26189961371464404,0.22417480138371945,0.21618108733206237
0.18912748511367847,0.26930916729397597,0.14201056001724977,0.21219314988401675,0.19018591022378606,0.23923867467842796,0.2532607600468383,0.21483183534701397,0.21752732108911127
0.21126008900375565,0.2426160563019833,0.14233522589969136,0.21545406323251523,0.1870192823490525,0.2443395434491344,0.2607028505777409,0.2088485546365413,0.22070788690783452
0.22270231150617892,0.2137445094280761,0.14232918708925452,0.21808670349353929,0.1900544330514055,0.23786794809758433,0.2682872661462957,0.19971862599650533,0.22085527265092458
0.23189176718197718,0.21352136569457428,0.14260547495927467,0.2190394757462734,0.19216153030996055,0.24887074311505997,0.2631466221446339,0.19930970483679186,0.22934468557757393
0.2521635659300437,0.21340372767338323,0.14372420732247163,0.2248880282752693,0.19150337164700967,0.24939946102949195,0.2682174512154361,0.20977500515266467,0.23749886044563986
0.2524032720865655,0.21880130603043968,0.14253228271054053,0.22322289349184762,0.18874978576696405,0.267515188967491,0.26409814619568683,0.22913649766758382,0.22841193065536877
0.2572562743035395,0.24811072640495416,0.14410016793416977,0.22366103755455283,0.19046254416743152,0.27155279007322647,0.2602216185922043,0.22208394222977268,0.22328086012124534
0.2362536516049365,0.2742614982853723,0.14178499728234845,0.22245324306895908,0.19050136300430065,0.2468556092794438,0.26375261380680826,0.20810923232562953,0.2305528247378539
0.22975353175744845,0.28909075899910763,0.1425396003117613,0.22370251663508914,0.18854362046075243,0.24581874379332977,0.25658656427814025,0.18819667326115946,0.23979412209035533
0.21599671546645247,0.27348790778573934,0.1424990125709493,0.22107735826924185,0.18942549549414484,0.2310438840154741,0.25035132245518055,0.18931967895486065,0.23355204135536928
0.22845235908972808,0.29566626041161614,0.1422411496096583,0.21805487664869586,0.18875776925618565,0.2357902840953321,0.2534142579346969,0.19370956349425744,0.23662225776909532
0.2554580789510446,0.31617117710303255,0.14070691845936112,0.22123486432077125,0.19387814821833863,0.24500202086743914,0.26189251561472376,0.20696974139407057,0.2468622002882608
0.28576657333694194,0.28754923643263,0.14221123505474864,0.22226856944011125,0.19807600870803083,0.2540916322912568,0.26598480263893204,0.20553815218001598,0.2623834864060235
0.2721768807425719,0.29328277161234834,0.14170986558160073,0.22163870386754103,0.1988831598559415,0.26229992350344306,0.26190639154906786,0.2059175488037359,0.23747513772970738
0.26345106293821485,0.2778311293256874,0.14124844191761135,0.22293792612477623,0.19551356178198337,0.2560561864632209,0.2677449558110681,0.2153694783031571,0.2325151760306843
0.23534295598863667,0.2927138915918178,0.1434209456856681,0.22353527990265387,0.1994411295633579,0.25482722970826405,0.24669048634600516,0.2155369679477255,0.2445764046895084
0.24179699906647945,0.31058491368660435,0.14128221863226723,0.2190838716816771,0.1986792292460269,0.2450094945566003,0.2316290017788166,0.21208723697420775,0.2434497816282115
0.24155821441829706,0.31507724282740546,0.1416373052590586,0.21956420411844016,0.20064801125025772,0.2383274939818504,0.2176637193480564,0.22934998472027876,0.2485728474241955
0.2580124887683537,0.3253979778529914,0.14114435965014235,0.21821037362371146,0.19752804764180512,0.2546001441292535,0.2157696095017211,0.2062633566807294,0.25014776595102284
0.2601057990753783,0.3420062749392518,0.14126709918200434,0.21541162862233904,0.19430782784890452,0.2433195594858036,0.212792729050508,0.20351384621057367,0.25903703446057197
0.27514503203839175,0.30346494328695456,0.1405885471358474,0.2130260218198454,0.1911849761070469,0.25470737265455273,0.2303601772790344,0.21036907923838316,0.24848118537260044
0.26186623938875764,0.29253515200277636,0.14025423950343208,0.2127474652047025,0.19271811692665144,0.24520290765607436,0.2458406395777089,0.22079765230687157,0.24465197992676957
0.264051736613029,0.2685476691128052,0.14110562006520685,0.21097915617614516,0.1940497448593142,0.2408040232684136,0.2389288887017568,0.22243231830284252,0.23131224225638236
0.22829014935552103,0.28080210496833985,0.13863244017450466,0.21380472197590025,0.1880405298189919,0.24521936736226738,0.22798757354757315,0.20883915463996497,0.23814120721596987
0.22715114415817114,0.2523360827403262,0.13518873002258422,0.21227616198642796,0.1815074369415874,0.24354503908858502,0.22963682415191636,0.20981472023327755,0.23941091834467865
0.22532793328227693,0.24780712406276953,0.13453428805555875,0.21102134326928165,0.17711616849962902,0.23199965059168637,0.23831973001291523,0.2270365074307642,0.2338308786570997
0.23840325674313673,0.2612396640129697,0.13967723022841574,0.21212121754651805,0.18184004632745232,0.24211094182198786,0.2572500052407478,0.21024702930673309,0.2290603101107494
0.2608970636431626,0.26630562423470905,0.14038251523712214,0.21219855402498816,0.18661868510995522,0.24380472775119374,0.27382835839263947,0.20758290699281687,0.24343408354188462
0.2677151084767383,0.26345236038366676,0.13820435829740632,0.21438889973521555,0.18792075361245736,0.24898713612932713,0.25814741732726587,0.20978917055329158,0.24642260825749293
0.2205261273830142,0.28533343266254274,0.13640481943342594,0.20388983902321164,0.18491621408742392,0.2545731321839134,0.24603971735078842,0.20537932528617092,0.2367960860223568
0.2382171466783436,0.2784193175092395,0.1352048964030095,0.20040486438348015,0.18194432154363266,0.24671954421489373,0.25128895968836695,0.20055693579987915,0.22061545771008617
0.2538251110273031,0.2727399803415265,0.13645410345203807,0.2024643051233703,0.18835106680832234,0.2588164553930964,0.24139625462846995,0.20837940011710457,0.2369086724450871
0.28163694423698776,0.2609593016872346,0.14050550805374137,0.21863836031657977,0.1886246434281142,0.26250084162436726,0.22593644426749937,0.21881165559395224,0.23601938487376214
0.24195296652355347,0.28969779290809095,0.14102649796768152,0.22311654006810164,0.19021861556519798,0.2667903821124099,0.21506087740464094,0.23620049845960714,0.22598342660597182
0.23255700390471026,0.26570705958623225,0.14089122611772967,0.22272870827085808,0.18461788721567526,0.2654609657502639,0.22550133367290287,0.23928515455786858,0.2411946111686384
0.24047700519966736,0.22394528256238855,0.13977810629664594,0.20959527662985844,0.18701673139563443,0.2620819947839606,0.23969763641801828,0.23404287870971488,0.256348732576464
0.23858540360710986,0.21259675613942483,0.13775775747568428,0.20340757457350864,0.18155754918832392,0.26385084367419515,0.24986580466919445,0.24780603914247407,0.2421411422162736
0.2579961674125544,0.25506827570226326,0.13741269448311252,0.20768957364523213,0.18423111926356558,0.26711202619162094,0.2549176692534417,0.2443433510906795,0.2540737352265686
0.2632218470193986,0.28813482160425036,0.1394280960397352,0.21407314309359832,0.18732338205625473,0.2667660866800018,0.24886589852773883,0.2186386878846868,0.24270111836422267
0.2434891673161388,0.2426118718927026,0.1391283590642066,0.22179480917393873,0.1938776784621764,0.2679241423069653,0.2519040733905606,0.20878244150351175,0.2316151398226662
0.26364757095619895,0.21456905441273513,0.1401098460758453,0.21763819834245554,0.1975435233362463,0.2680310781164558,0.24906702962645866,0.22951855085733472,0.23014701185054323
0.24913419646366963,0.23844851489025096,0.14002844061428651,0.2210345347754641,0.19720037646340413,0.2620234348657714,0.24628387351160264,0.23161998567065947,0.23421029269494156
0.2422845009420271,0.2618083432472513,0.13901021485949247,0.2228708160019528,0.19848400255724352,0.26052413812342257,0.23949673447574588,0.2229083043260765,0.2609953439921729
0.24728670828277094,0.23562203636947357,0.13825496209982865,0.223090905051192,0.1990562312841528,0.25342517180220275,0.2413034585015573,0.23036265436135883,0.2532213150257343
0.23595165295360074,0.21876205222387782,0.13815537762271274,0.2224082639679598,0.19868657528719683,0.2555532895031476,0.23545028042859031,0.23545290737110414,0.2699791565861249
0.24696407188855926,0.2129184966902014,0.14030593763883523,0.21988576554980202,0.19967226388816353,0.2505268936773169,0.23700160353220762,0.2351414180220706,0.24972507297827165
0.2811418412014836,0.22463289585745239,0.1396311504976866,0.21557255583749355,0.19764096722251268,0.2513842301176417,0.24231608140157052,0.2295544090463283,0.25077691977052535
0.25520096110237744,0.26149652334843854,0.14102122174797738,0.21485722983451283,0.1963207787942812,0.2501831581742776,0.2563173406051338,0.21632664882672964,0.24048578049870023
0.2522912044528389,0.3099407333230576,0.13946191545848122,0.21271446354582435,0.19733505427632622,0.25175047778464404,0.26508049574027037,0.22191681207695432,0.23375581592087127
0.24216095852701403,0.24720255209206315,0.13869932866471338,0.21241003206319348,0.19772406916870827,0.25107774541232847,0.26102772291208676,0.22834106646410493,0.23655464915128938
0.22739423068152895,0.20504848449224258,0.1382239694534916,0.2123512342537412,0.1962996779569399,0.24594298842165468,0.256041091634067,0.23034330074063142,0.25066898169310076
0.2651605648182823,0.1968030262338226,0.13738590791151994,0.20925548420045811,0.19495950081101648,0.24516839698593243,0.25590869853713893,0.21409571578442133,0.24318057402524704
0.2541956567207684,0.20466935094675787,0.1389169775470864,0.2096410669566429,0.1925740176468228,0.24684696837189127,0.2661513995028236,0.20601436820216487,0.22855020939851745
0.26757668131304874,0.2490754735997322,0.1389881935230882,0.20949912771193058,0.1941260306755094,0.24815100155048994,0.2712542022298758,0.21473422029688477,0.22645916480114323
0.2650155592378473,0.28367319647768385,0.1383775643888751,0.20851627255272984,0.19190432496753695,0.24258204500392483,0.26958765625299264,0.21746202991043417,0.23051255472564444
0.25645340034878567,0.3011178881654013,0.13871718877656006,0.21002379460418372,0.19143490049895243,0.2461387289719325,0.274580418551754,0.21714200792924254,0.2497431357441698
0.26726462199808265,0.3051772792741591,0.14050313863298441,0.21273757102457863,0.18941191929221252,0.24471967438581776,0.26964224581433754,0.2177959667212446,0.23521008312343972
0.26132964173105083,0.305249670144313,0.13937732580608028,0.21255715814312987,0.19072610065502216,0.24911566091186818,0.2656909920098882,0.23621825021775877,0.22400558762508774
0.2638898178739894,0.29188594440457766,0.1406511454227766,0.21952957181897245,0.19182415967186603,0.24932342699350782,0.26837868998164827,0.22613086846867628,0.2440771961244361
0.27669738349955963,0.23716917931647102,0.1399518348276239,0.21441077405785583,0.19336770404709835,0.25581369338672383,0.26776697983685577,0.22149753243837567,0.26916167808375213
0.25206719118487275,0.20899924054769772,0.1411712665488621,0.22145772168991487,0.1931565696755409,0.2613821673621338,0.2561776762091026,0.20082623799072738,0.24573097114908984
0.24982358716144298,0.21211014376389653,0.1408338296066624,0.22620466286251872,0.19137684683609166,0.26276278678020826,0.25843640138940965,0.18659929115732052,0.23442946043968466
0.24599479487825615,0.2306799149493557,0.14050989405605643,0.22654438670908528,0.1929486444904282,0.26177173053388414,0.2620325716899811,0.19848941592289943,0.24577864939899136
0.25958434974659156,0.2447347856470184,0.13968354000178662,0.2230505011501931,0.19331228279908194,0.2611448179787713,0.2656828505311994,0.2274379275900191,0.24857627547143937
0.2744128808517512,0.2743606973663588,0.14015856678995448,0.21515360296419542,0.1930809338906842,0.2639317984752031,0.2579351881028988,0.23647735394417235,0.25518086903717035
0.24587145614039266,0.28131026606143417,0.13966714521934387,0.22101182110021755,0.19409901161700327,0.26466375628990735,0.25321041677316697,0.21308937223746865,0.2522584771352292
0.2551109011067794,0.298130249100658,0.1394356230107674,0.22063175084970638,0.194971935864602,0.2700761693388258,0.2613140567353669,0.2000893284893006,0.25058249644971203
0.2644159155162169,0.2946729313441576,0.13988980061639741,0.22052911996232794,0.1998711371003971,0.27226306361600217,0.2697115324239383,0.21483813787291256,0.25428931451844544
0.2468268375225338,0.28268447320463413,0.13980549263046885,0.21918079343441077,0.20069205329449818,0.2702480944711438,0.2733609579962409,0.20782019940578259,0.26821724707489386
0.2562507050505616,0.25405447797915665,0.14046588238057311,0.2179298071310439,0.20086309325041696,0.265268732924026,0.2626888198578632,0.19811535265537494,0.27566716129962604
0.27397122402771357,0.23371857941266644,0.13949284012761565,0.21835029102482967,0.2008603995655677,0.26104915194591244,0.2537256471497995,0.19988997010177276,0.260053608794572
0.27893899808998507,0.20959611307548578,0.13889529245058893,0.22145779070271404,0.20144476467632713,0.2353223148331603,0.2582465674082345,0.20248572584559138,0.25617177729599877
0.2859361891870567,0.2207847641391246,0.13246168674508618,0.2199814483180626,0.20197745207233997,0.2290060554189095,0.2553068639006891,0.22805450957018858,0.25703122010968255
0.26476654118575477,0.24094546310803486,0.13178499235851762,0.21603395284092058,0.2000020200110541,0.2513874062418128,0.24692437406331588,0.2227536922370345,0.25012705555464604
0.25415459920610356,0.28851165266434875,0.13805653115201583,0.21428853554275493,0.19096160280636937,0.23975139585081684,0.24487883544386693,0.2117419867161946,0.25289885030875103
0.2392865438035731,0.2567042936493053,0.13840582853359182,0.20919870293330833,0.18803571692576307,0.21892985606400436,0.25526931586845075,0.22727751518701583,0.23178767369127146
0.21490421679286403,0.2407804140273798,0.13362701551183492,0.20249739296539565,0.19005094578189005,0.21748263027852496,0.25714714940413874,0.23457390658239508,0.23769376426504812
0.20790475052705656,0.2582123742881796,0.1312344695576322,0.20308853562055434,0.18971107821207606,0.2238682510015508,0.2591308015658577,0.23149055538085334,0.26691111103335724
0.21384823623645066,0.28769127207208284,0.13176382969095687,0.20558219314923884,0.19142357550571276,0.22805583330466836,0.256325783819274,0.22157080377772537,0.2469174801401199
0.200139120607045,0.263844853919667,0.13147818812761214,0.20803377164227743,0.19490754801927962,0.2427802342038255,0.26138015252656105,0.20958880269682648,0.23111045529599208
0.2176366562485652,0.26112614405778184,0.13522031005917343,0.21129237498877293,0.19718367433880038,0.24455285922517206,0.26756879999225697,0.20622320990212986,0.22815050307015258
0.2422380953747836,0.2705406060900245,0.13661925266018551,0.2146723134140915,0.19699223669031965,0.2470300552858141,0.2759292470752106,0.21688217217022548,0.23798481073643193
0.21372063809237749,0.23536944389769018,0.13810003488111314,0.2133564155635281,0.19626997342244834,0.242033297725833,0.2748100318437994,0.23211996563762835,0.23032587740984595
0.19020558730667658,0.21069734912274526,0.1377474739462495,0.2115491152898508,0.1943525517945254,0.24641748504808522,0.2595628292424219,0.21750558385856977,0.21625548627794475
0.18370646756038275,0.20715819715094755,0.1397022316474356,0.21195261935497137,0.19181677996508162,0.2442272620555144,0.26201829565845774,0.2010310376178311,0.23169519499059457
0.18453106266702884,0.21010477457731555,0.13950240747637116,0.2130932680395807,0.18996391055047593,0.24355647549917928,0.2684432259838649,0.19792589330412,0.24630975091716398
0.19066971555367457,0.25886043451531354,0.13759256566975714,0.2121127986025659,0.19181204365728857,0.23403899704993258,0.2739117600654592,0.19434150799607436,0.23078998550467827
0.21674512261619458,0.27921272625658433,0.13646228386230097,0.21195720159268802,0.19564226918476602,0.23031579708416552,0.2638297052201577,0.21647278218094634,0.24318940805785885
0.2590174589805422,0.2585977184738648,0.13934838634318286,0.217177628309018,0.19465912690713408,0.24071029053925003,0.2636453955780314,0.22690088410478018,0.2431441071710216
0.23652526077976452,0.2140060260194395,0.1405021650790373,0.21068569086196323,0.1920140457350205,0.2527805044992314,0.26128189808871427,0.22284963597935817,0.24013508153560956
0.23624930566142915,0.21482291713798166,0.13865500407770853,0.21265949443909207,0.191970703008987,0.24504319956674236,0.2615690362697766,0.21714022723790394,0.23937320060554024
0.24629596545982213,0.23045746415869875,0.13853957568640562,0.21457803904485173,0.1932014877941541,0.23309902796867296,0.25800417644410434,0.22798825474547696,0.23227539862051033
0.2361300746061241,0.22834121149820308,0.13692886722449266,0.21982665351458697,0.19247880734643216,0.23516035554767617,0.25502458512125736,0.2279233329642084,0.2486044175117444
0.25038484770313446,0.2433277352601835,0.13898139918928026,0.22279289016845674,0.19158197615499603,0.23954205072668103,0.24735134263188915,0.22725235716762007,0.260979169690737
0.27792818894933724,0.22215602935711656,0.1365433115466002,0.2202782813249152,0.1922904512696337,0.2507681707161767,0.25031484012841154,0.22613707565792934,0.264717801923082
0.27524079502152454,0.22085867430329953,0.13692893698310285,0.21622260020782688,0.19685631942970772,0.25714353860999206,0.2615560839167241,0.21318272815783224,0.2635437055180563
0.28207444933291925,0.22757364225424556,0.13475920712422879,0.20662502286084228,0.19964275972457485,0.2571234802293128,0.26333279081254835,0.22099081517846675,0.24990620224057797
0.2701269029317808,0.26071326465363037,0.1371546382160382,0.20955079565576484,0.20115750262788795,0.2432409766880918,0.24582692461699343,0.2287168268518881,0.24513101561085993
0.2512573086089205,0.2537546105702573,0.13798553380204603,0.21099711365057247,0.20099538997058733,0.2421815102990536,0.24875748721419733,0.2329711975019565,0.22640709170994028
0.24572032607643363,0.21309911470677087,0.13917951682433147,0.2160248194366764,0.20395698578225427,0.24231688016074182,0.26036785747956703,0.22618379701131003,0.2436839109048462
0.24983235750398816,0.18615356765124103,0.13717730180049786,0.2123494500452997,0.20296199934009818,0.24696412510293048,0.25024425276602197,0.22892569902738238,0.254867788415674
0.27878590802585507,0.18145677406635616,0.13750286991188124,0.20593565638997777,0.1993767474610776,0.2497397472995605,0.24478595447245102,0.23343511570774028,0.25143652940019273
0.261607007850941,0.2088507954793698,0.13737928538296915,0.20288149000091193,0.19761285404196086,0.2493261762224296,0.2543873756555684,0.20768375365056554,0.23632972483552064
0.2316616914170522,0.22094093212677973,0.13739856163352387,0.20665785386914448,0.19324153144086678,0.24069816218249054,0.25573435671840467,0.19943417046311387,0.25908231134099335
0.21936946459135556,0.2144747918408336,0.13705552408373384,0.20842197971804913,0.19489068684074107,0.23655059645098256,0.22751310500109184,0.21003360486383704,0.25952310074785534
0.2306255540736902,0.20487639728604554,0.13748497981352434,0.20482057199867804,0.19653038037940657,0.24457307242598755,0.21933628576538622,0.23181684381115067,0.24791026427462737
0.2431060707110267,0.21655411684682896,0.13591301288313612,0.20091565239587256,0.19754399819927482,0.23736682117077604,0.25239326152387004,0.229257861051884,0.2393294100032968
0.2614214297986154,0.20182065905902594,0.1362509163405137,0.2001735562290338,0.19816768525105993,0.2526714351084387,0.25170311821406016,0.2304164238263055,0.21975616920322005
0.25390679879885675,0.19963210776892343,0.13755530158645277,0.20136764781185074,0.19860790809991294,0.24154127708920828,0.22976048878196836,0.22689824652126198,0.23066319346051217
0.22177350803222287,0.20396667939901866,0.1381024254416872,0.20337527761955146,0.1968048469853385,0.24452063903940555,0.21258224978750007,0.23714184512937458,0.2395099004255602
0.2293720476148047,0.22597305103987908,0.1382725859013689,0.20492405139325787,0.1933390987308283,0.2504777764446521,0.2150099278715994,0.2153483258656976,0.23158962351036474
0.2246235555441485,0.23301149417746486,0.1377099811044697,0.20795879723479466,0.19349718697515148,0.24793890929004078,0.21554144752912455,0.19363945248013212,0.23128603693623465
0.2437842180646454,0.2007148835036199,0.13865826380231125,0.20996785848100302,0.19192549183718433,0.251150734387626,0.23132560881104097,0.18876445844972703,0.23389333450393013
0.23989306929254528,0.18383153233544064,0.13792850775302387,0.2116751604282858,0.19055400887458077,0.24883586585475725,0.24574887791346545,0.19539086321143,0.2530897467639495
0.26074565735660377,0.18841008966516987,0.13926838225425234,0.21306337714244677,0.18952840860094053,0.25257604438236836,0.25363202515857197,0.20017232537575635,0.23654541896194098
0.24367622973313174,0.20191024176768085,0.13693319312181704,0.21903893286594917,0.19476385828634518,0.25483397023501264,0.2585234300620745,0.20085331376995316,0.23797528965968814
0.2700521527471023,0.20766029564997424,0.13831159377183616,0.2196096063950481,0.19352412217964512,0.26107583401580936,0.25989991689331704,0.20684852836104078,0.23457283270211696
0.26500630395129293,0.22844652971389756,0.13855961283305546,0.22359607391664368,0.1923411994416476,0.2631612259832134,0.2671160190810713,0.20777238908902687,0.2556580256478831
0.2562966059048042,0.18195731219639194,0.139750985406571,0.22201558226079826,0.1926482263342972,0.2611981851816998,0.25645657364866004,0.19596858558053534,0.24093287062356164
0.24974394008306552,0.15818413553298993,0.13921870369118006,0.22559297136414366,0.19200287672385244,0.26452685936921716,0.25819028915433573,0.19786938617469652,0.2269755767946306
0.25851292171311324,0.14221426771551057,0.13847968917801387,0.2270130865286239,0.1920375102955663,0.2682583825695235,0.2570904911517493,0.20356953929256788,0.24042952667323392
0.2589790848010937,0.1403447990476685,0.13866107191369093,0.22393477068474754,0.18817776128935915,0.2721794649697256,0.24814786879944478,0.22219027588173607,0.25141358401737013
0.26114896365242524,0.14191168585373068,0.13795573436823022,0.2235670225151919,0.19232398309773166,0.2733463062118767,0.24056288009585836,0.22555834732002508,0.25162714443784706
0.24946508983953014,0.16996445635382687,0.1384761246109232,0.2240877790943726,0.19738232503277672,0.27640068740181895,0.24926316806392468,0.23109649029052767,0.26150817695208506
0.27297724088114106,0.25554964409133796,0.13833669431825352,0.21660222300368442,0.2018630811937502,0.27449769716225875,0.2395350104144277,0.22498960466101667,0.2525426602735409
0.24060340418460258,0.2079205685986395,0.13898103310525636,0.21299470248381366,0.19883009134011012,0.26811834509215093,0.23441783359153806,0.2158926371708073,0.2508626708972293
0.2542119605632196,0.16041044561533624,0.13715067593121075,0.20802171471564448,0.19826101397062795,0.26335954081815827,0.24311794527530872,0.2083421360838702,0.2411108071027883
0.2394483362476283,0.14679615712986427,0.1364684293049103,0.20804255370577565,0.20054482246853225,0.2586450585071128,0.26253965112044975,0.19417593668223213,0.24436729389488143
0.23658441625792703,0.1531612808685924,0.13668804146021446,0.20883095436695806,0.2020247928510729,0.25188052248395054,0.25896352266114125,0.20128299278841327,0.2359952420399095
0.22550388102522154,0.17171903640708802,0.1349599555881783,0.21252350558450778,0.19685364358521765,0.25697314072220806,0.25486146164522705,0.2170597985316036,0.2488205191923004
0.2606529263385082,0.19156252911163932,0.13712243430571855,0.21633000153883641,0.1885730453531741,0.25670548170126944,0.250046870614003,0.2221060108816132,0.24364171066305976
0.25218580772788246,0.1852354504895774,0.1354950729995893,0.21713060313821897,0.1821975900918181,0.2514971775413703,0.24272763896651708,0.21761750435943147,0.24668025504461452
0.2305742963087779,0.17658889698004435,0.13691303122134532,0.21621801301857602,0.18839832274874074,0.24754328826796182,0.2510657305161306,0.22063122210091485,0.24767536642584115
0.25363647681891904,0.1743259414945606,0.13388257263326192,0.21576772748698822,0.19398280579676067,0.2564879120176982,0.26120923736138535,0.23224719510436576,0.26912353463788957
0.24173078052360983,0.1980745395210239,0.13695678075928538,0.2141216961298195,0.20037868750558235,0.24584068553764077,0.2662956298127976,0.2193385404569234,0.2520011818493557
0.25401772281599133,0.2388851863822338,0.13525866473815878,0.2059296506047765,0.1997577066918437,0.2368696521814674,0.2710385917415827,0.21396188044436137,0.24516226390178425
0.261021429830037,0.2764988272338622,0.1353856707354316,0.2058056673691345,0.1995830417334364,0.24370649513259274,0.2707953975092452,0.2023997336780331,0.2602435573146512
0.2448087296349656,0.249423522200639,0.13443626815667026,0.1976292361541188,0.200131301640223,0.2286976253491181,0.27553617702881916,0.20335561843226083,0.2561652369428423
0.25999900146927546,0.26513888171951866,0.13669258065777523,0.19508103676015878,0.19509423352128874,0.23768898614860196,0.27015268058680525,0.20731671342304492,0.2554965427787354
0.2481487550849889,0.3262477450529104,0.13612484334846686,0.2017501988475825,0.19406379550891958,0.24047198683113566,0.25685947928640784,0.19516907913586776,0.25019868521636907
0.23580620958055196,0.2767996774070239,0.13711167807843047,0.21453576162836802,0.19121765543450026,0.253103254805454,0.25134323594294355,0.19388855468259422,0.24757377274938433
0.25440613872562123,0.2713539283659986,0.13703238885794505,0.20570106499376195,0.19154444730706613,0.25348113161408264,0.2538028321809826,0.1934969177713856,0.23829486203654318
0.2734449712882601,0.23803364320696838,0.13892600302460845,0.2028875912358374,0.1933079221183337,0.23598105750711723,0.25249630492616887,0.225691910612999,0.23348743770816224
0.2559479836002254,0.22848944356294626,0.13813982776495473,0.20663742078000613,0.19435568573400724,0.22777896487043614,0.24219782263387893,0.22175358318671248,0.25124184154128887
0.24969345595369896,0.23840080328971264,0.13754394822576121,0.20450255910411136,0.19433137124686198,0.2271299848095796,0.2293448026726747,0.22676195188020987,0.25665118549037047
0.2684821354121268,0.27684425945342733,0.13721444006320124,0.20939648604591596,0.19243841875878992,0.23892574300820557,0.23166485287723587,0.25152062163233485,0.2474817513214669
0.27118874825549555,0.27271601779935806,0.13717965080444441,0.20580041308956787,0.19409641752042,0.25692003644265243,0.23263336410519644,0.24199306791354594,0.24265942361882556
0.24134259024231852,0.2326458061159528,0.13611779340151134,0.2071368742093836,0.19310799956001537,0.2570039624445117,0.23815961577107078,0.23680163749035446,0.2565835849927216
0.2083118977348184,0.21767734899943933,0.13644387157133703,0.21228263379531798,0.19625470225239333,0.27006238889684764,0.24220758342693058,0.22547157912120314,0.24519620566958744
0.1819966401181142,0.21249561804617653,0.13675201030887588,0.21608252598178052,0.1911063434366966,0.26563314525245124,0.2426640637305552,0.23668297938840957,0.25228289029714623
0.18920480285361055,0.24215125315683805,0.13601627345674291,0.22457503005818077,0.19701327884883538,0.258655653587425,0.24820557571442342,0.24261745799948814,0.24845732186088654
0.21968395339047606,0.244165367975188,0.13742651528556632,0.22408058003782957,0.1951640123163479,0.2581105858752842,0.25710448290568755,0.2146846061657842,0.21666760856711195
0.21023459055938823,0.21476766317290163,0.13717347381244638,0.21749504527555738,0.20144404085402234,0.2584899585684124,0.2610421344352669,0.20555904687798124,0.2261651979823856
0.19631162670325666,0.18714656030948493,0.1383795430229846,0.21419935950467894,0.20199220443448443,0.2734328509658912,0.2575441244752373,0.22214209274197322,0.2381041377926875
0.19639086766135497,0.18225350363812112,0.13793758309342263,0.2198313464244881,0.20211075648594817,0.269924091557792,0.2614077003176312,0.22138892621313194,0.2507875474374346
0.21858716136265646,0.20235428509946468,0.13725273672269342,0.22110722813461212,0.20105348517198254,0.27198630818392944,0.2554156196131268,0.2122076307982301,0.2566334229978345
0.25220639150943863,0.2603308977128075,0.1370217768047643,0.21981996327093117,0.2035191322630273,0.2611743798791564,0.2398290980905671,0.21862222874250012,0.25211064474522105
0.26219060965958385,0.2616608825631608,0.13689746964284538,0.218885577546694,0.20238812032317502,0.25804916583637144,0.2323514640919176,0.23548284043751208,0.24459640937166002
0.2637443836105545,0.20930442621165843,0.13724367868967097,0.21438666133793471,0.20173600540388092,0.2543960507151517,0.2325135160833808,0.23378820909657433,0.2389678989421082
0.2662696738737828,0.22327893644240523,0.1358026885805414,0.21706037478716386,0.19938989999956436,0.251117438194307,0.23068648669175792,0.23898380026836005,0.2702624994786976
0.24307708796918487,0.2544805474303213,0.1365384279165315,0.2170213360054457,0.19998712802321977,0.25389329875697153,0.24316473931188207,0.2229015382755988,0.2524854863315942
0.22472549600310324,0.2738748218431423,0.13508952127233093,0.21519948974109326,0.20038144759278162,0.2517314414430657,0.2552995267125784,0.2218532952314781,0.24082146240345942
0.24829890781832395,0.2559307739443875,0.13720957566524244,0.21402187947381027,0.1996304866859362,0.25464353440852966,0.256256561789261,0.2294625022018845,0.22994260672121294
0.2539719532761167,0.2629955430014297,0.13670030938007255,0.21231535965869555,0.20069784753349587,0.2559116552781644,0.2593460430326968,0.2227049529081479,0.2589549489233572
0.2646659101953094,0.252883340722006,0.13724726496396883,0.21093817348794422,0.1978432588052925,0.2549727078644799,0.2543053596646133,0.20984689992345804,0.24744951848397984
0.24795906771711868,0.26913372973026417,0.13662976357565232,0.21336442734927305,0.19472419015918968,0.25396458659210536,0.2694371870707608,0.20694669862941578,0.24833936258087572
0.23741949509917512,0.28732777632611856,0.13701811562474245,0.21231104613972868,0.19393194154811552,0.2566373591135427,0.2591208198041638,0.22071705605558561,0.2554813999611411
0.26471367148854597,0.3115169976491012,0.13765732473571682,0.21110929489817223,0.19389182409015046,0.25008819303450336,0.2551124807406631,0.22076197824023086,0.24589246689246255
0.25132602417330085,0.29898630219593053,0.13639152089573903,0.21410482284365437,0.1916311355515252,0.2594736635304557,0.24874557963806473,0.21658787883728714,0.23732869960733682
0.25101456762523083,0.2866465352512514,0.1372549048876251,0.2195991820750865,0.19309743538546587,0.2545282967114809,0.24765241279816957,0.2224596084478633,0.2314969098334721
0.26565796925968993,0.28870832405762675,0.1372857727787047,0.22344189651853047,0.19560014160085967,0.2555087198122607,0.2434348771495454,0.2348013161361605,0.24100197139592625
0.26035589633592987,0.2642836130236024,0.13869979573785185,0.22578369716730162,0.1955021750945746,0.255176676407134,0.24287850609147754,0.21475698549504413,0.2472177645772504
0.2661466779590999,0.306864181571789,0.13792128482547922,0.22359893600447048,0.197592469191554,0.26871383895140283,0.2466785227904368,0.22551128965413425,0.252410356823169
0.22660480438768993,0.3055462009438129,0.13813650960838272,0.22680261682902036,0.1968102102996184,0.26729480302559117,0.2521099295178497,0.23642238837209537,0.22949359707973835
0.2626046335654934,0.30579998148293125,0.13756090213296604,0.2249962769284606,0.19816625175702382,0.26711814637047726,0.24982304565662355,0.2497328656087829,0.22210687577564103
0.24766321420336526,0.2566311997999273,0.13727615048492733,0.2265405454952196,0.1958794020977699,0.2665641493808464,0.2439367197844426,0.23791206979051294,0.24126081510911482
0.1993803501459455,0.2559998021933858,0.13663502832995836,0.22668712586871118,0.19681234560539576,0.25976350728814257,0.24170526419917457,0.22056529532344657,0.25542919067645453
0.20785930675366568,0.2787802136724162,0.13564551445997727,0.22238189064170832,0.19244009133475357,0.2619445705826028,0.24497584136486306,0.21655307754965525,0.23678549622095407
0.19892137907370125,0.2671570937396687,0.13381184164927454,0.222114177842924,0.19719582111913386,0.26918733344714624,0.23776027427475072,0.22201954849625216,0.24257223972293396
0.21835352839340536,0.28054999333343605,0.1352813347286312,0.2247966113769305,0.19888734583805906,0.26839571675191537,0.23888527263495712,0.22299214303919038,0.2581529236673904
0.21056795864444286,0.25952500374536536,0.13612859463008087,0.22560178419011434,0.20159337786981132,0.26090410269292535,0.24839078639919315,0.20504649362026234,0.2628336828243442
0.2160361229426239,0.22377230443980894,0.13685300279509566,0.22481050342054743,0.19363589988015367,0.2576628494130707,0.24679357226347218,0.19294429813750683,0.2594111153074414
0.23387257582646187,0.2204505422245058,0.1371666279885308,0.22367525865783142,0.19873737790224977,0.26140328107913424,0.25108695653249097,0.18689376130523405,0.2567571794146855
0.24167363016763607,0.2208422750299817,0.13628427379685215,0.2211288010594065,0.19567497376987564,0.26480426437855437,0.2616823967755909,0.1875025021505959,0.22509626810880043
0.2461420066934947,0.259415549370126,0.13675269561655926,0.2205181402332245,0.19765904780659396,0.2586434123159061,0.2548190327268868,0.19497865238137066,0.21568735719059923
0.2548395015262828,0.2652952678896713,0.13684344476541102,0.21697337700734337,0.20286809282680346,0.25378705192035395,0.2505221190888713,0.20625439165484527,0.21109709912631017
0.2276602379659999,0.2828106046841257,0.13582784336792297,0.21762507857167038,0.2014960377768226,0.2605184713626231,0.2540294348908914,0.20294974889389614,0.2328535894711248
0.22807531152326754,0.28284314561514595,0.131825366821701,0.2189361677628331,0.19685054667829055,0.2522075475281204,0.24703697815550807,0.18412573020383977,0.22959553693540452
0.22566863583207394,0.271055500297602,0.13223114808974196,0.21585820949431217,0.19046761059423803,0.25398820168165614,0.2427625633509126,0.18866670616552358,0.21924306085252634
0.23520803586519262,0.2606889699699977,0.1326597517998268,0.215693482944032,0.19016480563552396,0.25126606202141144,0.24994951763359072,0.21597292678636004,0.21602939191498058
0.2278032056578629,0.24562724047222909,0.1363537397593254,0.21444512058090437,0.19150238188929017,0.2566370224561064,0.26804946821690534,0.20609759585038728,0.2196092309832558
0.240080190415348,0.21681191953387194,0.13795704025595193,0.2159377937934379,0.19677018574771435,0.2558191270402862,0.2593171508201821,0.2122778820744671,0.22683885033073287
0.23335012646577313,0.20102142955989152,0.1365694502001752,0.2130971393612192,0.19735667115089134,0.25866461247468026,0.2537746370320797,0.2127776285368987,0.22794660784006598
0.21028951002164117,0.20042874200641506,0.13544673551270278,0.20927332641957308,0.20057749261654823,0.2502945312083048,0.2631187200660829,0.2169973473659631,0.24274491296806508
0.2122589586506569,0.22119967532003001,0.1310394562268092,0.20957044795063146,0.20107136274869322,0.25564610401367205,0.26457326084122407,0.21581236865795825,0.2400676037431888
0.2118180330167685,0.25032276464213454,0.13355747929322953,0.2103798850047626,0.1999830092263167,0.2467497896800048,0.2545452668405197,0.2098345845146973,0.23105810296373233
0.2313823057396807,0.30207021054657623,0.13493677787008035,0.21337259731922845,0.19859366097068287,0.2508337810366258,0.2617091419839498,0.20548383527173036,0.2398548270398973
0.2030500147792544,0.28296850304521703,0.13808677561450727,0.2170840440889113,0.19639103640156236,0.239591823356428,0.27735669756676234,0.20304537513197224,0.23334545911982865
0.17141724262462454,0.27872075367159593,0.13652595406050777,0.22056379161725864,0.1971736212913786,0.22477956588874043,0.26325760795642605,0.2050574519469403,0.22117396908890757
0.16347133151054788,0.31499397898879666,0.13527752552194344,0.22315205787823447,0.1956283098347131,0.2244754804403543,0.24615106180969507,0.21546879250160494,0.2313497674448853
0.17291108739344377,0.30741291473994115,0.13527233350565082,0.21809257561496342,0.1976304674497533,0.2464340330869878,0.2274218075991623,0.2152960956691941,0.22494387122469747
0.20110558413966356,0.2809793419905832,0.1365738446188039,0.2177606569998969,0.19489152354538408,0.24433898035335372,0.2301894717233896,0.21429202220721255,0.22045964351571548
0.21942944674913584,0.24623637773832774,0.13790234598675322,0.22373859001909172,0.19867521137087793,0.23677724387788812,0.22267295506319576,0.22151369537749957,0.23263674248462546
0.22122028600714763,0.23724367413960626,0.13887450452542566,0.22089326353173905,0.19630853040250607,0.23547849482905933,0.22047345970774823,0.22821346766885062,0.2502434982064725
0.22916032352628884,0.2640971170528609,0.137870870948543,0.22803484753229752,0.19961810451418385,0.2460148796791104,0.23415336908256687,0.23079350535989185,0.2364537299326933
0.22621109035715398,0.2895792918408174,0.1377756597730385,0.22599467285478667,0.19786959337137727,0.24423054832084432,0.24758262961586167,0.21404377921577886,0.213749922997987
0.2361216353292877,0.2866633971915385,0.13794850364574626,0.2255863657083271,0.19838493813893054,0.2601645945540179,0.24715491310378673,0.20629740386814893,0.2034164788098001
0.22749196171145533,0.2564526498995931,0.13806135531594202,0.227278454380318,0.19989005066734658,0.2694429238875251,0.25275423097615946,0.20592547534125452,0.20718279633557066
0.20563454391150982,0.2621058306681593,0.13745118529357053,0.2251597250143677,0.1998115278207831,0.2663259947759215,0.2608931249214042,0.19979610685612828,0.2246508530545763
0.22352555474036895,0.2904773965326319,0.13725162757206164,0.2254570331760239,0.19626432555601936,0.2655947181780134,0.2637269067821419,0.23195823620582864,0.22159298806443697
0.24677477089466807,0.28006057084080577,0.13766255773279681,0.2216118741146037,0.199538658259163,0.2609447293603934,0.24929309963490998,0.23195438426604045,0.22029559718406344
0.2336093854994866,0.25940666026159,0.13761961471416626,0.21576317546511706,0.2006078733035826,0.2604470557148561,0.25995907440069366,0.224416451544745,0.2224433454003348
0.23159889744218456,0.23364415458335552,0.13734042815793696,0.21493540054344576,0.2007186898297827,0.2527469704214012,0.2562170040679876,0.22579341375762652,0.2276841044516621
0.22159352470135457,0.20853103519854235,0.13770109310048637,0.2127256555380077,0.20163915153255665,0.2533094043191331,0.258540270014394,0.21974808485038175,0.2337603006334771
0.22419615530191545,0.1947774675924852,0.13706891856679324,0.2109461418315069,0.198456621365253,0.2515004899494194,0.2507701928282975,0.19366867831909607,0.2302321482893527
0.23806394491998023,0.21836230885504856,0.1357456392341077,0.2129968221118661,0.1983663743717986,0.24972484256520833,0.2513165037742198,0.19475289656907757,0.22595871929286726
0.2503738880671208,0.2841699166284978,0.13644366543348968,0.21399091190175987,0.19880733089737646,0.2461022134103574,0.2611105316582113,0.20067545078506008,0.22710441476752172
0.24605024408903392,0.2199742184749966,0.1339212428005842,0.21360941127637206,0.2007357499767823,0.25148851054929544,0.26776617185628426,0.20003432890760287,0.24510820352344745
0.24289373488806246,0.17909901567275455,0.13734918120936992,0.214552279221397,0.19883279131716794,0.25250198286125236,0.2694614569698114,0.19392293209498562,0.2441590474065155
0.2510896372437415,0.18512076592113694,0.13771458873532755,0.21049626189557163,0.1996179743378982,0.24911041683738996,0.2727055169342525,0.1974749384591672,0.24968848091534224
0.26618808795704985,0.2122150454864719,0.13713046528863013,0.20851730245673628,0.1985601302221246,0.258428525082014,0.26540496875582276,0.2166282504290073,0.25572635021520124
0.26299123257151474,0.2340289050735969,0.13923264136905203,0.2088407689930469,0.19595191422559333,0.25185274317921635,0.27181840803320817,0.21926939979857119,0.24251885225988717
0.26785637871395884,0.25720098661725865,0.13727667907576285,0.2092197830210301,0.19765665034074179,0.25466080097116156,0.26285192897511384,0.21868942969555988,0.25698746801455835
0.27505270037723195,0.2599942146288477,0.13865502917752368,0.20742917765436356,0.19323352689074547,0.2511010764893609,0.2558143102051303,0.20436468997417048,0.24321221402437707
0.25621805837986705,0.27652130243747713,0.13857627083658303,0.21381150897686724,0.1932341529933866,0.2417068162618323,0.24413847698239707,0.19803946255281726,0.21845675877033455
0.24514941593785697,0.2897495736657612,0.13892748343917977,0.21749078354548482,0.19298184751997063,0.2508364088837792,0.24730137419745857,0.20740529358167983,0.22220682764933222
0.23836709017560317,0.2723417140740871,0.13890512969324395,0.22032807256404413,0.19276517652534383,0.2493328844864982,0.24153816973861775,0.2227647060401099,0.24832777942468368
0.2515252840408047,0.23819975981392055,0.13897520570163346,0.2233990822448295,0.1917171795876271,0.2613828014494151,0.2528830436874487,0.22340306846359784,0.24711017922553294
0.24329167898645535,0.22672605309438415,0.13943107444703787,0.2263901499862216,0.1963975309694767,0.27543211304032783,0.25659802662554804,0.21788799404817405,0.25082956033638854
0.24287526520740194,0.225606379259296,0.1387574155916796,0.2228927906112734,0.19398263961601353,0.2650635601542102,0.2514016347828006,0.2220564020208432,0.25803021795551423
0.25719892445485293,0.22565069453626482,0.1379761970786922,0.22840641796457564,0.19445385405417834,0.2726667342391728,0.2566609377364359,0.2291013125647113,0.2416046760446946
0.24349193280791548,0.2214110113702437,0.13731806480420655,0.2239959912107734,0.19396955246772274,0.2625030009307994,0.26329468868246514,0.20862098950230978,0.23462662998993666
0.2392735825650853,0.24504264094855277,0.1369691527529512,0.22759422775026122,0.19623220135772848,0.26875957541084355,0.24764945113259534,0.20770552171856474,0.23601119779889876
0.25845895986248857,0.24485930187198954,0.1371026443090182,0.22678626669079663,0.1921562231125228,0.2670262325135739,0.24538875597987242,0.20593482837258426,0.23294065833407623
0.24187124534609025,0.28820405103064584,0.13701933383926376,0.2244651914142581,0.19353070524195912,0.2680999038838993,0.2491990223781072,0.2121142348955936,0.23670832593291347
0.2520077637088481,0.2991284026980434,0.13768288024718697,0.22503910974714933,0.19929745179222885,0.26773443289873977,0.2521700037723597,0.21919213036007357,0.23476116700681604
0.2703186547350588,0.28567545660906685,0.13843873139441926,0.22248398831468844,0.20106620073007817,0.25921162217229493,0.24602897245411987,0.21781497723241405,0.24383471268376122
0.2262143528182402,0.3002193045189256,0.13820541314663481,0.2246651577380207,0.19745333438079724,0.25847814109611,0.23911590234209695,0.21040035033631235,0.2474573282185156
0.2377155394431358,0.30248152588738064,0.13756726800688585,0.22290996852690698,0.1986629317616343,0.25882303751967406,0.24500732526877103,0.21767354507158493,0.25532826144641807
0.25478867032239666,0.33871449365344186,0.13780878860637824,0.21797877191985118,0.19915127799335436,0.25756336275084635,0.2495928145104731,0.2269539145294065,0.25612822360321363
0.25357578617469045,0.32218897746313896,0.13458454622732377,0.21810406740214905,0.19780876301830772,0.25987608567547554,0.2461287275263691,0.22764801132561024,0.24493202230248354
0.252473437983155,0.2820093617014947,0.1374578289940906,0.21684500183747477,0.20131309534151257,0.26121059827105036,0.2404296250717956,0.23150204842162628,0.24105221258976625
0.259666204213111,0.246417170510434,0.1370642477044017,0.21541469404454835,0.20017448587948936,0.2556539512323636,0.24936378114154287,0.22282002362812608,0.2428392597879426
0.26044410952143976,0.20873842364547932,0.13693695194401273,0.21245531692576855,0.20050831280541265,0.2531425972211,0.25478676911915943,0.21705299009208798,0.2394929870039566
0.25546796889368734,0.18784048706447012,0.13549554406136133,0.21437135162657137,0.19722077084652923,0.2533155520928156,0.2610232266226218,0.2266266718765752,0.23608394566492355
0.271446650333812,0.17691291795613023,0.1338675153346661,0.21683969660145513,0.1981834781735724,0.25194154058172447,0.2593186264300927,0.22483970042303994,0.23161632117837985
0.25242212856032087,0.19067202796933705,0.13428179341805596,0.21447310901561725,0.19679725571921666,0.25525365875430184,0.2528813329335258,0.21520024656878767,0.25138668444864803
0.26463873692211853,0.24977989877225637,0.1337420458957176,0.21230781746779465,0.19740252565122943,0.25383878446057845,0.25180244471487545,0.2091353689838752,0.2542603191207595
0.2557403372011478,0.21283121678960254,0.1337660678345298,0.20992147508262152,0.1961588829781823,0.25264891752529706,0.26270436648408346,0.21564079224606675,0.2629356778893904
0.25715556860805916,0.17902717179249808,0.13740579044579043,0.20743510507226925,0.1932957186808195,0.24369027480097577,0.27678945428159185,0.2181670946111539,0.2632754725833736
0.25476586028004017,0.1627618124463991,0.13591770324855662,0.2046840569651753,0.19424519300495807,0.2233545909334883,0.26105391069446676,0.20807946764617913,0.25221274122556714
0.2511907160147642,0.180794985433482,0.1334378551676453,0.2087352912653005,0.1946281373213633,0.22445291241092075,0.2551917997825004,0.20937926597737277,0.2552748616904596
0.23275589305698896,0.24952300295001179,0.13085901137610106,0.20719009976795955,0.18299876757313674,0.23733173963098633,0.2515245493496526,0.21956389848831753,0.2463267717155457
0.20431812596115376,0.32527638383871654,0.1364381447793198,0.1996185414980413,0.1700748357205603,0.25315376908766934,0.2582391697367533,0.23210254268490105,0.23722497795361652
0.18300881024154006,0.27249995816194966,0.13559418582874208,0.2033094605199279,0.1747109117484934,0.2439383532977186,0.2502669980446744,0.22216641715980462,0.24039152380578463
0.1831951829866893,0.2409778793618056,0.12638845796777348,0.21894945929689363,0.17921610739773752,0.2368395862596089,0.250000360354274,0.22688885690324437,0.2591328520920741
0.21138847837078392,0.22321203304553794,0.1250007675633741,0.2299600826686466,0.18657997603077686,0.23518427478993956,0.23372885249992617,0.2381240161420291,0.25139038470132474
0.2260695745828863,0.22525424770111055,0.1268580788976836,0.21777395651611633,0.18968625491940758,0.2337861948830108,0.21118198054994003,0.23304709758239794,0.2412737158120705
0.19801921612105924,0.22773080488760478,0.13151375867664955,0.20890357468034143,0.19149774252156246,0.23616716863209328,0.2079186598243423,0.22207557725195995,0.2687326030347416
0.19703031835078277,0.26429907495509475,0.13351383059067057,0.20642887900931423,0.19421301880960135,0.25355575205380587,0.21514440114879346,0.24012665604526237,0.2714353947049734
0.19917601634207155,0.2971214851355478,0.13550234172015171,0.2096065051802285,0.19327995266997064,0.25933575855743013,0.23450735773875028,0.2288624444808156,0.2594830388170706
0.22803014608656366,0.27095333751567746,0.1349032025346615,0.22144691377553066,0.19322792932675834,0.2668327768208587,0.23989854254442136,0.2130567261551131,0.2503834133024388
0.2516738283582569,0.23278983451697627,0.1339780463483803,0.22250330559859222,0.19167150363485508,0.26204062574695164,0.2358927014426905,0.2352506241755611,0.22765421289148247
0.24755285811003558,0.23243311625886487,0.13255847582195227,0.2240866653182267,0.1939797228795424,0.25886425225369825,0.24303263969791242,0.2326028170301868,0.21304270952377133
0.2580045702760287,0.21587150405656755,0.13367025410823202,0.22206602656287436,0.19379022796078163,0.25937367027125235,0.24318659195530254,0.21469841775681522,0.2306553887372369
0.2178825670725946,0.23044508554458173,0.13142215751247224,0.22483387101609878,0.1946119400372712,0.24338240671193886,0.2583062334992419,0.2132277702412131,0.23793767246797531
0.21301656841778865,0.26563807951829504,0.13369052132998388,0.22449614885075864,0.19825860029435158,0.26222499874598026,0.25788896047851534,0.21925803667205176,0.234833857650775
0.23040777522082806,0.313445433656049,0.13543961083801523,0.22112263959180445,0.20001761097447654,0.26093387132447804,0.2551831436993276,0.2308871769864098,0.242389604472517
0.23279764399233654,0.291009332019112,0.13442485389565195,0.21641229751536817,0.19639336025227988,0.2577203697066736,0.2364093192180537,0.22610545222437375,0.24743105484646505
0.23532921283874675,0.2515520758419563,0.1356800392682862,0.21529182787763712,0.19215503449640908,0.25727649105056155,0.22502971460213522,0.20134393257278457,0.23526993483257372
0.24051748277093563,0.22724430969420378,0.13446479355787994,0.21310145153349705,0.1859895944112674,0.24949654066179972,0.22094599775633744,0.19158005576634182,0.24048351893838968
0.21543339173400441,0.21180566307901408,0.13443226159437724,0.21485223857044233,0.1805153827972023,0.24866919069756477,0.23423675299017868,0.20121192728776546,0.24738121065570085
0.23675697784461397,0.24169327188209497,0.13702013970527038,0.21661988491434844,0.18443257853446357,0.2481404411433663,0.24585434218808064,0.21028550796576123,0.23517709956322586
0.22440754953271433,0.278228488309111,0.13571009365613074,0.21485009681175352,0.1905914030001066,0.23613820762918863,0.25226560496591494,0.20886270029218532,0.24103743816544668
0.24687033641684034,0.26157395839750164,0.1353861143381914,0.21301386543556927,0.1949628462187137,0.24017825382129837,0.2567686291754971,0.21246159419942778,0.25210869063709457
0.26997379278602046,0.19862831198611874,0.1351820085663523,0.20840819962213386,0.1954712195285089,0.24235907310025326,0.2514915042836219,0.20130358115100505,0.23720805859206948
0.2454397101159555,0.20186912450671957,0.13461356120284534,0.2044328303560223,0.1934808738955405,0.2336486344585629,0.2515449583704606,0.20510571031688113,0.2229944498974645
0.23537791123716809,0.2169521281396318,0.1349033209985918,0.20687825369835716,0.19368380007370295,0.24638821738894467,0.25549694953463825,0.2140451608232881,0.23759969399117606
0.2457230904323266,0.219033872118662,0.13518195156422097,0.20845994891542102,0.19245978611469466,0.24740230819359726,0.2623050073681907,0.22736206969966402,0.2546396424081935
0.2549212505688184,0.21544153933977217,0.13157453994670437,0.2116218375555144,0.1937346470537336,0.24971762199958808,0.2634304399706423,0.22596485019632212,0.2597010716181002
0.2516865735439971,0.2663520314708678,0.13415981266298677,0.21381711693749028,0.18763948517098544,0.2504284509918855,0.2660239715834761,0.2202910642055316,0.2509376031583656
0.23603385512019903,0.25965658864377233,0.13601450552372332,0.21513621895904092,0.18279000439817475,0.25001188579459893,0.2602853095125685,0.22922779507962224,0.23797604382746357
0.26269081697000224,0.17512405074626705,0.13439672694805388,0.22073234450232218,0.1864296395881073,0.24250851351403563,0.26325824808894355,0.23178749615812688,0.23165620197453635
0.25186000979327167,0.171354369116245,0.13361462941502408,0.22456396822743835,0.19125785007172416,0.2532056469890243,0.2537367180617393,0.2353035939421599,0.2505308825014707
0.23727907833786932,0.17592733798053545,0.13474757996442055,0.2268925887942202,0.18915244083439672,0.25493021751111844,0.25719723738261274,0.23332369080439755,0.25289615986897546
0.2513328771530885,0.18218106403595072,0.13516788008099795,0.2276486242714126,0.19056828623318237,0.26034676531648987,0.25110685305124847,0.23445935715452942,0.24224400559413176
0.23468665510519374,0.18960686095919072,0.13631477040139853,0.22980115789176722,0.18987131120687256,0.25560457219211974,0.23209424749555913,0.21794329776865906,0.2560127777202652
0.25195679518382386,0.18719974098684938,0.13559311108579536,0.22599108637980517,0.19303225278300964,0.262129023313155,0.2154782547829709,0.21100126310757022,0.27672406597386434
0.26134699423357377,0.21162799858110828,0.13493479366615624,0.2241597934024958,0.1923245793312786,0.26777806261950843,0.2246351739460133,0.20377197849230924,0.2541086934085276
0.2577305703881977,0.2717589173850579,0.13636059323193767,0.22524422514725284,0.19277156347472554,0.2705053137407859,0.2306042597200728,0.20684729098353044,0.24767269205385553
0.2669264396273483,0.2477713311915338,0.13682705167186324,0.22243282709529513,0.19132563712864065,0.2680404552077948,0.2396985863940971,0.2206863988263208,0.2572728138240002
0.2625711383176537,0.1960833646985575,0.1365519685371383,0.22383338506426775,0.1950653446383191,0.2694944888780644,0.23720704976837537,0.22649266901468754,0.25856764272223576
0.2531842349592808,0.16959971340248325,0.13588624800466173,0.22237944314458657,0.19577736844366642,0.26362840196112214,0.23850952068153486,0.21495345943704416,0.2612068900426289
0.2564071410282021,0.17967114521420283,0.13535474372740477,0.22062684098724727,0.19726172211366527,0.2549480725614591,0.24233532655223536,0.2055077552692814,0.26001881684195943
0.2464763011381377,0.19615654389495732,0.1347004679021789,0.22039333356048604,0.19583853372838975,0.2583794269994819,0.2480444672644251,0.2060724743952777,0.2608031581395038
0.2544673225819188,0.24470050232163554,0.13392515244327152,0.21893650429919617,0.20220711527828783,0.26188689887479855,0.24198922933069647,0.22059673395720028,0.2704645762024725
0.27320185891053944,0.2842302181508411,0.13409935318134605,0.21866650368077234,0.2014661803426015,0.2624036129190589,0.2445055902973193,0.2160644243665754,0.25353072695512346
0.23918208500415689,0.2771746696982224,0.1353137912086325,0.21360206039541813,0.19964035671263167,0.2569849447203493,0.25385605505542014,0.19492846807736078,0.2526524611469705
0.2535541852747756,0.250635364193814,0.13365385380005354,0.2038547335288738,0.1938387900952066,0.2485840675457319,0.26814843356598655,0.19046871461135734,0.2485718848657072
0.27643404884189116,0.24178847665921754,0.13454411266187624,0.20113679509073135,0.19319370061225538,0.2503872278525653,0.2531265094359316,0.20231999654419625,0.26009496456782527
0.25998762385530183,0.21361077515467067,0.13459442572042662,0.20235085123473573,0.1956496393573513,0.24571528821747135,0.22511440296692153,0.2176069653226349,0.2450820179532978
0.2311406582261924,0.21018701777958507,0.13540989395488937,0.20643248499857278,0.19505989150325756,0.24647449955596917,0.22246213314058924,0.2163278051358391,0.2300285077116818
0.2497151375518401,0.2207129716384729,0.13537349041152155,0.2076710148999629,0.19841822905591136,0.24427912308595295,0.21593445509729353,0.22704806870845418,0.24087353525753033
0.2529353968524333,0.24744830092909348,0.13568074761627985,0.21091086161108621,0.19666093982902677,0.25035656691739,0.22007728226361922,0.22492232304178042,0.24441374735329774
0.23251653870344297,0.29689719833419465,0.13658308800072375,0.20908923881253413,0.19577336044253565,0.25515873307595116,0.22722876947543924,0.21808506456974183,0.23051989134156153
0.2206731185471442,0.2776093334804722,0.13573076427790046,0.20800336373302644,0.19746754411611647,0.2499725487438049,0.2464175722658672,0.21139543566615393,0.24659416066983328
0.21053153171256894,0.265690099467436,0.13460650973482388,0.20506928145754663,0.19486635108578032,0.2460267380313904,0.25678123045266604,0.20662740196787324,0.26414757992651655
0.2505762689269163,0.23520020617386647,0.13244514522376444,0.21129699057537477,0.19484263591808812,0.255570035752838,0.25395277665579874,0.20911303439278445,0.2625070595290462
0.2601168191436975,0.27795341874604257,0.13446307733376492,0.2127418889959864,0.19357316012791928,0.24646774063622096,0.2649169376810633,0.21045347956230306,0.2733178833557568
0.2065994073597277,0.29009619844767914,0.1358912974727773,0.2143525406086982,0.1945630790741503,0.2363457809210975,0.2683742786637227,0.2032292798078201,0.2615845301244385
0.199583733913952,0.3302675444787655,0.13735430948676033,0.21670546107174532,0.194121843651383,0.22036663665633716,0.2563230005395532,0.20775292835110795,0.25228819542795955
0.2114455986658238,0.2770115673713888,0.1360394189274649,0.22202748454508536,0.19679074627696846,0.224850462835472,0.26078008823876964,0.22113288739246048,0.27518121712863114
0.2222972215534353,0.28324143758741843,0.13633480896208777,0.22384607934714026,0.19196161950917628,0.2388727318499418,0.2597595780351494,0.22431784982238917,0.2549964268746867
0.23846543241921908,0.2797615234733252,0.1342658733109404,0.21938033791596484,0.19298761191488986,0.25505216671545616,0.2513706706958526,0.24451489563318207,0.2559812855879878
0.2643343964545162,0.2587155858531827,0.1366219600503694,0.22100209963830714,0.1925506345194621,0.24484335730530984,0.24763146274697875,0.2358531346834067,0.25972932470614546
0.23200462680008047,0.24840976085167057,0.13457287540281176,0.2224649625230631,0.19432016250901762,0.2365472460244771,0.24333688088259217,0.20959088094885672,0.2324299402704014
0.23638607774509446,0.22517661176157108,0.1360540290119043,0.21256246408141544,0.1941644017809827,0.24441197612700982,0.24189729430575624,0.18952415327602307,0.23735363137655566
0.26502360314387907,0.2094406005213393,0.13520906435397959,0.20247433005728704,0.19348986883357344,0.2526121528970072,0.23728325856239177,0.18190373707460963,0.260236838125919
0.24370387672099353,0.23406192181357588,0.13566951197684668,0.20897728170003188,0.1969288102497757,0.2594559280083948,0.2449170557615612,0.18620566522826146,0.24324796326541293
0.23383852688564602,0.2916807195286173,0.13689851593712773,0.21391182171883857,0.19652594111975685,0.2604990568988123,0.24182071943806505,0.19419722739997713,0.2269712893132233
0.26562209643263895,0.2889578153733208,0.13617548591702752,0.19323092264187347,0.20131807459445306,0.26151971219781966,0.24547679894482552,0.18985263130147362,0.23263800028973738
0.25052535915356455,0.2885523115956692,0.13638482176916103,0.18118171837878025,0.20153462998816687,0.2564337707114107,0.2474126451086111,0.18698929400692457,0.24855136712100426
0.25166326034183817,0.32051839340655697,0.13715066376073787,0.18101252232299808,0.19973893167761733,0.2541894430082335,0.2477707178243269,0.19818359022356358,0.2508780408132524
0.2603794716177082,0.3255635041726939,0.1377670503276827,0.19216710497606987,0.2010593422758403,0.2556857742769778,0.2570198465670708,0.20902497034952566,0.25132370959844164
0.27538551141112444,0.26345163512889236,0.13704059481523082,0.20284089299546107,0.19626511356919346,0.2539687221157829,0.2577181076142855,0.22222317845487033,0.256572171761807
0.2593205543849036,0.2426805401641841,0.1371266000898778,0.2049261989229395,0.19891322302891595,0.24770690375895701,0.24633496257854953,0.21247764434021502,0.2506121991893048
0.2642834659936223,0.26601729423476206,0.13585816575076473,0.2114792750658163,0.19993923266744604,0.24179901242951415,0.23569106671101972,0.21530656913137722,0.2513369352124995
0.25619599891205824,0.2685201099439455,0.13674187236360977,0.2144821168867001,0.20369291093427547,0.24837257873951427,0.24048636960604347,0.20611691647668973,0.2550908348780796
0.26552909322110535,0.27700977117543557,0.13511407780519535,0.21476840624094612,0.20200644140205623,0.23513471895612917,0.2564805835603744,0.2108961307576259,0.24713939495454584
0.2498969867065956,0.28184090759538233,0.1369810441300452,0.20876792415173928,0.19549226042339554,0.2397916886306435,0.25506193243880554,0.20479589629747375,0.25601092425867994
0.24909364111256427,0.2964527697569453,0.13546750045618233,0.2091564637521414,0.18981629747117829,0.2342134557301803,0.25578210784723093,0.1980521922855647,0.2430753175902728
0.27401752126637224,0.3182929464727586,0.13560693403284418,0.20131302528627928,0.18685322842585367,0.2422574263529101,0.25792647712890665,0.2037348564727722,0.2431739472856544
0.2741279143864671,0.3051829053744718,0.13626503440342502,0.1955202430293863,0.1873895391658803,0.2510455749448032,0.25681792717349267,0.19881899268146025,0.22958084456689404
0.27615610763739246,0.2306769405414637,0.1358695953478327,0.20048722042682804,0.1907240874197324,0.248022025892104,0.25987055009284893,0.21340280655092858,0.236790786801483
0.2687231043503212,0.20896006620597582,0.13703696431443826,0.20416364210611285,0.19655263399853923,0.25281652922826786,0.25553213365763744,0.2218442328030515,0.2567714607813645
0.27514915988451527,0.19176632013044698,0.13686992472933554,0.20895028902431692,0.19928408269107234,0.2544956565035811,0.24620828875633038,0.2103936706177165,0.25230869729546795
0.26233636690168893,0.18424339201698092,0.13836227585740643,0.20966878205361847,0.1980395239748628,0.2499559358380464,0.24277938787136963,0.2147311747614639,0.23707939477568452
0.27297777589433386,0.18767580977787096,0.13966312920247406,0.21591971157166306,0.19649115470718456,0.24984813756983534,0.24550021526075164,0.21870404045720415,0.23616710390197937
0.27180840230202735,0.2141798844626904,0.14054728914271156,0.21708075390877263,0.1953685692133096,0.2487448886153886,0.25343177893107804,0.212336267710657,0.2523669864694375
0.26364515203329697,0.28898682383715685,0.13866126709948604,0.22277962739874074,0.19639176574767453,0.25612057928668885,0.2523195473374518,0.20906832462229022,0.25934963153857227
0.2706256793571247,0.24742034582116296,0.13556314481134824,0.21852672527113953,0.19604061820417085,0.25963693624256395,0.25396413104696874,0.2329902858529272,0.239221216579387
0.2609236863057286,0.20678927655982918,0.13616544950200607,0.21953962119381223,0.19630463710603763,0.26068922009033274,0.2439246710039978,0.2279149277685502,0.24473071389425588
0.2401555444071561,0.19293408403154585,0.13534185239059168,0.21594508382785685,0.19592114189048937,0.2655545027069004,0.24963142107033126,0.22070063435286635,0.2680824093369279
0.24638061643465006,0.19222212687480136,0.13992694867975833,0.2154459023596013,0.19810483365090786,0.26411374584375913,0.24808817821529677,0.22915263427362834,0.25036320532597334
0.2554610086491592,0.19180962930959283,0.139912310829707,0.2175931709140873,0.19801517941121735,0.2659786226781532,0.2355793192966919,0.22866213774597594,0.25034777600997643
0.26171511514555634,0.19604926249028723,0.1393291364673487,0.2193342884695287,0.19456172225373822,0.2639572803898053,0.23357386789189472,0.2294950612150335,0.2497351185938637
0.28371274103063393,0.21836467848885022,0.13949001326823257,0.2220431640465216,0.19729394304529366,0.2700796618837639,0.24200990764070368,0.22042580031363831,0.25768495429128296
0.2596916282201093,0.25773823773433396,0.13938884603402535,0.2219917373369936,0.20043788687919065,0.2775826036508652,0.24576442705291374,0.22058837676164877,0.24424070581286925
0.272116861472693,0.22690532917814799,0.13755610004664806,0.22410668290364655,0.20615382611203686,0.27256644770917693,0.23550756406902057,0.22262521987916628,0.2438879216522702
0.2593207227253172,0.19197943788180427,0.1381857738208725,0.22178563955790032,0.20440780216168924,0.2706117905381583,0.23700162985776432,0.22430059091101698,0.25961691163106837
0.27542811724146854,0.18994305266358827,0.1381179828345261,0.2197698796604924,0.20197728515720464,0.27004283793310657,0.24035102028702598,0.20881651463337447,0.24903882186311577
0.2134511886346617,0.19056617896512695,0.14083765049796354,0.215642494288966,0.2052630604787975,0.25944921884205485,0.22595206818933997,0.2120408001005314,0.24579050884862338
0.18255745288879355,0.21279886073763396,0.14063567465283297,0.21316641432770972,0.20590185383931423,0.2577787518955206,0.20579157448389618,0.2231298704668767,0.24547005603689998
0.1913066142314644,0.23635121276793905,0.14182383198551285,0.20812609840115276,0.206110802794477,0.2614027506283577,0.2110473910735679,0.2320186345398721,0.24575545826562814
0.24540566213810655,0.2989489143765771,0.14173130137029025,0.21002968204318867,0.20394935019189367,0.24539762944758944,0.22085014651386115,0.23102110703845583,0.24465261015752773
0.1980023418921038,0.27053875585259574,0.1406213229625352,0.2117163637550645,0.19915614215967137,0.24744623069590516,0.22674965710663364,0.21609140682524483,0.25399612835028496
0.18665365993462715,0.21051362968589682,0.14083794923013462,0.21176319327805398,0.2000699375117696,0.2460812541016941,0.22262981698479647,0.21094931553984933,0.24026628725626392
0.17513449801031508,0.1989100108312036,0.14186282017759858,0.2122701405709465,0.19892441951737724,0.24192083645124277,0.22738478402583803,0.2161168200373822,0.2206352166655104
0.19190388528089983,0.22043867160262917,0.14322935478149557,0.2117956911269405,0.1999739021685458,0.2376345543203301,0.23107070422615106,0.22642530069319933,0.22473431631102259
0.20383714497825792,0.2772832479999665,0.1407862767148588,0.2104879593064519,0.20072751663449573,0.23295093099941405,0.24136201500914706,0.216199665600065,0.25250172963964457
0.20811426158153162,0.33667182140841745,0.14198280270621358,0.21193431418522146,0.19615100129588556,0.23087184342635422,0.24821819037794365,0.21430884151131513,0.23396356660238105
0.23916553246764996,0.3021993031912183,0.14201592150545936,0.20952912509990254,0.19677110477384005,0.23343231553609012,0.26194799446600736,0.21017539729563547,0.24095779142659632
0.2621721166101652,0.2749598845479685,0.14286989255075774,0.20746958149006325,0.1924421985964969,0.2501476609858244,0.26681076441806223,0.1999157758606566,0.2622985984639781
0.2470404721832517,0.31875164028471464,0.14411302781623717,0.2106536697108361,0.19545402844742465,0.25596606180256914,0.25185454081748504,0.194452321861551,0.2555677263232022
0.2568274008933667,0.3140702370428148,0.14454206321074223,0.21062917462648986,0.19194093622164116,0.2540922036831795,0.23795080801777055,0.19698556712907864,0.234708718146124
0.26510182283820777,0.3377013585950034,0.14364415838301867,0.21295430385685796,0.19305016695000832,0.23773250794083042,0.22520847208552083,0.2085230210320074,0.21492296869185537
0.25727866045005976,0.30719217359993806,0.14343771678466444,0.21710493940162712,0.19220349323603797,0.23444014266686283,0.22104181868532544,0.20572264295434053,0.19711848774925775
0.26283745093447963,0.24682626519258621,0.14436509079886067,0.22378060646428824,0.19350908488191984,0.2335237866319175,0.21658235533834846,0.19558304859211478,0.19610927279519122
0.25859615368507277,0.2401511213191979,0.14419940297729752,0.2246614922560721,0.19153405383805297,0.24955342220580565,0.22300485467371609,0.21438626932917756,0.22901624381170768
0.2726360878496376,0.27486185843561634,0.14431647591238392,0.22245592010529655,0.19089654393987568,0.26120804893730537,0.22866992048729026,0.22956765119689732,0.23462877469817134
0.2783431141659765,0.30673452285443564,0.14415683601973237,0.21944364333583782,0.19326704235522002,0.2617140859507122,0.236963278349883,0.23424178847123614,0.2180228636676669
0.25541199740720677,0.3155149385188159,0.14347967653421187,0.21798913070127193,0.1928317860917996,0.26328770422210107,0.24407964902209686,0.2266712443280152,0.2146096118882606
0.2796100370812426,0.3065493590411777,0.14252273634662918,0.21886800910927864,0.1937806710082147,0.2574700254322968,0.24846483907899536,0.21491851006918467,0.22163501427704813
0.2277819981088705,0.2799750903482355,0.14230276179245693,0.22259777758875088,0.193287144382216,0.25231949766543194,0.2368636678335254,0.2156290946880908,0.22022979292183759
0.2398869028359056,0.2838588437067985,0.14006438529735488,0.2229567215486642,0.19641616004209328,0.25786518958166826,0.24381518578140757,0.21249700766495302,0.24462486089468924
0.2326824528467059,0.23553636646598367,0.14196019044523484,0.22352397993338632,0.19971162836647827,0.25768092099822365,0.24130266627874916,0.22693269386073994,0.24189139604267038
0.228687174253962,0.25349442794873667,0.14179706320789567,0.2240583350293319,0.20221743107574902,0.25404377121669985,0.22549538284813758,0.21076319222141224,0.22084370024020253
0.2406627551597523,0.2632230550660575,0.143940074876002,0.2202746184966732,0.20308943392395337,0.2664656561408849,0.22153105804853718,0.20832311304654472,0.2145175919676006
0.2545100054019276,0.24288452070704086,0.14423848912826004,0.2216125866451986,0.2039974569820189,0.26159088111482676,0.2286835689916084,0.21152817959714748,0.22408846002119467
0.25444049502223776,0.24395905483159053,0.1427502237590291,0.2192487125345311,0.20468320601482132,0.25999789927102235,0.23356447921459011,0.20241093746076408,0.24029883624945578
0.2439611415591274,0.2584736026727689,0.1437309672934349,0.2150992536361739,0.20655779807813462,0.2540139598298774,0.22753657413203213,0.19553915901636873,0.24903485031423503
0.23640033254703252,0.26789691362622525,0.14342432660837712,0.2150986813763247,0.20613067806052615,0.26045592090991854,0.22782272492238573,0.2227755149404036,0.23825456563088654
0.23082897134797065,0.28873250075713036,0.14377381762799205,0.2167094286685383,0.19925597011807927,0.2542104908035898,0.23299815170670968,0.21873374920442026,0.2603368534428981
0.2657159205068773,0.2707806153048193,0.14113941468425778,0.21657991601990448,0.18657993464061604,0.25216594329767783,0.23765712199276295,0.2132813443563327,0.2584141911930526
0.24118939992909677,0.29542361715440335,0.14244641323029056,0.21279296885900528,0.1765187628944153,0.2460428111621955,0.24272785144493908,0.2282572873057115,0.25115502692012465
0.2511961916612963,0.3129660838050043,0.14358913807913357,0.216487022679354,0.17967800082550756,0.24732944093422732,0.25144645185429326,0.23004417442697606,0.2386899672902407
0.27349259155209066,0.33094606653357134,0.14592375757348416,0.21395757921455524,0.18482784792995802,0.23818460228629829,0.25144696794842913,0.22061212362950947,0.21885483454262353
0.2437016829106648,0.29950789270751765,0.1445290496593888,0.21061098854812033,0.192841964650903,0.23057843033995326,0.24231352817465676,0.22813333571521824,0.22455972522220946
0.23899016177777166,0.3177255873388977,0.14628165222704498,0.21270534315528483,0.1896792355058343,0.23708131425873324,0.24326981763900782,0.23032628686309614,0.2165484924644036
0.21880500023370347,0.32582991448196247,0.14560806956167274,0.21085271552701626,0.1887811917609197,0.23806534808852026,0.2539297931701831,0.21765834666233935,0.2100621881196518
0.21468731967792207,0.32048182811410014,0.14653827213882253,0.2111635090234937,0.1876973249440062,0.25142545839199765,0.2631606353542469,0.2046533653466857,0.21095826009353466
0.2086914291070367,0.3269084213448189,0.14624646020249157,0.21250564087677337,0.1927958103789824,0.24923032015648794,0.25246288014914603,0.20938006331127737,0.22249232198762423
0.2024020279259476,0.2778573870620196,0.14705295019004858,0.2146939722542446,0.19116514405818827,0.25767050517527723,0.25433603003139876,0.21543177328906696,0.2313941149588663
0.24063989955624257,0.22422845199419147,0.1458780364297168,0.21560383745612002,0.18834811881733277,0.2498207884652745,0.24728695739877354,0.22469868049012295,0.23486457515772066
0.2507468055315252,0.2130879830850326,0.14602578149616516,0.2151033624202992,0.18628897506529918,0.24938398953905255,0.2384317444365248,0.22301498984997384,0.2541598906578057
0.21837513750413473,0.27060151975471575,0.14619158827161963,0.22176321054314097,0.18925756016361464,0.25550347768146964,0.24499811014686088,0.22413941561446862,0.22445143685242566
0.22641261838198595,0.24252102712021992,0.14292160582076727,0.21564876687135218,0.1886826952851879,0.2651591947909894,0.2501858837479022,0.2362062791382123,0.22428373909104912
0.2182932473556999,0.19678421851817368,0.1429884383036505,0.21549868661966048,0.1874027402872675,0.2591641868297171,0.24239518288347264,0.2178760980379017,0.23255361144187928
0.24733151978479678,0.1920984270690469,0.137654406455924,0.22159375479035362,0.18973586597147482,0.25133053225847757,0.2425828502382958,0.21288669088928486,0.221276221364362
0.23737289374958953,0.2002588904213733,0.13972959209845712,0.2252120357314455,0.1883015047442799,0.2516203833317872,0.24445548810244103,0.2280581454573783,0.23180792405722997
0.23845445310286079,0.22436524538634492,0.14338962555407855,0.22655596068353878,0.18857037411343566,0.26157647374098153,0.24721190735171464,0.22326206729865897,0.22828181730250993
0.25121192467033804,0.24596075247118543,0.14308673561584814,0.22118156109620815,0.1877491067295621,0.26202309348560754,0.24704992738583031,0.21244361686601407,0.23654700542565785
0.24782258200535567,0.2779521983585634,0.14153450230219933,0.2183084724493407,0.19371833224688068,0.27095161885178226,0.25060970919672293,0.20059311382877065,0.249336901731636
0.21632647706438843,0.3037565974544786,0.14030252842866894,0.2145306676509857,0.19312536642090394,0.26801958590894126,0.2619772629716938,0.18790130266387958,0.2560300680995305
0.2188549089097596,0.3187173818146173,0.13791733876364104,0.21650125354435484,0.19537954845860686,0.2661473750009589,0.23744535824548263,0.1814909220043855,0.25232995148645554
0.2017785630977195,0.3078635899620759,0.13986421740734817,0.21773003744767452,0.19711133817565177,0.26495915720176855,0.2257107545448407,0.20053133047472146,0.21838358245683986
0.2172879763500072,0.3211942226610657,0.14432272937335971,0.2183660974097976,0.19954596154590312,0.2614258245267234,0.22234412845624404,0.2113503159036872,0.22399013551076635
0.2412773208275059,0.2907005200925689,0.14433458639320862,0.21918545682018767,0.1988763713693288,0.2536425427503104,0.22652134815943145,0.20703493680655635,0.24655237582548534
0.22246906985849688,0.26204905961545666,0.14401487199428079,0.2243593691302288,0.20303022933229992,0.24536950649195063,0.22869740565265378,0.19845017045890181,0.26458245438603967
0.21711985715736673,0.2274580904093986,0.14346119823449793,0.22111315195464354,0.20230611502810905,0.24632330414686315,0.24156419487143072,0.21380554950357253,0.25623907161126036
0.21338508002617457,0.23238430946039051,0.1452736618153041,0.2173156904171803,0.19989830827351532,0.2537232467386894,0.2460748391381471,0.22121626570352415,0.23930686781432065
0.24969347243175524,0.2763133315337788,0.1435988330232204,0.21786098324945027,0.19349716790259427,0.24815308094227356,0.24410283997998972,0.23885125004698426,0.24490947259693766
0.2530313461328445,0.30444271719546734,0.1445249514518381,0.2217368584495924,0.19322186018836032,0.2508477485944512,0.243365981178824,0.22756780195125254,0.22741256731405335
0.2692338796679733,0.25757596257242016,0.14400965098316057,0.21891783606884446,0.19479067135529668,0.24629464738896667,0.24853062679868204,0.22520366445660864,0.21711063184921855
0.2676151192771451,0.2521664833325803,0.14437483183995334,0.22089143285440427,0.1927583110623835,0.2441890832511084,0.2538718536409286,0.21858389762746322,0.23593948449791508
0.24857772415064844,0.23585742065535714,0.14479989522012954,0.22012454187856348,0.19617514373681186,0.23569966400407177,0.24157294544043853,0.2148214634526379,0.24185132843960735
0.24423595257583244,0.27788886192926876,0.1444664957583063,0.21785191067604204,0.19323269145237615,0.24531693231277749,0.2476156936899569,0.20853837843496434,0.240649542427972
0.25174525640310524,0.3070182057311662,0.14440729506108227,0.21489111296783592,0.19262338304168777,0.2508999440726472,0.24904457749570338,0.19777832206786158,0.22859266946871326
0.2545149578687424,0.3097859101790195,0.143184283666375,0.2160820590706341,0.192740670421448,0.24580380092086973,0.25632746486417785,0.20573750906135485,0.2590210766377107
0.266479132060393,0.2985499332683814,0.1438235825446501,0.2170658828856981,0.19417809843353642,0.24475220914672235,0.25951379268157504,0.20349585173304627,0.2523399340297239
0.2760441671064831,0.27678929428696564,0.1460172373039335,0.21854207872294576,0.19247779659229902,0.25200127206281553,0.2649248790965282,0.20961938436038718,0.24766914056294173
0.24184596572075187,0.27218967008380385,0.14600359577694583,0.22274324424301487,0.19149350677339033,0.24443685328844522,0.2558928936416835,0.21984098942672475,0.26919152135592667
0.25987186946518614,0.30032082590782355,0.14567272886732868,0.22002075762486215,0.19190363911570485,0.25358525624710343,0.24717786143884254,0.21463265802302334,0.25850700183231073
0.2515905062496649,0.3060808380289898,0.14557359147539123,0.22581181627287858,0.19369211420939875,0.24792943402629075,0.24843755593101774,0.20935174469436477,0.26284031600817603
0.251853857753611,0.3099889193971572,0.14502095428846634,0.2288150868220426,0.19048837453030917,0.25817099581102826,0.24964633280776485,0.22881051427922638,0.23845007638460364
0.25817724347533566,0.2883918406926357,0.14485739488383487,0.22423122496162745,0.19024723980873723,0.25835655752009073,0.25480988765161816,0.24694253879681002,0.238789929114786
0.2627056310362962,0.2731933435922681,0.14535463574289026,0.22885828219478452,0.193427132664885,0.25852063418259635,0.25247331608305135,0.23928490117749768,0.24626408219249532
0.2538358081637321,0.24770898810823336,0.14520996426190985,0.2261256746709419,0.18983861264843802,0.25256730738169025,0.2534073680314373,0.2209685302552412,0.24345095554855967
0.25267080271177633,0.25012748079903574,0.14331249306420005,0.22425770445092388,0.19220364755935537,0.24098602935565075,0.2478328727697429,0.2105993254608133,0.23548655984965294
0.24458421101915764,0.25397099068604834,0.142822610169584,0.22369098197122134,0.19433348050052066,0.22713981585918025,0.24569691621587594,0.214451355585941,0.2603796645714359
0.2577918828998501,0.2866538661384519,0.13813080955367404,0.22569477083209052,0.19784720085860022,0.22836093542099958,0.24288168150373637,0.22417805928419737,0.25910012699731594
0.23039627169068505,0.2817582373368972,0.13719304601237178,0.22292734419816035,0.19013808939799923,0.254823416737112,0.2401772299103969,0.2180563951248454,0.2539966494993476
0.25393148573112784,0.24892299663620232,0.1430957911189153,0.2251512426193588,0.1857229527004961,0.23204225106233972,0.23976549932113805,0.2187833169597894,0.24314909438862095
0.26770135137885814,0.2154394014630591,0.14452774556997955,0.2234597898448527,0.1873797290143233,0.2194979018258976,0.24210592742797682,0.22361886004385365,0.2535458858909531
0.25640252420611065,0.21514393934939285,0.14171677051464,0.21950697545041786,0.191146770889586,0.2186327121802634,0.2389359937531576,0.21569547055111837,0.26232428466790286
0.265211875152217,0.2612936594861338,0.14531968738095533,0.21989011200095906,0.1915392926667792,0.22481654921121794,0.2395916290548357,0.20272002547749288,0.2575498460106213
0.2694601355862766,0.27815026085412,0.14554323109362166,0.21552566014590935,0.19704694634044584,0.23027981527826458,0.24527126773652952,0.21156805050271796,0.24454075044694218
0.25058631819402094,0.23079566003517127,0.14198152788840407,0.21423212078792706,0.197821783024533,0.23861483346565454,0.23967809603500917,0.23034085769955642,0.24272423075714294
0.2627621125618708,0.1905741842542632,0.1439033865536249,0.21292257140459864,0.19945285706513563,0.24028400398195082,0.22930482040044373,0.23403858375078435,0.24986564336242906
0.26258533862324757,0.16489889429325466,0.1441924253901218,0.20960765078099186,0.20078503108408796,0.23359935520837,0.23357712167723646,0.22419477702649435,0.2366761763675031
0.24287166005398805,0.1580504259873876,0.13931751908005394,0.20310503308034028,0.1948535794729303,0.2183061872576573,0.24236352973644376,0.2318720773731206,0.2356544098785584
0.23758452396843527,0.16378273492817338,0.1351381037423624,0.20437393713978697,0.19821549426207047,0.2126779228767142,0.2506532629376325,0.23172333683915863,0.24259764005704415
0.24617903036857253,0.16528531213410336,0.13724123516198306,0.21040031211203977,0.19449220433732928,0.2239521350723373,0.2629982946550236,0.2225475709355127,0.2408968262807377
0.22197597727377733,0.19722099524067632,0.14318583586016356,0.215024197898567,0.19006263955419023,0.21944066997224249,0.2706528514214852,0.21879387507181208,0.22845692574465748
0.20846943762415554,0.242823617909805,0.1442702667084052,0.21405659973590696,0.19130105252959043,0.20825476624713127,0.270080314874727,0.22377403553600064,0.23768381787733645
0.19720092435056466,0.22331698968254243,0.143654978571479,0.20599600101443377,0.19187599086542634,0.19867926451868223,0.26982575158420113,0.22583039315503334,0.24217451011602562
0.1975649090479165,0.1932682212043203,0.14069111983025673,0.20565514566705292,0.19217530598982546,0.20502490990549554,0.2629996579747125,0.21718815399879676,0.24362942639593937
0.24363586533438622,0.1888737214350188,0.13965223713420244,0.2087822972809076,0.18815893811563092,0.2183994551141208,0.25745496989175715,0.2099087470327639,0.23999718711751436
0.23538188965891763,0.2067784851833577,0.14249771892775862,0.21652435972526046,0.1872059070519222,0.23813876035769044,0.2517239451146522,0.22696297726963807,0.2447806050837819
0.18190328400743067,0.22270182478982548,0.14494195957939632,0.2190106161849363,0.18628659174366047,0.2439907181837286,0.2431861159717615,0.21616860764483362,0.2344969596895484
0.1640079395266716,0.2045897266087287,0.14495022023722456,0.21994051334741868,0.18967371248208753,0.23407839373370565,0.23099002670421956,0.21393098292374008,0.21200434836727458
0.17460233234763428,0.20816045134792047,0.1475795112281653,0.22250790643490853,0.18931528681319512,0.242677435575984,0.23774211624684793,0.21632818274741308,0.2026069165432729
