0,1,2,3,4,5,6,7,8
813.0542506890206,636.3771532205175,3517.9790472267455,1531.6190737424793,1794.6426519984939,1009.8514234110811,973.4376329396048,1484.2653300219179,1094.9506798213094
922.7414703195287,648.0701076117707,3520.741968236767,1561.587020306379,1795.2832350163203,1007.9614282813963,1051.7436680497974,1533.991874074441,1104.0186753841385
929.9619659547101,854.8373424590674,3520.054398775318,1493.5366328731216,1721.022138320194,1045.7363538552404,1177.8601330945485,1352.4406630004803,958.2050816367363
1205.9280157770008,729.6603187332946,3522.2919265370133,1430.5778342861574,1723.4940063070592,1070.921526035537,1178.1546713075431,1261.9959948770265,1187.493636515471
1550.9912688852314,702.2433981271181,3450.433537317389,1440.35892738452,1680.1509884753907,1092.1182789316333,1035.5333083868722,1483.7335167841793,1393.1988341059089
1604.8363007525604,665.3911598832387,3528.9873132562234,1413.5717645790116,1726.712926987753,1041.9491086516582,1065.9678472341977,1642.2213204357408,1566.6184524494524
1141.6669350590494,674.9584261041415,3491.6073354416694,1442.9533534386676,1724.2413945727747,1100.5021781237638,1024.5069593614971,1525.2394180721683,1347.5885145846473
1075.6666242861154,596.741535970358,3611.8395589895567,1539.0789794226164,1763.5649211533057,1094.688517272352,1116.0626340357437,1390.0000302019519,1288.1029196811216
1698.9093910657393,660.2372471799831,3553.380990411609,1544.0240709602479,1803.1465163443183,1124.1005491663416,1056.9774841815693,1158.4134344246954,1285.8482559586032
2219.3542234775146,600.279801143727,3541.5437208997214,1567.616569897298,1721.064997611295,1163.2123564940546,995.0462330398261,1195.2807616929467,1508.0821741670736
2149.4206321215293,530.8061885334591,3521.4658502306693,1513.3268702900043,1753.1146409277878,1161.2965325310226,1142.6988142469675,1345.0541213173044,1646.5223160636015
1847.3174838966881,617.903824421622,3551.266053466363,1501.2496936347468,1720.2682600392934,1091.1335940920408,1168.4276347385048,1204.499514452324,1455.4949746078921
1540.062226074905,622.2368355705811,3660.175981704326,1462.3741103280931,1802.319899697362,1158.2904095094066,1019.4492926709833,1358.4866834685906,1295.2420021188427
1289.1748288591316,627.4800632941669,3734.9428470476446,1558.1919973845704,1776.1927535087495,1150.6639256911778,953.847335224817,1595.6681967474494,1168.0172828163297
1015.3613796532744,621.1081357696623,3764.720817108356,1478.6356698737102,1810.7422666177833,1095.180441032212,944.3864187778421,1608.2219942132226,1216.7547625241643
908.9650854616399,534.6699198464406,3716.7313782122446,1553.6275184100193,1800.49871798252,1082.191491960127,903.4119191929458,1710.5003458788756,1276.1680577239413
1162.3165954777494,625.2002945223064,3607.1973426315367,1634.7650464254114,1823.6667392084746,1051.8057579393012,964.6389320801462,1593.9504644828744,1118.333626710378
1336.797745097459,615.1336878362237,3532.082380859002,1598.9378223883893,1827.1718358231042,1074.0815444507452,1051.6862466404389,1857.2453034979633,1094.8679048972338
1384.7669774320975,590.4977503457127,3502.211583375285,1513.1905226363108,1832.082245179883,993.7922732828266,1049.7201631983066,1780.939327155905,1242.3752835391513
1218.6034269789225,636.0496494742201,3635.1310359678373,1478.1592709634203,1837.3601959958405,932.7719236328438,1022.7417773195659,1673.3661364160785,1195.8378906478335
1077.996291003132,701.6987054845819,3699.308006682547,1484.0738889679042,1787.7251838879222,1015.3572679181663,998.1651570963252,1456.7514377953141,1190.907522071402
827.0931026403555,708.6599656792926,3566.970495833702,1468.9403652878482,1899.9609921801145,1068.9480760194172,960.8020583889041,1271.5557831151284,1337.590224057829
1142.137019833436,732.0030603159566,3528.7143345682834,1374.3247397530515,2044.2944611510725,1116.366225158408,891.6923841924981,1274.5419634873545,1412.305644025904
930.5142164869213,682.9921497429116,3518.0480545277183,1328.3658100158177,2032.4574046792632,1011.4280517320942,863.5132690952688,1397.6219655742664,1374.76827197013
1045.0724412682146,660.9546670094709,3419.9345225232614,1363.4521739925467,1908.3969678717935,1025.2272752088547,905.0900824883306,1301.4332878018197,1369.7677724480814
897.1103409186082,849.2493175105529,3485.251086066393,1415.1746563324887,1904.4956681172025,1013.8043549377426,910.1908109333965,1276.2348201219813,1293.9504585146744
1031.8622534918543,813.1370015721379,3489.6872722901685,1523.7673588140258,1816.7200778956276,1010.8045460026585,916.008298136564,1123.309722390169,1139.5903708619878
1117.713781418035,614.9123479074161,3541.287758937786,1585.3375197086948,1739.0182096706542,984.521503063924,975.3924402499299,1165.2591341277441,1114.3469986442735
946.4706713229718,644.0091714254088,3599.08541161842,1638.1170269612378,1711.6988507565216,985.365590469358,1066.5417490381508,1257.6479924294017,1021.5296153713211
977.4037694964021,592.7203594264051,3619.943061302177,1561.612221525825,1711.4976378708832,988.977515498845,984.795314066634,1321.059602738563,1071.8014977311939
794.942480237307,831.9437316849632,3615.5957768020203,1419.7049006251773,1709.1287308350036,1063.588843474372,1028.900431979186,1340.0930496100545,1218.9164283517891
748.0241703279103,729.2194487151448,3490.272970116472,1418.9073248347056,1691.3791458864341,1032.1014250752394,932.5736384059874,1330.4718311384795,1262.4531389507952
753.0915654179961,776.9232588143869,3420.6063185416524,1411.566564159966,1664.5213842812734,1107.420203457171,875.4510115593184,1472.1150186708649,1218.8681087842915
713.3850916895819,753.989863605211,3475.6064912810334,1378.709258488011,1653.1987978578743,1095.7863505632736,904.7502594568781,1533.636668453683,1080.8182449914902
902.8150781491917,556.99088374798,3466.43107716284,1435.8451810160204,1638.4993492442466,1176.9064122431275,912.1835464257484,1602.4741530166361,1082.2995635503582
936.3955639713919,554.7087958001592,3526.183907666755,1575.3764577712852,1692.7488261132573,1152.5833708219197,917.1881619038562,1621.807905174218,1164.4938240692447
1050.108594382116,741.4785308793279,3480.22029880014,1754.4743914430749,1711.182474905549,1092.6017358204135,895.4637354150314,1434.0107272118055,1150.2276429104718
1116.6018757511579,567.0410343992938,3452.74913852278,1734.601822103029,1700.6492259362371,1181.1723333686164,967.864678956519,1269.3193901396517,1248.4993022464619
910.173563967436,612.598376923508,3509.875736792304,1615.3061412335965,1709.797977857058,1148.784854513666,1058.4955857834766,1290.311204547017,1138.4169911120737
809.2359180693089,854.4563921118711,3420.218735450768,1546.0065930131098,1690.207775165938,1126.4375406841978,1052.314010893076,1330.2581917330333,1019.8776528298862
841.7849076917674,1438.0841431832296,3540.9167718329622,1529.5576445375793,1715.7573489101358,1162.5026892775547,1075.6951191303576,1152.5910342199793,1249.8741584270663
865.4271154895281,1623.6609037927353,3660.7166435758613,1641.8388793249658,1755.4616408206684,1130.8804821893607,1009.4244263500652,1304.3130240164403,1477.5278254196503
891.8612990116579,1524.3819435167356,3666.325707823072,1624.4541882825386,1792.9877292623526,1066.1618438345458,972.5350611752355,1276.2726202655022,1327.4071143499498
900.187822439218,1010.5641084783298,3571.3862637842576,1606.5811655525079,1775.7158781515554,1025.216090767843,982.1910256936728,1231.3252829880732,1235.2591152029588
701.9991595411522,874.5387542740298,3539.4584822187694,1599.202169972887,1787.0770098002097,1047.925947061896,996.7139432366649,1348.1348145255024,1243.6320294435523
928.6542052153109,1430.8198168390975,3464.658576554773,1580.5597854279156,1802.663652446171,1118.4972967117712,1004.262822219425,1464.3742276925902,1397.9657816498755
768.0651725146064,1958.38368286779,3477.287427777277,1580.5754685802988,1791.1294257228542,1002.4152210587922,988.8168014337905,1450.3003137538667,1337.5988662582797
760.5886315876018,1882.3217546029675,3427.1877088122396,1623.9831815969067,1880.8499854237718,995.9905591733761,1055.683361277078,1345.7616286470254,1290.894661989972
874.9513405582732,1062.6256244203466,3451.1605424950935,1599.585999909837,1771.639348822567,1030.4793689284202,1108.1043313706252,1280.8758773297925,1191.8054411775536
821.4275304241593,803.7193930928873,3454.614191936134,1550.3931308494498,1819.2938741096461,1000.1853291863787,1102.383291073103,1304.4654658927043,1176.1820281521075
926.3306582787297,1283.5589887941549,3413.640630520793,1393.9485372533238,1828.476801784774,947.2746910573362,1005.4118669555223,1292.78139133818,1059.7919233568125
869.5543598918734,1452.1300290219863,3397.648784768471,1334.1940259999742,1822.4658588368188,979.8922080990983,992.9002957935314,1206.2309347192393,1119.388130434519
849.5017358094649,1423.4397332510302,3360.2480786412934,1339.484339219165,1813.6939098148018,900.7370176604702,1237.725079144037,1200.6469672235175,1078.7136570556777
823.5292501976028,1508.414406549403,3442.5414620326146,1400.747268874347,1832.8519603230839,908.4679413760931,1226.0298820510009,1353.3912729932194,1282.921160231372
832.2180275461898,1288.7600774294299,3395.7538857477157,1415.6127431232119,1862.6937950285117,958.5477484912439,1158.8681192019783,1249.916687890805,1306.2914291037034
1108.8596342252572,1170.6158194863053,3392.1402462275573,1448.1147071867717,1792.6210981190218,1008.3222734366838,1051.939224863414,1064.0076576588224,1158.7770977448656
1145.0198928745592,772.8802124207427,3447.0212448014754,1459.6987047615034,1719.523956588974,964.3934429829554,1008.7167687412211,1108.2153977661458,1005.8624997890846
1413.7037433085354,698.197809895784,3442.182184348221,1418.5492043450033,1694.9653132444732,988.627281008368,913.1980736061025,1125.3721652555878,1143.7036429961947
1412.9962342855717,1013.1209415618889,3426.2250293426246,1425.7266268698404,1664.2914897070527,1010.3414793283631,975.2596683455612,1194.968279121243,1218.6849938754558
1083.6976923625643,1163.037014112896,3549.7393803280875,1404.516779319553,1684.9613803201214,1044.4427375099083,997.8459410209803,1277.940352647628,1184.5529023491301
1033.4346705760954,1136.846586798398,3450.903873224434,1416.4276285531057,1649.0559917092205,1096.0104775095504,952.2844406388359,1446.844951087833,1092.3706424816905
977.7316488898852,1044.3540104043805,3441.7295944484144,1428.686593738891,1647.872222091065,1123.253844278741,854.688986097999,1656.6161852014875,1095.8008882205042
1207.0730030516017,782.437423023591,3468.722913476855,1489.1601373945896,1675.140913277492,1170.3028657707785,902.4297533324881,1840.3375628049039,1250.7626561513189
1155.8300984060359,539.2188112485428,3411.303617388677,1481.674892882151,1648.7841288295242,1100.7810137854324,906.0930075808294,1867.3471919435895,1178.4877480021246
982.3822497626833,750.5955380882502,3485.425645862096,1541.8637986490041,1720.8944381560048,1043.7629495688209,890.437865531512,1664.9552698381299,1169.1273526899683
763.0331385436343,755.3248227608003,3466.786290559974,1498.338000009685,1700.985853559903,1030.2006289411497,937.6278095539153,1438.852690930046,1163.3132000535936
1005.1449684476293,850.1622248548941,3510.277991383985,1480.6602393884393,1739.595877142821,1011.6694213478307,1010.922536623201,1473.3514327118562,1013.8268931791984
910.3520494817238,702.789405441513,3540.5255328693793,1504.9989929234362,1750.4927166054472,1072.965200037342,1071.9648106550026,1509.1127540362656,1028.502302773874
801.3303716766565,832.2642277161872,3529.769266934747,1508.0762872166047,1748.129581215693,1092.8404118801102,1084.9284767040958,1331.5975777954527,1228.3115464324521
887.5948865841646,715.5992898547249,3517.6410634750923,1538.9355303027414,1776.9470893420782,1099.045577932317,1043.2101193310566,1339.970956682441,1164.2685252975862
820.5681026424065,702.0227742619701,3684.1345022659775,1507.1269685854706,1756.0023008580674,1079.3228318369056,973.6496150335282,1496.9319810333573,1102.1043009971922
944.041491966109,754.7411962701769,3539.0084297162034,1551.1595026836312,1789.8646744666753,1073.6898183726628,935.2171105660215,1541.9470586129175,1167.5275034394463
1022.0566926576452,636.8981042343155,3574.89494218474,1576.6453978580791,1808.5540437317995,973.7185496184031,895.2113516697954,1400.1284334782454,1200.637871897647
890.1894825788874,564.8759858289642,3519.5568044671886,1553.6660277337573,1852.6612443900383,1072.8721328021402,850.3535835073628,1357.1589338807214,1175.6786082276333
902.4391610612932,602.0933675147016,3463.7551522169792,1569.0985752320328,1838.8026782925904,971.4895507722715,845.7546866406135,1328.0962473858588,1172.4952015594688
865.2016767880743,573.8847248374199,3463.8516340730016,1583.570229282746,1873.65090787333,968.2866590065656,946.2525833538401,1275.0116970316906,1018.9284279534803
949.9509975907334,659.1343862416227,3401.937049242627,1492.4962849475155,1784.3723660037824,961.161652728544,917.1884256643527,1317.5154503179426,1282.0773418685637
1001.0396505584454,631.3289201647743,3462.4153035538493,1445.934644808818,1820.5107931844047,986.7604813808709,924.252269992182,1225.3177980696003,1284.07127261464
877.7029207744356,661.0502177708121,3378.946147027153,1366.2353905318687,1837.935018383081,940.748366020985,1051.4341670796334,1318.531560209049,1116.2510904909823
911.001856160637,576.7676504614776,3482.064329148931,1340.8959516531063,1791.8292257711632,987.1875108154009,995.2407293415283,1399.1305150689986,1132.230367996215
848.1425052711666,591.3743301136437,3430.2823031642315,1319.624363583846,1794.8781461197643,1062.7998092038672,889.4747208014554,1454.7453130802232,1291.0737430068602
842.3735300560489,753.3967246766848,3469.578830263092,1312.0439016495766,1840.3087975400356,1250.6974624828147,955.8161328168778,1219.0770535992497,1269.1471469916305
968.6403763454427,727.6088478310506,3581.890585520605,1396.1449887080284,1810.5668728978383,1373.4003891594894,949.6603786124872,1119.5273878127632,1216.5160784239367
1127.1707060579936,613.9201268479668,3821.2312355344093,1563.9733779012874,1797.2198643027352,1225.964269697872,940.6425761643147,1315.8200422697169,1220.4225689988996
1244.8994399141943,558.1178819431154,3772.907343577069,1662.3287601567945,2013.036159388943,1041.7259620672664,1025.7337274770728,1330.15685107429,1212.4901451536948
905.2016755044075,811.4315512072639,3464.2420756383035,1491.6958724970516,2018.7466499507955,1173.99373273399,977.3086325536252,1378.332581246682,971.3479780149058
947.1236846879467,1012.2835739059168,3554.757160521914,1405.5836597294133,1945.0984526294003,1354.605360168497,1029.1351611801226,1398.1901903011455,1177.132968057291
981.73719258554,1264.3796641044194,3852.9956764183435,1439.9586090975865,1766.9705050284942,1374.4673083597233,896.420478370831,1501.3162842500105,1476.578076952219
926.8383327571319,1432.1371494350262,3914.085272203696,1625.8569471190247,1722.91262892193,1331.7505946673896,911.5514370525678,1336.7362513233977,1575.882224600271
953.7149225700961,1787.3859514409708,3727.494050418016,1768.8250880953476,1686.7373700015366,1242.9548500422027,978.1808336466021,1330.9355292059183,1477.911642755525
928.915765900802,1620.2279300059824,3660.703748321074,1720.3081247740047,1677.4667768052284,1175.2847983335455,930.1083339853344,1330.438944888738,1414.4243974720362
1044.101920309034,1148.6540109168936,3549.9101117219857,1625.8552740626642,1675.754183392492,1150.866950958829,971.0993770991367,1316.7450447578578,1452.1518774636684
1241.9575629360627,724.7481823285103,3607.7331261775134,1577.4698295995522,1737.4188562980328,1126.3693831617845,965.7657784955715,1267.4293133096457,1240.2339961258538
956.8944940238542,1211.2191740846176,3544.4582438406987,1643.8932009814841,1737.8919851876872,1192.0584244182567,980.9033029902877,1405.6252507831205,1284.5595415231985
849.2234451762215,1988.5261009046328,3655.389287629957,1795.7860415276004,1753.6970578105074,1182.8389309400807,1031.3787796594147,1375.0710967576408,1216.4790010530894
1087.5135974344337,2243.5709987375885,3534.0026357594365,1808.5327112389853,1814.863343882703,1472.0744002469153,1048.755236919631,1421.8652599653724,1126.4383346348784
1099.0733127335895,2111.4097484147615,3485.3003901583716,1658.7170692367283,1802.8182594403404,1323.0169332352352,1035.3639867189322,1292.20727822332,1041.6858367189066
900.3570830964409,1660.1666284838334,3535.21789246125,1557.8562594578152,1767.017992757228,1319.5691526414957,937.96884135483,1395.5852162668398,1233.8088391579665
919.2134552704181,929.0784567710507,3524.372020673511,1503.6999314082195,1802.3821135477738,1188.6514469882065,940.2473732837667,1465.1773958318981,1160.2377401015804
1008.3947167613999,684.7564747799502,3577.299186471867,1498.9130619231455,1844.5209142979252,1111.0391667913343,926.0995465516719,1405.3746836224843,1053.57847528069
981.3193766642648,1047.7573409648344,3521.2615522432593,1567.9651921116417,1885.1702342252026,1089.5351236985703,942.6729070171153,1210.5351584108303,1208.7955732576015
816.658690283851,1107.7181972710714,3606.5510275764564,1530.803102717484,1971.0593958090017,1112.381412086704,922.0138987205181,1111.1804655242302,1200.6147205873706
902.3782734767572,1164.679807484652,3619.3144345685137,1468.452517155659,2034.462486050992,1050.8238025411679,985.506572255047,1164.7763868953105,1005.7585513588268
1040.320689859937,847.9067750650547,3506.4068491895314,1460.1556087370436,1997.5191282474539,1009.0515149072544,936.5875090122815,1169.0696305730276,1121.7603694084717
946.5909463852125,879.5500039042762,3525.1245494650375,1477.4976202572093,2013.6040155008336,995.6980139684105,941.9527591320062,1317.7931948895596,1070.1683586723655
747.8673667502342,696.8188061434992,3502.594377860975,1493.0518752282662,1965.362746333611,1059.8036235629543,884.0310307960804,1419.3381286937538,1154.9166764030724
968.2036318565725,860.7360484846843,3540.225610626301,1449.4049694784246,1938.3306395148916,1015.3494009191671,879.6995963355874,1398.9646246448383,1168.222887445023
949.0648160918497,641.0952934859881,3507.9992067973017,1428.7547444544834,1834.3553616102809,952.4070341980221,885.9418274554376,1515.1180624123942,1255.106016336219
914.3927171015374,583.319381360923,3496.6113129258615,1338.6347800132128,1834.0839199260672,936.3383442291678,948.2743864018101,1730.8616406677465,998.6129143225095
1105.0181769900269,809.9953804651104,3488.3710132286237,1326.9352583167438,1829.4198376126433,953.4332266646724,992.052084525785,1451.6107548994069,1289.4312888534291
1432.4658328935918,787.9454114414139,3552.1291707237865,1354.5886565379183,1867.8483011519925,958.7752443955782,1064.0295562980475,1293.9970517990337,1313.6832612451988
1576.0873320706612,608.433960181347,3650.3993801412257,1413.8429806252766,1849.844367103896,1029.5620091961289,1101.6420100544292,1422.8201917926617,1047.2290130778113
1600.7910094896656,531.86299425688,3663.5918907796613,1409.1091585963634,1816.5382521766453,1051.7979979092524,1015.7784755122055,1605.4237088399873,995.2283657394978
1078.5684369541166,818.5873644150128,3478.712399163641,1397.2898063856692,1778.2839969020904,1043.4427432287148,1016.9611929282637,1491.1842486935564,1064.3330884417926
1004.6603715344777,966.7275379283011,3489.400134544781,1422.4157706316942,1735.0918500377907,1095.6387103597554,1185.4220161950484,1624.8406624107179,988.4044401124938
1728.474701626607,988.4371593670771,3546.1276889156916,1393.2951417081047,1709.4663690252132,1161.612442538898,1345.8863250347256,1655.5344284493553,1017.543201377129
2020.4863317163117,786.8914857908197,3621.1021666684346,1408.3222256783151,1722.7803594506615,1093.6831511511052,1146.9238156039582,1430.6858998028572,1225.695730757523
1816.7418964896062,734.8892284688108,3548.5825388351336,1409.9160791213844,1752.9745559114706,1153.3984551042488,1066.824710070599,1269.2576372294134,1203.4309807909017
1553.8798785949766,633.9386005956916,3610.998491382966,1452.0920885514959,1749.3698344335094,1135.6651712152773,1315.0938008793348,1174.0364023344453,1204.8353996410146
1303.376486122683,852.0711557955677,3571.549094211074,1412.9195906165671,1803.2505022845044,1145.0121940733463,1509.9336839138127,1204.83144840949,1157.8839699898065
977.09239187436,846.0926621050584,3465.5759900468984,1451.0174118036407,1779.3424154588174,1128.7214989788604,1291.0709184004945,1351.0864091901806,1071.3809713530648
1052.3687025668844,657.2006404899066,3487.667974913967,1463.3677272967236,1793.2319468629769,1090.769356236056,1244.5899943690636,1316.9888971421515,1219.7577147254613
1120.7874284219472,671.0598214401846,3612.933099008905,1472.2880597690435,1796.8492274273822,1080.8257540945374,1049.1976363173842,1235.653920141718,1289.3061194831364
1090.6558066632342,639.6033041039349,3542.447213096999,1474.2030153594621,1784.6644010903842,1140.5355533086893,990.3985023150773,1418.2286390568768,1207.9320003847577
1018.277344491168,792.0387191889338,3469.9966383136666,1480.9241569445405,1820.4452666730704,1132.7131877962568,1000.4656840201989,1686.6015880297862,1110.6390846797883
1161.2164726105352,654.9812166055865,3543.959034466935,1478.2469308225945,1850.1044358602844,1159.7263656626633,1041.4147414738964,1464.222878467916,1021.4501041513472
878.8568206175191,594.8039184902685,3601.007044363861,1541.3238168713892,1811.8921048209288,1139.52269750037,1010.4983964135129,1270.8307322059638,1026.818668928284
878.8554694943838,667.3358935142224,3602.0540310565193,1506.7051726592124,1840.2263971320242,1077.656938142616,1000.7747388123036,1400.5166430651361,1158.0124939275906
1010.6954131752948,652.3610669238188,3580.147952837547,1538.5196354994875,1861.507413513621,1128.9187606100122,963.5532246543338,1474.0066434746661,1354.5122195016688
844.1235472839653,618.8727635636684,3537.0466540157577,1485.0022967096888,1854.9299886575893,1044.943966044274,962.5619453643241,1367.387905194805,1351.257743248459
851.865745921299,533.7992286409213,3451.962868938538,1442.6123122276965,1893.0264890284343,1000.5500358322964,921.1809713006141,1206.9681390855535,1279.9607299918027
926.5399354027126,579.1091035376116,3488.29773551846,1502.0755772984774,1903.24432478997,988.1384913301824,1008.6201773590388,1171.7489307574206,1170.5273251938386
965.1084015880061,715.604220804454,3496.4559589809132,1498.7510913154813,1912.0681453433926,958.7001981835652,1272.5020120625056,1276.3976144728197,1253.619301894642
909.6420180445906,744.5311960824423,3451.866308067195,1430.5629938258057,1840.4266381171008,960.193689685122,1342.8149880086087,1493.6212006283297,1115.737196302643
973.8658692633974,705.5183818229534,3410.548819384216,1372.1331757064163,1845.968965957553,912.5399116142431,1253.2824290572619,1369.464574436236,1036.5196001939605
947.5217753594403,672.1586136822117,3461.7085342276355,1349.0459155704923,1864.748877680237,949.3425666000728,1146.9177525219472,1379.5747083199642,1202.867476769079
936.8687081498784,714.479666606179,3436.546030784002,1325.787186686284,1840.5669448709123,1023.9851492555675,1092.363063493625,1532.3628438768949,1174.4120340801444
807.6303325486994,643.5196756609557,3443.697233884087,1356.7099395168457,1846.6550370505595,1223.0122033220541,1143.1072978542963,1580.7719531964178,1228.0615762187765
875.0472491046377,591.3953957321343,3462.746605843537,1399.9705359681438,1884.38333746824,1283.0535367859943,1259.1460770228866,1354.408829947872,1170.57521580229
779.6339927046837,717.7682927989413,3445.644082675954,1388.1277134974289,1850.0902637837933,1156.9503774127274,1194.1348333327837,1355.5723384629846,1165.3562846475024
876.7226472499851,683.5612579511907,3493.722984254837,1332.4491749055323,1779.0901524702958,1058.3534154906893,1123.818894768079,1498.1396227499802,1084.740375226384
952.0568606349606,760.4098044370896,3461.968723232646,1347.5649969694236,1731.3699716542415,1079.3781975097788,1014.4546189679431,1683.3237529875569,1033.187734939774
871.3939948433324,897.8376818972575,3446.370260004694,1395.0386558545388,1735.3176346409514,1158.6106631768764,924.4263275254527,1476.5839613211929,1053.9280582182862
881.6645447579781,859.8194168940269,3450.5645046965387,1359.7514542439505,1707.1662103772392,1215.1902139241256,937.9178187268731,1240.084321727509,1263.6038006758326
887.538404950214,687.363146919717,3475.877762988325,1359.8531012634026,1748.1121486377335,1151.963971529002,1027.6919667984228,1256.2643837543505,1453.5534418156105
999.760415406467,621.1447157422957,3455.387791696234,1373.1848328592118,1720.7308441857886,1104.3312117437836,1186.6567306242696,1264.6655769576682,1085.281432007612
999.7523286319937,693.9016266863281,3510.69725025199,1362.073036500887,1711.8967359529386,1120.6061000801822,1170.867404641554,1320.2018786586707,1061.416773131968
1052.4210402470126,797.744746545887,3490.6967115712023,1442.7985173836207,1734.8041394960999,1176.501349693529,1058.6280428413936,1478.9448528349722,1186.0935048379674
1037.7113013898393,672.7928847017417,3439.7607271282404,1712.742980407569,1747.6952302752418,1171.5167001084405,949.0572369954922,1664.0837034887138,1112.247926647577
859.4305094597821,721.3927886085522,3489.9431163764266,1945.234822213553,1778.1791532848072,1170.2646590791624,1084.5816606483345,1587.3905059014414,1252.5093303682884
880.1602074610745,708.3341616776964,3553.0804486469356,1750.1480150467282,1754.0996959220022,1120.1104520678873,1108.7026589229076,1286.4282398303685,1216.0268101583133
1051.067417644762,838.0531652389996,3675.653016734153,1590.9676563210255,1796.4199127472978,1129.6898621890473,1219.520377254334,1133.9465647187806,1055.2737240583185
916.086734938593,1248.0048965539831,3776.301097851918,1905.2843556678745,1763.6602238791224,1172.4254355031003,1282.7401663961955,1273.8812187543504,1054.081445224449
1106.7931554606498,1499.8712926283035,3783.2863807834256,1923.6043464704271,1762.153476537525,1103.9226286778205,1244.6017643901114,1319.0526577169317,1085.843360674554
1098.1297312126828,1476.3814595505748,3727.586458173056,1895.0010144849064,1758.9360173593243,1140.3150820110268,1133.0193914760434,1280.2700832235132,1046.251440205566
858.3442070945782,1053.0918873383569,3542.270317900229,1714.2604627991452,1825.9593734412904,1127.8343231085723,1041.5202068764333,1475.4840122124735,1055.307257119093
972.53793617573,878.3042361563087,3401.3876084710155,1662.0385923715596,1850.31364249846,1142.6772250265844,959.3535883117114,1528.1124681793772,1035.2953336226524
1001.6341318614091,1243.1201643932468,3589.755119563469,1646.6193489419297,1794.6426281369174,1050.6502852327405,920.8244062339728,1436.1281554944153,1082.6794643473345
896.4276057115471,1528.8738227430752,3737.3090713341144,1550.0281433348969,1893.2262598158054,1010.4633574558167,959.0038452450981,1459.2769166577862,1262.3873452227922
899.9204627153811,1469.3906123868153,3741.914342011696,1469.3641209587863,1887.6903702470054,980.4354336882657,1038.7751902128075,1549.6931496954767,1188.7520766039438
754.2249229398848,1068.6244975795878,3729.895036627747,1480.1840682677923,1788.1131257354464,963.6090689572409,1084.7277588660638,1415.3463977647243,1153.8361924076175
885.0116829251529,818.5170400308539,3464.1379259765145,1460.308450465089,1835.2589011656103,938.5774215600458,1086.2986151857622,1138.5466075332652,1007.1452567912436
819.3684233313252,735.4796396598127,3454.9059076950693,1566.8210912436443,1989.3073300341625,927.3223460952076,1177.4226531908666,1181.8054768864686,1114.0859525258552
757.6273425918109,889.5800522754647,3486.206212792782,1450.384842246587,2035.8529151052123,902.5158057910945,1147.0308098795767,1227.1773939546936,1073.4256275175505
921.2851088300619,1244.4529398613745,3551.433929738774,1453.0260878157874,2075.632056028848,952.7795571637621,1085.4273479902758,1411.444919616317,1097.5340487313815
967.9986008289577,1139.4632845182691,3496.0826752400053,1394.7428484457696,1981.046643456653,957.6241922179956,1006.9728641961992,1779.257657784681,1190.400556744672
883.0566583858979,1081.339276410735,3549.215171444354,1420.736983405623,1916.4345017177484,908.8147542977116,957.3861148733187,1903.6565003676744,1327.4750629470955
919.1425172844333,787.2416076491411,3473.187559234602,1403.3405378676505,1770.8158644584444,942.4115959490932,948.0882948238512,1809.4120811441228,1261.5045477928807
793.1271105833544,835.0239543366793,3423.75765691768,1390.4617596242872,1718.021433691891,997.2567361366927,942.824350838996,1563.1650962381468,1115.613722662728
1071.0198897084829,878.852550756435,3425.624829659256,1379.2769524344621,1737.8788930582882,991.8397776096206,954.2816356214483,1494.1580629804455,1300.587746502247
825.3167797839644,1003.7390779491325,3435.4961063955107,1410.3079540107385,1836.0002650959302,1007.9146342190004,1053.8967032668932,1545.601161552701,1339.2301861457777
1024.0762074587344,884.3519273119268,3430.4788988086398,1440.7264668212706,1773.4601969904172,1039.1365279834256,1218.952999496147,1255.105845081999,1106.5107315629766
959.447776904629,998.4829127163094,3393.4060429350175,1502.6350695904446,1724.6048080118092,1030.7902361277472,1088.0038150766727,1413.9322671161983,1165.760620580052
909.0243536254978,833.0108789535376,3459.6290330817437,1492.4523631779443,1724.4346427949806,1046.0453455245695,1022.4294266504305,1646.5263636841541,1117.2565010861965
748.8236513915876,738.5435250283958,3536.4436143896974,1514.484926388926,1665.6354204906086,1042.2201266498548,1063.637490215368,1357.806788854476,1032.2877303333908
802.2777365744214,704.9910489111769,3401.1074277074367,1578.4712495208194,1700.997619271073,1087.917058883319,1144.581003182656,1376.2692330531197,984.0034601691057
967.5984518929581,688.3101267990705,3444.2950477454606,1535.0389318337902,1679.837736194766,1122.5109893805497,1072.9290458079495,1521.6833823096792,990.0703848432019
903.6206325498689,696.2049738534839,3441.2932700712063,1475.509846464881,1766.9613938755604,1134.6214873127408,992.8661570167329,1747.5837659185,997.3376438406402
850.179297656955,773.1252864660655,3442.520081247898,1516.4070071217634,1760.7177828119798,1115.9623940830713,1049.896672940959,1611.7056395342263,1161.5442410445714
951.4778709373629,820.8707311960751,3431.8687814283935,1542.2639885352714,1755.3925692367864,1063.2502211061878,1170.187585787426,1450.4822328978971,1311.1816481423505
1146.5110482298592,815.2757433144066,3466.3098359427145,1556.4852678708362,1770.2407820783549,1070.6554825223413,1256.2466258546824,1638.7469570244125,1252.58096882875
1024.7893501319998,913.3890587569252,3571.740456236067,1536.1805718586463,1792.5643761806887,1001.9808611408105,1262.0459288369927,1666.72342207256,1089.3026347213204
1253.5174111476622,867.7121650128365,3492.12106349368,1512.5808062092456,1806.4760993157931,1048.9326321354213,1323.822672675129,1529.0214422772017,1109.5480836214974
1691.2733518173247,816.2273018095972,3557.428888974874,1505.8993170589467,1752.5306439073838,1037.798026456723,1369.596079268776,1269.186832133903,1093.4049666094381
1793.1247093245731,1190.02980495121,3478.3611901186146,1519.0898414222386,1819.799212425088,1019.3752938503652,1246.5631079919206,1370.1978301654729,971.3727944684382
1244.6978565236552,2282.414825122424,3450.5551676013215,1531.4875784596295,1800.878962235046,1017.6384753148493,1164.4634478701655,1320.3297443051324,1136.2361295518472
1400.2589347762007,2756.4326509814546,3426.7041347246454,1479.6643210283285,1816.4888024137742,1037.6399497069333,1077.0697108179354,1309.37137963202,1249.4042025508777
2163.118333719982,2411.580194003657,3394.8443040262623,1459.9735890446077,1793.0316028339294,1084.450256889364,1142.8946494143993,1367.0345655578483,1369.4094768763027
2193.86676084067,1442.8110287587429,3365.3933953043993,1451.3972105574235,1814.9661464610003,1143.4724209600188,1284.2651038347517,1434.2262527770727,1370.1646334729473
2061.0290141097134,1419.7850403983573,3383.6691188362224,1364.8028921699647,1801.0702540539105,1184.2402473549776,1324.6223580782869,1577.352138844182,1233.7288425029717
1817.3726132689403,1809.2232163314768,3390.667449016822,1361.9876303066771,1826.3677706124547,1107.4664648714636,1210.7339752330458,1471.638619247347,1222.1538728502996
1348.5949607357547,2195.540329206364,3362.795760097364,1334.7685204957913,1833.6710023520366,1049.3937595249906,1090.3109068297028,1466.2631578718904,1315.8920841615832
1165.109125704888,2448.290061930605,3418.6598472935084,1346.5171030967583,1829.2179789535753,992.0330845994491,950.4913897778317,1373.2340617515142,1335.000166824429
1155.3787427491984,1936.2509890984754,3381.6550527827703,1383.536714073498,1823.0851236910419,1058.9002193239803,982.4476760891195,1425.868822617939,1415.1558758453552
1052.531353471189,1026.936129093984,3405.702256783338,1365.993239587779,1800.658244442708,1112.3428718608552,1097.381743552992,1272.9467370484122,1348.3833865816623
1022.0094262608546,2831.8370002915503,3432.785353270554,1390.533238906636,1800.4314549825306,1250.6303659232933,1049.9892070617307,1324.4420026887988,1337.40524954206
1008.3233328338451,3713.571488390201,3410.8836369172323,1358.0896714965081,1730.5032933237105,1183.6061720574646,1084.9456035851047,1352.5060740809115,1026.245007798956
1234.9266901948945,3692.4589828051685,3408.2395245924354,1375.036122635048,1699.1217415081687,1099.739958048742,1090.511176032773,1334.8982472856628,1098.9294123132295
1264.804803168659,2728.88748000645,3478.7750961387196,1393.5535526963529,1718.5136522738849,1060.4272431383947,1025.9387217203837,1328.8755083870474,1302.5062837348949
1289.802503117528,1656.5524203758125,3444.573619638822,1394.9394724750498,1749.103368394781,1032.961751723442,1008.5576444048966,1176.4714942426788,1152.650736349054
1105.5106094242074,1548.1235621158603,3450.4206242996797,1406.4869441736528,1710.267110261294,1025.9704220377303,960.608070435693,1244.6630018375874,1274.4459314664123
1014.9453458263793,2253.9120139856827,3484.980538870254,1425.3828750197172,1715.6000435225078,1111.2229636579625,1004.6921246521148,1370.639649118052,1187.2490328731965
924.7797632743177,2773.580515663383,3445.367890408905,1457.3843526046553,1695.9767423037724,1122.9737652055487,1026.9643256947072,1634.3206013440172,1218.59350043303
1359.895371095042,3286.7102370631183,3466.710676119386,1449.9389462706163,1698.894923570513,1038.8921533981413,957.9582786398192,1631.1577905346069,1263.0104209763547
1747.626118612415,3051.342256260121,3467.843120058896,1433.5005047712625,1707.6638960577718,1123.87810523202,965.0730028681703,1605.5400437582014,1236.0312348874945
1796.9750695921905,2508.9627679751434,3464.3978758559065,1413.8051812816047,1703.408620189801,1077.1424967944197,1120.4069933604956,1358.7243551792305,1114.7754558970964
1609.327683262453,2111.52112479872,3407.418084153762,1464.1969631474763,1703.1272636001247,1088.478521064127,1196.9028649337795,1412.5572484383508,1234.831912894876
1362.7241733835515,2638.4475326823454,3446.289039655305,1474.07897060365,1716.5223240362295,1059.6634862707454,1107.9431901980086,1279.0893070085037,1313.7774126797076
1495.018328865925,2817.3095502905203,3453.2376125340893,1469.0099964642188,1779.09136898896,1126.0815018533883,1139.8344606736214,1408.0579838282806,1271.8376913949178
1336.6624553783568,2734.7286087754696,3583.039457837712,1513.9990999181414,1767.9499347841675,1019.6139946292634,1105.238527741275,1361.3077046434753,1132.1528293306508
1355.6270674628825,1898.3095768494973,3543.5860399690955,1500.550042285143,1845.8499829906557,1045.8870657438986,1010.0569493449777,1496.8272352247984,1123.7541488773354
1385.4024011583308,1381.3202063406084,3459.770668072799,1503.0091484148281,1847.7002261779162,1057.2722549980417,993.1854265341358,1602.188625880722,1326.5192145340618
1207.554803174436,1588.979148173707,3562.0566209165668,1435.6480560854,1876.6033041478763,1028.8752122970973,960.7420239205919,1485.6065571568968,1158.900112949004
890.1843567987371,1728.0524537290871,3605.818805828896,1441.8389263062672,1877.2772871165223,1020.1374121537912,932.2923716530593,1247.572319663478,979.8161426088193
1074.17778463353,1819.6959406773108,3544.0163137024333,1499.3111186243575,1937.9827861808524,1055.5683883828149,975.2801567874837,1129.2048534940843,1064.6585792873748
1006.0551403188839,1321.1850185589283,3532.807879758297,1560.8951414251358,1974.8119786098068,943.426742452863,1020.8333182592143,1141.859042591704,1096.5446206122626
997.729139409087,1100.8447316711251,3434.0855231581063,1609.8993595085128,2058.685817051294,1033.2251905429196,999.4141218379358,1011.6731634624281,1188.799189536946
876.7450001067549,1385.9119678373224,3383.4927131893946,1543.6166889618898,2013.7913219605953,1011.9215176925263,1047.5549970787688,1075.6265680578463,1305.8190622216905
1011.9805703626388,1714.1026923463892,3436.070796934078,1456.9758736164315,1869.795993481091,938.4764080503678,996.3204241734978,1441.1191521442677,1489.9983927174096
1080.5377594739066,1587.2844895315727,3344.5569805074115,1372.450684624228,1855.7035913479078,931.5735979393482,1009.2623455668374,1546.8374920958695,1268.0246515802728
1079.3165359263082,1302.770353326243,3432.827678290312,1388.8712864961055,1908.698833243657,928.0988823635078,889.1343390567226,1344.2641912148213,1274.377444414127
1202.5237043600816,1035.9280913914702,3429.5257292330843,1526.74163471178,1864.4915058120846,965.6920208033251,963.1260096810997,1256.0722901921038,1166.6454677629679
987.6343841673902,736.48638632325,3473.6582281613496,1571.4609512782179,1781.0203086474924,1006.1207963801407,1021.466818716211,1614.2760860834944,1060.3216776329734
930.5496346856198,771.8301339481216,3592.023271519567,1538.3173466249357,1808.5399063339044,983.8196476285345,1016.2258621222607,1731.5388507706518,1058.3410712770576
997.1387858920893,915.7343626096502,3556.335530144214,1435.3279633406441,1741.3678389273514,1005.2060364479374,976.1265194585778,1546.314688380161,929.2241052759003
973.8374621330963,1258.4157488483747,3516.9335911834787,1391.8579204452167,1744.6358691132734,943.9196921337971,989.6670406777164,1383.6818520058446,1090.5042454563377
905.6076455216122,1252.887716814856,3481.587805010063,1349.2640846625857,1721.960078159884,953.9541691031363,981.7480283572105,1541.7677759998342,1171.8796822034335
1098.0002059907579,787.5776958407154,3524.340799249291,1379.3872953223554,1734.0855220291921,989.1325540669523,942.0906757163988,1284.6352359085931,1157.4372840492804
915.22696786882,1192.2482148104198,3542.177562252017,1387.7977357811699,1715.4010347291796,1038.579161518464,958.0771602255624,1362.9380742701264,1314.960683711669
1038.8237838688817,1640.3961738447053,3694.3126437970805,1402.7817568533103,1726.0796519392104,1032.5599029372372,1019.5558929085701,1533.173666009446,1234.7905260156324
836.390868350454,1781.2611487378422,3580.0203472377234,1418.2597428527458,1753.0254140965847,1131.805566204586,969.8442147155688,1550.9052189058812,997.5901364173156
924.8863281527235,1655.6517602791105,3496.3409298631623,1438.3319456791144,1749.1815382351654,1064.4731383158905,933.6611261772404,1347.7896901914658,1005.4174806531219
880.5482361741764,1161.3689015605644,3542.6850837183797,1450.3436337990806,1791.9806126254318,1140.2372052640724,925.8736911970649,1273.4444722959856,1125.6650602906377
911.4924545815876,977.4892160246955,3509.1656013327565,1483.7995680361705,1737.3233001836438,1168.8405437415013,937.1672290255314,1240.1210910660316,1100.3559403080924
943.3259780480338,883.9716464640687,3514.4014834104523,1459.7801646145595,1830.0909943582099,1152.1351653363781,948.2701323154375,1330.1716004808377,1274.1743187702098
880.3218206100616,693.956832744187,3500.376401881125,1453.8070558756692,1761.924537459343,1088.1617279082755,1000.8954991670065,1381.1923270044717,1496.9338998115961
866.0290063914869,682.3489311447033,3490.228740241401,1471.136838379676,1835.4026730601347,1153.623650026462,1085.7869544531216,1540.317205161371,1413.3539681521222
862.9929789162524,853.1072213537934,3630.0831029410006,1535.2701689329629,1802.8574808547073,1110.2540439157378,1087.6462018446566,1273.2834066594023,1090.9571410562135
819.2255660122458,722.1011637265087,3627.964557128597,1490.3978561036251,1878.796825909468,1096.6440405939607,998.7293439987233,1513.141686383116,1072.6483205624897
828.9860032451804,845.3500386568504,3595.881066660336,1466.6128073618515,1801.687173223091,1125.4287863859017,961.7298153518087,1608.9917149266387,1055.025438081006
968.1348264058475,922.9202221078908,3681.4386680491557,1442.7433109398198,1834.9204596103468,1083.9679600080585,1009.3625425544757,1514.8295050831048,996.2570208823739
920.8440067711923,1161.3609580059883,3555.6908855583415,1485.6909084010524,1883.6867750289496,1090.9269470579763,1089.266084254938,1416.3718176245734,1143.483686190866
820.6932330331043,995.4290400318988,3488.2315996607967,1388.6736860431517,1873.0586513357339,1002.9397630317147,1287.2840976864077,1288.5384531289353,1113.1175086323367
788.3486930935873,874.5012903562713,3494.549309697043,1409.0439761865066,1856.0729704719802,915.6667303375624,1360.4320850402241,1206.8223196236415,1089.047696224223
727.3344223400046,634.1708306396903,3483.6985923890584,1440.297857615244,1877.2676692421219,974.234713937093,1209.4338020895946,1114.4058866350724,1078.808695715191
935.1130293802,677.6014764434952,3435.07245402165,1399.0361236422204,1927.8690473166266,1001.6457704508613,1042.2549184237948,1460.1798651498036,1177.0650348872339
783.3863597171256,650.4130001368674,3467.503453093521,1375.3022117106505,1870.4107073389673,1043.098839298784,969.9239811662299,1598.4286551110697,1165.1561640701998
845.290192985363,857.6469069958267,3445.106940406929,1360.5675260978078,1857.684257554431,1043.6061108848378,1137.3568133159788,1453.0631391790846,1039.3956763856022
848.4474413295144,894.0699960192819,3427.4771770933635,1298.2008808267212,1853.7575491776292,1052.9538904780752,1126.0465370153229,1448.9327459694443,990.8204362995201
790.3115817093058,1054.6047420311072,3505.6407477290923,1340.593082984403,1847.271744880352,1054.9047233750346,1059.3083259626826,1467.1964426819927,1094.399139123697
868.4931610149539,757.7084209996051,3499.6892107441204,1374.4206558854198,1799.0331513042693,1029.438266029614,1001.4842412090006,1251.3461482825296,1009.4560241907897
1052.083852159205,737.5158175336553,3507.088880062132,1370.825884126494,1792.5411435902865,930.347142252536,1058.2089714311837,1254.6500721842822,1036.3037602145857
863.6611220019017,823.2312382403652,3482.6809472923514,1357.6781394663738,1763.5332430104543,945.97462867284,1024.4142943245595,1386.3822475220684,1065.9445611767205
798.7677616482171,1014.6722219604112,3491.1403025343993,1359.3646185775992,1777.881249112947,972.1060091546868,999.5091113342352,1374.032733895103,1157.2991960850186
881.7471848873596,1065.1108509598773,3429.204079083544,1369.9747042736112,1777.2791943961588,985.2991321150694,1039.0877555328664,1321.0092868352297,1012.5995089004108
1022.0812750175953,1098.860421689852,3435.0183479779525,1368.370709592117,1799.607480357305,1015.2308647845413,1027.9047842636758,1460.404268472811,1103.8040936816003
1307.0214431127145,901.4894509994265,3419.730501447037,1390.0384529640808,1747.1506288658516,1076.8767565391126,1075.7149664074736,1516.2699433208686,1153.1994944856824
1343.992755435084,664.2221626464299,3446.826682679835,1370.9333131190845,1712.817649421293,1033.9998910107545,1153.262730194222,1521.9986355186115,1162.189170095777
1555.8828018759637,694.2122071754333,3548.818965115086,1386.8328735030884,1697.0396904611528,1174.9151364236427,1089.0719632117036,1668.9952463490001,1241.0852660289222
1724.5323418388796,871.7773214401997,3560.4966712699197,1420.8891616381404,1698.238336477052,1144.540846612991,1006.3647702713968,1613.7400998125215,1176.3306091491702
1544.804502523904,849.3632014434519,3504.5791975119287,1420.4155919545692,1711.343754725999,1238.550719841251,991.2504632152328,1505.2731379510476,1325.505283715422
1264.8648357265436,642.8451570212611,3742.2349702121564,1451.4082366641305,1717.9994962112542,1422.4509888862779,1121.3757909890016,1556.7130804411463,1439.3357389500304
1083.4241582871953,681.3909956488725,3870.523238415191,1489.222197345593,1800.465780702775,1339.9139326659715,1151.0789658183687,1520.3330671817237,1331.5318553025947
1246.2056594319972,791.2092244055955,3906.397920824212,1499.082251361273,1981.3223004708916,1117.882916722838,1105.4268726812547,1303.3360399401213,1232.8740484513091
1490.5804409648986,663.4264669876269,3545.9963580609683,1491.2101699258765,2090.359114484063,1228.8748169580667,1050.4941961708303,1468.0016723035237,1128.6708727964622
1991.9279910140683,703.5430388783243,3525.443335458778,1485.2158722699298,2102.460034315858,1380.3189511011199,1077.9481151981186,1655.9548582268333,1050.176340229318
2003.4130077973095,684.7165607173879,3811.2990307111004,1504.2706404208748,2061.8124581961024,1363.2161039450514,1019.057930973278,1494.969879823023,1066.1982523211943
1719.8166616650467,662.7423230189439,3862.2744791885007,1575.4512841164467,1938.31841280197,1289.2110016974636,999.5730493363633,1262.403128808122,1207.3791214739206
1460.3058739197677,740.2365261097406,3759.782735656762,1565.1383595714751,1884.8852554458415,1241.5249096524492,935.2249293139571,1281.2310273348558,1209.897912203754
1035.2544720530673,775.719595129388,3649.9456244024063,1525.4169340765504,1874.8329678443513,1259.8766146953997,905.1389056354308,1406.8533864272613,1241.6236424747356
1030.9991848298007,674.9113178879268,3627.7620261664815,1418.226595746724,1837.791068133927,1114.8881315029894,940.4807992875334,1354.8125869435457,1522.8988089078534
999.0218746345091,949.9898767020755,3506.849286666286,1409.367145047194,1864.8784758195213,1066.9142227785494,984.126506207352,1336.8268610273283,1578.6691322135018
1251.397237664036,1293.63339050443,3468.240796715207,1368.7201363752333,1844.934476599062,1012.9131312957088,1001.5100492192856,1207.6231058437222,1368.9134491828543
1209.3206834765492,1253.1017399724415,3491.890405578696,1375.8636632507348,1902.2491186238847,1003.4682803197825,930.0245624943688,1422.1928586905394,1119.7302713638542
1246.650791819356,994.342017430986,3374.1595337139333,1351.5825454123244,1922.6882045314387,980.912778293542,957.9165027486125,1322.8728264316424,1086.3014001506483
1281.408486558993,836.1273315758879,3523.4099625221256,1406.8527890787839,1946.9208302231862,986.4463534157462,926.7128764935352,1151.3827351808468,1224.1777629931967
984.9418251133955,714.6675958772244,3522.680032890816,1363.3813504837376,1898.1754399797273,988.0025674125101,879.4151940924614,1464.37732120323,1389.5875724233142
931.8594385937553,745.5736916554908,3548.2629422797595,1343.0683005718045,1899.7220912720497,964.1813043575322,972.97724019954,1386.0335437450938,1462.8044248714577
1167.4121875326532,1022.8807507717373,3512.3844531140567,1318.1646396167346,1857.1646230729386,1002.8995841255369,1039.5483677127866,1287.1313757813057,1316.557688555148
1025.503983287468,1109.59821892196,3553.346375704433,1329.8751268405724,1865.8877669530182,1071.3589830277076,961.462293339498,1243.4999698233216,1050.103429998283
918.4716666122858,1064.160975116449,3423.3903338528803,1309.6717157120381,1784.2449017216559,995.5245803344554,945.8878088841924,1203.569789125239,1032.9146205827578
917.0957547849863,946.829488968308,3453.432388779267,1369.684966592328,1781.5031831304818,1072.4306436520214,1008.3903793294353,1284.3252555530014,1110.030599603868
825.0606320179678,815.2212837763195,3390.549297716532,1400.408435569192,1763.0931100521077,1063.0166269513993,952.2187015713912,1464.9832046465658,1067.1610769299084
873.060157173087,891.0384888712931,3423.9368111939543,1394.5365461289562,1788.4072081062282,1050.2385323111723,899.4305087641117,1412.3898450692777,1155.7177874714719
1136.0815829396652,776.6717559751187,3429.4798514439726,1424.3847997527666,1818.4268386938402,1137.2037401877042,1015.0564548287265,1324.1234610654815,1215.0988654177474
976.5008136483076,843.5831628812613,3497.002082854454,1447.9501616713906,1763.8903679059529,1131.5689884797664,1001.1244663472337,1381.324099939474,1087.1931587219146
793.622359309421,1201.1815470429426,3477.9417521555865,1501.2737693277213,1717.3425290533653,1133.4604547765512,908.2431046448316,1454.340965917222,1034.4629279682813
876.58925153672,1030.4524798845898,3541.972913697355,1492.9842250734725,1781.7180809251513,1208.5184145789772,878.0888613096909,1374.2228662617654,1034.1628432052605
1171.9899681228335,811.9624640156491,3466.739468259711,1497.420489484165,1801.422807368383,1198.8972488853067,883.0472812023951,1117.5347818690052,1092.4783035172454
970.5146401720693,951.7298137431166,3447.3903194657305,1464.9145841388058,1830.3636646721118,1137.235138449646,1010.231149280197,1340.439656678078,1199.9238493539965
861.3132022387628,1105.446411339224,3480.800496500417,1488.259200572055,1872.8749145992074,1168.629805849932,1098.8989048616545,1371.5976549206778,1216.4811257856663
970.8159211406191,1337.4648196589922,3482.5136828739373,1538.1848585082432,1867.554608270731,1206.2743583554452,1120.335986507024,1427.1804026753,1258.4262516577483
864.4297923178908,1023.1274585835134,3530.9456293841436,1658.486711216429,1860.189988159801,1179.0473385161895,1008.692972171911,1192.6281004908678,1333.646398317392
890.4273807926434,929.1908473780779,3505.7830341364393,1621.131696648713,1881.2984171504595,1171.0935424459133,1207.366783288683,1338.3894172980245,1268.098083551582
869.3159343763512,954.3829660505131,3510.2870796596817,1603.1119698224932,1877.352956788177,1108.315771974256,1447.6121588644726,1581.0222168139953,1130.0582643911605
949.5789077533336,1464.2928015848627,3474.8583291359696,1558.3896422587648,1896.1302183041976,1111.6304710007116,1335.8729737967356,1520.8329021819657,1055.478640027501
1110.8499972133186,1592.249326631884,3497.70033633401,1521.44510483582,1875.3700227995896,1065.3439103885185,1119.0480110189976,1369.248263072725,1066.9831226315175
1012.6214333148148,1852.3021312818555,3518.8689078272764,1566.322335106268,1916.019151536024,1038.355664002433,965.9422982040655,1446.4468309759723,1075.7245628928652
1245.68976130187,1697.0910412177532,3462.096481522197,1489.7850256700754,1899.6591058493455,1007.8895906814588,1146.959528344105,1491.1845787190214,1062.7531001051416
1235.6632763536709,1464.9304108349195,3441.5471669666485,1427.1552067125901,1855.517804783893,1021.9609930823984,1269.3510984843274,1256.5453790197491,1197.8273426236633
1067.0087408771865,1332.8333358636569,3380.4992449817864,1377.9843312499302,1828.4688388131724,930.9842539158781,1342.329820431451,1110.641992658811,1140.8445709339626
886.8717312457425,1075.4644294500465,3480.797834587902,1420.501783603539,1877.9256866089888,952.4853937127567,1347.4681404375626,1320.8458913474003,1175.2569760288338
1033.6943737192814,1898.2019638152879,3426.848508793501,1392.140557635467,1864.008492905868,916.0257202492169,1333.7440046286931,1275.276361935986,1047.3519392019336
935.8652501421795,2262.5995598172744,3423.9134388687994,1392.3354541662131,1879.0333671190488,925.353833431986,1201.4962018168449,1100.0201824553485,1168.6333155749376
904.0218205033618,1971.156099203078,3399.540725091298,1325.1139199169897,1865.8599463309356,936.5252406830551,1248.511673431474,1395.151912198524,1145.8985617757078
973.2315823303733,1324.5561645925923,3455.2587946773833,1348.9554270854385,1874.8806385016542,885.6419590210081,1517.9336908798666,1292.6205955402295,1037.9686257789228
945.2593951485543,1206.3284510461517,3411.555317422235,1363.838675643482,1901.4921321057923,954.2529105253404,1452.7437503273056,1123.410177545374,1105.2148170336898
944.4489395153654,1360.2653733532636,3425.2904596685567,1384.1549422473345,1804.8151312815469,943.0007115678229,1190.459486044033,1281.0680031711297,1017.905344596097
972.1886278423809,1998.5812287926829,3425.2062190901747,1360.1529099624238,1740.9782937480693,952.6353062594387,1414.8478278922175,1520.6107245202772,1015.3867344064512
1024.5547861111177,2034.3726301743386,3526.745785218806,1338.3259186408588,1735.2725112751036,990.3730063404162,1273.7704203381666,1330.515473691017,1107.1795822682652
859.7914578063227,1769.5049914993729,3433.9489471611596,1384.5273553631448,1726.2659074508947,999.3164412768535,1265.2173758153613,1563.0989044978899,1196.4747638492038
925.4976198400763,1243.2543179933803,3400.7761525995484,1376.0196663205002,1768.7440735899138,1037.0761765928905,1277.0475789835784,1620.778038015183,1054.3250667472569
929.0647191691222,833.3748624745762,3403.361399930807,1393.5922948429697,1727.1470956852954,990.9173720914233,1259.7534231507059,1411.1672136502293,1165.5275520561095
1262.0705709825727,1047.009171524975,3417.8169922154516,1437.2564019301196,1692.8941763389216,1023.6847638544954,1288.1329849931878,1360.441633565513,1213.362687531935
1169.3249181641008,1131.102157194567,3418.362368015897,1426.258568880793,1745.289229261991,1030.278315930805,1159.8772300873597,1343.7760265834702,1045.5339258892482
1079.0174796960262,1241.5159292401972,3463.719909691613,1432.4961714038043,1748.9112787995496,1016.6204871033265,1220.1774645139333,1238.9394669161222,1135.2156798284147
1105.0791216819923,994.3971461515644,3472.7953512222766,1453.7732784742345,1777.552075076095,1074.0708124994167,1139.4692137531658,1153.7562926193543,1263.190920486546
1041.796557054652,787.4592360253058,3464.5334970655854,1464.0241557865668,1744.6928935993328,1148.126617026399,1147.0042729773565,1282.335334965413,1221.6310870242241
869.8679782114772,568.978930171965,3491.0144944561844,1485.7200536632927,1739.022039517552,1082.4170386297321,1144.7757284742995,1308.5156737313364,995.24709001054
1046.4031484116917,592.2111153066106,3446.0465550725467,1479.553730154805,1825.644576073085,1218.762742042431,1121.6953312273374,1398.491601143605,1171.4692940881964
1182.5935242766664,512.1772906260834,3480.6357802811144,1456.8952343466246,1952.3714289378968,1173.3493909578613,1064.7545470145744,1262.5993609941472,1095.8674258589203
1166.0229256849718,669.4297337149111,3528.4951512681087,1490.086522355423,2041.102039707542,1163.8098690090033,1018.4745549297221,1407.5984247664812,1003.1985621669785
1271.9346595412087,846.9905761853337,3499.723610994355,1476.0495539342821,1936.0368254854081,1137.8984265052975,936.4685655629829,1506.584206838601,1025.9149079734796
1068.6062409613521,953.0391598711059,3490.0528575490493,1497.532194363326,1873.3357192118792,1124.9220402339747,1009.8230869368251,1513.5065056970268,1214.5039005892243
985.8203637527179,724.0957839023812,3446.279547544351,1533.151335078591,1843.8224834428556,1105.3071981408266,1094.2940776441885,1301.4103077245868,1086.0058933503024
1260.6412768283096,1064.0618490325062,3482.9179922773064,1458.4940935795337,1854.6345929277195,1126.9363892636932,1075.525098136383,1431.248437112808,1016.5210631533947
1379.9054799986714,1823.0900517701352,3426.456070738371,1446.4192127831034,1811.8719030868033,1058.7374131998579,1111.471811903905,1602.0112716495012,1181.785674255155
1695.9455945952332,2112.65788709671,3406.2314508198165,1751.1396396622558,1828.5662515787217,1028.7924547894975,1160.6987148126807,1329.5905219431447,1151.078948161205
1801.649980416105,1847.1552781787914,3380.3556365531194,1947.9989379980323,1789.4162212232677,989.4217402524615,1081.2632065603545,1109.7305422502845,1126.3882924413397
1776.6992014403106,1362.0681791106458,3425.498192712706,1653.8672068163282,1810.5085878733519,983.7803879504637,1037.3111466885216,1067.9719959292622,1246.4384185728088
1339.1252783864427,875.9875876164054,3387.832197974107,1360.8462393386635,1808.5127522573844,1016.1948178031772,921.7446935460574,1272.0626246079514,1189.4194832453961
955.4722060055329,771.8935315448039,3397.9772862035093,1516.7828064786534,1833.9046820800884,1148.9133608053576,941.0506433013358,1227.476306132297,1105.7882625771517
1460.1116158350706,804.7466207241633,3441.541260617541,1595.2302502738169,1850.4925461158382,1109.7960983555145,961.4442769730265,1088.105614696688,1017.1926337668369
1550.242726338979,805.1948935669197,3451.876760608839,1698.9248251226159,1865.4874463012354,1117.71733290237,1002.786574957109,1456.1493458493492,992.1179122832101
1505.0657918647673,842.0714990244055,3489.384093237791,1922.9429107998803,1883.5246055956297,1015.0082120580943,1052.3274594704658,1464.1655083344801,1008.295598133835
1259.2945766935868,1010.3909338053502,3439.988636045263,1958.2853279899978,1795.6002474957772,1030.9547156449528,1020.1034478628152,1342.5218093465064,1177.473205131627
1060.1677423360547,917.2628695512783,3502.8709364077085,1840.59725465365,1695.050364990185,1002.8435321576931,1022.2998399219182,1242.3256009215656,1136.6071820009238
861.7596142555706,741.8846719659983,3447.0127308976093,1539.967745587686,1636.4858091300136,991.0066523008512,1022.2743819242089,1227.9177223612019,1131.673940559264
977.7065003810372,624.8567186037807,3455.9817045259288,1441.0699933234046,1716.1807664035862,988.6576409234248,965.290947785281,1160.0388014397809,1073.7505058386007
941.3547715509243,729.0640007938547,3442.015520254176,1470.307195577998,1673.6898764329633,1077.8359791284704,916.4898961566536,1295.5186202597092,1164.6868870291767
1143.6996481593403,770.7571611051327,3434.664184577919,1554.0573080545973,1661.9783117012976,1078.1165953885725,1043.8900751971703,1606.5756069687022,1249.5923563782778
1270.015234815025,983.4445370852998,3441.1709229197854,1502.5964996360244,1648.4782189452712,1166.4907042759519,1170.5468106616033,1593.4062213756272,1198.067706317238
1259.1441025772351,1341.287977956931,3427.269546218267,1562.63978484667,1644.5122264216254,1048.2485230770353,1140.729069761739,1459.8948824429337,1167.9808076099905
1127.0527728520374,1453.2739113344187,3449.575256383049,1549.309093884073,1633.3486199928618,1019.0451994181586,1073.662406992638,1284.850568681971,1161.3388224373643
920.4746480160123,1660.9190891530827,3444.3269701764416,1534.3290505628381,1655.3142403252607,1000.4452789555545,1029.731745341398,1383.8695319751175,1061.7190574055446
1014.2484502103086,1609.2669576327098,3449.740724438288,1486.188724361195,1671.6721066540608,1053.3853836740216,904.6723414181447,1299.154871677248,945.1834541952992
1079.18089017134,1390.0704199980412,3533.344854214755,1464.0552882660338,1672.1588992514812,1036.0490075078635,875.7112443825774,1432.0133349300609,1120.3402022061327
1068.0047528644066,878.7855278488219,3467.999673958712,1504.5206289422242,1754.8461641618328,1090.7736651326632,1002.0684314522566,1370.5331233418851,1314.8659161652506
962.8270009388598,737.4240152249192,3521.8124822394707,1543.6366250945537,1713.7198048487958,1153.1006442700523,1191.8382542693303,1328.3623347355363,1212.1487110447838
892.0267155220481,669.2628212528296,3498.243017358307,1475.3573311189405,1726.8578924927679,1093.8447761675757,1143.155939615269,1356.6185861667143,1000.2538490127663
802.3027936562071,709.1026902114116,3571.6748470526063,1462.3039516724064,1771.6936932182596,1167.2715752053448,1065.482651025225,1763.5008540044419,1093.764732271222
825.4995886251012,651.8274331767252,3607.1576523774725,1546.471651202448,1774.905979756551,1102.6371563854234,994.975455913368,1955.0161701828076,1024.632588899947
861.5649963706657,683.49621337929,3549.2173004184087,1509.4929078956818,1748.4099966921437,1076.4605481498463,1036.02490548976,1842.3045884681499,1032.680676220669
859.7833634676313,666.9105500522679,3544.9715267845286,1451.8054391996932,1746.9694827482756,1008.4908736573959,1200.754953990866,1564.8193915042543,975.4845306054898
802.4359928814574,655.9253532126573,3509.549758102064,1485.3989072331422,1738.740833139028,1016.1822779033072,1231.4405606472408,1612.7488873113566,1062.18155869475
780.1891614430344,702.7867315577092,3424.5855610564677,1566.6398982254657,1743.6008655545836,945.0282238379896,1195.403804740624,1575.8938980180599,1339.6703778361807
760.8095187101605,586.3873488219474,3427.0068140497665,1511.9727543103993,1768.5811885360945,879.8287835270927,1066.017919890151,1544.6474127361284,1374.0018963647426
813.0118015248419,590.2376790723608,3528.726826458589,1349.7530502210843,1756.8408469034446,937.4614270735694,998.8840173437422,1682.4232551793018,1004.2735302652085
943.7879384687457,618.1185425498859,3486.12091082711,1370.6999938604868,1798.0094208301919,920.4235589254838,1056.2102253109342,1619.692700082857,1076.2137701811562
799.2552170412665,631.5499205294624,3439.2816349290138,1308.5060536407784,1725.7493296978525,981.1721294691849,1181.0972501926708,1497.7221414379394,979.384904353168
952.2874571891248,640.1483775490491,3488.792204537272,1367.501693212192,1767.3787770785407,942.8999265400324,1298.3849191242603,1141.795893481146,988.6121547974554
1020.6367268575754,565.3271861472429,3394.284932356021,1466.9126672513141,1766.564658277817,896.0925741930741,1234.4341151629994,1257.3777198607409,1095.332130605244
1394.9133072434968,560.1381980308677,3334.733235578185,1532.657812957291,1742.305233897316,880.3394967851764,1145.2508682766977,1324.141378264155,1147.123805448728
1436.822255288091,918.8783118546841,3382.9895538917744,1457.5915841267167,1653.5345167148569,936.3428184398135,1122.7495773826072,1458.441591648276,1040.7842893703307
1049.9142587545857,1153.6766672937197,3375.0785254382477,1376.9827759791392,1639.1656975215408,959.7678872205786,1038.8288358431928,1467.4869908203873,1010.658040087627
1219.290541619632,1255.0897438388142,3409.7140485167047,1342.2671603975375,1620.2825458848845,983.2090210614122,1051.221681401506,1455.954273280209,1108.6261269848346
1793.9477370496436,1414.3025171040458,3509.5341167274246,1427.3505153621513,1635.108072977861,1003.8304173091541,1016.8303283990047,1460.7571963966764,1065.650575159452
1159.869189163073,1417.24923326812,3484.4049498611425,1412.6522619135833,1592.1969338606543,1084.4372685749713,1019.777295209623,1543.591926746662,1202.6527818299687
1288.1398166554623,1367.6486039891454,3520.8845912900933,1408.38389182508,1649.9754555171965,1073.5079002701636,1104.4330969449716,1679.0651483938589,1375.3107607405584
2043.5701009554773,907.9044631482791,3432.3453734883587,1434.9729894579184,1632.3577553916216,1104.0938694974916,1156.8443450725133,1529.8512531088654,1334.5633520689262
2075.694031851826,688.7120312011992,3406.63949529758,1437.4650321840757,1637.5051973782274,1068.5543674186151,1033.468633018016,1503.6403250984436,1418.6152934589695
1724.14616706794,757.2135664427112,3347.4523444063566,1475.3735488073137,1629.5120517552668,1022.8592776100544,949.2249141111183,1490.0109166001866,1300.2526144047047
1272.602596054081,653.5686335470413,3408.3506225407555,1439.2405556229285,1661.6976765770846,1058.7297367765705,967.3001607189428,1699.6490302121704,1180.327668583029
1149.9601526472647,690.7068639030759,3497.377964398202,1435.3193713349483,1668.0172439240328,1059.4118192984486,957.8417502230366,1537.4579453594185,1168.1231498435586
1779.8449782012708,982.2656660851393,3670.7007599864874,1475.7085354327696,1626.4535138738072,1244.4356562538421,1006.1754198269296,1416.54085694652,1270.9769995961203
2018.170524582878,1260.2067815751666,3722.2831861888476,1513.8557986287415,1601.8426972496545,1068.834120872327,932.9752265152035,1633.78256410883,1351.424292469957
2308.4601563624005,1228.9558787786273,3698.334377911359,1539.8951322440557,1668.3276233304398,1087.1123860128191,880.5352084917071,1531.0183089586858,1152.2332014671408
1913.1286362791923,1338.3904503445176,3532.554594564848,1603.259854916897,1857.6850235254924,1099.5408125063784,939.4820470981795,1570.0410502880536,1010.1369598117138
1494.596087952773,1329.6650585884565,3408.275455664713,1616.4202506787783,1914.8346982365883,1114.0058497007296,1152.992471141692,1569.4076453971163,981.9628553956735
1226.4277867722585,1426.6297377550236,3470.077931967092,1616.9995888205594,1923.0115824662582,1040.5548320843773,1205.2424913126843,1472.4588710917428,1113.5435042750364
1163.3358254776547,1179.606718208726,3472.132914769243,1603.4284397455783,1894.3129110897148,1060.3886445201806,1133.634632029457,1224.809974054283,1077.9285732688834
1043.196673673209,1196.6605012062698,3495.8770386222363,1581.2070010916188,1757.4234216636357,1032.9710203511904,1099.1163448009365,1129.9774207205098,1173.5516858886285
1259.5771965515528,1324.008951394853,3591.2998033443037,1483.4417283942464,1756.0310894639429,1002.0597895180894,1087.0054483752608,1311.24013180394,1204.4382920994594
1227.509262526246,1257.7875561227058,3564.768918930707,1395.3829274071952,1735.9465491566755,1137.2798276012777,1014.8262809930605,1618.8381803596426,1384.630027671455
1221.9171216979198,992.4761596560879,3532.156486061882,1405.4583233677274,1690.2260169983854,932.7220945144035,921.546937713,1703.1779748251556,1421.1078077272834
1138.5873455327273,1711.5122490807387,3443.480155469693,1471.272291407308,1693.6993574353155,973.7805558672161,967.3268424527969,1516.6532374664462,1226.1438646603253
1099.208122378576,1456.8410316860186,3394.9996858331438,1619.891494966934,1706.739274952676,1047.207918613837,956.3076759703406,1276.9445544117998,1286.9324048060241
825.6066951825704,1349.0347541647354,3595.724719377493,1553.7931954696655,1655.1804713619326,1009.2067477309847,937.7422350323433,1444.3598896601136,1261.4300162218467
1079.5848936692014,980.1686343750985,3557.3657539100127,1488.4582271693769,1668.2857065152607,983.962746768598,911.4876279554339,1645.223158234479,1376.2877736958733
1138.6348687998359,747.6184756761007,3518.1203312017874,1440.1382911894143,1720.5091021861958,1018.3178167086271,956.8131703693639,1470.3848958770031,1156.8358335043374
965.3623808504954,735.4667600296463,3445.27922698592,1474.8233406515074,1734.0775376288589,1293.1255446245661,1038.1930106769807,1228.259480573568,1089.7149858020823
891.9988737579362,851.919410491301,3366.5820739962437,1424.000066935557,1643.658304336233,1374.1699838517654,991.1476112558091,1115.9503381015707,1075.1439921005126
1247.7939559732245,695.1426796394022,3381.1081546044306,1372.555177483057,1632.3206055672053,1301.787667279759,914.9154283800968,1341.3702573441178,1146.3920936808202
1121.394223194643,684.7672753807253,3296.861691689524,1422.9430506768012,1606.8775704392572,1091.343313185917,877.463328911256,1443.3616201577327,963.7336349606853
899.5682110814141,970.4522710089441,3375.7420279707903,1583.1181239441783,1646.7440142199628,1005.1511051375682,962.0485083096193,1434.2406663715878,970.9972912110306
1274.8375545116323,1346.8212314479465,3366.9291561151704,1771.2601799113206,1616.9258509923047,1134.8908422125753,869.8821632275478,1528.7969351058841,1034.4652627326209
988.859362184051,1517.1621223842164,3513.0701982226237,1818.9841170110333,1597.8141412348446,1201.5660361638509,856.6922122205646,1483.995283561388,1059.9588287599927
982.4913061706694,1151.9211043956514,3433.9674573903817,1681.5123981957163,1592.8251725278103,1257.0408553270795,1000.7489193268449,1517.3956517950917,1126.0076875150826
1038.6270168341769,976.7044966817989,3382.3296165281777,1521.0846047904608,1589.644113313527,1259.3827552414007,1083.7482252232671,1503.2296153207612,1294.9872897781888
1047.8282194740025,1118.8653919704766,3404.9383948565796,1599.9243202225928,1566.5047076486392,1188.301959690026,1173.6762329251162,1624.8132434091597,1358.1945856101624
943.4127848090269,1595.0887672689494,3334.3963417868613,1828.131208956696,1573.3138973672872,1122.289854139735,1151.1001672440314,1473.0780518541178,1234.6376151283298
1036.2064035281269,1576.8843120504996,3367.634564271913,1908.3565313240804,1637.7145783453964,1123.1793431390563,1062.2639354552005,1215.393399123708,1142.714932759601
1055.410244605207,1354.9205906999891,3416.2769015601175,1679.1352405788512,1629.2065995114333,1120.9431809179753,1030.6944940367357,1150.839803752126,1276.4541651459958
1003.3917454689368,970.0475519179516,3373.4550099603275,1651.8013667203381,1661.7384662640466,1051.3615648392451,1115.575019768982,1438.1697483964595,1314.453094992869
1018.1465618331042,799.5342576460012,3357.4439545374676,1803.3753721936037,1733.4096182929936,1098.5608411780568,1206.009499959098,1477.8061763703333,1143.4162676102949
907.1016441942913,624.7614875050061,3445.194809804348,1889.5122178821882,1705.4538580161409,1039.298075945108,1134.7852619978523,1282.6003638814702,1030.9731082662713
964.7105267831117,988.4651070834534,3380.132853157265,1827.280264189119,1711.0204395233727,1065.914537525374,1133.033211555912,1241.1404061187366,1289.9470599363144
1014.5572687519302,1452.7855137643432,3402.616327746477,1696.294906002516,1709.7336254885402,1138.9092273501522,1062.1104017716825,1351.6207675199255,1436.4092342945112
930.601854878467,1758.2423919837358,3303.196127109829,1554.0978301195119,1715.3066940464294,1134.9063869933675,947.6958052462118,1461.2687674947863,1196.2416789644878
909.6182149190079,1566.9475016081108,3328.381594948,1450.9691799701923,1734.396729161517,1106.5076914883316,915.7266115301411,1328.020223182799,1136.3866585848912
761.1416412302352,1379.5420696604488,3330.394711283663,1406.598799893056,1761.060506919345,1027.7668027036343,956.692633878259,1192.3176035564782,1112.2934858320452
839.9621994168724,1267.8031925027487,3292.7305798212046,1409.7656293705143,1729.7244232875994,977.7284593256497,952.4619547678569,1146.9617879366672,1108.4884643356588
820.6985108207218,1133.1933901567506,3327.191776712813,1466.800567698863,1727.1502003444966,958.0038239016956,1028.7200920821626,1193.9932663612722,1187.0993276309503
865.8468336347058,1222.2346302528258,3351.1577927764856,1536.5856715917648,1749.9636662697671,912.805354127554,1020.7334482206163,979.3246757444416,1202.453178228571
968.9774173050871,1018.6367602999925,3356.074170756087,1577.2927954984057,1760.6488487575223,931.5350907578621,981.274024281137,1083.84049984225,1099.5961320096485
918.2995811182082,891.092716041906,3351.9112693772167,1440.7944726429264,1768.1407304705815,896.2865023748562,970.3564862811569,1281.1678567924387,993.3451115536653
975.8747015848901,639.5971922766578,3329.807876230371,1352.1298691583493,1743.5157912593882,923.6201097422094,956.3871383278882,1465.473370628326,976.4524288696955
878.5468925179459,754.1097200519207,3339.3805772231585,1490.6145921290988,1773.4397181933139,990.5578276372026,894.6498848519057,1431.311084326345,1018.0978454619833
797.4068954953658,597.3770016443517,3392.5201247390314,1658.5619152802396,1756.2933346664424,1018.4310469727468,877.7244478787932,1284.4140084356177,908.6329811151844
943.4192167700069,666.3236866074074,3279.455910742707,1731.9893836138235,1724.0333645396772,984.3072236971078,940.9440763281451,1312.3686162585464,960.3481596063343
948.7819669082493,761.1462738702379,3302.19407751533,1596.1588602336637,1618.839510712606,943.9140948789145,958.2150938407907,1386.3535096062385,1182.1642517029532
1127.9577297441033,697.9496781790862,3281.3201763324223,1533.9421078867013,1613.4051683334558,955.6668323125505,944.9357124187325,1577.5515583080273,1188.4294515543374
835.9100244818873,864.9232205231426,3293.960793962954,1494.6991675526433,1653.6372842907342,943.9470097000686,937.1131923796308,1468.7180293844133,1049.1921639848383
822.0561289333177,728.0150821636004,3297.1801629019706,1591.576901343506,1620.8652372227702,948.4532186653583,1008.9750003968172,1256.3302844906802,1010.1026359083428
991.0247305209265,641.6316533478193,3375.065333731514,1642.0641374251754,1603.0056245429696,996.3655704729638,1038.496456248927,1328.982169059502,1270.0048907350517
1038.7330546959738,734.0420201658899,3293.5973821400926,1667.6106312415207,1606.867952866182,977.4439755190032,919.7954005234842,1346.4899373499484,1349.4127501274686
1032.3453709566663,667.6961653103128,3366.468946723796,1541.6466711523497,1582.8724140282682,1090.2746544723059,944.7743867365186,1418.6927916827012,1362.3120884842267
960.8070243141052,648.9306617220725,3419.5994815029794,1444.509653488593,1623.4519628667879,1151.6518406908665,1052.5710717297782,1529.8965868007772,1090.334648222959
945.1124699906873,726.8265620080898,3313.7639047556704,1421.0133147456156,1653.4471945955654,1108.566134392,1032.3363771457534,1347.8729971098812,1034.1062987806365
983.9977243237117,941.6576933896771,3424.448793498031,1383.7671958904214,1697.2372866284115,1172.7808872159812,970.6925146420317,1229.208147749669,1095.5826507951174
996.0832450973949,902.5763433840126,3458.842449060548,1454.619288145975,1654.3467751253813,1122.6519239812135,963.5296877745719,1407.0409404964337,1263.4581247998303
1418.6076920992257,863.4804484936965,3533.5394805073256,1452.7667057977328,1710.8252253166418,985.277143495924,1014.3722867517146,1428.5481554773933,1185.7337345181531
1343.784665129188,729.837727921383,3421.4272607368925,1479.4397978136308,1766.7811590714493,1029.56610923301,1026.8144415848012,1236.545424624712,1105.122053397043
1051.3815352190666,772.5181410855116,3424.5684726676973,1534.067812134817,1709.5697848246018,976.0218833185864,983.5498311772419,1195.95307567698,1185.259758457827
1055.9633046480144,682.201699035097,3391.539583676222,1501.796029850619,1741.4015424219601,1009.2939035637688,932.0395461239478,1331.1624068625235,1174.0241844297109
1091.6465915524755,687.5060860276991,3336.0889606808178,1473.8806344279637,1749.95604640348,1002.9026742177045,930.27942134506,1358.8979117209267,1062.0572529807955
1035.1363844504176,645.8700695593577,3326.931252923354,1420.8788550141796,1775.1331543093781,1016.6282761038325,921.300030777895,1269.1097914139964,1262.3013820990589
1160.21239057965,709.015184648869,3308.918038978326,1399.569012961682,1754.7132302476662,1019.3552673103154,947.3847919261632,1244.4563683495799,1333.6668389299227
1072.7607892851915,648.9149222629945,3359.6225269387137,1421.391390554056,1838.1313188850959,1043.9044568986003,979.4448137289211,1424.3206739764798,1231.7628378997645
1084.9898072178282,894.6907908015717,3257.9364785896805,1473.0199240016545,1944.3990264286954,960.6333278841786,1022.1719055294204,1721.7854752996293,1296.0375342867567
892.0792804121539,1221.1092228146883,3377.890276272818,1532.1598455633425,1816.5352149741616,1121.231550410775,988.4476254419093,1674.0592713662727,1278.93128261664
898.0021394348047,1670.5622534633726,3714.3273086785125,1475.8526503301623,1784.630474237356,1106.3674745210044,941.4678769060074,1503.3828462489107,1113.7039912879288
1122.5622866139838,1816.7504790589692,3832.2845260511685,1382.0798374281164,1923.538882728605,1006.7391400310821,861.4306735895748,1260.1982195139979,1091.9547204329206
1088.926081565602,1541.1035861030211,3418.339079554608,1325.437503050647,2172.6062919881056,1000.267828656534,883.6442681370977,1488.9899819316379,1042.3296885156353
1422.3336219945293,834.1132631713165,3390.4099889620716,1395.0974667287553,2176.213779135154,1168.491452128769,881.0248041544379,1406.120507197068,1007.9438519293619
1296.8862948697952,943.613134071623,3683.240353694065,1566.245341865783,2110.4045670036817,1111.2204100212293,1658.5427292810225,1302.4342273422146,1079.9671624493453
1090.1511640129274,1667.803789300476,3758.2528456828095,1747.8378335194518,2016.4363285224683,1073.2148752148532,882.2185045967647,1262.4497753797914,959.8573139851419
1132.5484956343364,2159.391900158112,3610.989727636301,1683.364005794867,1904.449227413456,1093.0918903098793,895.452119399512,1341.03468447415,1079.8752166761244
1070.4595936083035,2090.282243834375,3611.719305770594,1574.431527586315,1743.6933604514563,1080.2828311449089,1006.1908088181508,1186.298711398496,1478.0521944382144
1167.9278785342517,1926.0590616179634,3525.333912630385,1499.442376921399,1689.8405325248239,1051.780656729234,1046.3873016678203,1462.671963938316,1571.4116170239697
1304.42611678007,1332.5725164199114,3446.370231711388,1409.1621549086378,1680.2036917081855,1039.8181489017068,1042.014139526898,1643.4364208267525,1452.3586474617234
1122.135940650055,892.0671854956294,3398.180081680029,1383.670656150296,1698.5627326669785,988.9115014425408,985.8516037236147,1487.3015193519225,1221.1375009465783
1054.181774745293,770.2515949387321,3366.654976804564,1388.3629207639995,1724.3588708330344,1083.728265974429,1009.5727849493544,1359.466662503311,1264.8591653210397
901.8686106735472,952.4759592464238,3360.8008764127653,1400.7977090894228,1807.0554549712933,1043.2913201138656,1039.5290331250533,1422.1558145793115,1265.7970445055416
825.1866285664754,1022.9340617466889,3391.115860995222,1389.9310292692046,1760.8446549825028,1200.6607999957232,1030.2072986067524,1298.727796852406,1420.6554023008937
1008.6964026622559,946.1438492545767,3412.0708581740637,1421.3648857751136,1706.4819602389252,1198.9355676946288,923.8985884170578,1407.0383843013803,1153.9312969356045
872.674134035254,916.6309300196465,3356.314937495917,1461.957673932377,1717.8483710429455,1141.8399814076279,915.6804784519767,1495.1978848736119,1124.68344687876
865.6299709299275,824.6894092636196,3329.048660240561,1404.6201390845974,1741.671719437427,1083.3786300109105,1036.8508659147426,1640.65910829014,1099.5854782286347
1111.4387375550043,746.3071931863975,3431.4606608827403,1454.7421604251447,1758.0556277312749,1055.0721668581878,985.7695397944094,1609.3895608485411,1056.808902405193
921.8653695662457,627.8343856088375,3416.81400900994,1423.3863595587686,1841.652172484713,997.3255419414784,912.3888987363422,1405.366966615489,1090.8519898499221
1043.1111886098884,846.1240182099905,3475.7272984378696,1406.984435938691,1932.4568922044705,1070.9501393936125,890.6549391086102,1186.1652215033746,1261.0112793319895
980.7174829527951,1044.1837653966838,3435.2665709878975,1416.6321420918148,2017.9223047565943,1054.7701836636047,1079.4241841127675,1315.8315152784608,1332.9473351716488
853.9041591995456,1343.374727051658,3461.1128554939887,1441.8988105543103,2065.9084349652176,1094.430156092245,1296.5598321613156,1354.4055849085773,1141.6647268701454
947.1532617451351,1161.998537454249,3537.4725837567426,1428.3348329509624,2034.3027670205768,1151.020087477436,1321.072118658886,1295.3903889323888,1159.9002033967977
1040.9878509484206,881.8625684625176,3561.066186919035,1418.0704816861473,2021.5023634102647,1101.8013523621223,1142.3755555340376,1422.9015599952877,1054.3668572469053
827.4141431619064,787.9080352214346,3427.5329975627446,1388.2288741015834,1883.7214129437389,1105.6389576146023,1058.0872619707652,1421.5402368331233,1204.3554398686665
888.2106016803928,932.5256294088591,3403.6043317973313,1376.5834744216372,1879.2924775149665,1046.4919993307005,1076.4641088512135,1366.9550912083032,1259.637441913701
861.7555361962814,973.1855226174138,3368.166370334503,1360.6032700099436,1892.6235993230814,977.8950271643657,1118.5688350016933,1376.6128517438049,1217.9033913398061
1002.8821977172083,749.8864417074137,3320.5300781768647,1405.1397914957051,1902.6660279230841,943.9846412190981,1155.6005141629641,1342.9417781564955,1069.2915328039255
877.9656012464495,763.1754076469516,3384.6512229819473,1348.7839936857386,1874.2254857147675,930.7025533683095,1037.91628406932,1327.571670680094,1175.4323721412934
915.2978003742834,729.8669158158337,3491.9141526524354,1392.707550206437,1911.5056603657567,929.348210532614,1035.2028818420442,1281.562748592285,1138.6574460908485
1026.645664014219,832.3990940128567,3417.3094349111284,1324.1981100278488,1914.8864411295926,916.5803093272067,1090.7759157543107,1099.0751824360473,1103.8626605831294
973.5319518051828,820.0602399391136,3406.060381297038,1353.8718951916794,1904.2264580443816,947.754851504634,1108.7520139317212,1236.2773843964383,1208.9189400349683
969.1933884157742,931.7379122685522,3553.1351149301768,1432.8392554551067,2013.2547168544033,964.0542895724101,1057.3898603342861,1281.6680631396073,1278.1408297241676
982.1474247905594,898.8515537020993,3527.059214719337,1487.1255640221593,2013.8857349322793,982.1917765342619,938.5467493942349,1210.2221309512151,1049.8559645060886
837.9917571897905,997.1481773567484,3397.4759009970203,1472.9929587351949,1930.259957870099,928.9247283550147,956.083900693997,1180.3566127290171,1017.6843671968376
1130.3325096844783,1174.1757529285949,3465.3237557927046,1404.8315129486284,1808.5828014843687,968.8010727595205,1228.8152197140548,1218.6003122239472,1139.7271913068744
997.9817563542052,1347.5211442451625,3437.773519000933,1404.467845384735,1770.1710848119574,966.9183863984941,1412.2174603612261,1347.0196095811384,1083.9180202448526
1102.024429826721,1636.4095967819085,3487.9518207129518,1399.4551253022357,1740.4664720812448,991.5367028289702,1384.0121668479956,1309.2662908226737,1132.5505900478965
1092.2792160772494,1550.1454415209687,3516.2286157530843,1533.7570182961654,1751.0331642395647,1006.6286976045925,1220.1535412672567,1279.4634004353727,1046.8251781535341
1114.351234587686,1212.3396284055195,3515.1798669327545,1589.433107491843,1750.420020446746,1048.4538164643313,1186.0105713490814,1363.379353483908,1116.1980473495328
1016.9601085637413,744.7363839253896,3501.001558097059,1440.0222223145295,1756.2828569913622,1029.1189948725814,1102.1775724844865,1140.143290592161,1092.4630795498858
1164.7833345527126,729.4395701117121,3428.5738762511655,1380.5726598207334,1749.4322320462961,1070.6825691178683,1034.701927608478,1337.3686140806494,1154.5246033740373
1110.0475377548826,755.1537889874926,3473.038582890397,1382.4987891743313,1790.2844283198808,1058.333176111567,970.537902972926,1400.7124535353012,1025.3127065728827
1281.752464945787,944.8844574229428,3506.0562168228926,1431.995124252016,1826.388547077625,1103.2832064402805,1080.9668704643059,1295.8292553177748,1030.3400792236396
1364.9950129747583,991.233340139121,3459.2817230010996,1402.0872231461854,1823.2002253966623,1111.307412109738,992.5038820016265,1108.9119600066972,1220.1040571482533
1064.7392206785573,936.7362379018283,3446.797714830824,1484.1125227712312,1897.211405464015,1168.983110353135,942.8809669101153,1370.4905283638975,1178.8324149681619
986.0565970604479,897.3254785905566,3527.533089299051,1475.723494095034,1863.1626638756823,1184.8317919476092,946.92826594725,1680.2144892377137,1045.8876390074101
1216.1756307762794,1137.230049273255,3525.4909571358367,1489.052423667655,1924.9035862615838,1164.244873858717,1039.1380724652963,1560.4264070516424,1082.7608492000652
1204.8560966195732,1330.8847686213448,3489.736687673915,1536.2742651338758,1887.5197388529602,1143.1961142287291,946.9320077658344,1522.5221423263422,1123.238127739296
1302.6935609875275,1270.709775619152,3520.0586402306267,1543.5357871089334,1905.5912890564027,1029.3521617632814,957.8550640148756,1403.05680933172,1153.633375140769
1257.6186075437918,1213.9661929732797,3490.8515982290146,1481.0451491477559,1925.307489861569,1124.0108632518045,944.2741827871191,1455.743756015729,1262.4299357084597
1460.3320269777082,1099.6908984997522,3427.8594715219406,1433.4197255874044,1942.3269072493338,1095.4834559936423,981.4142461674662,1229.3468638078523,1272.5336768292805
1263.1393775777428,817.4145967813944,3429.6257502441863,1410.951858763919,1919.928660414424,1065.3410762677372,916.6437206862429,1428.1156752097124,1109.3701720319334
1147.9232761545247,663.8444805073248,3459.8166220693656,1352.4869884711836,1914.9884572438796,1102.816903981582,937.4934514482691,1504.1483539623584,1093.5702732886618
843.0889215457695,880.2798699454365,3436.2583810599,1387.9282747852078,1939.5575117540775,1028.0252789016142,931.76745542488,1405.2010849430023,1223.983250337776
896.4806945078573,905.2716315862335,3374.1360596905433,1411.2834814293606,1958.727939407081,928.047105821654,964.0898530080999,1263.5576755014424,1176.7379885323853
1102.563445772879,1394.6813268399478,3467.4951327792,1441.8934848083206,1958.7008800057333,950.5727014837272,969.760853200663,1499.716704315346,1085.3941714309458
1099.8262208226213,1796.3813931748703,3425.5627332861272,1410.4756674903406,1944.7108492255504,993.6456942285541,945.1726305455594,1578.8755241139918,1126.6561474804398
1045.6668620766077,2053.2313073536807,3404.060376630067,1432.2019585791688,1943.4096028977824,1019.5547826583771,955.3350659380217,1482.5822565519459,1165.9477284740412
1144.6197969300665,1732.3607560627274,3431.7659865555124,1359.382211319911,1867.5943649266185,1042.6307280516662,1002.4434369159898,1222.204416971859,1146.4321730286088
1156.786677700044,1158.6858316429636,3428.2572929715925,1365.717156340239,1935.5027876792512,1096.5687075712756,986.3206885909825,1181.7275329420024,1074.0649166026305
945.4191921103942,1526.9270373865536,3452.0446930372523,1334.2252051719577,1908.4364050590113,978.1861049512648,967.1601914549461,1144.9409719926277,1120.2766686398018
1113.8701754933063,1826.2978832691763,3437.250395732993,1354.9892464733437,1885.9546949986118,983.5102217663093,966.9009140941099,1238.4892537613837,1013.0263860628411
950.3541507161916,1914.868203397544,3377.819855027905,1368.3416011619254,1788.2506423191433,938.7560075270786,931.9308238074341,1389.363223047929,897.226238415366
914.727460544541,1561.9283976899683,3464.0533937415153,1314.6538512984819,1795.14380922322,1040.928094504477,950.1663560331103,1306.0698780330467,1061.5629751132203
997.2371497966726,1184.184887497798,3464.0242004473052,1457.525353149323,1771.4294735928022,1088.788027379598,1012.2531811466583,1173.1155074110939,1126.6118009372676
903.3806591200376,720.9641516962205,3484.7435438926896,1733.7173043161688,1787.164199558184,999.9443450139601,1119.6861688408785,1142.216098823338,1125.4953327113305
1081.8513465538067,845.2695945482232,3422.238983927276,1663.0344321555228,1811.5752157845343,1162.399566554045,1047.1683022752857,1326.7634757758035,1350.9312227540397
993.0446896711808,1020.6880768476112,3465.2709782623983,1539.5082292466564,1786.951867151233,1081.1961751968213,981.4318972808262,1254.213704506286,1335.982022343391
829.3554948122566,981.5105012138195,3416.1422696766017,1875.5503124603124,1766.9130030324654,1082.3417715827668,949.2860174599233,1157.267301918461,1209.5138081936045
913.6252184680405,667.2217679373418,3438.084287781794,2007.792020511609,1761.2408311099991,1142.7934753192021,925.2264277406865,1193.0409094431882,944.266252884716
913.8728648648248,843.0100058427759,3491.9504404880963,1913.2468194540058,1804.2365779497245,1111.8368471775193,965.4587575326306,1166.7286027008352,1053.1296920471896
936.0590450562695,1102.6456336620265,3560.801944512496,1703.5401264762247,1792.351292942357,1196.1927656323915,1105.2911537038697,1227.5741818466674,1063.7875129839138
997.2228980452813,1360.1463270892627,3562.9621747210567,1590.2950399989193,1808.849154906712,1105.3970006725972,1123.3701456352826,1268.6130336041535,986.3837328008049
888.2078880003688,1283.3553874485665,3489.98354639983,1592.358073306885,1834.1184291099917,1088.2677832834559,1065.9893593043817,1450.246670895835,1224.7284371938752
972.7615661251772,980.3327251434104,3429.6018352560236,1498.1482106219335,1886.4556828120103,1101.8301800679938,1026.2055743999176,1474.393040265977,1271.9724609291989
976.8865132813806,825.1673018814226,3382.075271477219,1447.4069917429365,1863.788696392274,1137.2823698489337,1002.8932494331622,1313.768779270062,1118.2730972086915
896.1185809199397,835.4698038363656,3551.989469884399,1485.0359985181142,1859.6433616298268,1054.2048199455692,1023.4843945901523,1324.8785756138857,1143.8177696038033
1011.2813812380216,1073.5159391317088,3557.1799775924487,1512.1684357610811,1894.330548220604,1186.1012596836615,947.7776111080366,1428.0355417471678,1275.881893560392
1172.1166802171545,1275.7844484534164,3574.2256843200153,1453.0078577953482,1980.3225015693015,1100.1982472235234,880.3980434313967,1408.4728853087488,1112.7801610501701
989.3514186723175,993.2278010478841,3588.808799545706,1504.3015766748636,2124.7440621832943,1087.3236735130583,907.4900985788856,1150.2333617848892,1094.0047566505862
1084.1666509029058,806.8162242800053,3408.4670643113027,1494.6256499014692,2038.9516071657033,1063.251595003515,892.2137322733786,1297.6253043006159,1127.4727227162043
896.8730274467881,611.5919318336119,3389.847186030388,1402.2209899030574,2014.2342098335762,1024.3488383011056,879.6102060414822,1511.5284139020796,999.292025449258
911.4019699702885,697.278804351258,3490.078117806938,1452.7218865435136,1960.4803235267398,974.7929118136097,935.4655381392608,1350.03601892918,1104.6662301381637
805.8815405325448,980.5350071830026,3461.6892436379417,1581.1089819374604,1908.8034772085648,971.3131087108926,1026.4242934295573,1099.0559734133717,1019.1602399045221
1012.0725198719023,1323.8398055064167,3548.820300800666,1594.1740034798088,1853.7378727429896,948.9841211862836,1006.7659271134831,1228.5570446765182,1177.85850670017
859.6632173707648,1422.7384220477134,3468.7048982368115,1535.7440766651796,1862.983982419849,934.8035478218401,902.1959060979558,1194.6530496642176,1300.5434134703505
868.6612436484063,1308.637239892654,3414.189359743988,1440.093067280659,1917.710204847599,933.7671443540333,1030.1324984018559,1123.6804390862571,1263.7646307566135
962.6411409635632,1057.0009849395083,3414.6017165899116,1396.6519301786614,1871.9172801367406,973.7944282531735,1103.196579679552,1168.8180406432493,1077.2160629096077
997.2720789251214,881.6395157693478,3319.242656302545,1398.9186648885484,1843.6358379575354,904.8051107628927,1020.5383453634021,1357.1514677244995,980.300625120697
954.8853395317279,766.8552363679194,3287.890230800862,1415.6382107910845,1777.5210352274125,937.5319862783924,919.587882760119,1486.1050134579962,1031.8464387528632
878.7139163293521,762.2312573445524,3375.6169532857184,1335.4312572684482,1778.3678914228756,960.0561037818031,960.1337470800538,1298.9123133425915,886.9589253263583
895.5898439983708,667.8441883481656,3386.4042509397013,1365.2185662618022,1714.958117121861,941.862159151528,1067.7567653265344,1179.7533967208797,1058.3750722990958
1029.74804859626,765.0975224437301,3322.9887821649704,1459.068138560911,1739.4938029282175,970.1246049306312,1068.6266970799543,1146.2358798306248,1033.1349382745373
921.2668069470255,753.1146553005714,3461.921243361864,1552.396404842164,1708.570989198933,976.0954796505029,1038.4254079227155,1251.324974846588,1053.8703537881634
1081.622717256112,926.6541738992099,3439.067043524107,1588.5118344815946,1713.3185158258484,1017.7736249792978,1074.5265431318478,1180.8189332914442,1050.4527092555895
930.9101562345522,1073.1444744828075,3419.3882803771626,1534.9320296606506,1767.725089758503,1043.0805194778886,1130.5828250253762,1315.4083468399774,1171.9279230978873
1003.4024274868951,1101.8614050858143,3433.971922371948,1538.7530792329412,1762.1469238329898,1061.4680231572252,1043.1196768860896,1634.7903134867222,1083.8982528574682
915.8507870909808,1123.9875990724681,3418.1285464859707,1500.4343799585934,1759.5155745021198,1147.4273166977937,925.688004881675,1668.9395475988972,982.1286498514017
1249.6222286792538,1073.6346606984548,3446.6338982419666,1478.268932889268,1765.4030302131043,1054.4711212673426,971.2702333633853,1440.387080308176,1044.209342374682
1777.6509577957047,996.4702451775188,3390.729283757979,1471.4980961140498,1781.1418887530194,1124.312517867479,1040.3340233826034,1322.4426381503904,1289.4729875648375
1882.5167890716687,854.3032729173136,3477.0254878702135,1468.2451105958608,1776.0351366922728,1134.3233205075612,1055.1461141364189,1410.6617576623592,1193.1576897711714
1720.0494161818885,661.6758788376231,3399.153292686906,1467.9576212545987,1827.1944100045919,1097.4804501355454,935.9443811781341,1209.4335229513408,1004.9588234737741
1343.4871834564963,835.9823261855341,3401.924950127204,1454.1701561248892,1853.531708511449,1049.1010558841851,998.7409784681505,1167.9061936182115,1080.84849996206
1918.717704428243,885.6737457995889,3382.3604128066245,1502.3613568900266,1885.3569614349972,1125.3813892337107,914.5515342544862,1235.9564064199756,1135.4822189706526
2227.398626599216,1230.5883580936138,3491.075432598232,1511.6302500999002,1899.3268235907942,1066.657807116652,862.538908489099,1317.1453409594085,1231.3803498358764
2265.746703682041,1185.0159056488963,3375.0192395434306,1539.8990296094225,1901.911965207197,1140.5435719183924,967.1787172419788,1300.203546417531,1407.3176607467176
1798.8250719097148,924.2129324267693,3425.844523010812,1515.3932660343573,1888.9868816472904,1156.057549679557,1034.9024649707096,1419.2890116935585,1392.4299174729344
1454.4558393392215,1142.6269884947853,3418.892453837225,1474.2795364195667,1946.730372586922,1110.0750798361921,978.3989747513496,1491.405943855961,1355.8412555334871
1311.7473406821814,1468.9384087614665,3401.0297284674875,1436.234546229709,1893.853387037561,1176.9079225810556,921.296927897032,1631.4468078025918,1353.277154730683
1205.6628907266875,1473.364963215751,3377.2755481097574,1427.8925014898464,1846.4000966008978,1074.7964157246083,961.5150372657698,1639.8419942547332,1253.845505571915
1028.7772297699414,1473.3214905830137,3325.520018872482,1350.1918112842138,1861.0117059112922,1069.769560575867,922.7297832840825,1491.9280708982476,1174.4797226794676
1027.9221172516034,1398.493615334726,3388.0777297617396,1374.0063348613826,1921.6619284600868,930.8413269100655,953.6994622751688,1252.8749762620012,1267.9919882954648
988.6358101364881,1095.7359186032925,3328.859756859582,1364.9627341028709,1881.4164901120762,898.8257285226473,979.7096265001858,1328.7626938533406,1325.7036298185258
1169.2219323035313,896.0435797576274,3430.278273010599,1382.854472823559,1896.4885948706599,1090.752783669666,957.2547885147858,1509.866300604439,1247.0050023392507
1226.6839297350555,799.5718058519535,3383.4402996383237,1369.4286438837653,1923.793682249863,1097.0624736071206,1012.6405590126966,1831.8465878535833,1152.6679504466833
1388.895065614033,895.5388593623649,3389.7524577148565,1396.6500882243083,1907.5248435710957,1245.3176419869606,1060.4165351091565,1810.5865495309577,1216.3457855295103
1247.6436761465593,766.7103237749525,3425.6779860241622,1444.02607924032,1916.6604965018557,1199.2466076096746,1035.4404316291568,1737.1340517398778,1183.0698638062984
1000.3241490845764,668.4126757235352,3465.915662786713,1397.402167891108,1823.2520977288207,1107.912451855111,963.7926743494274,1528.2569050393574,1089.3753157218875
801.3581280283855,811.5042078458746,3407.7760314076445,1385.9416466243215,1759.4776341479328,1033.1313395587083,937.9662960591828,1541.6028576773226,963.2332906141481
882.5799648756397,776.4102354834582,3421.6005150627607,1393.974127442007,1727.6795042365586,969.1278006117108,968.2703070468915,1525.4915762834714,1176.8663967312123
945.495948799967,868.9702990691851,3445.654651464882,1377.416754895037,1780.8405771386888,1013.72127379174,928.5463986152191,1413.2675081997231,1222.287847147365
1173.509870607264,782.1802958135144,3352.4645640430995,1366.3285037386972,1728.4028176194,1022.8097947342397,1089.345719062239,1415.9051352725965,1101.3575532526618
1113.1851047905534,690.7479178847925,3434.6095139934514,1423.132899004519,1739.6166522045971,1105.5812402122258,1232.4870904934924,1457.295727911401,1118.1324866633213
1123.6483258716285,670.3664249544366,3442.478564523408,1413.9369622330255,1691.1406779684924,1160.5139769499065,1398.4692998866667,1256.6376150762158,1073.2474770355914
983.7968817397552,631.9388125228347,3460.193716187069,1432.6158184096673,1758.1238948933963,1024.6004597338526,1427.8883356960312,1540.5647934508354,1055.0710884028676
969.0048027991736,566.9210910453895,3458.0477953705263,1468.7649292329688,1818.6992879088557,1126.5166341258657,1465.6867837312507,1567.05020675353,981.2924963404296
863.85617300929,724.9097173016011,3477.065940462926,1506.3951179536632,1864.2124040285873,1023.6945599766286,1250.5513796328476,1476.4717534308024,1072.3820331965537
952.0332161210978,781.1105620664459,3500.1162631846196,1500.3105578554598,1843.2462786377314,1102.527884098565,1100.8891637865845,1339.1933728544873,1102.267752680456
938.9153925013795,928.8820286240102,3470.599258839077,1532.8303052741896,1818.7293221494906,1151.3219794441504,1162.324654005468,1319.0429146230065,1236.334714779443
1246.0292726466319,848.9966037044331,3587.542292334286,1494.9788519361337,1936.1025973367998,1104.3511616806452,1280.0255842206423,1497.2682901037685,1169.6344131672515
1258.6356407563333,1050.4159367950422,3747.2157704697875,1510.6432238949765,2061.8906622771597,1117.3940419645612,1263.7195700116774,1479.814359372105,1154.9847742335169
1279.931553662148,1091.858776950797,3779.0335612482486,1528.0917037137326,2159.5626962751885,1228.9080546278337,1167.6753454492673,1271.5523953054592,1213.9639406360363
1148.5300084961268,981.9098796868623,3534.0709578573565,1514.7458165815144,2060.8155098038164,1131.7866749822422,1002.4352596275975,1474.1934702028514,1268.9474129135817
962.9115929666056,947.9765370959476,3506.722674759083,1513.7061539663641,1956.304633523384,1115.1471664830112,888.6397368104665,1518.3413844490883,1120.546277458811
912.4858880736396,967.2942379018923,3591.7243330148494,1483.9756617754272,1934.425715510366,1069.2456870144156,1001.9967956866939,1489.7308014018756,1092.0142367893282
1338.0339834943643,819.6289790923767,3673.112909942215,1628.9443646312152,1996.4102285677566,1028.310425435668,1099.8570864980927,1547.2950907201198,1180.2630032557906
1148.978082761329,869.6910687508934,3723.621242837928,1684.1929709479853,2053.14105991397,1089.8633925273646,1053.9065294495408,1615.1284046522937,1370.0216512975358
1010.7322163730286,902.9071298946276,3686.2588870897307,1650.9234023706292,1921.269119555799,993.3339064022472,1346.3944976591758,1494.1698169176627,1178.1728606575352
827.2166732681587,982.7550342980073,3487.6267862166756,1420.7247143073994,1919.8185695999525,968.5091117756771,1306.1195680175801,1371.6623866109226,1192.4474664910251
1113.2417536593155,798.2392095264074,3467.9574447936952,1371.2442105717237,1892.2570805709022,928.4070220019199,1431.7391531230703,1172.9646733708375,1298.3702970872805
1202.4821824557275,950.2437873959715,3486.4199966738083,1381.12317038073,2003.5356749921991,964.0544809967325,1311.0580076410788,1142.6732882266099,1136.9606024911348
1122.7651559039348,1333.139051477762,3505.373208528985,1537.2708422477167,1954.1327591222514,967.6259934424864,1157.5012709054372,1194.2159872454563,1007.1843034630654
1142.1748311398837,1483.2635549148538,3608.545120652075,1634.3589639124307,2072.61355128712,956.016865064562,1068.071625149231,1067.7627918956616,1128.2343389251814
985.3172306871205,1029.4560122845628,3620.132556767539,1569.943835301109,2005.6309334973073,930.3719500012375,1019.7991686982144,1097.907429785758,1033.4158024959281
946.7330968623975,808.1387453179477,3519.053013644888,1483.279393163839,1935.3328356150382,935.3663305375328,1072.1098266970075,1368.799185588956,1126.4238965082814
1102.5115216679344,1139.7328748451428,3541.5670147974934,1392.7196507294973,1829.5844600808468,929.0654841386845,1045.1163777772517,1493.5834781958133,1235.6037836715238
943.2163492663864,1459.02302629601,3490.0278786937897,1445.9400586416718,1761.319955881316,921.4638530139575,1071.2545528204714,1248.2800616360032,1250.1156876957393
1052.3207063115467,1185.6636605485212,3486.8862462562042,1399.268484914934,1762.8861581356412,969.0307772167753,1096.5243565343865,1226.198872578369,1206.5227156290523
1113.832243719997,977.5385152684997,3564.6975425084474,1380.735400321053,1745.1428467247363,980.1066943189651,1160.0732439667217,1314.5195325940244,969.1415070375522
1069.4904178078004,1207.3617997031597,3570.2998153706985,1372.3654221591153,1727.6013400205247,1041.5650331622855,1141.286342280278,1234.422983951184,1032.3109841756475
1169.3754783137508,1402.4796258867718,3598.0916475036706,1379.710227975144,1737.2562301531718,1021.5864179075447,1203.397430664299,1182.9590024857216,909.2395498172348
1071.2078106299687,1474.3781071243127,3498.29725457095,1406.0794180208698,1724.1111829172519,1057.3611144821234,1177.634060675892,1181.4489961601223,1055.80782393574
828.8927991841994,1331.2406654062036,3527.885662142752,1475.3318760939178,1754.530295647485,1051.000908146531,1135.0809753766875,1240.1766797707019,1055.3180505950618
1001.8741744619227,975.9291915714736,3474.7780026257997,1474.727094925074,1778.4135874406961,1061.892475312595,1012.0765972643067,1397.7769867559714,1148.8429566437453
1029.3317707373126,693.4643056263714,3547.5138221751736,1508.9032148286205,1753.6398043185923,1045.3267003304702,944.8397495671845,1329.8558976683246,1215.9531194984625
1114.343352691748,1095.6022141598828,3562.694168957307,1510.811807540795,1753.8823485327162,1058.4424084394818,972.9382205173648,1250.8491176160423,1189.4712870939065
1257.8837193374482,1592.3450228734878,3596.5885517942424,1518.64755841462,1780.995855825392,1131.8166822210817,1013.4241637881942,1237.5061785050707,1050.1503230267035
930.572251605346,1724.597788377043,3650.3989980554024,1555.1101208739904,1812.2882738449528,1106.7020473133953,1012.8924307658805,1427.3582429594644,1124.5022156580562
1008.6372295830051,1598.793866642599,3570.672730269648,1540.4847420235683,1854.1485477042233,1094.9704408431871,941.7014482055507,1537.3717662660176,1263.579492320031
916.0974305732943,1081.3251725895318,3568.2565366079116,1553.3533597555127,1815.9492224109183,1079.0748981046277,903.7869119971825,1418.2840927516743,1293.2807685489327
928.8108421568255,831.9120400925758,3614.9918910348665,1568.237022222794,1851.5981240156702,1126.3916701485682,915.0277901866301,1380.5178406097298,1243.9157843581934
995.67411915471,736.9039310383453,3564.411490270092,1542.586181312802,1880.7974027342664,1092.0433360046727,879.6953234149545,1381.6292123444455,1064.0399008066856
918.0333816525855,718.6926270034365,3493.9144324515614,1509.7130717071575,1909.2258024869675,1106.5247995314608,915.086308348475,1373.075098282677,1202.201838253891
955.4715793527904,717.705987019496,3544.865265646182,1508.178010670701,1882.2653555602787,1068.4426295299384,939.2077984604878,1174.6134015056236,1318.9093742646396
939.3876031316677,784.4061313770279,3463.970658864191,1421.1866043016134,1867.7661623348502,1071.9833575499172,923.2411105771112,1275.5736980840472,1112.229606988569
855.9152128199781,1192.3158130317395,3520.316982240115,1479.1498316277575,1825.527823277369,1015.8396522967685,928.117838765857,1332.711706998268,916.3350917829553
1026.0279946795379,1535.990141698212,3461.1443667760395,1397.6419111577136,1831.9274846473334,978.0607747459844,1013.2660915592795,1609.5785661606747,1102.408832327506
1048.2181649540937,1490.025655190881,3498.7097496054917,1339.626124329654,1862.9630721188496,966.3370724834706,994.1482779892357,1865.2084460293372,1201.866968757349
1080.5980411610258,1261.6684019414251,3495.775084072947,1334.673566733371,1835.702593742017,969.6060528526134,964.9717504230897,1649.3465017735027,1096.5007502043122
973.5940124785902,1125.1573369992273,3541.8385255059343,1371.0012979722214,1836.8869546351034,979.6804798298674,938.8465297779635,1266.4431054827253,1075.7899587573115
870.2369064439093,891.1022847945991,3505.8868995175435,1463.5868253650601,1836.004055265047,958.7199798213031,998.083528014964,1168.6551578208266,1020.7957165491919
1077.044866062847,843.3037019398957,3525.2111059673475,1393.081036070896,1820.00767828759,952.3675814420702,1037.5727492162903,1436.2944933646183,1035.4652334479242
1002.4485782011532,750.6661361133833,3546.9205951255058,1411.2351431226841,1799.3294123461476,915.4702836180622,973.7858641623367,1624.5769282108804,1051.6492306703822
936.2045208351052,774.7381075968311,3526.6325864814394,1405.5121281913666,1717.0167434047166,898.5877901847484,912.3615094901234,1415.2961511194248,1025.028604055681
1075.0705972373523,838.4033245685293,3546.218813669093,1428.887320591369,1710.749786115568,913.6468049887405,891.7256809630093,1514.545707057481,919.5251124652963
996.3978503385762,1035.231761506431,3487.622680931601,1438.337860037428,1701.6108154346175,948.0163250476613,964.155213359598,1653.285587064658,871.2648243110605
873.7919703270421,1227.513752860431,3538.772145255103,1432.3194720820502,1710.2750250655356,977.8966107360989,1030.737322393026,1624.769955270542,978.8573531790161
842.4640742210997,1524.3657051299042,3556.478871170046,1399.3996745818367,1694.3910135875865,1205.3406880371326,997.5334144948085,1586.6910374563138,1004.8823756031994
797.5640538963147,1373.767927670116,3874.1454686296734,1409.8833917990046,1684.1365993658294,1265.7872960176812,1018.869799816184,1262.0843328074434,1002.6273587791144
932.3110720219515,1149.7951493816945,3908.498556353543,1460.9400588275291,1720.2048912903017,1054.2636906100745,1090.0788427537798,1319.7245290312578,1060.3917195739723
1013.0435205070371,806.900673072753,3595.614182465997,1489.8458898484116,1870.925258432821,1157.7677243789642,1109.1594475051393,1458.5116333955173,1040.9397441891415
1134.769119575189,1012.0788579543306,3597.12228449278,1561.0697142905403,1918.0123582967128,1391.0720709730995,1022.6357293383347,1265.6160382279882,1240.231082457025
1407.669998506637,1154.0527157569568,3816.921238304128,1655.895484140021,1893.7211107657968,1407.7545035837043,1002.2768209911096,1185.752427551096,1175.4193154038087
1497.4669986431904,1007.4738348362946,3954.2971869260577,1642.9127220677851,1907.6649678292677,1328.065087547055,992.798369790517,1220.3613326663544,928.782172332952
1417.414018803315,807.5981326120691,3921.952644321014,1603.9752594415775,1867.634114314433,1276.7808160239842,1012.7963380878141,1328.7711211058477,1083.5499983213017
1612.7121861772807,961.7476910517499,3950.2709860240343,1573.5965879879739,1808.9134047442967,1128.3613130336298,973.3464491238191,1482.97746232513,1240.287439010244
1376.9997694010474,979.8638991303003,3751.5235497982508,1524.0031515113046,1764.8233946739156,1112.319531258162,930.7907206215407,1537.2984376639697,1275.8486022852599
1116.378752569646,914.9325937784334,3687.0206323800367,1479.8387512890363,1761.6952689358766,1093.269444207416,873.2035058442217,1397.207608652336,1166.4113635169304
1416.6436955797165,1213.6399702466088,3608.7267567006984,1499.6895679240909,1780.9328368564722,1134.3034832614676,877.7851275467118,1216.0228943148704,1247.9283070406507
1785.0054979278755,1507.4978727183536,3620.7388564394264,1513.4868386305232,1820.761684919507,1097.7387499429037,986.9202060373301,1386.90101160878,1413.2651569848015
1906.2536506063764,1550.2980603566434,3549.958568000912,1510.8915948992733,1851.8894779593911,1121.0588610538766,969.1252725666361,1613.8852422107905,1234.4234803993995
1890.4343956333034,1517.3453366723386,3525.753055014819,1500.6485606159217,1900.372554177684,1122.636413146797,919.2135852697464,1662.5299035025425,1090.2037702454263
1778.8266942348696,1002.8418902606994,3631.3017251802576,1506.61992609242,1863.7361106777612,1211.2150603135067,887.694348300171,1724.5354330705989,1242.1974948387763
1382.3453307102518,859.4208301156607,3713.7876826176057,1507.6223568845248,1786.752213283925,1258.3717191829512,952.944486823516,1390.2371714045864,1119.5281393223459
974.5634981131916,998.8451562059306,3541.8117076033313,1445.9354300965745,1812.6601018027288,1144.251842776104,956.3126514394007,1272.280418840941,1123.3036938574594
1165.6542768036884,1461.5386401463331,3475.6014455781224,1534.2505935193676,1859.4234757786226,1044.3876587448044,975.7275450926137,1316.409162448085,1149.8937865245941
1168.5330931166964,1454.398350495986,3577.5494128432215,1505.6590471797517,1864.5092812804503,1103.867806542651,977.0067711354411,1383.8934185731969,1153.4775503574745
1073.4462980766543,1267.529318961796,3576.8112533599065,1482.3609358803897,1830.6554176243142,1219.3463670643132,992.2798574823391,1252.0867132560393,1229.66636018874
1170.754782822659,1298.153878474649,3663.387653130122,1413.468368582473,1850.054950179188,1209.0043905857367,1032.2686353788267,1259.1020285174527,1073.2688776578157
1041.4939827698433,1137.7676968333524,3567.8354419425445,1375.892649239395,1858.744974937603,1162.161421383555,1084.158095627367,1269.5243228077156,972.5048794884794
847.4100569837587,1359.0189290442715,3698.9053069577726,1414.7888878611875,1860.9058410915884,1086.637767850827,1062.7212163857214,1279.4238527135008,947.327593552638
864.2946488100494,1374.2091653150806,3659.220230224634,1458.0627387557865,1773.4229248653085,1008.0613247646172,967.599728559246,1434.9719700328,952.5286510580115
822.7371827476433,1293.2087135250626,3780.815933929353,1587.72327570188,1722.449090183196,1015.226760253507,956.6870925380316,1340.336312858694,1060.8463678550897
897.1108257043012,983.5420611135592,3658.0143020337673,1541.3897162520677,1697.612007542616,1127.5626663884027,1101.2546078019038,1252.0758471140737,1104.3053452517477
1036.1803528630883,1040.121946037176,3623.8987295671136,1534.7563248170127,1702.991440730748,1137.0810705535778,1074.6884868980696,1205.5380199905233,1302.0479123333882
1081.0024395865662,1472.7056330864357,3578.0431530765227,1471.7713512359321,1650.240719965398,1135.1764884258864,978.9549789777293,1280.7533441992402,1112.5681899656497
1045.9546943525834,1921.1282540220245,3638.2647421474926,1503.9565576603025,1671.7752128617246,1084.2056620798026,1061.9460012564455,1249.9466479074579,1020.7636179935465
844.0870474751604,2014.5779499892894,3646.7492243305173,1593.777679082192,1732.7167185333678,1064.1783862886407,1112.063866328881,1202.225853160276,1046.4979596541928
958.6658124282256,1531.4087920916304,3665.676977836271,1647.7914613964906,1755.0990499843354,1071.4487282730086,1029.5064999278263,1513.9421149795337,1187.8004995158897
1218.4853224443332,1371.1656005722657,3641.259169909384,1589.116192905886,1828.2410556912143,1149.1490557574255,1016.3928940822204,1635.5057923522904,985.2415406431494
1354.222865393146,1461.2610563972173,3653.794726191628,1568.3169539598973,1806.110384469976,1186.382501273263,1276.8687044725878,1474.9015208562973,987.5539799509362
1222.4978345710826,1594.6478669731796,3664.655256013104,1619.6756846508922,1783.5370280189068,1117.919720204316,1380.8070536086664,1213.0892607526962,1078.4192053346967
1106.258140266991,1432.4505732402936,3714.6740003718296,1677.8097086742787,1763.372301169929,1180.1838467897546,1042.1989806707525,1246.3917628803226,1158.2036009712967
952.0476127844464,1646.28014782209,3697.9842750761186,1694.6009729762095,1752.5427711998748,1039.5042714755755,1043.3204561357898,1230.2647444254094,1372.4901459794116
1018.5043250124382,1680.0761860219038,3621.432847545409,1672.3116761543579,1736.3395591246667,1141.3221201408262,1260.7153539685455,1269.5891197552098,1242.2632499008714
1325.1956377109848,1607.3101999376574,3607.5275362275465,1631.827295065909,1774.690256929621,1111.1563933721789,1469.3896232269933,1168.4842615901393,1149.8780892264874
1238.4258004569363,1311.804696176286,3600.6746863957746,1630.0384001046843,1840.1599422721722,1063.4405116542357,1441.1313758119143,1407.4842891285716,1238.766675254029
1284.7812449165456,1240.411108876699,3619.0626904364804,1564.6663300391922,1841.6169742385125,1084.8592194525052,1426.609113925406,1734.3256419938245,1241.2656953359246
1098.9266454185881,1656.5380457682709,3593.658301248993,1538.837884459352,1862.0512899017158,1053.38741286006,1245.9075415736293,1823.9510881915562,1216.5479419777905
1132.8146258773086,1973.6286307313328,3616.924083609481,1519.6071450461434,1884.7278148204941,1073.0769989520165,1104.3959104319333,1706.858984841749,1030.414104179978
963.9390866214851,1882.5730550944916,3562.385505597362,1503.916812232047,1908.0874788536007,1042.1702899968411,1036.5307697807657,1628.267660907421,1188.1529543286758
1102.0577791479468,1639.7065789932983,3677.0683895545194,1425.8559289515101,1802.499821093678,1023.9192671484027,1002.1046706121936,1617.45050136107,1161.9295344697912
897.0225890349689,1549.8408769138844,3597.1365958070496,1410.0250889935048,1831.9104932264765,978.1437601154877,984.7801188876006,1524.0287977455348,1205.8059057803275
930.2830536461819,1285.7345719376412,3590.740550151939,1360.8911639079179,1853.4884780044047,958.9163004602427,932.0239230963765,1508.2065346235659,1009.5433319550167
996.551003311307,2015.467819668132,3526.882897255571,1386.9401567946747,1844.801914241047,977.1741694685763,1013.5741764229966,1699.414658087643,1139.18275629402
1048.0464045553801,2645.99895461966,3554.423967071632,1349.2701346848487,1855.7690012930705,952.7303970673354,998.9710577210699,1659.8724425224332,1292.3970931291103
981.6045504683102,3246.9854604028264,3597.3081736732147,1330.417455468738,1849.1718849112692,925.3944054395727,1005.106002088286,1570.2743182915601,1144.9021114316183
977.4874498922021,3328.8520441912697,3588.3591364222016,1361.6252036565802,1937.534388495332,901.0653567834204,1078.117140082627,1321.6042337222416,1046.9371508841602
958.4215290462967,3267.818485466651,3608.0476291836767,1370.95224632327,1848.5802196770057,890.7174032716869,1146.4522561735066,1284.289791863786,1051.2323214900914
1050.6441957134416,2307.471841566971,3589.679328624761,1358.97452395346,1764.4339500739106,878.8363839451316,1074.436069778828,1228.7221970857086,970.2924598329596
880.3336193494496,1029.3785350407604,3589.1249944737583,1452.0408045871166,1683.2223872697261,882.0131904908045,1155.5821155166057,1293.0249741468351,1039.6783291737593
1127.7809991564825,1548.8632001778262,3573.826594695349,1493.7472794533821,1732.1184082953391,925.4325879182986,1216.717584995925,1401.7922207549527,1057.3947989932083
1011.6644158372466,2584.8966456159847,3667.5956337011403,1563.8591469844143,1749.4475766818873,962.2414022883883,1125.757002035416,1508.1333794886605,1139.7349366817375
1134.01219294269,3053.3035423134957,3696.5793192377278,1574.189660789666,1707.8835683558063,991.3133014408514,964.0549108033956,1725.5258791751762,1107.9711572564074
1165.4253268003522,2827.7414420660466,3691.765684572062,1558.7820052024897,1681.6310666745303,1042.7834025367238,991.3316193831512,1599.8324281066189,1199.2920035146262
1281.4591882989762,2264.850851325672,3767.6774486664767,1508.518450420686,1777.4105990533146,1010.2256075899603,1026.3825228140513,1389.4088615073322,1068.3771858409305
966.214719822946,1825.5108901143149,3663.315183021698,1463.6520325200215,1912.3820240358077,1014.1421615647492,1064.8737986136593,1327.4026150737172,1119.9484735530357
1027.1642797601394,1947.7144733370774,3743.8306374560552,1438.5197485402164,2044.5206102700622,1050.1290847022133,1127.964249531845,1385.1999979374514,1092.1886682043303
1226.9357417549422,2148.4086887934495,3663.078495820433,1461.2198262255104,1924.507678553323,1086.084290409583,1063.621058261313,1344.2162578757734,1080.815106924382
1015.7905437332905,2202.291108591131,3826.375422762039,1464.6276833608458,1819.1769782056244,1009.3729540987873,974.5058415214638,1214.4003680472254,914.1825936796203
1115.0539349145772,1704.705655318291,3684.8472623813777,1489.3877219986016,1720.4897720823624,1101.7025691135136,939.4635483557794,1353.4119939466727,1042.5994229736193
1012.9575949850828,1179.3720057903884,3754.9141172994077,1599.3227016773033,1717.3996140284044,1184.1264343905957,902.7638812958738,1424.292942548035,1100.4334203569786
960.1759077778165,875.6102027805606,3757.5041830821297,1604.7994766231488,1726.7767853828038,1122.3321902522644,905.9661931949063,1590.1356772885183,972.4981205679284
1087.7509092426722,1075.5793789678398,3809.148819009882,1724.6139756533412,1720.8115270845929,1268.2252077487162,875.0053649132735,1582.4171924061839,1006.9184916146356
968.4624179873044,948.9923939009288,3673.313748304559,1775.8465959508014,1802.6655860864003,1174.850721276036,910.2960130068949,1523.3469908098293,1016.6706926426315
1065.1517539028034,634.9778964342682,3694.7272209177117,1656.018912292279,1815.7682177055026,1141.768018100764,1008.4389654859838,1708.399335214545,1058.6275997358605
1173.7825679719622,873.4107866462762,3640.970218096547,1481.4095624253762,1873.8358477360543,1040.8420797206463,1052.3295655228926,1730.9909394848144,1078.8525068246868
1011.3532241841043,911.6035707396587,3658.837991409084,1599.9020217009647,1874.4770940426383,1034.0561613768514,1034.8252128577026,1733.622095459481,1162.9633428133652
875.7188010547669,1180.3021743392658,3571.5766674799147,1645.754126924732,1825.9042977082477,1194.4922896885762,1041.5773624217936,1289.0375646867744,1219.5560110948547
998.5468887024464,1285.1150933805861,3627.4431604324163,1591.407046181949,1814.6104924904166,1284.2286769433974,1130.4842031069074,1326.2244552418451,1050.449357130225
1050.1921526194365,1181.487058503284,3637.352706689609,1623.7809561751142,1814.5252367608366,1287.419867932841,1271.2026825461637,1272.2228844812378,998.9379833564292
908.053631836392,873.9977396797689,3672.3037013247276,1544.1418223455132,1844.5590755132123,1169.0613469408288,1238.4273463655538,1031.5882247402583,1085.733700318579
887.7734032648056,902.3373165040495,3649.665231290077,1596.1558890744175,1816.8445507053714,1007.6488254784666,1226.4135322099537,1119.0898355218164,1122.1122213264327
1121.581065584516,1240.7495758933576,3724.519993405946,1582.5466825037443,1838.4793212104864,1004.6667479197678,1169.4818319128185,1166.6220994262258,1004.0024786086092
1489.7873392498793,1417.6962835347895,3677.3731900840326,1519.7570478551315,1777.988051181696,910.6719977318152,1133.7279506836198,1285.5462946445084,1098.8655914547303
1942.912206079867,1486.3748110032277,3660.068042105175,1458.7382483992023,1878.1241051612765,941.5796887823268,1128.0312797790143,1169.163542299489,1047.7415071423636
1802.0404963623582,1140.8441252778475,3714.1779430809675,1356.7595294969135,1770.3503099010388,990.2417153814881,1080.3758290163362,1109.4793550710797,1079.9504156840617
1349.4248274214954,1129.3013693597227,3657.6915012025447,1372.2670788524317,1797.6670504953056,997.1317688282434,1002.2850455578016,1412.543822977865,1415.875365054264
1465.7664692156777,1462.8392480626885,3647.483255510954,1438.7913292269018,1692.9173383316781,999.0206786240435,978.1596418663626,1545.109908125305,1298.5289259267192
1674.224977930987,1905.8647460064028,3588.7347024972983,1481.6620655226943,1686.8545875026298,891.5755069689495,1005.7786255557213,1324.5124496836186,1167.3386837546377
1674.972004061305,2004.874722224726,3622.0343220574073,1417.7012913509775,1682.97235526328,910.194586828008,976.1026358645905,1332.8408987778462,1051.1369722809693
1362.26069485299,1640.0187996349284,3676.733846035175,1399.6214612811505,1699.8932575027018,898.2486288498758,1022.2505515995782,1448.241209579934,1003.5528835670214
1029.0041827385799,988.5899650102083,3662.5281725743107,1417.032631964716,1666.7430948405001,976.1724405305575,1158.7047490127718,1366.287110695046,1042.8266999170899
950.9257414112592,980.0559437059569,3675.4002290827066,1425.8186626524582,1679.4752531787185,997.5512794939616,1230.603151932113,1182.7793781300404,1110.175807082607
936.2680993152755,1526.9044099258872,3651.6216919062103,1482.7572401394918,1687.9897530424894,1025.0184827655876,1234.610718694775,1199.2442582700323,1155.2173872484022
922.8670267111584,1343.1913590140475,3717.423008727121,1447.2632268328666,1727.3866152077899,1052.3142370234896,1252.783330835335,1148.4798935862366,908.2993956341726
1105.0870041523492,1035.086488826601,3708.568451829028,1448.014971841106,1720.3304268841698,1032.1476880255054,1122.8088725296334,1309.9550621022292,1045.3961386997187
1283.6383266539929,897.8748090106086,3783.0515578711843,1468.602539730971,1710.700680681548,1049.3480378739582,1014.6268437550688,1330.8652003681043,1144.100128446837
1055.4358510497848,1023.9026613003542,3661.8093025980143,1486.725572926759,1726.6623538539884,1028.2390016278925,1011.0657623600786,1242.8603621499858,1261.5754779281153
1018.2702573609835,972.6426989564071,3693.6294332117154,1505.7186001482046,1702.4283797522532,1017.8628440883846,984.2539220813076,1321.3679433396592,986.2122670433203
934.5684418589243,1052.726644487723,3642.0527781203477,1532.303462362083,1748.0387084266058,1019.6697055576313,1026.2630048135338,1481.7467615525036,1083.5018968042084
1063.6371822593437,929.4094562964267,3703.9812846762084,1490.8352460551262,1804.1841840985044,1029.9171842915127,914.8271536718682,1516.4515044704601,1076.5436062035817
1158.386314856567,811.8812342071238,3651.0589409912154,1505.2886712537556,1825.1711401885827,1009.964004150412,987.2234233088518,1342.3229726276545,1009.5742527817072
935.6407569420619,689.8793460171196,3647.4215711523498,1525.3438618904217,1827.1358916813913,1060.1104261499847,1021.7930901780546,1348.2639514011025,1093.6687014961992
1034.5488455595419,741.2475393638829,3696.303867603107,1486.2937447900551,1864.893995421009,982.192413291517,1078.3696397905728,1393.4135095854165,1185.0376787504927
1033.832105351949,813.5775065520281,3651.742216924102,1408.3500981912243,1853.5487314186907,1031.6616856317758,1082.3108052806112,1318.9664152431988,1237.6395497366254
930.3637543702074,803.6475294456854,3663.2095463908786,1369.8086697327456,1789.8817858166717,1019.9545247803987,1126.5458193147929,1183.0678480186007,1138.6669366665865
969.4850741268672,957.600299068942,3585.804792822841,1346.8762047591645,1795.3004998620358,1020.6469710566664,1124.6595932110192,1406.518944005804,1087.8413936054608
924.4413442916336,709.2256010410323,3623.2588865906664,1369.1844072879749,1756.1873305395243,922.959922036149,1097.2136925857674,1281.733036351005,1045.3355082205035
1267.0634916999127,714.7837332457982,3610.8749065814695,1334.7220944847654,1775.766363497231,930.3821403671262,1045.3965117909095,1170.0644705346965,1260.3520079860004
951.6600537604085,710.7594670145488,3612.0814812166045,1351.1787443067005,1752.3358829552556,939.1768228393317,1066.3454485985042,1050.403512037033,1351.3882925563005
1064.2420643543282,1011.5683765561984,3651.9011850062084,1329.5053998433082,1785.4742506662387,966.0770794832176,1122.6341769533074,1156.1280365304137,1143.8217646636008
1627.9530586407352,1025.0016208597683,3693.5176440146,1322.3514937388738,1773.8615672668893,981.6719944132382,1137.9921568620298,1337.5311136017176,1016.6830837278462
1504.8899521052997,866.6201576272422,3724.460418250845,1378.0588775556685,1848.1633093491544,970.2517842169882,1108.9816529677364,1393.9180529284858,1178.9787905492951
1634.5342656456237,939.1926304192971,3809.799876937128,1376.4087436695152,1772.0804966699727,923.5420649535134,1172.098314830156,1327.975806968488,1124.7670365154802
1363.4875239494243,850.557764398031,3760.6149804182223,1353.603206283164,1731.0028744935325,924.6924344429184,1164.683164830154,1317.949557724611,993.86515368888
1467.1425165293417,998.0628453155398,3691.3347632514647,1351.3652463693686,1696.0331019080083,977.3486766024978,1078.6713368876663,1556.3210873723335,957.7326982523762
1389.9766578796432,1341.4850198362205,3693.5173731200116,1352.2035590197652,1817.9417768460062,999.347972409571,1093.6061032658768,1745.6944159494765,982.8567943085352
1196.4184854308792,1377.7052238686415,3653.999879650124,1371.1820736221414,1728.351310497611,978.6417263998459,1056.831363680172,1858.2845749594287,1006.4660262172886
1118.490921925801,1373.9862723431702,3689.2089449522946,1398.000493330353,1787.2707927436293,963.2181587700992,972.4245290032179,1839.80992254987,1307.8656784375744
1079.4915768735832,998.1077680893869,3693.350317638825,1405.2292458504446,1747.5199123770467,997.4505824243203,1026.264936301107,1714.1394103437995,1421.338838935286
1009.356633375164,955.4733171143891,3663.798389925873,1452.7396489018247,1667.776762383296,1033.3818165038524,1058.6139645804808,1536.001537845136,1480.2647856254332
1253.193518792677,833.9237119127689,3713.183082818604,1436.1285887762685,1696.094006139859,986.2117316449778,1031.2785589583896,1590.19521460333,1220.0010553468394
1250.1436414353868,835.5929540915524,3928.164968976314,1433.5640856625812,1779.139247931591,1046.0246562849231,1083.7670520975735,1919.284990731961,1256.7549968838618
1278.291222904753,912.864879164384,3898.830925867451,1462.83887155799,1882.0573017775607,1035.6620609173374,1126.7575279192813,1819.7062934838568,1380.326580233982
1180.1345367956665,985.6745832968629,3887.251786084045,1468.0606808784735,1898.7492059180588,1052.03149945509,1062.3238714627134,1403.072993565764,1422.2170520960392
1248.4530278897355,1110.2729004416374,3699.273298143289,1484.5585867822936,1869.9238070636934,1012.7323278181979,923.5873907973718,1527.981047904934,1375.0017680804863
1126.8096463684124,1422.6577755286091,3637.4589349498415,1465.219032737114,1761.63580891783,1019.350260804011,993.3881076019669,1449.736655269638,1283.978007748928
1194.0284801173593,1659.4555104041997,3672.9948622044767,1504.1895469385188,1769.8025801751946,998.6160320391677,1030.8429102847533,1436.6299293788409,1278.1867322479916
1466.5258072787105,1664.19639904069,3740.0283945059205,1559.5909744991145,1710.4883485577843,1061.3595971428592,964.1538267859821,1384.6322138238543,1126.1619866811004
1435.671704725501,1370.5759367588812,3978.016925116365,1556.381843860146,1703.2567025542514,1017.092071513214,947.4427943063662,1400.3249097563216,1147.6616608894226
1444.4286225578583,1071.6204519367557,3856.8148535559517,1543.8865540689633,1724.503329144396,1090.0093875212096,1024.7296503566015,1485.9905315045014,1239.782690263034
1215.9752609909438,735.0695306968552,3759.3725860836917,1487.9287540184985,1733.3851512552071,1053.92594879964,973.698876440197,1546.9060373336308,1147.5315474384136
1573.404038967989,836.7847023281466,3600.7906974521793,1446.05505308795,1784.2096093638888,1152.2732676158453,864.9185336841948,1576.8600327662666,1217.8191390672193
2177.040896038803,866.4679375650264,3683.3573121984186,1411.9339331701672,1765.7892173326397,1313.4659150614937,958.1272207637135,1550.94007528301,1358.5852330128484
2386.8971937968454,674.4142867315684,3750.9899961421133,1369.3691322594434,1789.7985625715849,1319.9039919870188,1099.5420995451202,1411.3483719964697,1236.7283786544117
2140.859384853325,707.7746454705275,3764.035577792399,1428.9732099483085,1753.2977110909046,1096.9991221843102,1277.4244991004095,1410.841241754722,1312.7988811131477
1602.1464092967533,849.9151230486227,3700.2837416840675,1433.1548990254087,1795.3309770232713,1111.9637677689914,1257.6394831891885,1423.3382589080034,1357.7947495640117
1350.3463867156643,1104.8597358981995,3637.3026031642953,1359.3729441703529,1739.4635610660275,1186.741039177777,1341.0808231394228,1330.851715951768,1226.3316043363454
1325.1777286583845,1189.554522788473,3581.824227697133,1400.0039666775249,1781.6225689974513,1197.2990331434983,1367.389431163918,1257.317245376189,1054.3936787864718
1241.8816541103356,962.7997039520403,3621.9590887487225,1320.6454779155267,1728.5953427640263,1098.3514132771568,1214.4548301040802,1228.888141372021,1184.023697638405
1271.31231831189,801.1952945230202,3604.830096600913,1339.8992847021955,1759.3667432660418,1118.2685163126082,1090.2129595074766,1427.7922012477093,1450.743702430821
1164.8041086334154,812.7775975625325,3610.7221510789277,1344.8344321771806,1741.850564705436,980.5299212429883,1094.672511570199,1531.9676440372543,1604.6181863924608
1255.468357823619,1022.7618865942463,3624.026237238218,1326.098577540768,1718.3101737743614,914.8699720731196,1040.0347108910557,1540.6158284914388,1546.4777167194964
1535.8399222285516,973.4098424662212,3627.383770048515,1356.3837937684402,1716.0970540699823,944.3784340982116,969.698517684792,1628.0426667403342,1311.7547937974869
1307.1067444862706,793.611454453308,3666.3796132415423,1346.5311975957636,1772.1502728844464,944.1158198848693,954.3434124175725,1223.0936351169853,1357.0894393863532
1075.5190009939108,856.8729366741047,3641.037900356248,1388.5999798852263,1742.729221737587,978.018756021446,1067.2897167244132,1224.094374322847,1369.0979159351325
1196.0556888965448,1002.7043235296823,3623.7398887058907,1456.204973089874,1709.0698438077764,981.9218622695008,987.3586311543364,1303.414162966885,1335.071840817824
1209.8770410435116,1229.142093852752,3638.199472575149,1477.542062916452,1717.4848528384493,1040.9430919425897,1015.0679715585776,1287.0474965721182,1279.3175153331104
1322.968745683416,1545.435230879043,3658.866490556601,1511.3214181219591,1699.1338042295042,1037.6389071648612,996.8181912137588,1356.0369299321121,1210.0201592954322
1294.7951578320901,1763.0020083654629,3665.291895950866,1529.030995512133,1739.2594752985776,1053.7186803878665,1056.2051199501627,1733.9074153321978,1251.768877552924
1146.1512551264088,1410.4876589082094,3729.286295807668,1507.5957022118253,1746.8540880896546,1063.6541347892842,1052.3120861170387,1710.537102778773,1295.4556760039982
1041.3145700449672,831.5536134961552,3699.027359902229,1489.443329424515,1737.0344596764662,1100.1901150949172,973.5156220475186,1620.8203722156784,1284.2823121692454
1079.1684339773196,1387.4020537213307,3812.395056255429,1492.7715597048568,1719.9646245349918,1047.800864413272,929.5662601991654,1627.7940822136338,1101.4905671262622
1102.4961123375358,2085.6027607680053,3664.4213978532066,1487.5979711667985,1743.634901040068,1041.8136656363292,915.3720487983722,1724.250178686935,1112.5237190024766
1034.3235987397857,1954.2723128275645,3629.5920218006195,1544.7969173973238,1724.7115455923006,1070.5997596348427,893.6214785814301,1661.2689404669172,1057.520248870651
923.48687158516,1483.3881735834511,3655.4805360419873,1561.098723395891,1752.8142359814206,1003.2028299092617,944.2592240673476,1395.6469657951502,1012.9880037787959
948.2557257727944,1225.6517646028783,3551.7052181677986,1557.4727586529734,1781.998762305812,1052.4673014256266,894.8326290545582,1364.7066247839189,1125.8596818079618
913.4957001544298,1016.3369045939409,3638.5470347333057,1554.4317829063934,1753.1586735960598,1035.57747935783,966.3937883084592,1374.1261686809478,1004.5198393556948
868.6606798144492,993.4820220501746,3588.4010393316257,1577.9149272859597,1827.9381828455532,1055.3096542573214,1016.8657046718113,1559.4412112583002,1125.2915236465465
999.1628085640167,880.0576861512908,3585.8231045913785,1490.1928938944757,1837.269531498844,1137.4823168347316,1120.2104662815107,1662.9053728027977,1396.2766376212721
1086.336970309282,801.6935285284299,3560.5917944157836,1443.5965598098956,1831.778637250478,1058.3574669081065,1093.2488068971525,1514.0969067208987,1349.3664068935375
1148.194413265501,902.6034476326082,3564.225461085829,1406.9040150402154,1846.3959182050528,1072.508865786122,1141.0553572714734,1321.9790834817127,1080.0468992218796
1034.2880304920789,1180.803898582557,3591.535974228696,1362.6301372977098,1856.8158900197154,971.6780059673403,1042.506805293605,1307.9019883863634,1083.7065349890104
1103.2968601219673,1304.0143111767097,3555.5709256903097,1340.7810430735435,1780.3544548924708,877.5658941029158,1008.7362563487447,1379.0580216461249,1053.691327573888
1106.0620865567855,1318.8571085441229,3579.0551354691124,1379.2769302169636,1819.0030064980551,951.173146386179,1055.982633484768,1321.7656333112573,992.0358150977229
993.8343142693558,1311.2114803706525,3631.5236510182817,1314.9391403873715,1807.386694109266,899.7883639848592,1010.8288389691071,1250.1564609844913,1135.850987417689
1107.4073808539038,1364.3160550636478,3634.7929252264366,1370.0883947814082,1820.2348743374118,963.0784931424564,960.0718486753578,1493.8769121225478,1209.376537849018
1137.3053961037858,1114.29612644652,3652.305009847462,1321.0025144473868,1770.9628666029623,919.8728413843205,1088.1349528999187,1513.5557482369297,1197.87730256842
976.7287591014668,1115.9671849873437,3647.2668686474767,1333.8440010655665,1855.170516890173,935.1298941996263,1103.7769714311482,1545.3012435376615,1222.3739439196663
1112.1013033519214,810.3468569525669,3673.9680245931045,1353.9358293319635,1829.4881721004729,924.0505547890444,1074.5281070283406,1453.6645504143164,1182.4695940207807
1027.0026538716052,745.904485051575,3617.9160029645286,1345.2918246668642,1735.1775928126244,940.460887755075,1045.0309086158773,1364.8038701661062,1203.2129425546282
900.6714320668444,820.8215345034539,3589.6293436309306,1387.9474435370673,1699.6703818530457,994.0369194367707,1096.2344520872516,1376.303290490649,1121.278932903699
1275.9100231763043,741.8668896961265,3593.145915085058,1350.2001934303223,1756.831330990898,991.0968908486701,1157.9128810742511,1475.815028012344,1089.963751849751
1158.9451609896444,731.3529830806909,3656.073108760984,1382.423192501118,1743.3001804088071,992.0164218477877,1106.4748610004215,1374.3067522839674,1018.039719700087
1008.6653140459265,581.7658275452824,3624.010665322552,1437.4893821773878,1741.3298925915115,1001.4459411001505,1066.1719701429608,1273.1847879934542,1011.7414497430673
1022.1238291922507,639.0239069228925,3793.284521908454,1436.8866836278562,1750.978371233331,983.6709367400923,1098.198214000775,1262.4403242701642,1109.808005129774
1025.7160416632423,844.9201201172967,3654.122081105166,1444.9204517754026,1701.4894946457252,974.2597834426679,1151.4763800030992,1224.8450124109534,1142.923825410332
972.440521998025,1105.834895058396,3674.318925349654,1464.6065928695468,1711.8471666815144,1017.6699476205117,1072.1007167854502,1321.8928594038819,1124.4784783466666
958.3949656794887,1537.7788876298825,3665.4038721714137,1515.3617738472299,1714.6898227871227,1036.6288979553815,1033.5141345796503,1390.982301123475,1155.8363286172928
1001.5488088087918,1891.6439380037984,3763.7255107419737,1492.1660994520594,1757.3011881084258,1036.1801862079635,976.1808961935943,1275.1947053347453,1194.8934895704315
890.0290232877784,2131.826095898777,3814.2873542488283,1453.1378823172438,1754.5174009455727,1048.5739935439299,986.7013844496294,1294.368913748586,1237.7222985481947
1025.1896495949904,1841.619021098278,3814.064655439661,1486.7168078092857,1764.5648628899055,1027.4104281414614,1043.5625504356253,1415.2409659573418,1048.2142802617643
933.474895166351,1079.5683158333595,3828.032447025919,1511.2213102331389,1767.904531699309,1033.7022977894642,1049.8625052149234,1489.039206712264,1023.5812229217474
1001.4219994110424,1486.2896873752816,3831.961929644933,1543.2000656568666,1784.425612671565,1044.542789486474,963.1864569016406,1412.2667775518632,960.4570750323668
987.5345286976408,2080.5933551096996,3661.346796445399,1588.0272623060982,1828.3711375474072,1114.0484403894795,864.9143683726686,1377.606625158388,959.2892608103311
1017.1507330605768,2528.481700607147,3721.579971406506,1616.3831630934312,1815.9517765409093,1328.7079923272418,978.1648289836666,1520.1193834862124,1039.7460635036518
1038.7182201392575,2048.463765449956,3830.4514178071404,1558.714518341815,1809.7138845917923,1315.814751263109,1018.8366382350163,1495.7552425311535,1020.6015968490692
1207.7176269441345,1080.2227724570396,3969.2500112278626,1579.2504136930268,2029.2706388718057,1177.9430337872777,1051.0733888350383,1354.5587188979675,1087.191536914964
1552.764214206914,631.6013554979414,3697.2724379918336,1694.1655315856208,2335.2878711946087,1040.2909012411185,1002.6804075781818,1212.6767106447867,1181.935557401794
1915.2805058782064,909.8478198041913,3726.253689366074,1624.4623402366337,2225.7250193134064,1117.4157226364473,1063.0903430431313,1325.0405682031728,1143.5435681765825
1922.8734896752944,1163.9535970310255,4262.596692702416,1418.480141480156,2126.5263937933605,1177.4463789577171,1065.000261536739,1271.7231112465868,988.5440564215743
1459.7255637022788,1349.158250611742,4328.749214618487,1291.5398243111838,1959.2369511947095,1204.4743754901492,1226.8521132527137,1149.287988819106,1046.530986324059
1274.5369786563429,1318.2416468408996,4206.127742636101,1435.7216447515168,1905.120664812956,1217.2719202456547,1491.8147973646257,1210.2814970683767,1137.494530160236
1646.1491344128954,1296.9401040422463,3928.476536559841,1554.049197719357,1869.4906367005133,1193.7482600485907,1535.8346784907721,1321.7420657100408,915.2467907395866
1663.342785317015,961.0504780720216,3827.5782131146284,1591.791889518057,1821.7866187345194,1034.6938088528843,1433.6424713820247,1132.6973581037862,899.7531650722334
1625.977340421192,757.5508966593029,3741.1626525528377,1549.7196607502913,1844.5791628170593,986.6216747275527,1218.3098424096027,1251.6062247158484,981.2029717557679
1247.5973939017442,914.3775459550611,3766.125782343358,1389.8722868296509,1826.8906704854865,932.1676996387301,1157.095368921245,1438.4387473825038,1052.1865465329054
1033.331268515908,1241.4353201155482,3808.73803148585,1381.3051937726834,1871.1269187023806,967.5058408487542,1199.273578050538,1181.7233885745006,1271.849233884258
1061.9287289884624,1238.6854051247915,3908.986557678838,1363.506568010782,1818.859013090062,990.0846699622319,1122.3402653752603,1214.4882813029078,1466.1588698290097
982.025687552961,1442.2223850852529,3835.307473554782,1387.036041277937,1819.9247287539831,989.0634751316729,1120.9192982973525,1414.7956809668956,1244.0750643884232
1366.1028968834619,1264.8081765971226,3940.178118595337,1351.909552247701,1810.662533792881,1121.943226752725,995.0949738696346,1435.8511402639047,1171.3549353851884
1434.7533530555859,948.5210748709052,3823.915978810035,1367.0211718199994,1743.213396489205,967.5647534698636,1000.9090524744051,1357.716161492785,1201.7455497393148
1227.7722859663356,681.0381861946966,3723.1307568066445,1401.5440847668067,1721.5466692525636,980.8592437198492,1023.2223001498842,1222.7794545263787,1124.7662028217123
1198.4914746534914,788.1613365787335,3791.635736317177,1457.32710608324,1770.1382097687974,1007.0786288631249,1189.3633653246982,1276.0141302069296,1077.3043207358342
1174.376007482141,1057.0738960895912,3737.4845323019517,1466.9260518043652,1848.7712828039187,1003.8580153554573,1315.9233438534445,1603.005953439412,1201.0982405604916
1126.2729427277695,1295.4391771397777,3782.906594908282,1506.0247119377289,1968.8992003299907,1071.2339405196867,1358.2134833636378,1771.8123456375404,1142.9907225524537
1400.2452728323742,1489.1831628218715,3790.2852827535817,1475.6493819517057,2090.2291546923293,1304.3423281012278,1207.463182250014,1607.931091788959,1085.393228169796
1158.8147760546403,1147.613761753474,3673.7475999594594,1456.2100901771066,2006.947201811923,1079.636615570437,1101.5823039666807,1481.1971428252689,1202.033538533326
1289.6101607215044,868.7945445233081,3721.5408275271143,1470.7297893535408,1881.5537788347795,1195.0683963810186,1048.5922925767782,1496.8565289921278,1143.8639637010422
1073.4926584409293,977.6469477564981,3763.2031220542926,1506.4150501810498,1800.059937186663,1151.655611766105,1010.4195739597727,1451.4947397821838,1044.3315182127537
902.8121410543495,1698.7759982400773,3759.1516326617157,1568.5694521292169,1787.5441928272282,1133.992616196854,1049.499911270682,1614.7512260701028,1174.673274191299
1083.610434682096,1638.868463225169,3798.566187595264,1626.780622357973,1825.2012412131696,1216.5893521919672,1048.0440049525448,1550.8110628576876,1331.246733908493
1177.5502400823852,1422.3156685362924,3784.6846586457955,1588.848034493694,1834.0454732101934,1094.831172191705,1022.46604015593,1426.0167169702618,1166.5313274249875
1085.6476867783074,1404.0999681759936,3751.0529681788203,1565.7340184433372,1857.5347711915786,1084.287992211893,968.5049370146309,1263.3744694242273,1019.8122029900671
1007.4282489203365,1451.7908260892602,3955.0202762948416,1525.9598496645385,1827.5479591686817,1067.274152413083,959.7824196336742,1280.2261113413713,980.8831971632575
1031.4811376464684,943.6304865257097,3788.351227236949,1487.8329017780034,1944.445857848805,1062.0860237348213,937.371462494679,1346.839028270478,1051.228697729557
1164.4821369834438,998.8551655503068,3725.8132809358035,1476.600407563223,2040.0577910812883,1059.2802895488253,986.5347765790684,1244.0398476827688,1174.0230190966815
950.1898904370374,2167.5344974094714,3784.286766555089,1403.068680296758,1967.587423349178,1126.1796494968123,960.8082398716052,1216.5855283842686,1232.3334672728636
1034.0676047236782,2271.085097859699,3829.430854494639,1351.8196297057762,1868.46022355341,1038.2059034585616,1041.6439796393856,1181.3343681014414,1053.436174207527
1158.676198095247,2162.7018158917485,3776.101348923635,1333.4374901832628,1908.3413182811935,1026.7143113846637,1003.4872980680408,1202.1332464843183,1033.5454559952816
1031.8907698769735,2010.2027086158298,3763.7738406529916,1317.242152534574,1887.2166539110133,985.0041231355178,1056.7699352528828,1192.274474295146,1132.839370121551
1181.3940928643983,1861.8888323687675,3735.087196879003,1291.79855214846,1901.296503391766,1013.9185032694955,1233.9333174635942,1376.4829562160546,1011.6387557727088
1029.202290368422,1906.1003238899118,3740.4161963315373,1343.1468469258477,1842.2183681568545,967.7359658988419,1430.8942839689034,1465.8719799194944,862.5835736203995
956.5170558570129,1506.4344187904305,3801.132966378317,1363.2912505726433,1851.301146044951,931.7382809489376,1320.6708915268714,1570.0131201120537,1028.929428502117
985.2121115681265,907.0549995618402,3698.7034183114433,1351.1007130919356,1846.9103531564467,907.2496732790028,1249.381035145304,1521.7939314396976,1081.057168299291
920.7846586810923,1094.184398666366,3680.6753477904504,1372.5716903254856,1877.7551908989508,920.0285052513619,1159.3118746881419,1343.530028054068,1000.4162398088845
952.3471336857224,1748.9582433858443,3676.4091617658887,1364.8045904549383,1804.434598574513,919.5148318113858,1178.2133826614524,1277.5937270829381,988.8416218291474
1021.4202974991368,2318.043221089044,3709.758055377098,1390.016800990588,1790.9419725121024,957.4459757929196,1165.8313070228555,1417.340976151972,973.6081760803249
997.6353229225296,2073.949250013758,3749.830170773356,1396.4472233588726,1754.4422934227694,1019.8950066291666,1132.1184295798025,1537.3708956350933,979.2831728217012
1077.2860738043962,1740.8646674971546,3799.324071523261,1398.267290688507,1781.4484962828983,991.3948391458455,1083.5592669532655,1528.6716508723728,977.6727148221769
1007.4241009556741,1120.4116583048756,3815.871983390098,1424.4438693417865,1684.684131019311,965.8125280479202,1134.8741163674727,1344.7411577233,903.7427084873144
880.4800691149009,827.9549290903655,3841.07125378543,1426.006818370207,1692.043665582886,965.0842293698258,1107.2208730513964,1401.2021868197737,1029.728627506792
1139.6074984724935,874.3387253016681,3759.20856964238,1497.0734250673286,1729.2732395271203,1014.097167477869,1032.4904896085611,1717.0807961471037,1036.752162113708
1013.4058123458227,1072.0748128369803,3852.8219291956943,1629.1151726940368,1815.4439165557128,1074.6126411095836,926.2604164730229,1792.57948232266,1071.801979842602
856.6849747780192,1150.2662025934817,3811.950597667267,1672.9582292013752,1830.1363184245804,1061.3499278020954,1040.9428660098092,1592.395633042537,979.8804991558293
964.8163829992195,1472.7525332764433,3782.2642687329453,1662.3333587563798,1786.0677152710189,1095.9954504637622,1304.9273767579616,1383.2763142589918,1096.9537345469332
1214.7358751695594,1517.6273355057194,3771.8358436934723,1589.7692597013272,1803.3813252098976,1091.0176691155586,1342.1250911247844,1402.5246088979698,1252.661167930362
1047.949334198418,1376.404690874637,3773.067348463599,1580.492128855552,1743.0538496695574,1119.4549551501223,1422.2214381237388,1272.910319533903,1136.7087276230886
1022.1658554885112,1095.341771519298,3752.678054744412,1532.052845127966,1774.513442888693,1060.0044444466316,1377.824534370734,1293.167752098804,1108.7873658885624
1205.2821098969046,756.3805964696437,3702.9731914422223,1555.0216644077584,1787.4428815727008,1022.1985542251516,1289.2482160954369,1375.943179680682,1247.3528869179697
1337.1211204796707,869.457869115885,3741.4151277167857,1571.937011651497,1759.2701976275353,1070.658832402339,1089.8768692603446,1458.145691183666,1090.33648748842
1458.9583861099202,958.75476280631,3798.46309480496,1619.771785887929,1804.5314825450494,1092.7516641124396,1009.7210753200228,1524.1209399047086,949.011909339356
1043.3379562772407,1214.6407223882018,3918.7149501306417,1528.2721278551712,1811.793291274078,1019.969532091778,1035.444963693913,1499.5215406734847,960.4996766804168
966.1749823419791,866.9618081812233,3793.5248745828612,1508.1888481566577,1834.0919622630672,1092.9647467747736,944.2346669852162,1473.4756849485952,888.5440781125778
1522.2414193014934,795.1194051612649,3730.11291529532,1484.7896168154502,1812.6630039608935,1194.4140394709805,919.8290353102418,1571.6483724874047,965.558096811274
1624.1869029549896,608.9410053485059,3646.9741808418244,1449.5579999598222,1805.8648740998458,1363.6942420449302,1007.5098344878044,1504.5566347780732,1039.1359899938732
1445.7240415076692,879.0730931984339,3704.1035354430096,1388.452507835897,1775.5224430199155,1311.4846690374907,977.0061302017621,1338.6605174289168,874.3966480095783
1313.0211521071205,835.8803678951466,3679.7592453538446,1360.6341378864536,1856.6638408464935,1165.950113064848,981.8842645030493,1300.6098636144961,1015.6140101706457
1146.338641261817,857.7798065638609,3781.20450898936,1418.4126736846968,1837.2178160035714,1023.1995052048389,1053.155119320176,1098.9298012289316,1007.368493111325
937.942997202101,1003.9094053275351,3672.5448239306997,1397.6987186989745,1854.4195334480644,1108.3287607465704,1085.4000016553923,1176.9651486641142,981.5827081488934
1212.7216017212286,1090.7432387434267,3780.9538808376337,1370.6313126352297,1812.8409404985514,1185.714222564896,1122.2807324424168,1490.521228270264,1220.9771347524709
1167.1260486281476,1324.877560027681,3698.635785589629,1498.0083921203004,1823.5828654751476,1117.7213784388368,1132.3015065324023,1807.0734112457574,1174.287753198315
930.9148869576708,1524.6322170272733,3765.599818626462,1645.0666019517275,1829.0660877889886,1042.2111679912941,1181.486426370215,1953.49839869651,978.8258518223696
1096.394160429214,1222.0466277057687,3733.161265843628,1549.1726896318655,1765.416336897428,987.9994774399089,1113.2836352896147,1876.3980560028513,1120.6169308181325
1185.5813250081226,794.6302432662773,3691.1586848393117,1486.184280496526,1770.967448828971,985.6214402166214,1145.2079584922965,1733.8844934835029,1296.8506633787285
926.6538122816373,809.2096364218321,3706.58736311108,1804.3779324260872,1700.2105695427438,976.875822543911,1105.3608921895975,1795.2430244080808,1221.1461419833927
1043.666819550947,807.3097732844733,3684.4225886031063,2041.2926789063094,1692.2539699003016,1008.7502301020903,1085.6418198035803,1853.2150441700717,1072.4513440184867
1031.519818118665,651.0132463475096,3653.9949862849435,2050.3631116996617,1717.9736996794147,1025.0754355709928,1079.0325915457472,1657.6580445838551,1054.1469930661883
963.8808634442266,629.2590310431176,3621.6910169809785,1827.4570955389936,1697.9750191480557,1022.3238567230923,1003.9840326933562,1490.9021151360682,1046.9001039673637
865.2451528082107,971.8627139874717,3671.536191796429,1654.0852894742095,1774.3859630384056,1031.4625282849827,1001.8470522325653,1323.178602218725,1004.1754627105867
969.7636731480011,1143.9406340409787,3665.76989118554,1617.3559219690912,1726.9127886223687,1081.339703708532,1092.362571302554,1447.4058055247322,1057.7087038679877
937.5660086461739,950.8648958862883,3737.252201133385,1525.5979230184817,1716.2414917388262,1135.873998036197,1199.4397074603821,1409.3599780926402,1047.022874072772
996.7886963194184,933.5081163940071,3686.9067628875496,1485.6822040606196,1658.1333229861066,1076.9209810177292,1152.4051985555052,1537.9349031454883,1019.7609613526213
929.0865465107694,870.1840508831483,3774.59295995652,1471.9093401911284,1677.8374829850923,1197.7184350460448,1013.9578517111207,1472.7948038894795,1084.0742001562724
1043.2302614921184,843.3372087495229,3667.2537871656136,1563.207201110795,1798.2442306970163,1158.7121176990213,1023.3226166842217,1555.2380570887913,1008.9568564141433
1050.9954261934536,759.2793943184031,3743.109771096004,1558.260694532036,1886.2880312831971,1208.0565713912702,1019.1059832427865,1659.777711093307,1124.641882878402
874.2540003720245,659.9892175591824,3734.858190642562,1667.6259135450061,1949.8252342296212,1132.4903481484923,997.6239783025868,1577.8323355635523,1122.7749623291747
872.8839442716891,719.2919567247898,3688.6797937213473,1771.6699206996325,1941.0041778926116,1051.805053284788,1006.4958402492692,1647.2537517344215,1264.9415336478962
863.4103338621142,1256.3760204914327,3730.605802389348,1682.0224881597119,1876.8517608684856,1080.7540057962196,987.0035057685494,1430.6682181073836,1184.1518970970938
906.8009422844207,1533.8505009339851,3669.2426105802638,1628.0729913758873,1763.32185329091,1039.9874836158986,1020.8682401282705,1330.7676481807894,1003.2589599005266
866.8785203862673,1818.4607111675778,3665.2771497736544,1557.9787095482304,1727.54263634711,1030.2561638739633,1102.8317724427327,1479.7933163407185,1046.853248045655
953.7602087231132,1960.727025537665,3593.085435766043,1545.968594874431,1755.438041140594,1066.0620773360977,1127.524554884763,1419.8980516427098,1173.7641908759192
876.7453718321574,1910.719607073784,3532.660609981662,1459.5127295845737,1780.1306561724293,1067.8832570162604,1104.8747038485167,1364.9068074808993,1188.1516989085403
885.4094945664189,1464.3804711428904,3504.859276478023,1448.3772277320554,1793.4469645203778,1067.1566665546143,1035.3821524979867,1448.2442208101177,1035.8576522970739
940.9287563041273,803.3969936117716,3567.0840549224067,1371.1626688308381,1782.6494057729362,1010.0071209923884,1044.583221045152,1496.4941850567056,981.5031588523382
891.8213655657036,1093.8784197334028,3709.1179490676836,1435.1180245205992,1790.1025811324446,992.4982995884752,1034.2180680984086,1207.7615975492524,1156.3986649000076
962.5509744076546,1571.4616804725567,3692.2035738855225,1413.9516014292985,1775.9318486844656,976.3015393248141,1111.7482667569247,1257.8806404381812,1103.1025414321193
1125.0569883194569,1799.275024230721,3724.437674633265,1456.8501531513928,1778.634816397181,946.1194857450232,1067.9726544606349,1340.244414481591,923.3962786282789
1075.9116071177996,1812.1229265168804,3504.07746180026,1471.6304865944942,1745.2868741423988,953.1376863486797,1083.2230512750712,1247.1789679687,1054.314776140328
1004.7225326979006,1818.8078246359453,3507.3623688559646,1435.8385079897637,1750.5927887121793,939.0919020865668,1205.752695822893,1256.3961186421964,1056.6192485156676
958.6159733097328,1738.4596660436814,3552.856081033878,1426.971614882685,1815.1227764310725,954.321453168175,1224.3085521859741,1247.5325462547066,1059.689981096873
816.7102136505673,1408.0137780762375,3524.7295946155186,1389.8160781843724,1775.632110980601,910.6892186528033,1140.5909219400703,1352.2801555918402,994.4474574455214
970.5718083234823,1010.6541730055449,3540.69210315912,1393.3442317683405,1711.081584202024,867.7630491505274,1099.6782501429693,1340.931051233547,1113.7749290803263
882.2518044320137,1302.0982701241758,3621.976930591216,1363.9422867881333,1623.8773305513835,895.9468470675583,1192.1432857661985,1312.9983577343328,1117.0565057476606
969.8091117878173,1808.4072589282878,3605.5868441387747,1385.0093952407628,1658.2472311091135,903.0276814236701,1185.2672153395015,1298.16058231342,979.6167647409757
865.9392792538937,1852.1992075382652,3590.721540332998,1419.2073449818558,1686.3677863617716,914.5302299931261,1150.6277049474097,1489.0028461233983,1069.8542568176313
1426.5403255950412,1840.5544459564906,3469.5645534999608,1465.2008327438248,1629.5887821626998,988.6436106579208,1307.3481655526184,1454.1903449509798,1094.7181443234322
1931.1602310126168,1479.3669423693875,3466.731188014693,1504.9649330596694,1630.7932561821783,1003.9142559098982,1559.4129800375908,1316.220911117823,1101.2498309323237
1758.0457579790555,1205.3093150750462,3435.319244868674,1570.9454946040366,1626.871290241363,974.3598061633904,1496.7505503022714,1214.6082886365175,1099.5018790661827
1092.7891393538694,750.1548905522594,3426.108468795262,1544.7333642352385,1664.2201705634152,1100.6259786517298,1361.886019967316,1227.7888493205762,1107.4058045282375
1650.8383026929841,913.6702014618829,3507.040393109662,1516.1380457715854,1730.3891005225753,1084.7189209030594,1298.5719574675134,1399.8168924923966,1023.560969259188
1847.6902172987764,1511.1435259295572,3467.4182559791334,1520.121850462366,1721.9655845167051,1099.0522616426108,1336.5540434925313,1470.582911828471,1154.7839847040802
2086.7893850579803,1692.5004863722468,3409.3782249346564,1515.472245644925,1736.4530367730702,1138.5788215280622,1290.3282771066267,1399.5714554635047,1359.4693734474329
1752.6630523692822,1383.3935182193566,3359.6640999959864,1512.3315445347032,1721.5938180206674,1173.689615351937,1248.0253957620885,1273.2251080916642,1318.6714150492141
1562.383760619564,875.5067274532051,3459.057230136854,1538.3604379889214,1708.214232944797,1219.3649037703656,1138.0018322117987,1402.6037975571708,1039.0640630734867
1492.5671906645725,585.7099721950972,3415.5499768827262,1516.2972091842564,1789.6814005375193,1246.6019626734287,1078.5968484506066,1428.8073241770405,1212.4423644018286
1140.2264355039315,732.70415747827,3417.232040761035,1551.9258608292644,1774.6283130710515,1222.3868673633713,964.0406452852079,1473.7804111335483,1140.8630955437932
955.3753260392998,883.8997488299973,3373.9321723496714,1580.568193174024,1856.204812457542,1060.7338719541926,934.4333305678983,1631.0370670543693,961.8227548560232
1068.5771778460864,658.2144829783367,3328.792610967784,1531.7143466939065,1794.483145163537,1015.889007107078,1048.7538205176154,1714.3181025023541,1013.6687749883187
991.4749512796383,675.1282540964136,3306.0031523797948,1544.2254480886127,1844.899937389263,1026.3772503648904,1175.1052620440628,1678.7905098320232,1197.5174466657527
932.3635270822391,582.4116167820205,3326.085194278088,1503.8960680930036,1837.8598810709748,1172.952739905174,1315.4140507867753,1502.337911959726,1432.8093579113365
990.5442787136815,707.4244741523833,3357.0976471063896,1445.0122748636843,1851.1202593872342,1209.1641392107704,1360.4278740935738,1540.2632371964987,1696.3248657487882
944.9844964013895,1098.1761096596915,3297.1707108636842,1366.131770302933,1837.891175792806,1217.0136282659093,1418.0207499846372,1697.1226451274742,1716.4546198655646
979.2045999450869,1162.8046464054526,3314.8640611138853,1358.546186407741,1868.207159429943,1070.8957347043472,1337.5890717457755,1423.1782167345157,1256.036853627817
879.2131104909046,885.6235876674501,3309.2714956970467,1377.029782909001,1875.3155371617854,980.0564445131921,1269.0520385141567,1241.9256025557133,1200.8978079506282
848.7331220614725,709.4157599949514,3302.791480877044,1415.0557474810678,1836.4078442685293,971.2561795590213,1177.7361782793193,1189.942461258164,1389.1000026141392
1005.1934352030572,670.3570780701227,3349.466724976355,1447.4575318860177,1841.2844406492263,955.4172330173257,1119.070926417464,1273.0950862591128,1440.772221377902
838.2430580910539,713.0665056797122,3382.6356987283684,1424.8977915035352,1828.20126762921,1002.7883467736906,1076.3035428940261,1417.2650537135476,1343.3569402611051
1256.9363863795602,853.5413308500387,3396.8675834003056,1377.3313780550202,1826.9527029120081,1046.1140920553385,1179.2229164625728,1406.090326233867,1366.2205421782646
1130.9543909364218,830.2668314798566,3480.263467531293,1373.126655678381,1779.8434521323738,999.377943992496,1118.075279467333,1441.5860498201127,1108.17738571015
1207.0119436661691,1213.59961198437,3423.3781306230726,1368.1074585508659,1720.704472064259,1005.0220726842894,1147.5619619808606,1269.1411334190261,1130.6548556856585
1246.7978170802614,1047.1244395891251,3424.1765782877474,1368.2744512306454,1675.9598187318657,1034.495604252188,1305.774015903628,1465.360492110659,1363.3822794914245
1125.760861759166,970.6557349930575,3302.1639215180444,1410.0694562900371,1665.4146552784393,939.265589862927,1352.9772039959175,1497.456341603071,1447.0139763144377
1005.2481782591882,1137.7751085542588,3311.255616759491,1391.6396730703873,1654.0432660996273,973.4713674049867,1269.4755705390935,1463.6346197340981,1317.5706372669079
1010.4704893842455,1128.7581030599547,3380.613663512779,1411.0719647522271,1638.2905979779914,987.8347767653713,1218.4331276429314,1593.3055440100743,1140.2108549584943
1092.3542826950859,1006.1967581684227,3336.3600670559094,1477.2878317389077,1611.6430870997624,1035.9315869344246,1283.797204718063,1700.4957068014396,1071.2771061337944
1165.4720899091258,938.7955904964422,3344.4538989904313,1472.2060787582957,1626.2049110139617,979.1345637797443,1279.272530789023,1317.4748550513102,1166.2563756525446
1223.2017078142258,803.9269858949624,3323.5322816273956,1450.1352907913124,1731.5167742250567,1035.928862494828,1222.9035625128586,1374.2585217301018,974.4027979654687
921.2210794957447,910.4321515717081,3441.0569453456974,1453.4813972827333,1954.6594961201483,1049.8881343592568,1177.1497545714737,1438.0742080312812,992.0823740677592
1118.442423566377,766.6411165222526,3347.177075579457,1500.4168957435124,2173.5570125284985,1100.998531613579,1131.6357824875045,1260.706259970693,1050.6666837082294
1036.2928857867187,681.169433972403,3346.7602652185287,1459.1890477683019,2098.080601831288,1089.4732853302105,1058.8959023951581,1240.2934970760384,1163.2996868280466
875.3719514921037,608.5460182137856,3232.459898342159,1495.8360030279032,1997.2770423014833,1168.4864467841965,1049.1373242789427,1345.9669408396105,1382.7802115724
1098.4315074995593,748.8404158326892,3291.9575898286193,1539.5045564018424,1845.3086915469314,1248.514521577518,1130.5996028536063,1268.3403116696497,1320.63738202676
1141.4566065165318,660.3886031488728,3203.7644324995354,1504.0527679638276,1899.8171835168794,1182.534572442353,1125.5434844781864,1238.2986495590521,1417.7511748179177
1359.5519583026569,626.4515093788019,3261.312245301205,1536.6111703935921,1910.662521142598,1187.6944684682617,1029.0515035500757,1376.945684246171,1498.4457771794707
1407.5330231101434,647.8550379842503,3215.7533074371627,1533.962060264727,1928.5754763738687,1052.9146603970432,962.4185713434102,1553.7190134085083,1493.4713211422388
1485.0155328865615,676.8472516970712,3236.6572364920753,1511.7848934213491,1849.378897839332,1068.1393037090488,1042.0704860319222,1492.9789818313495,1332.6882593995545
1575.6222474364426,866.0819328758245,3194.480060220541,1469.815321485826,1864.2063599528851,1003.2498623682567,1022.1545706989564,1409.5386725758747,1236.6134612982871
1130.1451644691163,1335.967814270024,3235.063748487514,1463.5688681000524,1926.1415460754342,1067.1070179695591,1086.3389891801205,1292.047556539521,1196.0617559452012
1041.523649307267,1471.6698141869824,3243.431115207115,1478.0376251300295,1965.4516667609005,1067.309689468848,1168.1344338262493,1315.672849527781,1026.9183220939744
1356.686515338872,921.6458430426945,3225.348237521429,1392.5647863591578,1904.937566652091,1017.7548437617813,1109.0047200684553,1301.1117492835972,1320.09508315748
1268.2979377302838,1142.314265640802,3361.804462643429,1466.3290544607623,1904.6365456274718,946.1240582317121,1063.5706923137366,1170.693815072177,1319.1371391322468
1364.7015838218906,1724.6596696300023,3349.960708638036,1463.6184306788398,1942.0952269258119,992.7837043992323,1133.1582785924531,1381.7729941801997,1221.3695148212596
1065.7606038690215,1805.3920417465,3599.7538617352748,1389.8330220263394,1913.0186835313448,1051.1382812909956,1127.7022630091417,1434.7215232134301,1353.4398699222047
1155.0014968595476,1676.289138670902,3481.19247734951,1350.153843425945,1926.108413315298,1049.4933899343196,1110.0849510359037,1258.4824756443663,1235.628802880692
1148.2789052939165,1338.6356305066463,3335.382101156972,1342.237686048672,1923.8957402355122,977.3153690510544,1087.3947770190105,1310.250189667799,1267.9121282781036
1030.8831320732083,1112.5870913127887,3355.1042314846954,1394.4727245285424,1938.872090256436,968.2990759650299,1089.8875006828168,1447.893866971887,1176.9246816481377
1064.0552934791363,866.6140359903889,3417.7263429319983,1425.4188128187534,1837.4661848493963,906.6292328146144,1058.6731826388504,1622.7773708254445,1068.693271801273
1385.9318331217573,725.7390503655377,3472.283104463427,1475.5050703540278,1824.9691693426973,927.8116764033232,973.2989520889219,1833.3908203763683,1012.0374286514457
1354.0066478932226,660.3532812571826,3571.5816145147683,1453.2696532569048,1796.20105266292,936.3089681325517,1172.1623703559776,1972.474476515053,1040.6913625741283
1587.0325700944206,704.9016466836612,3478.7187752932155,1439.1709921036327,1751.1476563985443,947.7537927381776,1306.4008377024525,1629.309356470894,1399.554271544028
1376.9386663280989,646.4297324800897,3312.1796667656295,1433.240144433338,1718.3824340102394,969.3190835925067,1348.7420620252058,1466.9553189805883,1324.8833214212948
1127.6401119128764,792.7545790518928,3309.528659929251,1417.5260076273155,1729.3407699325082,1037.361604082804,1292.8216152253922,1524.1721527096513,1090.8053478632764
1310.371694018307,978.4683231019866,3315.898033063421,1356.5634689327667,1663.9849102676194,1103.4390514923864,1274.2145577947429,1654.9716149668297,947.9416857891432
1374.6487002017527,1296.0851023401656,3326.4561790396488,1399.1597538521196,1685.1671987885636,1094.1963208942193,1135.9221442602511,1430.463189926116,1006.9945533484848
1420.7150316726527,1236.9170656607935,3266.7950301250457,1443.6237157451835,1720.8256788382587,1035.710300903817,1094.7337757447362,1335.6473694049967,1158.9926659420385
1044.9704212714735,878.4214581193002,3316.5710614277464,1440.8909986242766,1819.8497653267468,1074.706264633184,1114.356265093182,1150.8743769937412,1103.8801130608988
1023.0068374921602,720.3915544817579,3308.154693653008,1387.385915216705,1822.930021229661,1053.792052435179,1128.0434109243301,1256.6684356385883,1282.3119179059697
908.4185811527159,1012.0152688334122,3329.1391731279246,1424.8994213190683,1800.7637342607811,1100.226418014676,1074.5639395623168,1290.9804257654803,1400.6989660045112
914.342475398671,1051.4683135984467,3299.3243097166655,1400.7507809693286,1838.9166189521325,1118.3279236414664,1030.8208226165812,1367.4083800831693,1187.4255111624934
1055.1163207719012,1203.763519054763,3293.888820565179,1410.7502016346714,1789.7791494108756,1197.0302193066605,1140.4712006404434,1416.5039812827897,1130.7197890491984
1085.5127443402039,869.2017920833067,3306.9937438588477,1438.165513253979,1830.1653488854483,1103.1865633293344,1092.143923116178,1503.6372528751003,1142.6929312266632
1035.2083075993824,709.8824288187906,3302.416204440514,1474.167036162587,1842.0029701294638,1062.2358048740828,1072.7781638047438,1658.0890761661153,1267.7510090304042
1008.7292047410867,698.0330602359364,3347.1596354749595,1462.6217266863277,1841.8385248638,1096.7072308517313,1019.6025283070384,1548.4994481366894,987.0468228058365
924.1371622902566,753.4680483907437,3321.096568295483,1448.0218623498154,1826.3488186602488,1113.224009671274,987.7268584686034,1578.1125402462585,1040.4610248260424
861.0823179910246,878.1544931905219,3215.40214436995,1426.3722447823975,1856.6555638185077,1049.8111769538332,949.6075754994433,1480.9587005468632,1079.5615803195496
1114.4249821649478,903.4720794737875,3240.331700556698,1368.6640042929982,1856.9400417231966,1116.9946040281554,1016.6309872979069,1349.647033572919,915.3077120816112
970.7990586054573,742.1987122954174,3248.6468333146386,1411.534905304064,1861.1118415681892,1033.676879242993,1086.9327904879317,1418.4819951384256,991.9948136283343
1028.5099597235235,713.7530999969053,3258.3459897446915,1342.803296017373,1834.8646527796484,1087.334197680771,1080.9258362805515,1493.0283246974504,956.2785828884204
1030.2688225369782,694.3017210198468,3265.9299211117905,1313.222743862239,1883.6885774740458,1003.7846868515763,1064.9173822848647,1252.2836383614456,1165.9368652609583
979.1700105144039,805.5421148633087,3275.4048838128138,1358.2448528990765,1905.0459410569442,997.9581585729185,1026.666025393969,1075.884407047433,1156.647330304349
945.0875794682937,900.3368556637774,3248.5882398380695,1309.9941448234363,1834.6591482466272,997.73333146752,1045.0088416098595,1144.672103246905,1093.6241807511292
1015.7921788363863,1097.9850441613767,3256.4484280299675,1339.5655340268604,1888.3636664149437,1044.7896857825638,1039.9137065111138,1335.0794415825944,1116.308486905329
1022.4491969879452,1078.3650175817388,3355.1321047440456,1360.4215767537937,1851.5747678934163,1148.523815180496,1076.234524027832,1473.7201024226733,1195.8251458570091
1093.2933886182707,1039.6090700550676,3365.5055820500684,1365.6216672697847,1807.7622033550874,1287.2603743118768,1102.1980178095628,1426.0763174510423,978.3308757518442
988.0253589870575,814.3419053672014,3553.4874659062093,1340.4595810219853,1755.5824504624497,1271.8321935165611,1130.8576869938304,1308.0842278007522,988.6428353380694
1224.754745971319,849.3291587835047,3605.1222239458625,1378.189223552495,1885.842437088258,1022.0052267395876,1154.8846674305541,1370.636147577195,1026.3493112245392
1016.343676579267,1080.184102274611,3335.4437212798052,1345.1681245405869,1976.8485570781759,1229.8752506519563,1162.123378579547,1364.0803639264298,1123.145687507179
912.1830604033573,1440.9029447307526,3281.812497881476,1367.3552280041981,1937.5046614451417,1380.74659447327,1134.4552668528047,1312.0410162034325,1030.8019736613587
995.8873104706722,1444.1489420318987,3397.836649459587,1419.0094376161146,1882.8191169761983,1394.658270052119,1167.7258375137155,1409.047135281483,968.2480694085465
931.5012889584219,983.8388737048625,3261.616810865642,1409.550921779917,1872.099988140971,1312.3073498475358,1156.374689651002,1588.2285296063387,1002.7212362480749
900.5851098110193,869.907119481498,3253.937871797134,1467.6835620642926,1768.0099705913267,1256.16559164436,1105.7199781147722,1460.2254483313409,1109.222337999763
1043.4666990495657,1260.7672795774502,3396.0349479975694,1483.4723823223715,1753.8799127899265,1173.3526388798145,1160.794875438287,1236.0330389984626,1124.0962127423697
945.2717246474648,1851.7805794324356,3316.8449618893683,1511.068615314993,1727.393413681275,1152.4697695537675,1268.3060507882715,1200.9640727513965,1061.6097815740955
948.274402330954,2439.443735925592,3311.186663250867,1546.9126156474347,1705.69547230176,1214.0170774029566,1226.7264137286909,1303.1047204777171,1182.2490015246408
1107.6279403393103,2643.1735450005735,3506.7405186064566,1646.479144750695,1808.3015354107263,1396.1757739011832,1134.3886859301504,1220.9103815964615,1186.224347846978
1154.1305136585515,2465.4321733149227,3737.7550961088755,1620.8990660400605,1746.1169662495063,1465.8604928824254,1057.3428709893476,1221.627653231563,1123.2398028890727
1073.6429535369696,2429.367008139343,3625.0367426043836,1542.2845376602072,1808.7464396602586,1326.8067301045103,960.8443513901708,1318.7876894792705,1145.0068047085408
1318.8398687603444,1720.2302108171211,3337.8943990500356,1478.025183887498,1887.5510570582696,1372.1681997958533,906.7926081188662,1356.572632726325,1268.5310296265116
1492.2814167807092,1141.291500530336,3306.9347736499544,1485.1280649197915,1860.8357459526387,1529.642406933225,910.8810166708595,1305.906412485954,1174.3160909348835
1657.512941849788,1337.8259244853948,3328.284274831761,1590.6603762724997,1861.1128534885233,1677.0701911449642,914.5560662281341,1285.2292463225244,1128.2565747257584
1655.7679616917294,1792.1279145844685,3449.0432316289434,1618.623561058892,1864.4988429513205,1571.5214775321954,958.9400792359473,1384.6404994991583,1119.1459911128493
1103.496850149567,1882.8912519377086,3507.6537431220877,1555.3794288701627,1935.6589509918497,1389.018751392641,1002.3362583237887,1486.952876918828,1145.3415233956134
1175.1402309802131,1566.9519772284132,3382.7689650357815,1453.1290964552745,1954.336741657727,1167.7252813673829,1054.2716679024254,1274.1625828192296,1100.560589373395
1948.2392687798917,1351.3183872077004,3248.724222589823,1420.653571777784,1960.4706586848174,1120.806861719538,1121.8589490672935,1396.829458796089,1202.4619026328774
2360.7866130106354,1600.459786266698,3283.8526544446436,1409.933159372611,1897.4287421659087,1207.2255428781552,1244.4681350453857,1422.1278114885165,1473.3288033998913
2096.826911977311,1550.9158041131188,3160.35491992258,1381.1866693350864,1913.40555569136,1134.632336032433,1176.9203062451033,1395.8368117725745,1611.9906630892024
