0,1,2,3,4,5,6,7,8,9,10,11,12
3779.8432726215783,3384.415686729705,3320.082993999117,4128.98137142706,4200.790455573141,4251.769598547437,6708.325491616664,1398.622603099553,1253.6141769003577,695.1693222335138,647.9290214040504,285.4644281391714,781.129707500947
3916.0346408233,3432.428530729552,3337.057545720723,4066.9866867265027,4106.072709997153,4503.863361820409,6851.597484723183,1608.2171755304805,1127.4997324521053,749.8521643648769,651.0679570202781,333.1820612563159,872.5242585974396
4225.096885796078,3232.640038616119,3511.960507935635,4099.167407526828,4133.920008981077,4680.355277887523,6365.076994111133,1678.2615270081196,1142.6581412732598,724.1389297748215,613.0408474695819,362.77450293200195,915.7625943561229
4298.804787626587,3136.6026045433327,3186.080841923189,4000.960922504268,4010.9560214303533,4782.899190994548,6715.102257750867,1362.2811784083829,1136.0702306848823,660.9586980510638,599.5197358205277,306.8482733527194,862.1973373177949
4368.581897229617,3328.418799485931,3245.5491919242518,4039.4987304285783,3892.0207814028313,4882.616739198046,6570.177152042797,1177.9989739944929,1186.6705783092966,616.0509690575178,817.6604319970977,301.42050969334804,807.8168382239454
4272.878968002827,3586.992408344444,3255.928958211902,4133.289499441672,3743.6978505416546,4719.320097951988,6381.515416164969,1433.0909837448714,1149.487519947283,703.4227916022492,612.859156419057,389.03745883582815,669.2429302367675
4241.2397256544755,3808.0668948950856,3015.992819358679,3965.587781981226,3747.615542686896,4737.213587662536,6182.491034801904,1388.4166268856218,1233.8014981166823,660.7831813861825,713.9516316711524,339.2519480892401,1088.7666328667829
4177.447034522635,3844.5709129611023,3262.1283027988284,3790.6178717623393,3734.9104325325707,4604.466881085797,6040.154670958788,1082.8666540333377,1219.8051613377265,828.4160663795496,619.1274646386262,307.5530190236508,1340.7938657589755
4138.853482209599,3680.3438942010275,2885.1918588908065,3719.7659756861885,3562.9236870360533,4519.422251585868,6000.562520446122,1017.5095518653495,1198.094306516266,972.5313757991948,651.8076078533218,278.5805518053789,861.5159100634999
4041.114009316293,3571.932516672762,2924.4753316348756,3678.8865319563542,3786.7364712072927,4373.328952997698,5893.339540725709,962.6421405110887,1095.927381049523,673.3147381210558,626.8537606651598,304.28209504182183,943.3584861983111
3880.4342665573963,3647.1722241452244,3139.737006424697,3653.2543567714,4109.613524934056,4333.456028740039,6124.280188211979,1065.5621105906284,1091.7366771028749,694.978616676565,615.8686085757629,332.72812559070405,1107.748230161492
3718.9190848738317,3708.646803143523,3558.0660179270712,3496.276886057278,4184.495679625207,4228.4296091938795,6591.493793004944,978.3052944736859,1088.9508385520985,636.8028501789994,596.1242848056307,298.6279138013667,819.0079103247016
3705.691036839261,3544.1445208530677,3214.520296064231,3708.9436076861934,4195.180188559119,4134.779554308522,6368.7841812667075,1085.6250108627412,1194.4389676019,709.1801409481933,694.2437294901114,296.4449510441773,667.3815017459848
3716.4222493972525,3388.3349379441347,3365.3706880727173,3866.818997743016,4326.228762088697,4093.474817436803,6523.84600363511,1019.0588072676444,1133.4084444557632,681.0907641439148,612.6353792105185,338.65271049308234,628.710841165827
3813.63866840321,3373.7431873281153,3248.285380524728,4096.00964391002,4080.9926514689614,4257.775898368886,6526.4787383232415,1043.9808854718888,1125.8853941677792,804.2694967031312,779.1842748450586,307.24683721069533,723.5044747998115
3921.008145613357,3305.5580143373827,3392.9333533919335,4006.8730144203987,4244.542032929982,4697.699798892691,6637.054471358675,965.0445953597304,1114.5496543671984,825.720904677719,630.7214137915297,388.4058590606784,747.1585685440934
4219.746704774202,3306.5004753819962,3356.1889664354003,4108.501499769326,4226.703674791105,4668.291204307156,6820.503154361407,972.7435966142783,1124.0939051545754,681.052248757425,624.1805432943307,281.19332101995485,671.0495544662388
4294.02130702874,3275.399605754239,3348.9482500761796,4198.838144632002,3925.3576462358,4787.821691752874,6580.822524632402,1101.086720925773,1102.5162732508334,647.7906141283086,619.220434988459,326.88639919598893,731.8234595389625
4372.709872818111,3405.387786405905,3010.167497712545,4036.614858516512,3760.4987685124233,4804.873961550372,6335.250961907239,1002.3756589695655,1092.3993741661568,663.4195401577495,644.9773910328273,297.23721008242825,877.1035317754622
4350.313690048685,3481.9052150816865,3047.9959829500112,3780.513113846448,3754.618958429116,4684.842528224352,6534.531577209227,1069.1224793082158,1088.4012775242027,774.9164795768538,626.2925395729269,405.79701901717954,648.7468688054718
4332.794753572948,3488.712657071191,3070.232676817956,3814.345509512934,3832.6824022188266,4606.142405356412,6304.537803978147,1088.3755663008417,1169.5810211062026,709.0623273741857,687.048388666124,354.93393435563064,615.0250504698354
4324.627960456846,3788.271730884791,3121.6686957829406,3788.61431595731,3651.2916285482843,4483.678818203479,6003.347534254663,1018.1016801514311,1106.797405180079,845.17915010299,653.106827866172,508.28742027824086,609.7035302407946
4190.106743635401,3826.085264246184,2905.215301869324,3613.0625296373178,3667.1646209576465,4399.932024429982,5955.885172474763,1067.7191595965448,1127.9790176688996,678.3028077351466,812.2046775599292,344.80233892656736,720.4100514126437
3998.840781313395,3858.0570938005417,2989.103726495081,3711.0700962694623,3955.1642323179913,4350.19540981556,6140.002035801016,1042.700945261234,1086.2059547331162,665.8690333673712,629.2010062201323,397.6721491291611,761.6997752455846
4016.4684217449335,3747.758599923991,3122.7066606656294,3675.002200348645,4258.707955014859,4170.101760030092,6324.0017946881535,930.1818120439369,1115.3870415556273,686.2536223848111,638.9677194529125,308.8668861849726,660.1168317242317
3833.226158063001,3639.717791784556,3365.0375488740647,3475.5063741990807,4351.021728199232,4171.468588343139,6387.946278996096,1140.6390795037069,1124.2323799227615,824.4995253389152,664.4944208683102,305.09295921572306,672.7705819100149
3751.9358736846657,3477.5890918153036,3255.7935094900727,3722.8664694018694,4318.8910310251085,4022.3363227676227,6664.269195760145,1204.3182246917402,1228.5439041399109,688.3034782679908,640.9370484964811,365.8884325507354,847.5675420472171
3677.113010446343,3588.6140147083634,3414.5699721108685,3912.758239534196,4244.379985777889,4196.4565302195,6660.725922535492,1029.1195394835145,1123.2588152309077,733.3109157579543,598.2560105128506,307.79577145649,617.1429869189604
3674.5696158662595,3354.597738668482,3305.4614373014206,4140.588666014753,4092.673216461611,4469.9186692246085,6453.360768175586,1012.3303247911433,1207.7496447801625,797.6590894449092,644.868650396517,314.629579566049,644.362984125783
3927.7238245266035,3365.61709434502,3254.0728459183674,4192.005907985344,4283.978060866507,4752.974432764171,7037.6940671705015,983.6130876103674,1199.2172340671423,720.9670366413785,596.4416068833739,356.54515013978386,670.4613882384737
4332.585891388954,3298.606063519743,3215.332584625901,4240.263498991134,4070.3609567680337,4718.672373535582,7874.438061331775,1050.954162506366,1099.3506622245345,663.3392315984302,958.4741092181248,367.4882108093852,743.6655711030747
4330.384734619101,3253.0354670765632,3255.545706998979,3982.6546608903823,3777.144388657587,4788.981231761463,6820.806137374758,1076.6559260471022,1099.0044774908017,679.1594894526161,729.8890885688884,466.4194489081565,674.3762206470341
4314.800774336727,3232.23386539493,2983.0967671485714,4125.349351815559,3787.975844514518,4702.584921155508,6548.38965096658,1171.4786496501927,1097.0992950256689,823.2874122477641,695.9362258441316,366.48826512258944,641.0474298359738
4415.604729199522,3516.55352181261,2958.9808070159797,4019.5781719633655,3811.0952884121434,4863.403743652601,6517.671619026794,998.0866290018836,1163.1657349464485,715.179898758841,681.2931924606552,301.421088975107,736.4914404376914
4353.4829627167255,3789.3359142883946,2835.6518876232276,3868.960279045415,3738.4955551008356,4592.05748851733,6024.363229301871,989.8440669105474,1136.6804839942847,693.3900701916401,671.6738335018047,299.7689905659897,820.1035890875658
4360.327613701025,3821.3561815062108,3102.6389319170075,3851.853868025923,3565.6667831899226,4523.102799923643,6062.1961836024175,1000.9331346626053,1048.0602483363587,677.8374075158255,638.9778812660048,335.0863924597966,613.645681428107
4115.82535883502,4038.2326870501925,2761.143270146778,3717.2871243136897,3669.406545747793,4357.621540671002,6121.307897591842,1107.024335850079,1074.224594581584,649.749251291488,687.9359912902233,331.7854539705504,643.533862382708
4044.99130803033,3838.7084579154666,2950.5055689480027,3613.023234176583,4037.2863163266215,4269.707133973182,6264.617897173776,992.7104587703034,1100.9266352352226,692.4180933757273,830.9393356844598,395.1614560915324,702.626164691552
4016.827820289151,3791.1416834857637,3014.657333362229,3657.8074952017096,4255.727563178305,4187.576226177585,6427.83796492021,1111.77173183526,1096.661800843053,708.5350215897629,729.5452764452588,463.21837249435794,691.1263023075458
3781.959344878916,3718.338750094062,3237.0687971631205,3646.9088917446134,4225.002704604985,4112.729083525129,6329.525471679442,1123.0120570077324,1204.6335222514156,669.6177387757774,831.1035718913121,328.9581312652905,606.9896799177504
3761.788992568594,3715.8742590699017,3224.1925811702217,3764.5977383934987,4321.170069903728,4082.402343320722,6740.474669544838,1086.387564156997,1165.2858679337528,667.3875633304391,772.4812646218985,321.6224985413364,648.7681219394448
3693.5006631976325,3414.042741581053,3389.9436494687443,3994.473113788821,4262.259381388537,4391.113654194179,6809.784972876558,973.0325496631767,1157.2723479729452,849.4637711488944,718.1851408905761,295.8465329109469,711.498514792227
3585.5830619923086,3501.1584690542677,3166.681223400184,3969.5868169150613,4010.62245258655,4621.151902116536,6553.226365403322,1008.0070659180209,1147.2846843761972,1002.8993646072396,667.2414688794039,316.05793545305494,718.2493665767415
3913.8424756361237,3329.798415004118,3397.286210732061,4127.338264975937,4233.266815191323,4734.273595606384,6964.409459795593,1080.8257113043155,1119.877759348128,761.2758480513796,639.655801066408,298.0871327568598,676.4400033329224
4111.647969770304,3188.101931836856,3327.0037920814734,4114.01194498819,3953.9772053718107,4879.267721077545,7081.656323061151,945.1621401626727,1121.6018955044954,688.3005551713682,630.5638107696327,290.0644297501836,801.5087772000754
4404.703025202878,3153.0871630469546,3216.1851525448706,4095.8571849447926,3831.086005830905,4746.946347551881,6544.669343377897,1038.4961159611028,1179.833679914649,875.8560993578419,705.5998463369586,285.131708924064,709.865529222112
4405.506330265884,3231.9745828999044,3053.9831839230524,3882.9188973849255,3719.7988892579183,4766.529908358865,6545.592000627626,1011.3285834498322,1292.8827269873618,716.7884837328461,642.1175778953562,304.38929747003124,699.1089030984707
4478.828980189235,3255.84496981464,3072.974557013728,3783.488559627349,3824.9737181622845,4627.096854264742,6329.459413572185,1032.422636676888,1187.6073604468666,1002.395869867651,875.5240920880572,344.11765509752627,656.4988275032102
4227.652148584791,3701.593632188803,2893.1869393833517,3801.6139328727018,3653.9083466028087,4542.194548011209,6189.485282056518,946.9769373122998,1080.077779853304,984.3931595550392,653.931293956428,384.38239712183145,724.6651476644578
4364.323310249158,3774.334974354161,2922.863195719461,3815.1963261751284,3548.028491065035,4464.010637486791,6715.500797933313,1094.5214717510264,1041.3910162986817,713.8615824686754,653.1500570699538,339.78484058037384,715.6887306403955
4204.737793598589,4097.195659958372,3125.528137018186,3943.673554572508,3836.183989901026,4495.153212094329,6717.842256035346,1098.7869141729452,1125.0045574238372,760.1758824909018,653.4532888827998,329.82047102554156,702.1126331504985
4063.5591981937873,3854.6195452359643,2700.2828916338713,3858.83083514217,4042.614410562334,4345.465605106052,7128.138210230097,964.3882079966119,1073.4862767407596,732.8804093276611,699.2944750077195,302.32206773429573,627.4176333210229
3990.0106495322093,4194.616324880637,3030.164447868873,3783.1891515840102,4135.060325919694,4150.475654518192,6465.96244256024,1136.697382952801,1181.3222567606808,712.6105793854765,644.2207246412274,368.68917920272776,779.7156181795266
3838.897843860852,3934.3580534499697,3277.367167164992,3561.193259165378,4267.155406873869,4186.562363924364,6941.403794988689,1170.4608007774398,1239.5512205202112,679.104960367883,731.5775978000578,438.3504435324935,651.8241670776124
3976.13073821395,3939.1320539029,3420.653249752557,3663.251037167466,4373.207602280747,4216.551981131968,7580.36391162442,1045.1487643440962,1134.1997955117104,724.6266653400102,605.7586904452629,499.7718392598594,640.2593471614166
3932.24090240071,3598.909784883338,3216.188451003234,3779.9443709355655,4355.963927173729,4361.489511191409,6584.719310124187,963.0493695249498,1098.4166384087412,764.2039241259838,808.7268845620017,374.25878458609225,621.1593994150619
3793.764559206234,3515.1513461480313,3310.1528819818063,4326.466347862194,4010.4438367240255,4567.955212949321,7631.2179974460605,1028.8174853344383,1146.5297340745212,658.5526040298964,647.1794815725933,427.3994809688815,634.2561626523361
3782.692020215641,3291.3318985069604,3234.7751753626117,4152.022694574639,4230.587268108924,4744.087494500964,7901.358675273738,966.1916525814304,1106.6796534404223,660.4757271251494,647.1592436772469,311.4117150214621,644.4131363980855
3969.2165406129784,3437.6404890343715,3275.5492849924694,4066.032650718142,3846.3796108355496,4761.890967451396,6409.8347244049455,1087.4424573697383,1181.2865358361612,719.1938562369131,639.9209717829737,327.8289009996329,641.1605583096859
4255.105207950737,3157.3339894217806,3117.009753048405,4074.824482686137,3891.69677852648,4686.694020704342,6554.541027726137,1025.555610255064,1200.0679899145168,867.0421448397432,622.4307190695097,323.1271731206398,614.1117854825269
4373.585438383176,3209.520348181275,3120.19080365574,4168.82109605473,3737.577043818816,4689.283935606538,7021.5677998785195,1125.505217322088,1160.4870652479824,968.3529050776615,654.9807877712869,288.84902854374076,710.8426566000139
4488.800070654449,3260.53999321111,2927.390456845462,4062.0222334258824,3614.418906753073,4667.898053778336,6583.477338184021,993.2966592631202,1169.3278966811447,992.4455509350809,637.6950639527249,267.4156635146528,652.4541425018842
4325.148800738078,3426.390390489527,2985.8558358443415,3761.882964085111,3628.3020874732188,4534.184676525669,5925.733733245266,1030.5115332537682,1111.253201193512,1138.2219428325898,662.885995334333,315.63675930543593,660.0349503954121
4451.70269291431,3614.674157309817,2802.669108288149,3822.8912470442665,3597.0624247712453,4355.117740377373,5933.18045522766,1056.6200089513102,1101.0070555804173,1153.6437905322373,900.700497464039,365.9096776658011,659.3182162165041
4324.081104642988,3735.5266991587014,2977.325166243176,3511.460484436383,4434.226064684153,4302.9822315510455,6387.540897788247,963.7175393513477,1163.9064779614862,749.46414133988,731.9109398479051,455.7186581010927,647.7724303062215
4118.500914435998,3658.5393248021683,2744.7073213448552,3707.496400000829,4329.864483261216,4222.923845658211,6714.7361412239625,1074.8330040455353,1164.837127115759,1497.0358566437494,710.0580532540615,310.8353840374426,612.6155359252389
3900.1298999666624,3580.4942917879707,2942.5612978552626,3631.6078463193585,4283.828727646313,4009.5318646274527,6494.30920940363,1097.3837283959958,1196.6681043054637,1447.396009420896,728.1702373060633,376.18605744229717,607.9611377560975
3922.739944245321,3663.2324864190828,3315.331374652883,3569.2486265907,4256.008136604869,4049.5700935402106,6920.293610025913,1069.1182406410926,1148.095368490508,817.280421540946,682.5725684517062,299.4670713976054,655.5815591478392
3701.124912760051,3750.03366819504,3585.4930245061287,3677.9176012357707,4187.968533628372,4172.597067537026,7268.513945989795,1009.0230952148274,1139.0802882518094,904.7661985377548,809.2069952480393,304.79975785299166,676.11178205366
3809.2330623918897,3499.9330494630562,3342.376806506887,3911.1071619897475,4075.1185895950207,4397.616608182935,6880.680814453663,999.6493690016829,1129.6331788271607,1368.862772673016,718.1092086561146,277.41898127361475,659.0189467875086
3642.1858908977356,3581.8609095251427,3468.9799261563626,4047.742597933312,4085.8514872260557,4576.8565502927995,6598.023058553155,1018.5064798746081,1205.1434676434685,1450.9718601301106,796.0918059968241,314.022291921883,859.4800131788588
3650.553933359709,3404.516842002764,3251.8910927372376,3897.492008450307,4087.0622030714835,4632.608118500443,6538.775147480251,1162.7586816333446,1147.2889631062371,1123.5374812258233,701.856205691443,329.1285818385209,680.7492089367682
3614.05430070728,3262.8686387731605,3451.1953213855363,4121.709928641881,3874.798496040661,4695.38022653679,6838.446054998434,1099.7031602177863,1207.6398777134743,841.4574876746176,791.956766739008,413.347541349122,630.5050513041207
4072.082125825192,3328.7605057140195,3294.7688363157054,4154.824043294451,3811.8659828134723,4671.839188830784,6208.539888606958,1052.350761740433,1240.9515898394923,1181.4353408183745,770.8785210293539,325.19152427177073,763.8846503598902
4355.890761149645,3324.722137388964,3234.1380044278058,4087.978817276604,3720.0219561435347,4646.974863718736,6277.4897326655055,1007.8145709408234,1250.9488381617618,1360.7046650003965,739.6883273382309,293.34436187844256,643.3572593430978
4345.4506906730585,3096.77516021167,3073.8667534868405,3833.364402961391,3615.129463560105,4643.8710647316675,6053.408585534385,1027.8953775352763,1134.5913361451967,877.3750642898234,756.2068845973876,339.39041524422765,631.1020255686958
4181.800433531001,3391.8658598467823,3173.5304860574893,3817.9422868415186,3636.3285024154593,4493.818546127568,6093.013027744069,1003.9791944633478,1146.0721558396071,755.7068145643649,726.8785249839812,277.4272837704332,633.0185491255577
4150.123158552574,3478.3537726023733,2779.1866169514556,3815.8273952177674,3678.965771984041,4239.207227295799,6142.3536113105065,1041.2329218434988,1126.5217910810386,895.6984655238755,646.4449660543643,509.3627235624829,700.1469438804936
4252.948430889781,3791.4568746398795,2938.458945812181,3629.5189553202717,4037.7503956327578,4197.693789687633,6158.709337465804,1140.2261232465896,1171.8394018256836,818.8525483625284,672.4335260873828,472.779817082007,679.348184889532
4205.97317206376,3719.9351014191684,3039.755540315964,3614.0429559440863,4210.965969387874,4091.8673671563715,6596.548852080225,1033.0074784579892,1235.3151984126255,704.6709193280009,664.4289775161755,371.3953171160146,626.066421390952
4065.9281974139917,3759.4235944208217,2958.2902954522337,3580.124809239278,4306.382249380917,4048.394579804002,6633.261642142321,1041.2446130779622,1087.4301141501287,735.3801097869551,663.6072506218757,413.85982276222643,677.388370966058
3774.8990710998187,3608.1605583405776,3165.235578644575,3550.7811066741338,4303.021463808439,4006.4240740787327,6507.349490052728,1026.7820654073616,1127.7649664580265,748.8855110797127,653.8819285442731,429.30231898481895,618.6166722335959
3700.22788875592,3667.4848677150867,3265.3995530386856,3592.978916085437,4230.328595201591,4112.071798741478,6870.485086017771,1015.3180216493014,1079.8576050572697,788.3719482279325,646.7779479119097,300.42440760525994,667.2628763595204
3747.5206854722733,3574.875241304513,3470.079218695893,3840.5180727934217,4065.7485860402353,4417.4301539494,6486.662544800394,1013.8952668931292,1179.8722014221125,626.0311347911608,715.6834983760021,368.2249288965645,829.4125806926078
3683.8745137831893,3382.411930620623,3528.1485798454346,3947.5061279170204,4266.204608262824,4675.914442050224,6582.687670900436,1051.3702034947012,1195.356793489886,750.2970684579599,701.5275991869348,320.80381440495154,648.9223809716366
3584.7879620167923,3426.2589219184906,3668.1418200154167,3874.5942750182935,4293.439985630775,4846.011089207698,6186.680133201029,1037.8482887770292,1157.1930942033982,810.8111049146142,799.7789817972866,300.9835810163258,649.5384229448598
3745.1271254505245,3192.8954735343777,3192.0601733474205,3923.4849770901264,3889.4400643758536,4739.428487416861,6379.462932123114,1027.0882229199035,1158.7716227774547,707.4380115691283,1171.5524273201072,306.10460039309976,625.1865621355173
3914.175347365931,3260.944773848772,3325.9216539445615,3828.295806447465,3883.881817834346,4546.095817066902,6024.166238016327,1093.491588696846,1280.4938747904282,869.3978494792867,1359.5148256530283,342.25557896908856,743.3655959960453
4157.848438696111,3241.517994421875,3642.509981560405,3944.723016337137,3853.42942258115,4610.530602607745,6192.663579815467,1051.6399088538556,1142.3217052088821,758.5664536562025,1036.0485958972315,307.752910128469,698.4096758067168
4228.083756487482,3241.8432960228633,3125.5415305348497,3862.5909191053393,3751.2500000634845,4447.34877768853,5812.025800255324,1045.3373570903434,1078.458235464049,698.662638720185,1130.4165794431651,338.962012293447,661.859988121306
4199.123783793408,3230.7358526569465,2993.4483674967687,3720.299805421106,3658.944122842448,4413.423915461677,6065.391030139866,1172.989085999163,1107.9269424516585,802.09305096492,1694.8349428704194,445.4736242682832,782.5233055620596
4203.0250145433365,3652.751717059652,3117.167143569784,3576.947821521269,3740.1617867481323,4333.602924698391,6358.620855602081,970.1804361891958,1158.1033005794911,704.2482111115197,1167.317885046857,425.48346609678987,759.4082046597457
4164.3883953241875,3610.41122408352,2908.451649339567,3631.8100014688107,4068.6366366861594,4522.360254442611,6442.783239592071,1014.5067924810486,1192.4843506879508,701.7929574720582,686.8844341265674,379.8726486027054,700.3762235447349
3934.673930470497,3533.7148614535827,2826.2591586979534,3605.701317192204,4204.015574821951,4267.198391101649,6589.899970632303,1047.5073723864805,1220.399719930459,834.0742757890839,763.2192595821465,332.9954154772794,816.1563411155655
3974.265573459393,3575.539397605909,3056.323025979311,3405.48578279194,4201.021525668361,4023.5925413189857,6954.029569074641,1031.210440492242,1148.9682033558452,803.1721726371288,1211.5028060817237,335.4293397135118,698.2032144658309
3813.8965348400134,3605.407503909902,2982.4789959267277,3559.4531575976225,4186.425390382775,4029.1724506356186,6654.78371212435,1054.7050284957536,1079.7810455878246,718.3641975308643,1371.6499195383828,326.50609071098216,637.7441288664374
3818.69835850428,3682.7903134510266,3307.162773142039,3623.725490603448,4110.273565038868,4182.326947265002,6550.544512109489,1007.057297670121,1248.4584277194583,637.5990369550537,818.5643101735966,313.02675991784804,734.050980115851
3704.647968659768,3610.2398029637875,3211.0006220857863,3828.617836523601,4280.608025298881,4391.148548925747,6364.618730284626,1105.0585820395033,1241.63795114758,702.6294386261031,746.16340743418,356.30707062064056,774.7628802537672
3789.0238650622173,3511.588376537,3422.6081216538923,3896.364321239783,4156.967252309881,4407.841506958007,6502.088942474208,1196.1054369920655,1140.250630161319,803.711050449568,988.2810011465167,380.2117199319374,654.276539612925
3682.5784212247713,3498.1193802087605,3234.389089811402,4092.1295242167957,3860.8509698253893,4653.02914768331,6342.424942009382,1076.1158132951316,1220.400846741015,700.7891357270329,947.6425389287613,312.28088230577293,597.9264677205974
3614.9436177563107,3301.974775714789,3412.5977350264984,4076.0698169433804,3791.061501753327,4622.491729926123,6284.88276985638,1011.2256946161835,1197.3024683451802,846.8366916888821,630.5382627103405,486.98785603762536,738.0171488472382
3969.144485121354,3238.808167910296,3320.33638327479,3873.871229720774,3757.4915226419107,4689.273986308767,6686.213353155899,951.2228808055031,1199.4559279327489,774.3049306430437,731.0612140872361,714.8327984203037,934.9209761380744
4213.717971645272,3388.8144338567195,3135.888987966906,3887.008441614922,3739.3572710429817,4638.948717169519,5931.369088024191,1078.5660751324551,1115.163502086019,679.5401963649796,823.5867353530475,947.8832296264567,695.4288591752836
4165.489049399008,3130.4241552990925,3202.983609162231,3776.9738005528475,3650.8700975210013,4405.786545302473,6077.214859868692,990.8478787517238,1141.5186215533695,689.8282873498918,834.8526835146927,1149.6976750613858,597.8361098951596
4288.745787615991,3265.2871824876834,3028.2945111284184,3687.5141815399365,3641.16469484504,4504.466099533313,6329.647595678066,1063.861867262505,1133.574016346743,727.8337141254848,641.9350928283291,553.1654265850026,711.5908354188077
4220.695067072416,3523.443965824991,2951.9531624489728,3581.2752109231747,3760.658530326246,4252.8872152971,6473.388470517452,1044.5594009506851,1156.919610563751,665.860615991047,886.7375827404531,1157.187676515962,679.3835858543795
4203.596788679737,3691.4798202066213,3090.029131645506,3637.5720672365296,4011.700102202768,4068.2426871752086,6481.350826090349,1004.0028931488931,1365.06380073968,713.9100739860153,933.5572023372438,1310.9415154006233,612.260634974786
4142.01530629968,3571.0086150026486,2851.0012854941738,3687.3708277625005,4079.8524224978632,3981.536616461938,6751.981759130961,968.730436658853,1215.6587473125596,789.8021312780043,816.1854538121369,551.8821638009716,586.919674575936
4060.303078293489,3582.4376924061553,2776.178882845549,3424.8059972689016,4291.217721656565,3900.1621808367513,6839.074915177184,980.2107512094201,1108.6324550545849,739.6709390669354,659.3835085210734,576.9874028833384,733.0777843570025
3850.2969425810807,3743.542681007895,2984.9907361546766,3512.723680226907,4139.844728718975,4045.1917729552674,6472.762922311847,1034.7391699500643,1329.5515089968874,678.277114060401,824.2717894612847,841.8730160514438,835.5393704236587
3845.203290268149,3673.762170739849,3103.339595745235,3796.5548098911236,4086.489672332273,4674.607225908913,6330.271445897197,1033.922506939171,1140.504794206851,691.8974841839453,827.0357759817714,852.4812853913527,657.8327231293272
3822.6368146708114,3774.395683881009,3210.020479613822,3828.432122942987,4073.303402134311,5363.320926637787,6356.525158167157,1251.70081351128,1156.9048240773072,799.5348509595136,760.9382573251751,492.5742219931862,676.891525672013
3884.524416661722,3396.5643748089506,3275.051470276291,4110.512011180347,3946.8615871206293,4741.675710506965,6207.738096575935,1108.8756282348527,1150.6563461327287,712.3809529526878,646.1659363633332,386.82666720133994,701.7759979387041
3959.567010649657,3517.5456984129414,3281.5517305844296,4043.4614076098997,3984.018042625794,5232.983248370501,6104.8257331969135,1054.5217611626379,1140.9879745374535,767.780084110636,982.8091383677511,384.57804169230974,695.6011087435035
3554.8589449520778,3385.816346809499,3230.627451317755,4059.366191978981,3706.42021663022,5476.509661070573,6105.681721227861,1294.489260159448,1092.474309678353,674.5017093480652,758.6599454596657,723.2529897975384,588.5887775279996
3815.8698381426398,3492.96531548628,3172.1156435033745,4175.1034528772,3710.038870400156,4846.453193853714,6181.630702955777,944.7310064377751,1094.7938271820635,690.5945078021147,651.4943556942795,427.77318262410193,625.5009140638359
4257.492276700964,3248.9026147941586,3259.1693774736073,3953.279023918459,3770.5849109224614,4535.080240553754,5798.130150113341,1034.9306983031029,1082.9435745494523,704.1017542316071,632.2895237016651,458.6366335564478,622.2951003475728
4061.971898202985,3294.696933451885,3024.3902439024378,3866.962894360177,3757.6223530554635,4901.158054817585,6352.515526981441,1027.5341194816142,1072.0062175333026,810.6390642988422,754.7995719946796,603.2555116048333,726.863124385647
4392.040759764949,3423.973672516845,3087.9847218431555,3725.0803238958383,3665.721971661251,4921.969957573674,6466.463026600485,1143.5444341990974,1176.3414168417032,693.4506865264376,711.9443459967151,563.1165938261016,632.2288436118503
4259.333581519579,3826.6431815977207,2825.810354237849,3686.8925663251903,3967.6435062290197,4461.725729389004,6425.128146715601,1212.7817830234699,1488.2270199988727,706.3911532997528,738.6252628075592,381.62035811552903,586.2591013304146
4156.367390295055,3717.5413587003036,2967.9545565470594,3826.6343316065645,4064.6941543868593,4105.882416782029,7717.698505449049,960.6187735996876,1134.8131639683338,719.7161337035267,623.6311456981788,348.1820763644844,596.0575883503016
4154.814898884813,3744.0381419709597,2832.6795410239,3553.709970850143,4177.232940744033,4191.700255753093,7552.148906196129,932.0285876296176,1483.9692976351553,676.5402635674718,1151.2188460716088,478.30235135945986,595.874331646007
4207.332976183508,3643.8263077251822,2862.532033300142,3477.456441282167,4117.080793874041,4333.872662981556,6950.496559532031,963.0499218612188,1323.7449615243677,660.7721713678181,863.6211493051645,549.1369796051652,602.9772352684396
4010.8844559576123,3868.5010430380503,2982.268370631865,3392.5599350371585,4237.1090344445765,4291.394288731746,6470.322177202392,982.6076600721044,1416.1424047658406,708.9225846538342,753.9616689787719,460.0432543947316,600.9252205815195
3927.241073056541,3882.619471736998,3049.4340811818993,3523.510772780516,4068.8725061115692,4552.11615641105,7042.66904448918,1369.0346834129552,1805.5032544807452,811.1088274857509,709.7461400508984,368.0343092596271,685.2153015217328
3824.138938620892,4258.137944632348,3264.7171135177837,3833.881247916342,4037.1799549587,4911.886420244501,6243.225314658028,1309.404469838589,2140.596009536722,676.8193271251699,695.309347256442,393.9772821900734,665.3462897253344
3713.8616061876573,3973.6946641768873,3324.878937845891,3949.227194737983,3940.776644122511,5058.992014628128,6221.790869890738,1045.452762752154,1506.4437745421533,725.8519771886948,628.4310287984307,393.1603453540176,639.3267272533668
3794.867476554928,3469.4774457160097,3302.944081977011,3865.434785309055,3807.6374605284873,4946.710624845653,6825.580957616521,940.2900221471486,2112.7736301417917,732.9336387952887,731.9313143219024,293.58141712012196,584.670309893535
3559.6564608191316,3608.522914592698,3303.1742544084095,3864.410858423353,3672.139861816876,4702.855711608286,6610.828996413051,942.9186396900559,2589.3006439556366,748.639655498196,798.4172965126427,287.864995354973,614.188487844002
3768.7791592270432,3445.4378827589385,3127.546319170032,3840.375602516155,3715.3942114325273,4852.642961554041,6344.268077601407,1042.8710257793907,1741.2952928011896,713.4435531077054,638.5649999621145,356.21223357006346,605.1010143171421
4037.6679552368855,3190.373871435137,3086.4185334209055,3828.6604415713723,3791.5680939785047,4823.29227120223,5958.180305342449,1170.9996642617787,1358.4715484776689,704.9070851669854,722.52891648335,433.1033735902933,623.4742339982755
4253.361619689333,3310.96032332351,3235.485949283775,4010.207001720275,3660.851154578704,4523.188794097188,6160.577137960247,1104.4068262134847,1988.3295986034425,724.3577189948957,671.7240126042086,315.16997419585635,634.9454164213685
4563.898069093384,3344.9405034796623,3004.8992858953584,4340.958270849784,3724.710140308863,4370.299163325096,6452.762664362505,1035.3598409458293,1899.826236596011,698.3929032997308,709.8850791336138,292.0101123863486,695.1221559197993
4652.889307083946,3322.8228626303853,2971.5895444682365,4309.051437245694,3925.2858520116897,4403.1436822428495,6350.998050591746,1075.9485875784148,1481.4841996635635,747.1483708421703,652.3672919691229,308.3770725071705,717.5684102570289
4764.503156732063,3460.611635956953,3406.860370683653,3588.0422613410656,3987.8951722051556,4412.594601088708,6308.234579659684,953.5097414804487,1147.2410870204883,705.1038027203048,607.5178789790873,354.4428960203214,752.2859174824667
4175.983379756028,3724.5545990830296,3283.305804627719,4011.6312108090992,4252.606342827556,4239.893743812594,6830.6870390223385,998.7335556072478,1547.0404479879076,675.8251474816893,626.16698964219,375.1438744110308,601.9189420835532
4803.240500888413,3816.0834759027257,2808.245844688826,4327.415825675785,4291.687646261841,4249.059670286916,6574.5928890583,1063.4578333985698,1678.609992193824,667.1877356127148,775.8006346046085,356.12055241892455,722.4759020031763
4976.7819297706565,3710.4592052152475,2937.1485457223084,3882.2971240523702,4469.918016705942,4465.6053648454035,6598.761442619667,1165.22728027558,1242.734582847577,709.9996983919247,697.565954946384,310.2419164065293,764.4951722686718
4230.32290477662,3719.8317691321345,3248.4292571438536,3655.441191921527,4403.063003101845,4814.315990828854,6406.996060825249,1201.0469564035063,1312.9767170846837,656.4749371802521,744.5500334241342,596.7351386216174,657.6589002727343
3968.67447612362,3739.8935747756323,3455.301197344749,4550.736795659918,4087.0390205339036,4899.63821875975,6613.022169446795,1096.1970887519333,1687.592522950676,730.229490163555,657.2042765909036,487.180691897583,618.6728808866382
4080.8259422927554,3780.1252306141196,3511.51068129552,4816.615450790172,3968.801816606785,4900.123022563251,6647.106993131682,953.3008145615887,1594.218402959357,716.8315128714514,696.9144195674778,368.27396094616944,686.487224642561
4256.023451924017,3378.415704941232,3523.5654895135735,4297.309455457099,3779.074567161537,4870.050852157039,6312.303475573001,1194.6775992621915,1171.192581752077,704.6538351941293,647.6758606340411,377.8718013753443,649.2731987278295
4136.071078762424,3937.4753389427547,3569.4933705005706,3864.385432712869,3815.822002472189,4957.22850838704,5968.464933377217,956.0955609906052,1221.752466530236,756.0684223546335,624.8741527758856,332.2376271995486,706.8001882683812
4162.251512751786,3836.9916201338133,3358.915062617818,4211.469787414022,3767.9265658377853,4716.5039600803,6504.563746138964,1054.3722853856284,1422.0057230809916,721.0490137655166,639.4727200244968,293.3174105320203,703.7523927377841
3921.3037155745506,3837.6376059353115,3407.215086388261,4494.626593522022,3677.21609883489,4608.459300743533,7409.138505713601,974.5769849889806,1268.527030250641,696.1927931024287,798.2558296185072,380.1513455477539,681.1422725942498
4448.170973231054,3893.460762461635,3216.1244211759854,4139.798317099275,3542.1829106543464,4559.405157898459,7488.848811803819,1147.5844630116894,1263.987698050792,771.7044160914139,649.2755978946191,447.1752229079196,645.649960670475
4736.793413502729,3456.5643547554723,3070.0980069465218,3888.2465826430475,3706.557769194467,4434.038326897663,6381.643854524624,988.6914452779774,1121.0993233733489,740.2126461061822,792.130107820618,345.71863136010944,628.0619238303755
4360.038200825361,4316.3446705419365,3090.674726649692,3733.8884749780705,3988.371001648104,4354.807541531223,7619.388999758087,1118.4265815275423,1297.2365455088673,709.7177711447033,659.7203034888056,413.0391199429136,637.6927650193983
4418.003992641088,4423.102371062165,3010.991492558195,3843.7757025385745,3990.4441978313284,4240.524783714056,6965.708447429751,1807.3950434634778,1390.452150055781,680.2906773365022,654.4440620100056,382.3781624113931,636.7628147489173
4245.698728766245,3757.7303351368246,2886.6219229199096,3599.5863589474575,4058.384014563766,4205.318910859276,6474.803942612788,2417.911406636472,1171.429328359177,678.5732701788419,632.1283964506824,355.78073213805135,643.1163011711495
4068.803184827059,4229.546493041965,2827.125252558426,3408.9352159877785,4143.349170912282,4325.75190910484,6612.236302252258,1153.8623199447954,1259.768669044827,724.1203733306811,626.4393721160868,310.15177176561394,643.7253812838828
4103.536596176805,4877.786507205294,2780.2007346195087,3509.33731013934,4229.519122403602,4653.2531280178355,7001.0643958930505,2393.5626684101503,1721.9962377284812,703.3882495005307,628.0480852408733,343.887470038987,676.0413248847898
3936.578558535158,4548.548676384189,2795.2907334569754,3707.789472318087,4080.9417849702468,4713.990505515777,6967.418326148772,2132.6398531584164,1449.4602740470627,681.5650086210467,614.1883561506153,405.7355900640357,620.4871238218171
3900.794089538915,3739.3317873374745,3112.065448687535,3805.928502599896,3902.179440705501,4883.640785469381,6241.442871817233,1239.7947433846973,1230.1825900021915,750.470824374641,608.5473935541349,411.633082350953,658.3824248995218
3684.70354773671,3927.777816244592,3214.4808539864457,3885.69259942385,4280.148948230458,4909.8874711014005,6566.9067530287275,1318.917785484752,1325.2436434994856,954.7669420897782,859.2034791274922,376.95199161169484,716.9783073998302
3765.5628914268727,4111.967266234827,3337.810641774954,3977.74160288988,4535.578971046405,4902.013535111884,6966.661070449994,1743.7598684215236,1375.7241970757138,838.2041174658301,658.2241494797305,458.35371841422676,909.8907680311574
3624.624829646872,3756.2511481484516,3366.873905435857,4206.791083677076,4002.312799597941,4804.463185267055,6643.1853223348135,1738.2217940321582,1215.4837521294812,710.4990012449163,641.1297935528863,408.48815866925383,1114.6183564973637
3614.7609530694103,3339.423657741149,3746.4710642839927,3904.8398606388796,3995.702088230325,4829.598296638896,6140.647033702702,1343.8964087584284,1181.493662360368,730.2274352351932,675.5500712466318,378.0987768714336,968.9329546841349
3932.9325675685677,3264.680085745316,3912.81733128645,4064.1029813999817,4608.671481272742,4621.761176717198,6677.210751505022,1082.0190235708953,1296.094536766585,767.5019048798829,723.4557059378253,303.6306178115529,980.6311976854611
3965.6250030848437,3283.8893853507,3782.9290758366596,4087.2031943017496,4153.753501596565,4461.535869281735,6436.8438129999695,1412.0673653212657,1413.6982446062564,884.9955417391848,628.23589349195,325.91018471743666,1276.0249115165182
4252.3470527256395,3307.654615721859,3140.467470142512,3796.9946559916066,3732.9183918029576,4471.904492213356,6524.411972837954,1343.56895772991,1252.2808217699803,724.5957874042169,637.602623120911,288.43988897011104,929.6130432641397
4278.5619020544755,3259.3445422853797,3892.3455606233674,3563.558390646545,4465.199425700019,4390.327552378399,6769.500070881331,1073.1788853042963,1174.2164107181313,720.216615491837,664.9682846224356,372.94909827333953,716.9496075655596
4371.360563036282,3366.725603325267,4108.324974924774,3634.615384615384,5211.921985248591,4659.723091913292,6791.67991054438,1095.223867048711,1094.8328866162171,650.4246062281843,759.5668222581954,313.9485224663193,907.0517436731976
4324.702924402138,3477.5644776725553,3301.919948083428,3577.6690374711134,5050.118896031229,4267.884903253056,6856.556682616687,1295.046267628914,1168.4523293733675,713.2809255409189,668.5112528729023,417.3152904811674,977.7509913912303
4262.157595888712,3800.232166218114,3075.7438347621,3558.238600546635,4366.514601781866,4371.9350399791665,6784.94721291328,1180.7805907805161,1164.7714183108187,731.5796427023942,641.7248585826486,311.78719023111717,778.815283932308
4153.923007404088,3627.0336442761786,3694.381505426399,3468.8956350810795,4371.8468025286675,4764.040536756754,6411.151184170583,1009.4341286007935,1235.0392049068942,870.5077992228727,634.2494883327533,293.3475183131112,606.9591181200715
4062.649040230731,3728.7663539459954,3932.5730817102276,3707.3504988211794,4571.326299773546,4748.74512968983,6307.881372764234,1041.8278079561405,1301.8609070417156,819.2029317348781,619.7439217233492,298.8128806469213,551.5869216867577
3915.926461002746,3599.268547544409,3710.772147292298,3821.5908451503647,4215.6143684643785,4935.640763241505,6261.135654164308,1174.953351907693,1205.2098892592983,719.7282045458661,607.2089051434302,380.07514122231197,821.7571217168323
3864.1579170180607,3763.3733717115765,3410.4870316292045,4039.226819440423,3929.410751800436,4906.770050373182,5933.872544841087,1174.5518066730078,1097.4196495124381,705.459123430301,619.5657822666411,283.5927147439285,793.1034565829449
3797.618962037943,3662.442059210737,3473.612533810965,4185.065760191406,4040.011306976895,4783.396767644621,6124.80278582296,938.4050180895036,1166.1988736221422,712.7475500528745,727.7412807801029,299.5557894665525,590.4290100856695
3700.5556389848325,3574.338289906654,3837.6372963659996,4186.396295212686,3890.5552381702246,4685.939203917008,6214.7463410468345,1070.243915467653,1193.5451347167655,730.8652706778529,735.3502957728133,298.86261896135727,603.1536446923745
3627.785597136172,3344.7948151454584,3381.3113489703637,4019.010595932056,3647.8115478421428,4664.989730746365,6235.614254115652,1321.9668463000353,1240.145288175444,730.415258132015,753.5060830949274,443.821404143218,641.7465638561671
3840.4374560243255,3289.3858899312213,3361.329002552365,3972.6826987114605,3560.932917981837,4363.915391548311,6467.9246901203505,1247.1225608706504,1478.0404971208534,773.594935268899,642.9954633289442,313.8879507031835,685.2506088193037
4069.594668414728,3263.86521749505,3179.966782822598,4091.7675156719447,3715.9285355710276,4319.910315441698,6539.547265548233,1022.2303134133625,1194.543287837529,821.3378977423986,661.6107224752144,290.7770133954556,618.7446654751462
4250.205504996328,3121.3071336528124,3030.983282835134,3677.6417952754687,4160.688725642015,4422.3517009547895,6543.3354898992,1116.421982328277,1265.3538739292549,763.6597974426854,686.887453731125,292.0931023477217,598.5188612244775
4410.982626668901,3387.0186665888255,3176.7133325619957,3724.1270310350724,4350.499679342654,4262.450964564109,6570.224223031941,1168.710617398393,1123.5605167569415,711.6892992147489,681.3243223499635,333.628959596484,662.9745995151698
4355.680367209022,3441.890763411492,2933.133049971537,3627.2252027652244,4412.8501077791225,4087.6045681442233,6411.100557913426,1103.6251822308113,1201.0405668976857,740.2553334784263,645.1002917668318,325.8371724410642,681.2154001883011
4297.898819717416,3671.450762135094,3034.235736162421,3635.0512234614966,4396.3220394352265,4270.535307355371,6631.2441235232045,1094.8474510005447,1253.1664583875101,742.9706487569268,816.5365151598611,293.97578125399633,576.1082409490876
4254.41776142996,3591.297171355105,2816.275780606455,3392.9472351624595,4293.672519706753,4487.184213643006,6834.310679055813,1007.0648683365446,1177.1498169106542,805.5445420069768,653.0228212190261,455.39363317753003,583.8469402194927
4151.43985319424,3744.761177257357,2933.6250362949963,3670.6091851964343,4327.062342598126,4687.631391155086,6213.478959905301,1053.4658315821077,1261.1248667423229,818.3951282370134,873.480956721076,372.8803075025478,586.1823264641031
4155.540561196456,3921.178646112042,2857.9895129858655,3681.5760254169263,4229.964640411741,4871.918858535401,6249.630029843195,1035.5118637557023,1212.5091541887,736.3469351273048,695.5618602158014,312.95084080472213,613.0258144549223
3974.945803318949,3742.8635781353364,3270.1048339389135,3971.680323396193,4051.979734428925,4931.936733718383,6108.484181194662,1067.0293667349827,1076.6788006958302,677.7807721827143,719.7321168171605,302.9805177523947,585.1263027733621
3878.042273005215,3591.1384245602517,3282.7878226897737,4043.655827462931,3917.884377488387,4881.11862105448,6009.808503963511,1418.397713544889,1216.0688818234032,741.3757957093462,801.6342826328473,313.46381631885436,570.2479853096929
3770.8812868047,3780.081577978981,3290.5543181416483,4080.863460042664,3919.6561018098246,4762.75073175044,5656.445254258753,1035.1190173600507,1255.212023183313,699.9448489812539,702.5639673456708,317.7178267369543,665.3145451902037
3764.358239047479,3402.4369607022945,3335.847269812984,4142.49984280522,3739.225322040518,4710.4881655402,5885.687069715474,1019.1018607309833,1153.7405568872566,699.8810025138429,615.4200038217813,308.028302798414,635.4619689904674
3639.8145534467367,3343.59017318377,3172.7587127817387,4051.195632421231,3705.982429489253,4468.155463643915,6235.130105852471,1083.0483886632665,1324.749915996497,845.8131148130743,660.1152885833761,284.60765150104294,583.3061475874428
3768.3269186767066,3317.8705409001195,3268.1353013385224,4044.9057475196255,3591.4150255967656,4401.025163133194,6382.033178590433,1116.9216992769545,1222.9950473825354,836.0720604186353,704.7595529024773,327.471070812762,570.77510133336
3953.3962393975858,3284.051107902951,3196.9411964052083,3873.5545241394116,3840.3737103591243,4322.127662400418,6549.193477168682,973.0824250016677,1128.250019608322,774.7584272110267,847.3456657744312,338.15613718749813,600.1652744522652
4244.162801871722,3255.2224964122956,3012.0211523089224,3707.754480582611,4068.499270094892,4219.084607129356,6609.876307897212,1022.8001260244465,1169.149166517741,689.5771785575389,939.1401451702959,476.2657598341822,621.5928657149143
4279.301162780994,3148.677157625703,2978.333488066732,3615.290992362698,4322.474050278699,4098.00271150362,6633.830909921088,1117.6088267879843,1276.1587414085566,795.8143073623671,783.0232011929868,311.558838617185,549.9060657465403
4317.33018270235,3489.2575308591922,2877.9005986202733,3532.1562324114116,4347.793998071358,4022.5130465797524,6435.837195689543,1077.019040834215,1236.1287616122124,804.1993386472116,671.9892330096318,304.7214408800197,594.4119447416382
4307.177421061214,3690.48517756479,3059.27047149977,3618.2136875470205,4355.953939507601,4358.003696228297,6702.625394814021,1292.0566093169793,1104.8980080060558,984.8653155629246,633.0787096548831,311.46535275438885,591.6757363273497
4341.709583851301,3733.4868263813937,2949.5190815345727,3550.526043074704,4166.99850547716,4537.461823576032,6368.594187532283,1178.1150528209623,1238.4492520794968,976.8148807253756,690.4952650931577,445.85607939060634,599.7169878463599
4308.089980974059,3724.0588351462425,2946.0254721124265,3672.7885929752138,4339.815022182467,4592.437441159935,6566.557931263723,979.6952233701128,1304.0818983551317,730.6169366534567,712.0487354116689,315.07086649661557,602.5061937120441
4248.813618156325,3868.3938691419457,3267.2836273630173,3733.299739126966,4289.311337006749,4838.066306877932,6280.4741974843755,1029.3254978615084,1156.438738680461,728.5140631512387,634.2142612250967,361.7443622949299,589.7034663433857
3975.202659879669,3641.8545275222673,3263.9696460617706,3911.225270392731,4004.5109748651707,4824.255942278171,6077.9645512757115,1021.2049568678427,1134.1982855941196,1025.5372945638435,673.3090366978804,333.71301762129195,624.7011957706692
3882.159976570321,3730.5033508137917,3260.260872623715,4156.491391437002,3982.313000088658,4733.654519100106,6014.7950990998515,1048.1093300540817,1171.186367094441,813.2419682023556,715.211411259772,550.5373856836776,592.017119440036
3838.9714706686145,3963.8814135631915,3286.1283200035746,4083.867427616983,3924.5961601914278,4699.621332863104,5799.060289195189,980.6028631008224,1153.3529378342519,715.6641093518142,784.4357526731145,571.126216203833,598.8396434922423
3954.369361225233,3476.3174880810416,3543.2245737801295,4110.047425485027,3818.202555106066,4589.767075804774,6043.306051420462,1168.0895532040977,1214.775389902058,743.5361745253025,671.9458128193045,370.43655995440935,667.1339584863142
3831.5347254552917,3624.9126918253855,3278.4902237041583,3922.3723174335,3700.973734640893,4433.783037596921,6475.535704135742,1081.2154664509167,1287.4557812432613,747.2430562101849,641.5737012908628,359.3531643042523,620.5196385775254
3552.829079662631,3335.7435137236685,3254.1375368705817,4052.698899974419,3641.7206423833286,4426.540405857593,6547.931466830653,1049.849913496083,1194.5541143506439,729.098254771264,606.4732404728368,491.21943390482795,661.1863821784676
3847.859960759163,3590.264053167338,3204.8836033128405,3841.7600088684285,3951.4396439181337,4304.278526126427,6742.208468803464,1007.0392969482797,1293.5858689082895,719.6222177800022,780.1165494028884,373.91011366229446,604.1115590734237
4386.566848842169,3383.6518936957254,3064.5974461424694,3867.8995722434947,4263.1000064698665,4300.653594771242,6699.0560225674235,1106.6939901370517,1167.9006458043493,729.889753321173,1039.5473396237924,349.6869195972678,639.0116088984673
4553.9224634086695,3149.4517557965496,2969.1030854316455,3622.791622190737,4378.477980468027,4106.126113664332,6467.676442239012,1039.4153135662607,1180.4990586918889,690.1113071619297,948.3863841799562,294.16989463935823,628.7140506395522
4549.660633141201,3580.544382253078,3036.9721233984183,3635.6913115790057,4424.797706311175,4190.555364445973,6861.276604020823,1146.0893754667761,1126.2843685956134,737.8981023722939,1063.6903516368807,603.235376954999,620.6912685946404
4376.711662684918,3909.8192833958974,3159.3184632055713,3691.387985402222,4377.378816760639,4403.4768798087625,7164.784717980438,1130.490990937579,1230.9914567857343,797.6077807102555,891.6271531227308,521.9028479982404,686.6310749322263
4233.832087357032,3713.26164373405,3276.5217964239523,3528.3567614542467,4178.909079502799,4688.691769108759,6350.939486083635,1004.513605644055,1165.4101610065477,838.3686759798405,801.567187145196,357.8983152701945,712.424687648446
4168.038928419872,3763.473705387021,3152.5614670801237,3601.254672856778,4361.425592693311,4765.4260006281065,6367.620780930498,987.5465591829567,1171.082171325215,1037.7156205229155,1213.7967886485796,294.5342826908575,619.7932988845831
4240.186524808978,3785.079340545412,3363.151253357383,3937.026350623332,4191.031588248286,4902.553929019014,6346.082150961339,999.932909557833,1140.5266708260267,743.442463936048,1068.2788000504993,364.0006385696043,642.5921984138249
3974.774480163849,3771.238721318613,3266.7555257214976,4225.5214584575515,3972.6745112979365,4823.727638336615,6035.7115326287785,1046.4555697901699,1185.6668965743752,801.0888230686419,706.2037689589031,315.78611934076457,590.1389224634282
3960.744176362594,3836.7050808884073,3636.5008933573563,4180.194124188804,3849.4513323281512,4765.708946507825,5874.0999126655615,925.5890799196508,1210.1492756334958,1268.558896417859,1227.9559953848525,322.8949335678498,597.118448305043
3795.9031782678985,3761.70258381747,3384.419178373036,4035.876419676158,3843.4942932235244,4749.908590484484,6095.701765684389,1206.186537722851,1197.8289297074969,1880.9598510220362,1104.0543140067348,298.9586378710002,598.1630326760326
3778.306821335756,3614.838995737036,3390.248793970173,4014.8733212412685,3759.7532978655586,4628.883151376123,6508.18581447597,1111.944740688894,1204.2739933687058,1353.8306796071354,697.4558536118639,341.07916517634743,584.1511788563532
3681.6715378595472,3379.58852961895,3394.6895754740435,3976.539669241999,3633.643075059969,4480.968068942141,6376.1638118907595,1017.24745431382,1208.3660856028728,1608.455891741538,609.3675981138714,314.84099882603283,595.5235267933659
3627.11072600572,3419.5210854080224,3253.0864481521044,4066.0661382336893,3814.49514998248,4552.217093034961,6508.648352116351,944.5270789199011,1221.2622926517033,2171.068152035471,791.2276680808067,369.9866221706574,664.880565668531
3767.7537889095406,3460.481895646381,3275.2330181686784,3949.6482734110537,4035.8234473971793,4405.957928392389,6691.2889893549445,1054.9673602220732,1154.436435565374,1262.1769570048612,976.7659816746035,333.13944760591556,644.1776253097006
4230.977152927486,3637.6726182411226,3361.3692760592476,3788.2042021446937,4346.105636976194,4263.747969550795,6738.550560738854,1056.827386571873,1233.9943730766704,905.1745931821472,837.0336231877868,427.6714039373954,724.4081312882853
4402.0001193575445,3425.1069900142656,2944.6345345993636,3696.9052459620298,4277.771948530742,4194.352404569679,7051.988675908289,1048.7178162926843,1172.4057909263147,1338.489338830764,636.5891269193351,442.0243387101739,591.2387027290329
4412.561800582637,3316.973214595809,2905.608983324589,3569.9523596592953,4428.124208431118,4408.61581417203,7230.57487933876,1071.3548556538851,1291.8450303967772,1309.710371644727,737.6440778680792,495.59036078776006,599.8408393381497
4339.002225595584,3683.3056425487275,3261.9927486346305,3610.6774572434156,4240.379955452256,4571.552039153686,6557.523757166146,1010.0818400405835,1301.0614906949204,1197.282207464942,936.5102011227764,744.3216115170102,624.4991222244445
4284.711793415868,3792.453499436379,2997.5006132033413,3540.452454424989,4202.906862781705,4814.683383641853,6249.975127675477,921.9816197572752,1181.328653352234,861.4277306794769,628.0895169314593,793.2056988225778,649.2288517920078
4320.580119616051,3994.7336253750545,2907.6950185113856,3628.6924673188546,4253.875318617888,4993.178424672824,6499.0925927075805,1025.0857049348258,1140.2841058226738,718.5286419385651,637.7715556162599,376.886887282158,593.522959425421
4411.1361784796645,3940.181670224372,2948.015047158383,3862.214022016978,4025.50177556489,4876.159440583177,6245.418095367046,991.1890108074934,1160.448891323208,1102.251710969107,700.5143258073182,920.7492084271662,643.3301852844959
4592.363958534236,3814.653999515057,3072.5406949136627,4031.998993290098,3886.866988372467,4808.914112620708,5960.964114887827,896.5142758887063,1136.153543354475,968.5958039620598,838.62017884674,1066.4848700380635,615.1279663223442
4044.4753043849814,3775.276492819881,3191.6535914571878,4093.036017133657,3852.0555969412753,4839.817641398766,5937.506452653177,1070.7130144021467,1216.125251835657,684.2722048671088,723.7488785124419,499.71198328832793,672.701220581521
3936.4556402925705,3932.0120614111524,3459.9864017556133,4161.6330930285885,3766.01491508429,4700.167320133277,6084.8361477378285,1052.563043708934,1286.7059934956658,985.0225511788697,639.0941182603937,594.1599550804272,627.6394761653586
3785.555214522866,3640.5808563661444,3358.4902298862426,4027.6126648218656,3771.169577616186,4459.106143308915,6323.906958787761,1060.9377138840744,1173.938322831823,1070.751659926814,739.8554759939958,792.6871027893575,606.6515561120899
3723.532952967607,3552.6668056191947,3407.9669654101663,4022.8129880078977,3695.5561638400063,4408.832693432868,6110.931340793885,926.7743890885889,1271.9845317586771,849.4745068876949,939.5712567453946,798.9270160493612,594.9543457829973
3783.864258056136,3507.6069908825057,3244.379277838175,3987.2481858230444,3845.2412364581146,4453.419606206085,6550.339244131348,1013.9572961239679,1467.4855766126586,663.5954417754357,625.0169523078549,718.174550772981,607.1709170481341
3644.942000057857,3307.8952136467315,3137.3343811488257,3840.0112521021542,4153.187669097845,4211.936734628295,6318.013101188219,1058.6145531059174,1222.9610026011944,861.9594925048194,771.5201279157724,419.8011613695858,603.1162072423542
4028.61845708826,3313.079224104219,3180.1865801708245,3747.6408203041215,4329.802343005092,4121.728360454682,6470.05016896069,989.0770906275959,1216.611121041131,1053.9487739575231,768.3495145611337,608.0436116567322,585.1979479455658
4271.534398951096,3182.88684259288,2999.6671663705615,3853.885278912997,4368.2045022384655,4095.4531540000735,6349.280981055293,1096.6018268178425,1466.7953784148547,978.0051223522224,815.1344042066696,581.6820709885906,628.3321568350232
4554.846199766457,3483.0962958578434,3169.3563259591742,3695.8449912075835,4356.255690487901,4524.894059258004,6586.411235203332,942.4566169798152,1392.568595674693,714.7222057536936,660.2772555874367,513.668573072911,694.0660867009743
4402.306452722449,3504.4054580896686,2862.2206614507804,3896.696942175739,4177.145403977676,4664.769653015198,6971.706038075837,992.0691845685524,1260.3389237073798,968.5423454319741,651.8872543140708,319.5655001778215,658.1918693866659
4356.95764909248,3623.2291702357106,3111.2060778727437,3524.1377402864105,4192.7316550668,4716.775004291274,6303.6005976199285,1013.4725538456131,1328.9822494860452,1027.875820312258,677.047259012522,392.20786556828466,591.2330718800113
4305.957748827374,4107.331063834177,2860.2931791481083,3590.376900723931,4170.296538565897,5437.818883904622,6022.480513094663,1007.9489390796292,1279.5552089038997,716.052236878346,776.3195345045531,402.42320632176205,621.7729906595212
4326.667484562223,3959.1548611767553,3009.318347539665,3831.4695364462277,4058.356616167836,4984.24671374219,6307.168860041381,888.6774340218702,1155.5294423620714,734.4475866604128,649.7464683456874,417.78097535025995,679.5128111587551
4529.576024325287,3722.452532590924,3136.5640705972874,4055.460758355133,3887.582994536771,5282.219798591953,6302.976151641049,934.9624281977917,1197.4223285381174,774.444068886712,848.3457922038297,339.9475134602958,655.2974250201603
4148.876653386738,3896.470655975345,3351.8905126420796,3962.453307109941,3799.22994904899,5835.774015852149,5797.457569820264,994.1485771222951,1265.1627548785975,764.3638938934722,679.8117497914383,559.655210285784,631.9698167900647
4023.4747331521535,3679.656025833376,3469.6274482471167,4134.4728824737485,3708.6899804848526,5235.799509893032,6121.828722685703,1037.6976643407543,1194.2375465979997,686.1167822544951,655.4207193770084,479.95997912549245,713.5538001112532
3742.2301790930114,3484.878892519898,3435.2431780276092,4100.103563050633,3711.562860644778,4525.019718919375,6176.1496370069635,935.0103903514398,1150.77745251637,812.3287531666862,674.7817603118141,410.2031049122444,658.3818378059937
3706.4052694256116,3448.2607779541713,3476.175397493409,4054.707746873231,3728.9455093169227,4893.479164713999,6376.335195168133,950.1305682605033,1359.589636233459,814.4272363628112,704.7046332238598,291.639434000121,716.1395173400186
3808.3098490312577,3443.6371960640095,3313.974823078307,4182.050771707069,4045.9685964480263,4747.269270469942,6835.228650739346,1010.5478206897849,1334.0642473413002,792.4633466602373,601.7106261915826,396.7003921359902,600.895338722339
3662.2465087826454,3491.352510512642,3382.0149626708494,3783.9565077575558,4291.740594882965,4361.078621258922,7646.137732717818,977.0558926246035,1366.166771893287,661.8215194750519,608.288133835494,414.2809607430238,618.9057790963471
3725.3211222770024,3459.7351223137166,3460.2026606782147,3698.321230876893,4343.531340469967,4054.573786361451,7057.196721749742,1006.9020949714122,1368.520869921982,877.7939719630261,604.7547211426458,412.02575694457545,594.3607744542675
4075.9762276600004,3375.3953346497774,3178.6364170439665,3676.010035120223,4513.247907612344,4170.837660730332,6614.870228003901,1055.8835078363968,1260.7829095176064,921.2535046990125,872.0114057086191,323.35111714257846,600.2700852311116
4230.45080609734,3253.2895741376838,3155.0973217231276,3577.4560771138263,4291.73051173199,4482.8113768703715,6594.340701825181,1017.6979012061889,1606.463112100511,1016.2815518960866,692.1892084640183,440.45020815603846,591.4304243744305
4233.141272404655,3215.044909305396,3076.8908108368296,3525.4032355895856,4394.462591183409,4706.328667211521,6299.985802821133,1010.8105016301552,2088.673684060008,751.8916604598811,621.1261414896633,313.7361386475874,642.992438985153
4389.939227711838,3631.101272606898,2852.367443841189,3391.6868703709497,4186.00763122059,4821.471368488649,6513.357181973104,1344.4321434430442,1484.260554094507,667.4179516980134,626.7862074491137,288.8561159630078,640.0522491631967
4178.10354602006,3940.242066308268,2723.7601701148847,3565.880340103597,4069.5382345834455,4877.79477799164,6249.059686884343,1336.5616482927194,1889.910734776162,798.2076711766451,637.9706656068104,295.09409446056844,757.4255327286152
4076.5611936512105,3778.2181381155374,2869.592940700729,3713.095802868588,3944.5063211539828,4883.398770152335,5862.8885911883435,1024.6051751675423,2255.012622332884,738.1881850361585,618.1195348913689,293.0669329785457,677.6796971543347
4017.6878705970407,3710.2396487932747,3154.5685967723994,3876.2699324379755,3988.630279710092,4667.388154002502,6139.291257978854,1071.7892906150212,1743.7695679398876,796.527928593734,630.8245973620192,280.630791230565,760.7540753849587
4046.9068805854045,3869.626168224298,3427.4122386724803,3916.5811375868884,3718.467181493348,4711.525176978103,6565.602354307676,1296.7034946845251,1285.0265001840812,740.2652135670252,731.1709656058148,278.6531383428726,687.3006738544697
3809.2771687276963,3960.2339672753938,3230.7102416186976,3961.53921576731,3698.0979262465944,4488.252469102369,6373.1487889827695,986.8736146490659,1623.6739363204333,730.0438406986859,685.6238208611445,289.3682705092418,686.965218729803
3796.8251432489487,3633.0503918987333,3334.209135415371,3805.9234480893224,3572.709825778357,4378.408585189346,6582.288609522356,1133.1733645800807,1771.0847248748653,734.6190579729654,664.7934608975072,445.60567990097206,611.1243871716395
3771.9182264640363,3645.2559667521855,3362.6330022285033,3972.384049257164,3779.3314398077346,4274.063028352196,6869.106059781305,1088.048779086161,1373.0760266350235,735.4229114773717,633.925773178846,294.66530264245705,776.4884135717368
3677.682588820065,3700.4151784402493,3221.684109288238,4013.93177529281,4081.030703896659,4219.703064232408,6634.993986369295,1310.4019432786179,1202.372416677346,682.0398494607668,654.3040376329062,295.34371623649673,679.6872141095084
3564.141536143436,3437.3241690604173,3319.9536854681246,3748.103724928383,4276.093620467642,4106.4665965938275,6535.441513918555,1290.343519367279,1375.485411486683,984.7149509523489,628.8927874169393,287.1114389288626,889.3893957436626
3743.27850001223,3359.59691625071,3221.7440310198344,3631.2189618322905,4400.261193258017,4081.671502943139,6293.118143516973,1079.2040505450043,1471.631725500287,965.1193919748425,601.0849390957014,303.6815399082497,713.0471475198549
3879.371197697773,3403.965581743359,3100.4505167233633,3509.238897162585,4343.70831375737,4244.202664317882,6467.796004811349,1072.376602923918,1293.7177552079677,719.7398529533139,609.4221420000707,328.3922523813783,691.9312514719486
4068.3101236061307,3166.845947715605,3085.312010449731,3526.626022416883,4303.031201162581,4537.787356267714,6278.823218566064,996.3104825239403,1167.2138807551296,725.263201574926,730.5830486566407,315.7321084557013,693.4567971193649
4335.814354266021,3226.2478678886214,3209.42475720954,3477.3830832071203,4184.739171274726,4665.005789220066,5981.031233416525,1019.0606968175128,1348.2271238061783,691.9566392749712,686.7437057808014,426.73272626163055,644.2944143876811
4212.378161851345,3683.6198908191495,2919.454862322269,3418.2249118095356,4147.000716028572,4813.01170096178,6308.854759028625,996.2896585239373,1356.3331893786847,746.7500436478803,779.8859427366758,354.64005758993187,619.768248803046
4195.761080697728,3651.207586309084,2927.711584736772,3544.4984589966,3980.87795689069,4776.271500009662,6315.45420201762,919.5061728395066,1244.216598160718,740.3154069781469,637.3421177956676,281.3798702069767,617.544450972733
4138.769601584899,3653.8296173453705,2789.257112052733,3691.442765533283,3903.9975469337514,4708.974398872807,5923.959467663154,1057.3159064552763,1164.182129945399,837.6954173128438,744.8598270548005,331.65258252164034,641.6753990738557
4034.3894092650735,3662.8259807175036,3235.577874582705,3958.516689952315,3808.5891396353613,4810.7887377046145,6179.443916722719,1089.2018777044989,1421.226340138069,760.8300284960314,653.9640297185185,338.6561228909311,632.5643902728704
4105.318680053686,3619.8226627667145,3295.3706303888844,3815.3645574595976,3774.095640781792,4633.717959502397,6436.910166653753,1056.0518167033965,1362.3320379612571,725.0881608523727,651.793246468751,288.45762337145254,762.837371533023
3857.433425685476,3671.401183916021,3681.020656893672,3954.5507832284516,3656.3562991558056,4434.483539350884,6505.172550763025,1152.9588343704652,1129.972413412644,763.5619521031058,635.0937343376766,288.5687412279705,697.6650008175945
3757.9443188433206,3511.8775447993567,3470.8438429336124,3851.751008346934,3707.8809163277056,4286.9667039439255,6487.355528071185,1581.2872309136653,1092.7619540013784,802.4885242978063,780.3381359430707,283.4642421419948,702.5001559379276
3628.9562985152284,3495.4335913644486,3784.349393403787,4036.5578008407806,3819.403581966904,4336.61035595842,6595.599163749223,1715.8981929595452,1182.97435807473,750.1431089157629,653.5044049967391,377.45045718148515,784.398436070917
3787.5768423222235,3504.1925290750987,3291.326328650011,4147.500930375552,4172.821781003364,4300.838855882041,6821.908196917078,1559.6100349320116,1123.8494337177613,782.3082963069538,785.7424120422221,354.03953741839865,757.1607326514369
3497.177000365816,3440.8326101937278,4087.126415940824,3778.9321873785625,4254.7494771827605,4063.6267451203025,6633.67881482445,1219.8948159577656,1138.2386471345349,805.2157502808992,637.9222377661325,359.97469979345806,852.105095526793
3702.9648118463474,3499.566232899566,3949.750321975028,3619.621566736354,4455.48830412272,4195.545746964803,6683.674360877447,2322.8799667198905,1273.8228155230177,700.0938493835023,655.4325916724991,307.17293449519906,1030.0943153990825
3775.728691347346,3677.3587890819244,3428.6301788675974,3550.290370174124,4350.912367645488,4489.9840956286425,6184.470895529671,2316.538345905881,1167.9906546438792,756.7058126519518,657.5840878188227,295.2541840800654,803.9472876004628
3993.7330069261775,3292.3378582927276,3208.4760682597303,3536.510130744107,4303.691205374824,4616.727756975449,6375.725265750872,1396.841126309725,1076.150401604077,742.0297772550517,685.1270840325468,304.174590071859,625.5747060625978
4153.4766897848785,3573.778115821098,3375.643598167648,3544.61020067038,4196.081595331262,4823.959773042851,6155.3092732634705,1438.2303656883341,1189.561532075397,790.6380697804153,595.0575805316744,385.71988198216883,868.6428000419421
4168.338537941301,3766.6589640175107,3169.3632569113233,3436.7938356023437,4149.404389152166,4881.657115613619,6325.316252402776,1728.8869836378917,1336.1863476897622,824.2400753265204,652.2918317164923,316.86325486960584,1028.0693621227517
4136.055870004285,3741.1014696030493,2975.5011825061074,3516.619183285848,3997.273972612394,4794.632209169485,5866.674195131496,1915.3669603350938,1147.4208421260194,741.5563671151642,632.9753451325496,388.59044609434085,767.3893823643117
4079.0738006515257,3638.632570581995,3131.038320495215,3751.9351255306738,3880.6580956549087,4765.574233183545,6057.939110752962,1538.1414188087772,1172.6497794710635,730.1047687872975,856.1953137373987,341.78566317420604,627.4588680789616
4100.515357658216,3911.4149479128437,2983.1487245455883,4038.0044673122256,3851.4620122262804,4693.403042542591,6129.251340022125,1072.8323089296487,1339.4478156858438,721.4775009472137,641.0263954803494,433.31452482269833,773.5517693754376
4029.0913441116927,3795.557066390402,3131.022031254104,3865.969758701175,3744.182163896986,4580.484433667079,6591.024967212088,1220.8654162078112,1120.1413349317654,718.5312409449667,628.7404530419914,311.82761907754843,946.7408564516401
3861.6650617582736,3843.1650404390602,3283.1285794158084,4054.3813531800324,3859.3491282698155,4545.953590935903,6336.340515008852,1282.7746668115994,1103.3916808811023,798.2736993458722,649.0997335720382,296.97460472149623,901.2980033830739
3872.669291150014,3789.8441344151074,3332.5266189398035,3865.252909026402,3680.6571021116238,4264.711710174385,6654.613933076708,1107.002340035621,1161.2867133557645,755.4390004935553,663.9692161888306,294.5081969768428,614.400685159616
3640.8575143423805,3487.3773407517187,3462.6738288325955,4095.4549398849463,3839.851394401819,4388.455717074085,6572.874282733441,1012.0641636911621,1077.5257150375348,765.6281776902829,635.135189073894,307.937639039288,724.6589193081197
4001.094943835934,3577.319525919484,3130.6081777234867,3884.382128285699,4044.235144249555,4273.851306974291,6613.377975177734,1008.5312207522057,1093.2348614062107,798.029630850219,703.9012286118007,295.59570465263306,756.0904901023644
3810.111200759708,3472.542426086939,3295.823801570929,3719.2260935984755,4332.885332067807,4056.962859339222,6457.064765892641,1089.518171397447,1211.9356078915723,778.5196345862834,779.5442138953129,308.0183671661132,710.4465887033261
3543.526315516802,3254.99460360255,3305.8928321323133,3650.95109313198,4245.436761166541,4352.151767150671,6429.826609793626,995.085475159565,1167.3246511823208,848.9188449958941,704.2651928806458,295.00764572913164,619.0308971734096
3694.009797353009,3611.658431433719,3132.440214219617,3527.81527267568,4147.155870467415,4667.158827854545,6419.313960204546,969.2250817487549,1124.1757553494492,751.7765878067925,649.6503955287379,465.9741984324939,688.5967681512633
4006.5171510965474,3656.7833576225516,3245.013535073223,3656.155507559395,4108.243076656888,4749.088245769813,6198.879244188182,1157.3133040675505,1103.8175050005427,767.4681079131146,638.5127869795381,311.44079186241856,761.7158652600185
4125.256905891592,3344.5395015978997,3208.50165890571,3627.340404294147,4118.853791230868,4819.44923502322,6076.653154922696,1224.433132808885,1154.0745790294668,713.1445444581997,660.696025144229,283.9289148858356,807.0944670985533
4259.301546685094,3311.02768038447,2926.2058236829625,3498.220584784123,4047.8655493285664,4852.343994673276,6292.469667384058,1126.6858178843272,1114.1077439480562,721.7035693903489,632.0172246137577,344.61076839215986,662.6160311951575
4331.511850299975,3667.258495158788,3005.049274517945,3624.4426962838197,3897.7549781971884,4686.155527178974,5816.199847128617,1136.6504454606181,1157.949736903106,686.502678707416,613.8378387725309,384.1459548406383,745.6310361333063
4273.73659106473,3663.090443806812,2872.70421480443,3860.8302711272777,3781.64449105778,4789.909917801663,6455.513142288926,1340.3135918818791,1142.1792409675613,713.0617203267019,632.3473896988087,337.29942917681115,727.3096303356014
4395.896357072103,3633.7507897874225,2934.005201560468,3963.057211423498,3803.0169885625796,4725.314558045182,6489.333766299913,1265.0338325324285,1198.7625217653697,703.5279364036388,699.1689231011192,314.2197048254452,731.6719633661561
4260.760124855405,3961.438389434752,3181.6864875493598,3983.7173617024796,3719.350428861595,4567.6220999970865,6619.764121595438,1079.5524702259124,1145.4787185568107,707.5507523888967,757.583514453754,331.5404052895347,636.5390602907181
3830.73388949341,3740.484415951499,3573.688313245788,3966.715905506146,3730.2181931984737,4579.555360149727,6545.365667480195,1003.7215340732331,1175.3993399612914,683.1192165962066,761.3935282099002,463.5994259030022,643.6843108605622
3752.637658552842,3931.7492732793394,3400.810968970074,4375.392240285429,3714.593287995492,4294.2506702931405,6460.641647578115,1221.7693566819394,1105.8874640706965,957.6557000799423,658.0565430801578,348.07676392912504,699.9904876441294
3787.704274570532,4024.141111492324,3232.2752579223743,4458.9738022336105,4020.499859363171,4218.530269842333,6761.092785921186,1332.5165660860903,1078.7482028674158,1251.1262013631108,671.0604193451354,293.5825617466471,711.7112655293091
3766.163055068198,3499.1123658694814,3489.202570091072,3979.523528912014,4147.525790583911,4186.798174120362,6851.426103362285,1055.7781300539627,1165.7290169437454,836.8943969374646,669.349583912803,293.7696555813284,647.4103560768203
3717.8976246732186,3349.347650699332,3416.666732507479,3748.8704489239976,4401.430825322305,4135.184693200502,6496.713621948193,1063.4377773006056,1170.6945403932655,834.1198597099242,661.5927541500062,320.27615698113226,702.1250936664546
3542.2128190786525,3491.781849517298,3374.3254041890427,3843.1727007726836,4178.124746962408,4510.26562425487,6319.444719183608,995.2009087327714,1174.4583435532659,725.2653338627695,700.51689106169,328.4529311669948,608.0643767043086
3565.633850599519,3375.494064211269,3207.5095713562982,3565.8919667416226,4177.938517179024,4723.717305831896,6171.415619311274,1003.5818403214057,1163.1677037520924,794.3814555885741,836.9842937750706,295.58256475482426,626.8007557870744
3930.9366062054246,3212.1304166560303,3104.3003910997695,3788.1811467276243,4076.6374935959807,4869.762038015912,6158.088868767257,1079.3518274248934,1101.0173967063527,742.0376301125802,647.2275459394914,376.094893768798,651.5685479898923
4130.607361675109,3143.1568031251127,3216.6100358490908,3819.3639766076435,4101.636860784299,4916.427081723802,6177.746009760911,1087.6511647749585,1169.4852381220464,935.1012708002913,786.6065829842311,378.9192721552718,616.5254916130963
4120.360601127237,3268.3014398569767,2878.3504742916,3632.176155939872,3946.884622316056,4999.583982387404,5861.468507065361,1135.3791262123873,1173.1181997607316,757.7658218017077,813.4656628147874,389.3069843515766,598.4070038156616
4163.640131177338,3540.220112493296,3188.376282956001,3533.017638397391,3789.732417183396,4832.987500638719,6322.496141301575,1012.9313119281305,1075.5053846515036,790.231064124041,746.6946888595622,285.74761636664414,658.1335572505991
4117.461644997166,3660.0601682095166,2885.8774494137097,3902.1025026092157,3794.6256352428154,4742.561263407417,6756.081582068724,1066.297227754564,1122.9158546265796,813.8641030127155,637.2133090383159,286.8565386897097,653.5444661578246
4107.976051375415,3631.053740113022,2960.802284222943,3787.474104778942,3853.9600507227146,4616.839136765525,6639.557845131522,1087.7706593413734,1110.3819865190774,707.5241420108815,643.3124698682309,337.83485169542837,725.7078458301493
4525.035785698431,3835.6332531563544,3400.5565978021395,3940.7920446852277,3694.7005164066672,4530.693501111691,7210.617934531666,1125.5010504068402,1167.4042625190875,729.7669085480213,620.6422382740703,328.05551398440025,628.5936429540144
4669.010341654744,3955.7251117246624,3385.7841773343507,4107.9833647602245,3686.310217140256,4440.1363295269775,6629.343085551817,1129.9450385877014,1203.3942518476147,840.3174012033495,692.9114321295892,295.4052323422533,612.6805147086112
4265.848922003014,4266.103416810695,3172.48521722655,3887.4417146358956,3760.4948504244,4304.597566042385,6686.993189712109,1155.9030160146924,1152.5840604879509,914.3111319809086,614.1572737910401,356.11387069165465,602.2323619436883
4140.687160940326,4224.18866167235,3497.718759470889,3855.943014873823,4081.443235062547,4153.889709567798,6455.002418659434,1036.9718740072822,1211.646248452768,731.7860983336392,810.4408674871157,367.47501328227224,597.6391289922641
4843.219733742517,3839.322231184843,3343.5541783483354,3892.588251070559,4099.878461506727,4130.321277777148,6675.604568699581,1125.1835416414028,1296.9004587727106,735.8091053936004,652.8448284294763,411.8420848875476,593.3745031008607
4381.727891898087,3813.77945215377,3346.5223678395237,3642.4981196904196,4311.616922455856,4349.21081012407,6574.413446838309,992.6619317995871,1232.7836873105623,913.0548721124229,652.6207361722577,323.840370987537,681.7130416179003
3712.491943830459,4547.321040465716,3248.344490966272,3846.808821008625,4290.55007052186,4614.338564494761,6325.192033117384,1131.7845157907027,1114.890772590099,808.4336311214889,657.4398970819818,306.2890357176669,633.892270757613
4104.598254422447,4223.522164775579,3138.3159184355645,3866.4534327483525,4079.371311929316,4779.315363845322,6824.606274475119,1097.791246153448,1059.2590390908733,837.2873113713148,632.4311910171534,274.9210190086155,659.8394633017153
4869.617011404142,3354.114973397792,3117.3357997457474,3897.113120588207,4184.048780992197,4868.572048234989,6491.7638556459215,951.1473677135118,1126.8953047531998,840.3131508866194,608.7775618372347,316.1759811314063,612.0955295340218
4904.7719760965765,3733.734702288162,3097.3109306676115,3930.5735911446523,4013.370356390845,4880.405534899664,5997.114111288656,1148.3520470209144,1167.514145379695,1058.0709449222882,711.1162557008064,339.1398110625879,595.6582651906185
4647.382228695912,4415.228820295609,3245.6211926991045,3779.8060677613735,3855.248504486989,4796.862362306028,5938.975977997006,1104.5065578756669,1228.0230383608807,995.1397022713196,720.2141860606974,417.4540471293748,613.4971138098324
4264.532986487557,4379.830267414353,3286.938941588542,3799.624402721695,3851.254981519799,4789.48471970217,6222.397999574658,1088.2391905897327,1142.810625140336,779.4832314872733,725.0091233089507,338.6430594124632,606.3337294946115
4345.4232834969425,4054.518332384153,3081.212510448425,4625.502587155886,4045.4389742828776,4673.074923602231,6343.770819453697,1007.3344098958436,1147.5196035370623,878.9941106465553,650.2000448072407,480.922161480749,623.3225574935519
4583.497382838133,3660.3523045840125,3111.8691226756146,4404.584813919116,3898.053456445789,4539.6706922569665,6403.619425156177,1117.2330746528853,1145.8512766376296,1300.2102030488306,723.9807898313167,381.96002506728104,645.8903345984521
4300.931549020967,3956.0596397131812,3450.299300761687,4111.1563904628065,3723.9014054423496,4453.54252242778,6414.671915393734,1009.1836208537889,1117.9987620013344,1515.2935134265254,686.0685194404581,302.74151005223024,626.2988985277877
4108.584503890887,3923.3061001235656,3674.932335697045,4412.162701502727,3790.219138218039,4410.422652543795,6590.909817406334,1249.180109001017,1105.0983161092925,896.7858764740648,616.8281736295962,311.70300003775196,736.1569168702371
4121.873928604615,3754.066882834469,3393.493138139682,4218.849831230561,4053.519445855609,4194.572723173415,6265.816254550472,1089.5145253058147,1113.9641528712211,1397.7861619122384,600.9537783951243,295.50700816740186,626.2805396025198
4000.5222804086716,3558.973821097815,3564.012706520715,4080.0471760923747,4081.1320986657606,4326.908439914267,6365.556846496244,1137.8416390970876,1290.0891909166355,1612.9279096123823,633.0678927611532,390.42819116426284,634.6548304061071
3826.035517058241,3544.8357856241314,3704.406694432302,3851.3040591001222,4305.798107586603,4147.142008789406,6400.893520942298,1024.95598529022,1215.6226223344677,1180.0147919713988,658.167027912597,392.910080501741,620.0476166654753
3651.2378434189272,3489.1011008164623,3872.531358844247,3937.852479584067,4342.9475905012705,4337.921965989375,6705.560374609614,1030.3651045368244,1091.940827715732,806.103987726579,834.8331461361133,299.6848446193696,636.0817067382386
4193.061411184994,3294.3824008000533,3460.0726861440194,3879.3321494551137,4196.058660795902,4550.297891659192,6550.302961713412,981.1253442834051,1066.783440148639,1164.5667686034662,754.3662928984031,477.4977875019908,628.7179364681245
3779.1381965412397,3617.787492735808,3235.056952569982,3703.2167095229397,4352.660904824172,4698.727692324916,6123.086961967858,940.1301901482507,1094.1849308957808,1573.9079247525945,659.0837702763276,349.06345487181596,708.8793197958576
3843.7586912716333,3734.565568485778,3128.4450537751145,3467.692132300205,4212.22352199881,4841.914283533063,6877.128944265678,1059.0371601291133,1132.6919999691206,1351.949878279444,666.5411880984841,359.38330675172784,705.0815782267695
4239.804767943293,3281.7515578705943,3024.8431287885383,3462.02455585962,3955.035349500233,4794.4018172726155,6720.29303672083,1038.926824052923,1125.1118012859786,867.9045583411239,651.9903225080918,318.9659500575469,683.7347362039854
4530.510557317146,3446.71809996541,2923.4225304919933,3429.397140567521,3910.407360189304,4663.867727780224,6271.19984560619,1127.1311738669187,1165.0813202855902,759.5349656612417,720.8771223540455,269.48912950536345,658.1667841386753
4563.464572907838,3679.607894835544,3099.8378692950155,3729.230281434671,3778.9190658139632,4805.011503512078,7424.75450542161,1050.4261251467603,1166.5447794665379,794.8194820608204,696.6854735958934,294.0183956641062,621.346402293766
4355.258408049249,3938.060388101301,3489.564475365496,3817.37024543175,3884.341096196527,4681.710553848527,6865.0652782708175,1107.1587148981187,1111.8459046250325,728.9906651973092,771.0363946700048,470.17517002308114,619.8375898927018
4364.736842292102,3899.7887094298408,2799.5636814874874,3995.0327661399065,3726.0916352691665,4493.059648647204,7045.4186790889935,1070.664101237639,1158.3797044217074,816.2263763598825,797.8872303276033,382.47135680830456,657.2053618315196
4279.789981552438,3990.531907394501,3047.54196629056,4077.4330416335206,3702.751001375419,4363.688448940329,7263.536161392731,1108.518959328868,1206.2887193040378,757.0884899842545,761.6454751534815,424.8558677892422,634.3220408627161
4405.223152005859,4102.566356967939,3250.9211645500304,4075.2447850149006,3650.2890794400664,4284.733644381148,6859.348887602414,1087.0619544914268,1382.6683582267062,735.986439752996,679.0231577973351,343.1654461391426,612.9396697377363
3981.691656482883,3934.8386309571333,3228.094408168737,3906.37923956357,3817.4611048311835,4191.852690064122,6873.382140186462,1137.2084399876258,1449.4483543676517,857.1377742955841,791.6680341961536,309.2540560697101,654.6990044918609
3972.6495238572247,3891.3753165674175,3296.7988046294568,3858.4171339118066,4341.392649903288,4068.7093500859824,6450.500917162497,1082.607264694234,1289.1320771796431,754.3704978268684,664.488698186278,306.14246060329856,715.6159030701126
3839.7959775111594,3637.5561512604027,3504.8534439262776,3850.201497545866,4682.411408698673,4166.546352472173,6547.75967597636,1023.9389875611738,1068.3210229790627,919.4374443171694,699.5322285936143,388.9570150454908,738.2487777968004
3890.2500855038606,3768.472642499881,3346.8558034486496,3690.749177770548,4629.615913877873,4367.448859464372,6157.316647602546,1034.2419625335392,1720.5938001786656,914.9566671005161,813.6332828054818,313.55239796042497,623.2854300893839
3712.70816373298,3489.6262679986257,3245.8106049437324,3694.2783870803883,4614.637409672035,4601.952058966119,6461.543863623893,1016.7060321797309,1777.344575065962,779.2195206620166,679.6528194776117,345.7142448442344,631.1039597793492
3738.7276290150558,3435.1150456125397,3194.4401057818336,3600.579944691572,4547.34061221914,4726.425161942314,6051.167090734143,1060.124106388859,1323.7767126638548,734.7583915446744,631.9276513579485,364.7434038267906,632.0484061565062
3697.471304556906,3642.2163330569524,3035.8168998404176,3639.6564103631713,4338.046153003184,4767.583864927481,5872.981875345007,1098.2418720244398,1647.9387245451012,913.56126632278,801.4097546384033,455.70914246982204,655.0938439791287
4030.1847514962265,3475.447153143458,2985.31866205883,3460.492501678976,4176.510555412334,4692.129033243064,6215.717791640911,1018.6371731585036,1815.0967779455057,989.6754176260034,767.4211617685758,359.1584942914298,645.7768223524025
4411.79344351761,3210.9948441844235,3115.5534674236733,3571.5096289834646,4777.699556836195,4702.075143154898,6186.875314417981,1106.9501170966448,1405.5659691798091,786.864121461258,701.3645768520029,364.30163905602893,713.8378079454722
4517.877810481762,3447.3014730911136,2938.835994961408,3700.357144491946,4554.90319240313,4700.554322135241,6107.138702209754,1079.8543799304202,1106.5183948311026,744.2427819585856,688.8799439450181,342.0816475517622,649.4041788308173
4499.627561834135,3845.3824873436515,3262.1125419044747,3912.541096482419,3884.2007718760583,4505.953243565985,6342.763101734716,1035.7352594101294,1188.999484336495,755.4852647950668,678.9834804019202,318.1999131666994,680.4064070578883
4361.634472847427,3888.166073958424,3619.73378253433,3890.0191749872706,4122.701208388755,4358.937365977076,6765.231818340219,1165.2106727512657,1258.9367551842013,944.5700457387293,636.4723110270183,337.88988207445055,598.7912989561962
4228.294179891121,3874.6124397329995,3899.3327247435222,4113.955393541011,4396.450585213672,4226.89971122879,6580.0046198441605,1220.3298343836586,1159.2598134604893,812.5883531605256,649.0561780673556,393.99448206924967,607.8621775466745
4273.691847610725,3798.8438547308083,3554.144350750597,4066.4629903230507,4554.98408375287,4205.61637315564,6340.239571549095,1113.590322621222,1174.879603768916,826.9211457599524,618.41767889291,298.38750656818706,614.8802268825491
4188.003539258703,3718.1498669481266,3607.2325638515963,3904.0205778323434,4283.233333644738,4072.9662280828747,6260.138762110162,1084.3631934802822,1310.404842823883,854.4440796825402,690.6241510752072,389.9644089629396,601.8089893713894
3857.5535908869238,3806.995687783225,4268.92015012078,3850.3928600631602,4389.646219371095,4050.6668556865043,6304.747334496359,989.9408519466567,1160.3462421656156,722.2255383352438,655.3370038058307,384.3603383368773,630.0108998425578
3770.810063613281,3757.448962068992,3932.1313158287503,3945.457929290549,4555.953392779616,4145.618210916605,6430.614978464889,1027.4052172473112,1191.8103015528993,807.247810926315,634.0257748257208,346.9499178263467,740.1143821305615
3866.5665162218534,3544.8846813242108,3207.184729686881,3780.858368274582,4518.918166257156,4366.557651503522,5906.425820648221,1052.1030437973795,1165.5782772145344,813.0285433556301,661.5489226658692,280.2780628941599,633.8670743805355
3758.180243123979,3485.4284058587864,3854.494619954026,3752.667952734732,4238.554292174588,4612.404897208265,6183.7366662662835,1163.5690428633536,1344.7658879033243,756.293134451105,988.5013838546059,362.8877734935793,758.9899112024615
3715.355517360133,3343.2489431718805,3817.444701744846,3610.2481097629357,4195.75325984457,4732.360802419153,6063.308738099191,1147.348822488973,1162.7291155127205,746.9952888766072,1478.1537707813877,335.34269616571004,644.223377388055
3773.080455445415,3500.058805534604,3658.7732776760668,3579.9556128270483,4117.287663810255,4742.35393597563,5782.774351256472,1066.9490826292176,1183.0893848725,720.3667965107649,1216.3016612059553,323.68890739673617,611.6054520102339
3853.664649720909,3304.7714121531335,3157.7896029240383,3494.0677746572037,3971.1312845916787,4693.882550943237,6031.635249335823,1023.2871202895051,1423.0157952173056,712.1862267776347,1111.6199246493713,276.93023582117934,635.5815357968987
4329.027202509843,3293.72538860485,2965.277496653823,3479.939812438948,3859.13163659022,4654.5942583841415,6515.369857797695,1066.3883420436825,1147.6204754158994,730.3279801698525,1819.4981709988563,287.66465329633604,664.5491227882019
4390.624886883419,3475.0568429794534,3230.063479773121,3702.0570065770585,3755.112352481494,4849.087963514953,6243.842730509475,1113.7729255301902,1148.5200498785844,707.2760820759594,1201.5421179651235,372.8839447863723,638.0167401443998
4407.256946373955,3811.199552319192,3615.449537669364,3902.8393866085307,4004.348947731803,4430.212844610921,6420.940197578516,1071.5979423470426,1099.2698067172787,825.4233647215359,723.4279513108037,460.5681915744107,717.4135973619951
4259.927867509136,3750.9620990646113,3335.5648229227895,3919.290528099317,3843.206489992061,4345.1460765036145,6556.436510451044,1169.4716190813292,1173.1426101540028,817.2763894664772,997.0829348840738,389.75267774545534,679.0271126236565
4314.491175108199,3973.6026157716337,3159.518871837411,4010.227123128092,3703.656941539348,4425.669806571262,6624.6795270340135,1279.566691225716,1038.8014498888003,824.9576086347439,1291.5920459210686,315.5981247655539,654.4630892853369
4080.1508339463385,3752.178915849034,3244.280288924319,4004.693264643188,3974.5694609742945,4237.349251893627,6695.60032015524,1299.1694081545888,1183.77163603271,913.8152172501979,1054.878532064856,321.67519781500584,607.9950090482705
4232.637297269767,3812.0515768720866,3169.3778893941794,3990.701785704068,4326.103533046085,4097.915156933373,6603.5101333647835,1058.89299591787,1146.207723845558,819.5220769519681,765.2440878096672,303.69743894641755,603.7926962241589
3913.9242441616034,3770.6722611683217,3423.6180895413377,3984.66853532164,4450.600137762217,4053.699730998885,6530.8023740326835,1042.6801991893426,1146.8497180419872,816.049097733091,595.2771033087243,298.6758918614345,601.3599311234414
3928.1035836436563,3763.870541334882,3377.508388397043,3986.5410239086186,4383.204128875928,4103.428440034604,6366.200069712251,1121.0671695233702,1118.9476086425814,775.2681171506077,976.1058802471158,402.28790821773833,593.6865380455303
3752.8511934565413,3581.562632742353,3424.1587601632705,3724.9375138266837,4271.947431419028,4295.66511503444,6136.376844341631,1191.5431376013828,1127.65887269405,724.1116645389592,1066.4886254433634,392.8877482475133,596.504264666342
3897.1729857608734,3695.388219316577,3379.9877762473793,3759.376652102586,4451.932266645544,4494.21501031209,6181.127426885312,1121.1227602419515,1143.882963958428,725.5431165658478,793.9973413604694,306.12265585178113,656.8727595481032
3603.7467095081174,3413.1273771818396,3516.6059384000782,3622.8105959707814,4399.881816166782,4582.295797543743,5822.982953421583,1137.9633896075757,1101.9070321811678,729.8549005126375,689.1434645041616,300.47219670619694,635.7858040869833
3622.307147569653,3613.5964417207224,3406.5979807094113,3624.602011134737,4239.006651024415,4591.395508900833,6046.598731852092,1059.3285784385876,1346.450043599982,712.4610820384552,749.632806527804,319.46291647705317,687.3926831861924
3952.1424452208576,3517.8685386088073,3138.434542833865,3500.073958863717,4113.899551997363,4510.528132344435,6189.996774540872,1051.9330832547166,1140.5087865619046,704.7046206858603,802.9252175517577,447.6816494774517,725.7112933262767
4330.341522106941,3345.2671252100436,3104.600485783144,3466.337514915589,3974.85678147493,4372.446470045012,6370.035977947944,1107.403372622998,1071.6063426638602,674.1191666754196,617.4274337663226,687.4954722353588,657.6838627547845
4408.902582642271,3505.2981484759753,2876.3279842565876,3674.8279852063138,3805.423763725573,4372.620715487672,6482.714595239133,1091.1630555964578,1274.9635671374253,856.5149702131511,637.6980219873741,805.4696551999681,644.6679409096591
4365.735024669627,3725.069332024292,2848.9304224633283,4053.0074591334715,3841.1184069378874,4322.808226423079,6551.897938520005,1204.761600242995,1321.6384020204634,900.6674608956366,658.263776532586,898.945738238189,639.5402566813304
4287.449053424551,3641.9360718897174,2807.8690270539905,4069.978219542531,3639.6832827652747,4142.928310657395,6798.609904710091,1133.056724271552,1076.4930238687334,736.4301547086454,903.6732883948448,416.41910698672257,678.9105980509478
4288.856972411526,3752.165498657347,2974.964256127379,3920.9549054201075,3727.1018264413246,4030.148806472298,6681.408051075605,1015.9773430439261,1041.9712250598907,872.101615048457,688.4119822109113,1031.9373918635567,685.4965399258854
4241.443333499117,3834.820983278425,2935.570504582893,4013.9168070752867,4055.2089534300626,4172.965535847242,6964.773016922921,976.1319158704533,1032.8573315815152,738.2650841352234,690.0756841620486,1126.821062706901,699.6958386256373
4146.257915161003,3778.7354678383235,3433.991175649202,3969.1484065535315,4328.229686604624,4334.5473720461,6361.35762880529,1039.7505456332196,1070.0527463212288,728.4653664444136,721.6050150298053,752.8614244910016,684.1455564603958
4004.82722667871,3620.9716278681017,3283.4264293570027,4094.632452412148,4426.4923855358375,5249.967175724291,6390.471068985268,1110.0731926759597,996.7239102470313,730.9386480936743,747.3153304952095,482.92805932716044,654.4303407048507
3909.658890805467,3787.741621310244,3554.4708171470015,4045.6511232102976,4323.12187910502,4719.591730878709,6074.652424353648,994.9829303180453,1012.4513136321477,739.5680237823676,640.5897574071644,958.6153159906664,635.8540527528454
3656.9973504008813,3598.839904603486,3448.3681284448544,3754.5410403429923,4221.933561360366,5143.470865567706,6222.469289990378,1145.0829999376392,1142.2691141690275,724.3797126907326,597.562642211068,892.0403010172718,627.9736122499912
3849.249989418436,3559.673439081858,3256.6296320342535,3629.2121053719075,4259.693651596146,5857.4264119448835,5991.051425019987,1199.6003710839937,1158.1122116040149,709.4933417373302,652.6016626549082,636.2504064122202,595.5589854044824
3814.5843275127177,3381.9083936395377,3418.6319989508233,4146.917015964635,4265.451870833038,5289.4619458694115,6070.3908718797065,1041.8168070750862,1142.3914549554656,687.0565488947651,768.1856826638368,459.55132204596254,601.7719180637466
3582.7478182771424,3421.4703090180733,3255.697264547255,3728.478271294982,4108.179426245584,4655.654499883612,6383.250999614102,1000.4743760712346,1053.0118106144225,668.8848333819515,698.0317127074669,576.3614261924622,673.9421243191288
3936.404912853005,3345.2395371216444,3312.9934401684995,3590.0837911198705,4003.5321796656985,5055.688953927523,6442.367672233841,983.9467849223948,1144.4779922477335,660.0458292586131,616.2465354681508,660.7786954323277,689.6239364212805
4150.310716197188,3277.587460991909,3079.454254116394,3498.9498187892873,3878.567058874713,5164.445360362737,6651.686762341479,1070.395640065753,1087.1509864066968,802.6989455199496,740.0458878812655,412.69506290082415,729.9942483967262
4414.570629057189,3512.8171628119135,3190.078437653958,3698.779336195259,3836.7898936024053,4749.365470120024,6472.655394136138,1145.9699225752913,1114.2007575356379,897.8690783530453,668.8539297591212,282.5948886112652,727.3691163923284
4452.732971173647,3515.8936125305813,3005.297910523135,4069.6818609977076,3879.3594570544074,4392.673026006067,6536.012747601147,1167.5501247613067,1306.8397801407514,732.3766129863013,633.8558655374217,420.1906875517932,652.7863135149902
4492.202644890484,3661.6395749157628,2955.692519480243,4115.611015079086,3623.8551383404824,4457.705012942108,6530.3105065173895,954.4638068661341,1138.937673897877,767.53508627583,717.7459633762954,519.1292588230164,617.3635896929927
4241.757775015561,3770.839311380097,2923.739055916573,3980.4866439242687,3933.409981759284,4550.64428179079,6737.745104247429,978.3751174902565,1134.2497739058444,680.2883354534467,895.670827435383,408.38099442585536,656.0712098828533
4242.310663970674,3828.3093401203637,3045.519126644596,3988.6683110054137,4259.160999164792,4358.107136986687,6487.850045167118,1038.7828620140072,1223.0752483172248,729.0031578394047,629.5844225736287,295.3850922877882,683.2413974257946
4134.595108473394,3839.4272876149626,3528.142082008632,4063.66694473519,4497.445007709662,4069.1778740141817,6416.63466839987,1390.2453036134889,1587.7629512191538,727.5937101308475,667.4718690373791,521.1843748682521,670.5360995424447
4061.893652486995,3621.002524728153,3433.3987387439843,4062.12327886732,4327.362733678198,4549.846745844061,6024.805543401129,1300.7439578557926,1781.8333557468634,745.877613437006,817.3121933074526,580.3585104660375,730.8228408149084
3934.7852369183884,3542.361405203264,3475.9809651550027,4006.576247169513,4411.651660411145,4841.643894917364,6396.655683221006,1212.990547045662,1151.6264892014826,777.6682858729995,1015.095717692119,317.5533764484038,664.4799877323624
3831.5500038593896,3663.5739495257367,3285.7347379478915,3731.143722338692,4213.629013629013,4836.877752372693,6278.412052816242,1014.0687939313726,2023.374432387592,765.2903785415003,739.5156726385493,308.34417114315323,730.9603671349768
3847.7333297379405,3635.7555292851835,3411.5527026440245,3668.2151766049165,4439.370460977216,4786.336884001426,5823.037199102153,1256.3456932757001,2044.148763477242,750.0386974749142,630.6701962005147,404.55604424719576,617.2873142739822
3789.3884336878696,3426.22550278334,3597.8922380228764,3494.5863150692985,4213.834001262989,4899.853868495846,6627.054816621814,1064.6458727962047,1305.7415934059952,811.6564915038888,715.88931847634,440.90006915820027,623.0185854404806
3691.376294286639,3310.433512458401,3618.9593216919598,3725.071185603042,4020.1232052732425,4999.343444107291,6604.557552446347,1070.856612314988,1363.5770684508443,728.7592240601062,933.433808324453,391.12523490882046,645.173631852133
3809.128141962776,3424.704678151261,3199.950815897423,3471.3381701054304,4019.7962787003066,4788.727341355415,6294.5521506961595,1107.0019453969944,1673.8945700383447,770.4575687801837,612.810683478125,319.1152101296377,655.386885108925
4123.974970020062,3172.671294094333,3469.2131745271854,3593.340127708083,3792.2721119673197,4544.477702972082,7360.50229435769,1377.9938406625754,1539.9285402207627,931.6081158725449,723.7092493822065,376.26760891250456,596.668144357355
4417.657260726962,3279.066242231317,3045.658375574508,3735.7962026295136,3910.2655798689734,4578.102392941801,7032.853184153422,1300.3603030933411,1205.3120478806245,795.959805402249,713.6412978577781,381.6611421687488,580.8427840039889
4589.877233986017,3589.872098164018,3057.6671050401033,3970.1723663993394,3795.6215749776024,4538.802516022616,7031.318909661847,1137.0291001917794,987.1294695577947,736.6676828572797,813.9777682245284,296.4116872078229,665.7308426015906
4382.755300594692,3807.679439689873,2859.840920991395,4127.1477395479305,3691.6376236406695,4241.810648619009,6427.93835662659,993.0206554526638,1190.2596899148532,730.9626451370411,770.7393841891669,292.6961786721603,740.2929182532907
4291.014436959161,3780.87888699558,2971.4524233813345,4186.928860879329,4000.289618673302,4345.740178873283,6413.898953695949,1135.5368189923404,1117.8974191581503,714.7791414104177,663.2206024633377,277.99078654314354,609.5962290069416
4263.957375609373,3868.2208878218307,2980.0505008558025,4042.5357563419843,4396.761254606281,4194.707209013065,6556.090323585823,1047.0673055409766,970.907423920174,722.4100561824215,661.920808262082,282.36817668922646,644.0169250104918
4237.786396672971,3703.5608196311414,3390.7237236465826,3993.6509409268688,4374.483947681658,4285.027510794095,6424.639878837385,933.4052104116041,1138.3242344763053,752.0201150059605,801.3838849623396,277.4620286704391,616.6647220503884
4058.7056601609543,3734.1611467688313,3363.8100663186156,4082.407617510862,4418.520804200419,4537.21145134665,6531.538260120639,912.9201035418506,1214.2927335441943,807.1910148648755,618.4883617158332,333.6656514921244,616.4201399404076
4034.7340578249377,3903.4104142532415,3341.3003717819256,3987.4748556928207,4249.866656834587,4823.277532870735,6521.880278047129,954.196962116404,1123.8556166250703,740.5574627622414,678.5749753475328,302.4868852064099,606.3559443227523
4020.484819782803,3780.682769978651,3439.0422368564446,3798.4927208410954,4239.87222447698,5012.814584111147,6098.895946629656,998.1460668182702,1188.6596625031746,677.4016974535488,659.1551063638399,316.73048555117265,715.1535901953787
3883.1659000727545,3522.231640899243,3398.2042528699208,3699.306286976882,4224.331848728182,4878.291972399928,6157.533156964014,878.1333473336208,1291.6979488512761,762.3587001048969,706.7088875957127,463.028780873806,658.5430817527202
3798.806336691725,3512.8042642712844,3483.1846921713063,3603.6827626354993,4223.132593247536,4786.049884825696,6259.299236899997,1006.0771039678046,1232.178458208805,821.427449675215,691.917739839013,445.44752849881036,843.4096190017893
3667.547514087937,3341.178327948418,3512.9856316447485,3521.751990040755,3947.8007792329718,4817.902429465212,6117.097080711853,913.8032102768174,1059.475540292389,712.2714082629063,627.9204728778992,303.1340043929662,646.4252808477777
3762.973531715026,3454.416919056804,3325.823480881039,3587.7229307138455,3888.7898251459214,4800.111125702069,6527.697607805608,894.0569826225632,1016.0304020307856,741.4632026015946,623.1608392786801,292.04417990741297,637.4552837864003
3892.0513617688453,3326.9761708755855,3436.5601750014494,3743.863649485327,3778.77508011879,4793.151841122441,6667.244918611036,957.888976881846,1116.8009658512628,694.5138625217148,802.1274082913276,367.6138946787638,653.2491670454544
4240.425976931332,3561.293211617797,3011.523810784924,3654.887558459232,3914.4308221471856,4530.879057810102,6544.688581917011,1151.6815563835569,1266.2631907319244,724.3891867305362,627.008229204725,530.9678444266899,671.0211012863693
4437.898809530829,3645.427184136172,3252.2217866643614,3851.0234871837943,3706.485828551556,4452.990371775951,6248.989419897408,1605.8418051184503,1245.7979466968507,1149.7934361036373,840.8431896794901,299.3520477596559,706.4233737642354
4574.4483577175515,3924.721340008968,3068.9694538219414,3968.522879893437,3686.9397072771976,4263.261805082306,6377.789226911059,1836.0716419250834,1131.7601167078394,1203.005569518239,692.9200203995651,328.53989195223,652.1815840024336
4674.868586340608,3810.6210610394287,2934.9361516885892,4158.636255502318,4090.9102693013456,4229.669218546873,6673.369272539963,2161.524272930988,1080.92840555657,766.5603718720727,674.4406036954206,298.55607210663806,675.9201973932569
4612.306718523196,4023.3606047798044,3071.5025124578046,3978.0917232842544,4470.110023179689,4195.02689312569,6989.663641566511,1177.3627338404185,1104.6298754135746,834.3527151113834,654.4848273376765,401.5358773542627,643.8841911144215
4426.37758248466,3870.9049260831425,3501.109506434034,3923.8819553473695,4322.424471319763,4378.287532536915,6377.763079530698,2369.3806156153337,1120.6626523535344,1079.6065041307947,646.3526225661208,371.4361125545296,659.0046417322933
4301.178711512382,3761.3033979556767,3577.9487759391036,3923.77065439178,4391.343572363758,4624.9792367896125,6017.313320369112,2290.387006459674,1133.644561884384,765.0166311653378,639.8795973487325,314.36385102351665,699.0147911133951
3962.508086065453,3661.0488982024044,3702.2073265048753,3820.901999748746,4210.103779326576,4812.580682659018,6413.076005972867,1353.061648774058,1102.091768603665,892.038614889202,697.0610568604106,318.85937030142037,642.7215328508476
3948.4583968221123,3666.6181705047034,3375.4972667238703,3750.759920511277,4250.278030940124,4979.187412640676,6746.462806861042,1456.0085379506834,1192.0469751714459,788.7031044725791,738.2472622724863,396.5003691985882,650.0774815225732
3900.2732936632856,3522.6928614296667,3393.756178647113,3517.2059369376752,4290.772901920596,4870.451202826375,6253.296839413383,2117.047866442831,1372.068597578664,820.5207000392929,788.1030613363918,343.13562382886226,682.2960383587614
3711.07655279295,3531.0666532667997,3660.9118063838678,3633.730572144166,4036.762345954365,4841.936566350039,6574.5298825482605,2146.8953864282967,1187.6085213817482,794.1333805252222,705.8264844687963,578.6478752765277,669.3576501433367
3794.9910356487335,3528.5263271454305,3662.628232362687,3645.6046717257227,3934.375869583784,4944.6247999475045,7081.748366190418,1511.149978137298,1055.323672623468,831.6481980188548,670.0150365090371,489.25963654295475,617.5450167288418
3669.5075790497763,3542.931010788858,3307.1900517853137,3324.4016599508127,3848.327788330251,4847.732000326947,6637.983274692986,1346.9743128862503,1244.0331602426754,813.8086513912767,682.4344057173453,477.1129596423581,693.8386363224809
3710.475875176117,3381.4533188077094,3306.7283240418737,3599.505487261505,3774.7879293561396,4549.311021237146,6974.946357684896,1742.636296366315,1100.334496628027,723.5134069564044,716.6287454647753,421.67034636307415,756.3364235712799
3963.2943927556853,3109.4971739039406,3195.5235018939047,3635.7318212666723,3734.75946266381,4444.058700461326,6912.38031942446,1596.0922231713591,1140.369608249744,790.4717214859477,601.1589037884901,443.9361436337476,851.6720292129945
4155.621143010464,3312.3987227488406,2943.332902231177,3772.859705897616,3587.8956739841583,4224.79922507453,6810.717805000096,1206.7311868885147,1185.7039362884911,908.213895850434,632.6928725922621,405.9958796729963,981.7359119593746
4316.61600762643,3480.2846475644355,2992.6204108142456,3926.9718261109288,3972.7458041630257,4243.353525623824,6547.753908160665,1085.2679227454596,1194.3763828907834,754.2793241699252,686.3294037762902,570.2057097554745,651.4457425226719
4307.089018230852,3650.4757166730187,2841.1153392660904,3995.093172610186,4207.634166087807,4098.378487980426,6378.604545235109,1319.5216616500336,1033.0185866959662,678.4879822476008,849.7134544064764,330.99430689792126,1035.2136999285121
4183.222647303785,3672.5030420503326,3193.1891309382218,3930.496062009574,4385.573602431819,4367.565390518779,6181.391915092127,1427.715355116816,1085.8104226005396,841.897974493623,744.5247979664957,394.2338373366548,1116.2005887744283
4324.817185476958,3779.7752808988757,3360.571547384082,3926.125881248406,4392.912233660923,4448.408784443777,5991.176784834831,1245.6869883967804,1077.367757322213,1167.1911889637856,655.3946519643517,347.95140544707266,838.1168206043924
4282.7786258119095,3688.7284094708193,3448.220477542184,3889.0071446576653,4434.409642219963,4624.9932869297045,6230.570773362746,1034.7395489785574,1035.486749523852,1252.9638921264918,654.1526166364423,362.2931387791109,878.1148151072665
4076.681903422408,3811.7308982407667,3338.9632943507154,3806.7749037895233,4266.31149733083,4733.6705386859785,6044.357672358447,1300.0985568686147,1249.048914866226,1588.4916800858834,681.7814394081678,325.90139330836786,953.6254117940848
3893.3748054988337,3831.4848118400487,3487.828579030836,3591.1437375289306,4217.37026292398,4806.488614369105,5926.331260378661,1361.8537755544387,1165.000079442612,1248.2122236846992,656.6572702354358,336.7055943305785,939.3628193394939
3976.504104261338,3577.77657601008,3379.2392358170737,3587.9900973575786,4240.598338942704,4724.436958739208,6055.840436386454,1014.1821521443514,1156.883017671542,1404.051834436349,626.8460703291322,300.04893645613845,825.2944711106335
3788.964065554054,3377.632210018411,3487.513776643946,3542.7263812173605,4025.348723084512,4675.948962928014,6272.805733798641,1195.3685169824596,1096.1689303867972,1977.113343334782,736.0572704582597,355.65343253870077,576.1649689837213
3792.485025691999,3489.2523725377487,3413.3199642088853,3506.883876219983,3992.947475237501,4651.401295604907,6324.757520863115,1133.9678540602335,1156.0585371779027,1485.419194321556,690.5940843503923,357.1989205980336,737.9274747646701
3605.1401277355444,3445.0867489118837,3276.185553230728,3379.108017265524,3849.084406116796,4449.983970352539,6485.623040155267,1041.222950499067,1232.0044228462366,799.0393604159265,786.9536691155338,403.93916267528573,681.4948278470861
3741.9489150296668,3329.2109316111882,3177.013090031481,3520.8023892801825,3760.151458961502,4443.871072300513,6715.58207824193,1102.6541205397962,1148.6966903460875,1408.0552392396646,658.1327361579936,328.1429307981273,600.1851069820206
3982.1951043579074,3165.2168388594205,2979.05098976844,3670.4723333896545,3640.9206297026826,4297.87774539743,6585.611072429719,1095.9419505325113,1376.505745650014,1557.6286816958934,656.9966683335759,317.2120247931372,658.9347857165279
4132.698991462832,3266.3060700700917,3036.5192086002107,3728.188548320597,3632.6628384104147,4310.314185355771,6521.220705008139,1248.390990911843,1198.287664332615,1447.9218096502689,625.1332179870933,320.8785499858337,734.4014912276255
4275.9172954193455,3676.8582599560277,2974.4887244730503,3825.0860490052537,4121.679557041164,4192.817556530876,6288.352313625875,1156.6106964172138,1014.4686791130534,838.4957541447634,642.0492896557219,389.8221106418991,612.1845962648422
4277.778988104561,3633.542255828397,2961.727781160435,3913.304560703096,4191.166440550635,4156.423575974274,6455.108795128965,1096.8863574831094,1058.632709474152,959.45180698261,615.0083282755954,306.681625835181,562.783879946682
4337.942005596362,3607.793394762513,3065.5942963405505,3835.212860798622,4486.535480294983,4391.545973487425,6133.196753208013,1411.7928555380076,1135.5001564975319,1240.2464467408493,666.1431998813385,317.6518524515785,627.0331468884718
4260.032867628671,3860.0830373210683,3351.9819518574336,3866.5547443198443,4384.771120046202,4698.834174916543,6247.659329771795,1298.0235670552402,1059.3200237228466,1030.999179461515,614.6136460777373,500.70410497913076,726.2447615275601
4271.742125623404,3782.6099731722406,3384.234479994023,3766.0184696990614,4577.325534983979,4593.437400741411,6038.339172241945,1143.9313571773105,1178.1763966591966,681.5767300435944,890.8770592750916,340.7367273803039,664.3463501227772
3958.2564005516415,3741.420148632109,3589.196369503122,3814.518560628298,4379.839786381841,4759.321075541624,5760.637977627437,1052.455305802453,1043.447555226558,823.5661846085765,700.30308688065,368.4041147382404,645.2442250923166
3781.3845598353255,3814.258261356068,3691.6259402376804,3662.3238760121662,4282.911394029105,4688.531394781796,6001.169091367725,1069.8365022616051,1093.0179728736562,817.7950786551977,694.1053607720273,295.1975052953813,727.1734868107062
3749.6669555565177,3530.3397834145176,3542.6886179395738,3600.3142594114556,4283.893985728848,4757.639995602516,6434.9229444170505,1092.0427162578467,1029.006354734909,732.4808723671181,662.791849737967,322.4664451053776,730.9588865216646
3686.843349279287,3489.476353916895,3815.791163815438,3476.167333771533,4074.4337629194974,4799.254312096921,6522.425464527763,1077.6190131439112,1165.3042787278534,731.8523812149416,659.2483872322239,320.42063672565854,575.2965137175033
3683.3722038539167,3505.6724259091648,3606.735543206666,3477.1965880626817,4019.834178196196,4511.344796415671,6444.093303107794,1423.091134372566,1192.136227131975,852.5763974389274,661.482421211921,300.51055197716585,589.9189957205414
3565.0620365899613,3276.1698933535426,3574.104940966449,3419.0738487411136,3838.0427703045966,4462.079329698054,6554.9318733944065,1335.552103807685,1120.9663424510493,816.372844321711,762.987834824016,289.52403889429723,731.5356972197419
3636.2998216364244,3284.188408434284,3306.2897106974247,3590.5754328275884,3832.4305184784926,4346.621301591417,6566.379057278693,1072.134539079416,1133.6877852283644,813.7716274735914,780.3962539991413,405.5677566088109,794.9607928306383
3951.103872357647,3318.4236114860737,3046.4233661987582,3729.3959011607744,3539.157555958493,4170.896956898421,6931.790047929573,1162.4935147462193,1181.2377603678062,758.5432296082352,782.1534222617037,341.31012198835157,785.9545647435285
4173.5090518860725,3294.389895876465,3017.8755959710775,3870.8945803111014,3797.73210649759,4172.03518300397,6498.495519291479,1061.3437023603326,1144.81934405656,829.8351159200764,705.162343444024,413.98853120726284,812.1411993319573
4263.771779562827,3322.348423532084,2864.375324902937,3919.22184445853,3960.970724935608,4108.080533939522,6387.449384075727,975.0445193457839,1012.286493873727,890.723658185979,696.4262516053377,283.4143611184626,789.1480469753225
4502.789742445995,3630.552488311488,2833.7686392533315,4011.532328948968,4149.228556691997,4210.778825732156,6289.49683973789,1168.0764853850064,1055.2595242569348,817.6880687120643,666.9436723556064,286.1530664660444,727.6002582360933
4196.668962661268,3534.407599035661,2927.509438017833,4110.480189711246,4304.053843597332,4466.999551954059,6099.802745752778,1144.997051725512,1084.4505638708538,684.293868123276,677.0468500237282,299.8356947191801,650.057692620221
4171.449411463362,3737.984376557943,2934.4028842194593,3904.1321250564365,4399.863355068589,4633.882135741904,6111.47493057035,1104.8462053977355,1132.8552461882618,740.7680006606901,614.5363642589131,414.3905577154284,747.0472022410002
4204.901155668344,3629.131701887732,3219.247298749214,3896.137233424764,4140.752320941151,4779.325759333161,5853.217207878477,1044.8290625963082,1102.6651231559501,764.3469227655576,615.7335248130388,361.4684656416693,859.9501455948924
4131.884726290653,3556.2567584623544,3298.147542791884,3762.7583182590574,4197.984655101417,4955.839434432852,5984.249508790953,1064.1031576974815,1092.1887531724735,757.8832854557907,620.2052750490016,422.094817685903,706.5409712207239
3880.708245620528,3612.194518340236,3549.915364455688,3634.88646038224,4284.1799958364245,4806.960183967786,6303.963492037509,1132.5090141328124,1196.9189649757761,827.9653353922879,1289.6798272558694,316.88519432153714,639.0021666363529
3855.2294034108277,3773.514854918609,3277.574812890745,3545.5182850909187,4110.597752892309,4753.149279625861,6402.571215077947,1068.5430075795034,1123.9708466177076,760.1158821066259,939.8771689403931,507.98590373843206,725.7136528773204
3907.2841840930387,3768.5633782627997,3399.568707561105,3576.6287979767385,3950.7276951921,4871.625665262022,6506.10113893817,1005.9129429623722,1183.1570211005521,714.4558768114553,709.9660402483102,327.10336901953673,821.9276492499625
3993.7662337662337,3328.5350005811997,3352.804926971213,3399.3327847456576,3826.618065673675,4400.532687424259,6377.619612495057,1117.9850233860882,1097.3610156212135,722.8242174062606,680.3840992998814,347.96333335291826,638.2915539818439
3702.857649374646,3284.0209598522574,3297.3587733782842,3387.291307953933,3722.971018772156,4274.62261910925,6410.167058503588,1082.8466882925086,1022.3740758478834,727.1492580490448,820.1292203473683,314.1738936056507,671.955120356391
3582.292950988579,3585.6217460459848,2920.83241264823,3476.5831753412767,3756.2355923216646,4259.085444681802,6554.925939998134,1156.085101227685,1108.2861448937163,826.9600268934104,664.2299858680184,415.6985086587433,607.4502766267613
3706.2233218192528,3465.4514737969093,3044.5469566076695,3687.099241709172,3739.9734393435297,4207.161461637319,6828.6417069696445,1224.4689783655422,1111.5195735146158,738.5701001766486,854.34009148159,378.80414093349833,627.760701156344
4270.249886443787,3385.3651553947675,3046.6409267649187,3751.157460247504,3755.390591997739,4123.598105196262,6427.28252062331,1056.6037451142097,1014.0759584178684,789.8525207706355,743.8124590184866,285.9881678687554,673.0110176452263
4383.637622415083,3543.090865565473,2942.8402620663765,3952.0241989377787,4063.6910478888562,4175.424304141209,6168.1832775560615,1063.5931945773038,1079.4074163263692,829.563104556333,703.8176835728925,418.4892119958634,603.6938466580826
4379.741040176745,3588.987576409787,2767.724134608535,4113.077437956207,4118.106933678949,4250.589680773885,6062.579314291249,1157.6898740442132,1097.6630776544744,734.3133816573169,867.2129737170385,574.8421442728979,636.1978707134875
4316.9167721381755,3646.766934086504,2766.2981159105566,3927.279841807654,4326.833765511641,4522.244085578327,6044.973524049438,1170.1520534855065,1057.2168258957981,688.3875625590732,732.7865164865643,409.3305983948857,711.2201780059984
4196.01167224103,3904.7565159226147,2953.494504893683,3908.479859338274,4185.921284790689,4766.298440461006,5821.278319015841,1006.3648241474016,1135.3834056075061,745.3677063315996,677.1076719025918,307.6551270808411,624.5843105402315
4436.690913493537,3710.510874352682,3265.0509493937207,4029.0658952091017,4090.8709297648165,4835.719737262101,6146.5587678945185,1055.865778283619,1044.9187147187013,700.610553303919,685.8522112445248,548.0033709190905,720.9243615288383
4252.167090353198,3916.950166571229,3452.58365529057,3934.895850997819,4211.08516658345,4673.936740384578,6294.09930790429,1041.2533526606571,1187.003018613324,681.181570095625,626.8193329865971,391.14662790841476,646.995449049701
3971.5495894981077,3826.6461983832232,3351.1171550409786,3668.788818634834,4181.756349383487,4852.770656535529,6360.189110987432,1162.3264116032963,1135.4154544437367,818.062333426395,637.0404839588083,303.31617676227285,678.2512963800555
3855.213895364159,4061.020852877956,3347.654092585672,3733.3409306742624,3884.5177053646926,4710.56732178379,6418.849368380265,1073.3797492410993,1159.6633168327328,678.1240861655092,677.1638368380634,307.211850562814,629.1923699678572
3805.504357208578,3613.819226070336,3372.257495405723,3647.3890879195847,3854.016820775876,4568.656271712451,6371.614083796034,1126.9435654351191,1085.7558540157554,673.4637394024446,708.5879931845501,296.633407649407,630.8571928824102
3791.811093825341,3549.7986523089503,3552.824231696204,3575.2203034695235,3728.5098494680005,4456.63412288552,6401.430293386732,1092.103729564726,1002.8338989689322,777.2471931966996,762.0738042203167,383.96186895160844,627.4420395499899
3675.851787519125,3343.116137138754,3291.98384924525,3473.4531232624577,3768.6411951060795,4242.4191802707355,6525.815546581704,1025.6568653613244,1086.7460885633695,813.403057368904,946.5673054930562,409.2922335716436,689.4281611819047
3584.122781871322,3269.155700757234,3235.4182547938285,3558.7993324758895,3652.262892858911,4296.709800653694,7017.031742067858,1115.6406653525219,1078.0035046381295,689.7648742057947,875.8140618941037,433.4478444557461,685.2074422556204
3697.703747785575,3273.418525954284,3163.707840676739,3864.136708061422,3585.8996780095795,4406.125169532662,6542.435329031902,1096.6978519576112,1113.6934981519785,798.6309790306399,1149.0401711058523,312.567258882677,660.4299399199481
4204.906535498168,3116.837946468555,3050.8594608335156,3931.201101895357,3759.5033329260627,4053.4622343727287,6269.403010020824,1001.2049036460803,1000.294580112542,842.8284275035182,897.2657952069716,326.2259663861501,647.4698545715527
4118.084214962667,3322.5107399881886,2879.7293088383053,3815.084572366086,4092.4466485251783,4040.881649537846,6821.717566954584,1062.1938558168467,1050.512584973738,809.051783437365,1026.6647654356195,324.3025253082028,620.7006372290755
4267.457179235862,3778.5549537255783,2896.78291495026,4073.5430954184453,4123.732861840063,4258.605732120243,6932.69524918193,1082.6249725659866,1063.5012154865358,706.8927424747268,1595.9085575501795,306.95011303489014,629.4221284786537
4225.558601127476,4046.6822140978998,2757.438430557475,3846.8626707928943,4188.674560836141,4395.82947207948,6416.03010564304,984.0066840706193,1217.7766024581144,720.6200115812688,1055.9971613808957,319.4641973602917,637.6651545568172
4444.3451869186965,4198.133822738879,2905.5555867927073,3955.834248862571,4170.334658476175,4591.459984987771,5881.445957417293,1056.233008996576,1098.048136893608,683.870146107936,782.6398756320325,352.4573692160131,613.2502482626378
4481.276313133189,4225.465270091804,3183.6780984162697,4055.8056531934085,4030.578024696405,4686.819380640139,6932.881095868286,1127.469556434176,1112.9975776961205,723.6016705353429,1077.9021225949762,393.4309051454528,610.9681194618233
4564.022061602596,4177.520608504456,3416.6629938149185,4415.807608125936,4318.125016617478,4575.154820293956,6974.380689251324,1069.700269860407,1094.2228267635544,767.0600298668478,1220.3054831917889,409.3996315792659,616.5125323648268
4125.583190886338,3691.737465108053,3415.941518941092,4296.107123824972,4393.319221424353,4530.199702382989,6439.494002794352,1125.1492876667678,1071.712630910356,756.3061975502227,963.651931878755,491.0976560158264,726.8175257452708
4434.9070348523455,4450.17823284035,3358.5722062481823,3683.057917277308,4006.993652541581,4330.213795472337,6520.633049216523,1099.3343087823687,1052.7119443689533,758.1150591750659,611.3239346255959,587.649719641195,683.3681815734019
4744.657235746691,4616.306745502715,3254.3487110468186,4139.080555986909,3718.670562561567,4553.08147872591,6768.387667126537,1167.0271665050457,1090.7156374425251,689.864275407659,899.2900387290892,740.8753944454567,614.0800238846809
4393.6951870617095,3784.7633288220222,3307.550874049961,4363.118373538184,3856.984656139209,4888.547896772624,6685.526717963026,1023.7618362699264,1213.765974875349,788.5684812581595,985.7253867549671,737.1182739417568,614.5404856093044
3671.445375660248,3515.2642549935354,3299.438830632873,3955.6761636898027,3720.137897828884,4557.97508557996,6743.034116730979,1075.6432541188346,1123.7844098624562,831.5205157060439,644.7053962100437,362.0203097474439,622.960453312435
4050.2945988766305,3838.685331210044,3185.4971069966437,3563.6396247792695,3592.478618280648,4051.0062198252454,6698.4355138518895,1034.159058660636,1032.0543176010046,767.7779091497279,660.8398339073851,775.9334928806506,640.2059944390026
4302.763238540078,3751.4680721808895,3042.1385227625037,4285.095934292788,3669.484391551505,4584.4499972113135,6182.758361961972,962.0389167658623,1016.3664590111256,744.6389099301433,702.4216934967085,824.6172726110127,577.7364603680522
4581.904890750805,3593.217377305833,2946.615097627284,4723.889766543795,3898.10036928741,4482.264015716336,6255.624450057705,1052.2370378791438,1033.2725862590987,723.7624915934796,770.426029669883,378.1627229401322,669.4225646519113
4280.566378168972,3406.702148824892,2980.1817910892555,4580.140941858602,4024.0859257101893,4264.621104154567,6638.627272781465,1152.961341591209,1063.9971191835582,763.8192327694558,616.2613232660703,414.2814690481797,632.8836791362716
4229.26536144999,3381.707627465465,2951.0727569790815,4161.174191713905,4240.141032443681,4757.488214439211,6334.58241243247,992.1023848416584,1189.149975896547,724.5577009404434,659.2415937274255,388.71556623002436,696.5604942560533
4410.632482481427,3658.6187657064975,2994.7051481039125,3972.4653257587383,4277.569204034381,5315.8539735285185,5834.469792340599,1047.509464601667,1130.817177498433,748.2997709872168,714.9516738046259,591.1505174308328,623.8730882074583
4384.804239410273,3842.692506109595,2983.5984171868386,4456.053211298759,4203.798901045445,5347.761985593673,5763.482475118551,972.2000438859848,1062.0585426277646,705.4605882134856,681.735591895122,427.7954435643783,623.0122315769328
4146.285140631033,3847.2117750473526,3292.6730012162766,4537.249171788893,4174.703269185319,4864.489158797386,6311.37521482039,1122.1767813927083,1046.2013190351042,732.3960184143438,691.61418549494,292.45988525548375,591.4268963499094
4141.972531737329,3939.453699550993,3333.202932710017,4007.104174645599,4269.44619280085,4777.102266580988,6443.4456311912345,1238.5817700582859,1065.6168485374944,736.4690208683022,689.8402150202908,272.8856903697774,594.4965490677466
4113.073545347297,3773.852727430795,3327.840879331885,3757.1348894100215,4039.7029112849655,5039.726826777537,6104.39914048065,1074.7836554668118,1071.2678156921816,701.3428552021137,682.4047017612318,341.5158252409255,615.6791765337375
3963.766099750703,4040.6189820958666,3343.3777971872223,3558.3772530358724,3848.6197868718455,4793.674781418263,6826.1236374354075,1101.8004785439282,1117.274913804999,698.3664852801212,667.2071956865288,422.7891626087116,604.9914641086091
3914.9877633142482,3675.660620597685,3374.358451501544,3529.111560479679,3889.01226959402,4485.7514949268525,7276.884270509577,1003.6391077194199,1244.035257255785,716.0654662909835,654.0110271224373,295.71549500853615,613.408784257603
4254.337922092509,3626.658267522937,3328.592465580411,3404.462492941857,3812.6877942583683,4415.3205946537255,7112.861233884552,976.6918261073079,1126.9391594713813,721.9617511771255,722.1469433476972,355.15273581738836,747.9610645898744
4034.6624119169246,3456.318488924685,3229.6522017192415,3395.6447401677065,3586.888377370976,4158.897359734977,7211.7138896947445,1053.0258605009014,1109.2137972605362,735.0784948885478,711.9361003778839,294.2433366150942,609.3613689454414
3870.2392928515696,3235.1008643749365,3099.7859300313785,3518.639104008854,3544.491665577876,4209.566255770876,6423.341353849152,982.5539778282038,1118.065145091944,758.6650201615557,732.8358417529591,310.9964993584234,596.8307084866984
3598.6496207413434,3239.5645859457163,3041.3117630912625,3744.989505933955,3707.167383742049,3993.413269715577,6893.777323463075,1139.1182021568802,1155.5575960256836,722.4698622618772,686.462084311547,277.27396551392405,607.9456761581447
3988.9023062997385,3232.152304350679,3230.615095926406,4019.8897737836705,3950.6581298696005,4070.663248853241,7251.172312761583,1075.774928235768,1162.9303617527698,754.4949613420184,804.4530905825437,274.8567410874257,633.0774906325652
4341.625221367628,3203.023067252832,2920.9213162015503,4026.713499727813,4315.479298117198,4363.05131507735,6793.4015263457495,961.3151606971923,1295.8483490501978,676.1606380117909,662.7402076424621,272.2330984364321,599.3937755753062
4535.1591791417295,3369.6740493359307,3019.7510386480444,3936.2457906934155,4537.159756361268,4681.117640319274,5854.9566767911,974.0875564480078,1583.9906499580177,751.2430155799332,695.5697476898195,458.3056651041036,655.6174006364295
4375.942474305948,3538.215999355399,3172.3407386142353,3944.2895107872646,4937.801362481515,4711.866464876492,6667.767874501796,1019.88176958521,1225.8679831049067,682.0000661958476,670.4836107463663,309.0501684868073,700.4299946933664
4253.946200455405,3563.3325032012654,3015.1291635579487,4006.1931206844292,5281.885860188813,4751.79750885184,6907.921763403444,995.7278178476645,1066.8220847833775,898.9084926832547,668.3624214688731,302.16888732388156,694.4557721854624
4389.325181694844,3871.3174103204096,3544.1071771180314,4101.678283134747,4311.813747235251,4729.94550689068,6897.875822131105,1118.9787186054818,1063.0831608591743,912.2828923661096,676.958503807339,271.4331327346888,639.0280906185612
4391.167406268542,3884.9295706861294,3392.8174072979323,3872.887204507144,5272.597207799702,4554.698732191871,6311.401745956393,1131.0738734354545,1012.0429272890871,731.7193626404377,640.3242672811555,279.51492482056153,604.0659975048297
4295.44188159266,3725.626875473165,3237.3617444200013,3767.295141573087,4910.3412705235105,4697.051680051555,6885.075178303581,1072.5105958864176,1065.9409821497532,726.3193537464325,654.0216902953171,298.72121728609005,631.6764867139846
3891.217446156619,3712.0841197143623,3271.0233136946567,3669.795758715782,3960.8649403895442,4537.8307105358035,6825.575165912767,1082.4416874296867,1180.9503234221777,726.6422228109913,831.3604017737999,290.8531956866371,620.2812314392048
4000.916665741398,3803.8441300524614,3460.0758305678464,3664.1212284911408,4244.911206440408,4258.910747983225,6782.7859609855905,985.3039891041251,1200.4534676519734,747.3090981806458,736.5608453067596,361.24905678963313,616.8438826562729
3872.6554383748685,3649.8718372173194,3340.587057891867,3507.0370165714608,4294.907816103228,4262.180236990454,6509.074471355222,1039.9468141393222,1111.582049422169,692.108825832838,817.1552388377592,302.19666972396806,593.8544819036456
3798.9575011756456,3338.9570104835934,3474.4100525879917,3455.8111059775733,4060.377765683417,4168.07530237112,6514.21194473869,1390.2494700798954,1001.6356772145743,769.7991646421472,714.4803108754573,297.04905299268086,623.8868360898947
3717.760642519318,3458.6610533331923,3088.6735187226027,3648.525651717941,3809.948830966997,4158.015383896679,6607.221151218484,1207.6858549989065,1096.5961756529498,726.2900187431015,717.4299882240099,279.24390630068245,722.5720111723747
3559.742370362421,3420.436103101547,3147.423313971812,3808.6708563035563,3942.2206346889516,4095.1835016365535,6260.2987354847655,1270.5568822412552,1089.5696677141998,748.216847507628,662.1247785535444,299.81968211072353,701.2156589610732
3566.21662744277,3275.3822307042165,2977.7770342861177,4047.806529133975,4347.566046752028,4275.777312715057,5973.875070920992,1359.164043303043,1065.2458702613314,780.8061346436789,633.3517789289106,278.547928503953,697.7242595029102
4008.2531723594266,3242.091092663227,3095.4175676045033,4194.796977815456,4538.242862008343,4530.562760902022,6209.381324781523,1178.9686734598342,1127.2676076336552,712.7220331914243,633.532343352258,275.45478479799345,678.1866411503725
4424.170555989555,3292.6305653958666,2868.4114412704275,4061.791256465064,4404.299567152066,4724.200677099159,6167.558743132247,990.2754098224552,1114.0326249014015,682.1799975576309,706.5929484619664,378.81112841230043,675.5422019468407
4311.020222676664,3385.22330082714,2890.3549493720625,4143.847831141113,4343.53008217717,4812.730149514733,5755.434939588101,1172.5206274099924,1071.4161842423528,815.7287806410612,628.8732560554135,406.4856838689773,634.7898713110582
4368.154317839853,3751.809514427969,3110.674207149303,3974.2178030093714,4780.373802953505,4838.320045996371,6204.941438052441,1549.9015078089562,1032.1407596365707,759.3327112276756,848.7356090904715,327.26384272271764,640.4475515751534
4207.762621934149,3711.05171260835,3334.2194109446737,4008.391317461804,6304.603141784632,4706.014961122915,6689.921919712212,1449.9694565373675,1211.7916976571935,769.1537613021112,678.0994516461642,337.3018522628999,711.1123999002107
4176.987802210329,3923.390731839321,3792.278785959885,3815.836356498879,4678.383128295254,4745.7509245036135,6278.754432139081,1036.9639296323012,1117.2943436971964,721.6917422528065,657.8203419469812,347.7661247769376,664.7780124839211
4157.912548994675,3834.710930376455,4056.0997788887958,3855.784974443534,4009.890049408407,4663.4796701159685,6829.458596669742,980.3790881232464,1084.0074599043646,739.3784289374332,691.9789845743916,397.40217909359404,762.6411708572441
4269.082401851763,3647.8810880422425,3781.458926412886,3609.493676693969,3797.3038347408396,4380.115352967301,6587.663681243011,1118.2129465008716,1255.0904828682885,720.94090643751,714.8298270314423,291.9458158778245,741.3129344045606
3915.156226929069,3710.121215214296,3401.3139915389825,3756.5479667346367,3810.010492834479,4246.202094739909,6687.6905452268,1015.4001168906168,1025.3810547371454,760.015125415233,623.596656647615,331.9052967588624,692.3572289540921
3938.553201861437,3719.8747173198994,4118.91972543227,3691.2967512055056,3696.5247655622948,4249.324817185477,6736.123088262393,969.0423967970481,1035.3103221837493,765.8006578411993,719.1781482170028,433.7363797027372,673.7583741275195
3888.9810892722166,3468.0340855284053,4292.248491431444,3569.415964744948,3653.7382131404834,4249.2444171729585,6655.348530792603,936.5415742877714,1039.5783823242582,826.5953295468587,643.706308491702,562.8011100995307,627.1765710810906
3823.369744820799,3282.5619996094515,3501.753956599772,3725.305074179842,3628.738600250903,4121.688997923445,6663.981982780918,1023.267385163085,1101.0139016005996,701.9107304482277,848.9950515917606,311.17378570001387,615.1317008245567
3603.1099414445243,3424.4489890704535,3737.7420061414477,4029.1837625170942,3934.7696304047054,4261.563656493704,6753.488828657408,1070.44830004641,1063.5246025751985,684.3255144943951,727.5529460441094,380.41202628089525,627.3234941253874
3861.2479145812495,3553.5438417429336,4097.199678802378,4203.703508810907,4188.910912969657,4375.940874934872,6041.636516497312,1129.1234582702432,1111.0706349830573,767.4136155574982,701.8733465587596,313.00562413841686,631.8132769153642
4164.104018131153,3274.7815691354667,3502.6131185124614,4042.5339502952424,4463.593776906239,4636.87607065755,6470.715022438467,1421.5931036548195,1063.5012965686387,715.1118575611761,650.3485444072534,327.30091183137483,638.2552162496112
4248.649344917766,3623.4947493436134,2980.866440044036,4244.706766314825,4483.120153726564,4732.6133953836525,6166.258227435203,1559.3871268306732,1163.5806732735402,802.7112887872244,631.6276013992865,296.7305991578711,652.8474329381513
4377.385820329952,3512.6188533355385,3116.957316772427,4076.219933309686,4281.340836000302,4806.769690073291,6008.012877472671,1531.7449952489715,1076.3917259358677,712.6457849864526,610.7630770704387,335.4499359805404,831.0537858145974
4449.658444989537,3747.7885215908454,3158.6828566640224,4040.3980769543327,4238.9645543588895,4856.667238225879,6417.8387556460075,1608.5348857596757,1146.548637699206,726.3475028995446,701.5298754509155,295.5917044592614,952.6129798006119
4396.567399344254,3874.614197530864,3323.205088996963,3957.4246358907117,4166.477251096644,4631.791987708897,7209.5487781204565,1157.5070416185752,1129.9042561724282,726.5679400839874,819.6938691634318,390.7513024882478,916.2669302229152
4282.399516474192,4065.1578910055823,3193.3358672241216,3979.7242964652473,4089.542745949843,4646.637377034166,6959.090099372526,2233.6227022131534,1074.8842102802219,780.7645936004051,748.6768411232085,336.17799427610174,681.1111392303237
4205.292917126705,3780.336365401879,3502.8102920902193,3902.065925822509,3989.2020508056694,4460.88102791661,6422.726066900758,2536.479166797903,1102.8320327841625,806.1600803883399,677.3385253071704,471.20277476095396,760.0174660201407
4010.176843510179,3853.103320263779,3589.995664366997,3656.8698058211353,3877.818858896775,4342.73326396394,6814.65535176676,1588.8848042988002,1192.030479499806,750.2676112036138,656.1817803411558,310.83340348437986,786.2004456830546
4167.330620248372,3829.223017767172,3607.5024211481464,3858.0550546642794,3929.602127460285,4278.281942323364,7405.5302375417195,1203.6429529009029,1030.624271001589,798.9543739731572,674.9066085596461,297.9203581036512,772.2380003147862
3857.85932924217,3784.0828921595494,3247.2511038118187,3752.0021906759644,3776.755671886208,4246.848659936594,7394.8187930618415,1784.6465389205484,1049.8337248468085,838.982576682757,680.9087611506106,327.1675082985385,625.2461392471425
3786.5791624153294,3448.695926674836,3608.5602238554106,3653.39576124433,3643.5547735737264,4152.632750027147,6477.597606284466,1932.3873583208385,985.0346857151658,805.7439989426804,619.5902171120977,411.5604856193009,795.9115299107027
3751.538299794585,3475.4190541884896,3567.9483433856794,3725.518217607031,3819.9171514919053,4170.961042174342,6534.411122435478,1433.208440981247,1009.6473028386392,717.9512875780911,631.4876969031899,278.7482190264116,762.4471902022359
3790.180641377968,3273.3742323203483,3402.489216039417,3995.7216556380586,4038.833209335115,4410.945152803079,6480.822450316088,1045.0104449535133,1100.422641821974,721.2181875902179,740.0256546512461,358.59972079276673,718.3547040692704
3587.003426327209,3347.0327088467575,2929.1316507970982,4089.8208991186043,4295.388136528817,4627.08562375831,6251.229682818712,1351.927598146246,1135.1852575907712,916.0353150308541,719.7944890362324,294.4863822272656,642.0949165481445
3966.8698040381455,3121.251468018676,3167.8640176426043,4110.551000589247,4328.383170566115,4784.174767814851,5765.711437411039,1481.6184695041748,1098.7565287953396,1122.6198473386044,740.4495398121406,369.1275096661588,734.5497535343637
4170.590985396021,3271.9575808323816,3027.211802057635,4265.6574979850675,4330.760117529883,4866.3225323608285,6009.373283188053,1308.7060139014018,1058.9937345773635,895.7089987229506,658.0734073749675,285.27411268761773,606.5589807296991
4366.587640073151,3409.7768544536834,3028.3000311509472,4063.8140604481628,4237.502520814627,4819.167541098286,6112.785335637082,1102.5384171341752,1153.6711739894818,699.1670686759004,670.3606413869267,300.90270349625706,601.2473672704443
4411.4811976084875,3700.205224682642,2867.5885099233565,4050.4174354201,4171.815603268461,4712.099629002783,6241.645513688901,1252.824565668063,1243.1907494961918,799.6549232358728,658.7703843276493,294.58101517012904,607.4961868340259
4366.473873181825,3759.784006412137,3127.3232326634316,4011.4569689886407,4186.29029922359,4775.807781485355,6351.85522130573,1195.720223982194,1109.9642319921236,706.4710762567689,657.3834628762778,301.3313830951474,622.8713642329286
4271.146598414871,3867.58499704267,3364.236269508571,3850.6773440106776,4005.7082104262026,4640.179455299851,6619.239634968246,1191.67248082964,1108.5138704283142,969.7186986303483,647.1637805354969,294.45481205011987,629.4492977248386
4147.217365115791,3648.1592138447636,3433.922740703923,3720.3484655879447,3870.626328864268,4380.779812593355,6690.921937507525,1216.9314258013926,1157.9271700023937,981.1448932701512,768.4514186563002,299.02528277391866,640.065974657839
4106.273892748951,3670.0540048907415,3278.728828329373,3793.682418050232,3896.0731563376266,4313.12964249354,6409.541851503092,1230.7532041523057,1172.2726346991858,924.0628975554265,646.2818929550739,314.6773045295496,579.2399317911068
4248.366013071896,3678.3338756010558,3410.1109026672143,3793.778738298606,3978.979941894644,4262.335384454438,6488.848911232474,1119.166325033586,1196.506865829193,744.0733848829822,717.9375337611048,457.66206319261556,611.8024124120009
4052.8683108789614,3661.0943724025187,3361.0939381412436,3743.617701377078,3805.7613168724297,4263.297148604171,6167.392071160188,1076.4237845350926,1159.7796683730394,761.6660196056423,679.4334587285366,287.6458373418765,577.2498259545627
3870.2107104100483,3612.366153216178,3452.2154731446044,3682.6018382552866,3675.077582861989,4105.872423421864,6189.504618166807,1013.5549936627636,1035.8379975337455,707.1020737459223,678.7270848615675,268.16095577403865,685.6981049745643
3898.60586564962,3420.9589860234896,3395.015876806212,3970.9477815443943,3956.822357973172,4324.654278702657,6195.151735338956,1068.8038567540045,1295.0528156704906,886.3648462047735,647.0773663682319,284.1254219610417,712.9589047069863
3765.152911884055,3358.383686677579,3331.7297122096616,3951.364815626221,4192.716981678182,4517.828021679626,6673.27916710633,1034.2846995352195,1285.487471164533,701.4835381427114,633.1543100257959,332.7765542107545,627.3103257984943
3554.677357997183,3251.7904716219605,3154.1653438924254,4164.98894018714,4364.7601392405695,4776.831335621567,5985.904282044359,1016.1986710931136,1079.010442426482,832.2926397561334,628.2683381141906,303.76149867865547,601.2506012506018
3994.4380033482594,3209.46407989257,2931.740846868046,4196.3156199949735,4521.14464431353,4858.207224269414,6014.048967234652,1124.8260422380972,1208.7425632137424,960.5552018928446,726.1199747132349,327.99287712552683,617.8028643349916
4389.329231302625,3232.764995889226,2890.803783940503,4285.923915251945,4434.508121323953,5011.1774597529475,6441.8729205611635,1368.784813371888,1238.127313370249,886.5846700689323,636.2899659034871,475.71051592326944,623.5773014759178
4362.445021220553,3518.667821932427,2957.4655327707683,4102.690576093025,4218.917195988656,4810.641930703825,6651.016270945142,1205.8532561619359,1223.5113880087154,713.4121155785657,806.8511250590007,317.2535926328983,617.3175735477457
4366.3190256401995,3893.6803479382797,2815.454606437319,3976.808459691725,4304.370556683766,4718.039294108345,6501.745376143738,1141.206732900384,1013.1953572286525,887.0011110989947,651.8718800508957,319.01725138695747,662.582331883166
4475.4559889534585,3809.7005333352504,3132.7209253962174,3939.721274596359,4177.012480246028,4672.479585724255,6421.059563134855,1104.5119459437863,1000.0929890865563,712.0395111038514,648.2464732730665,479.4056084230279,644.2183690619008
4228.664696454355,3850.418629483848,3263.0838513855538,3916.5138736095832,3945.404720302213,4477.379028045229,6365.761651777069,1047.9706929408171,1096.5956527495164,823.7567086631219,714.1424483227873,597.3243498092999,616.5686430350235
4208.321324907057,3892.6421899740294,3449.440498988797,3963.2965708391716,3892.121182420669,4341.301196369249,6541.308667637933,1047.0172062311287,1137.8839365649565,799.0039929154168,773.7618442903195,402.483428291766,645.4744211611492
4185.345149464585,3738.5097685136793,3380.041729239172,3741.835372846004,3841.9834144200636,4306.289153595756,7262.695766918324,1016.2907246797032,1045.0775556232527,852.5779737528849,666.7785897251664,377.07346359780115,637.2239862804479
3954.404993945713,3912.137163364943,3477.130444442342,3743.4937841441906,3919.632489746334,4291.708884049151,7467.542144706676,1027.3485198534768,1044.2315487216783,736.8258243236654,698.8707606570038,479.4020384839177,651.9581003834018
4018.1471168166145,3747.5232449576815,3267.2167700126497,3669.2269096190657,3769.9019834875025,4138.592286624537,7084.1900989064015,1040.0705085597601,1049.0171229530665,1060.3732271550753,704.4240093621858,395.0508768437331,707.9202838617499
3803.595758034439,3495.4424639339227,3539.2423250961924,3549.0411678371147,3833.545032895007,4207.673670501574,6157.206103085564,993.6851184425351,1058.1200008813328,1736.3201087232237,730.0493448867638,481.80377986580754,690.5973001505026
3739.535626562953,3504.4876350959285,3556.658006359319,3890.9032747043007,4001.5484888156866,4389.844710907765,6373.543408009093,993.2149519953981,1417.3560311099336,1946.6063181910154,686.2093385221118,515.6552548479049,665.5165034761246
3642.2452188703587,3582.0679374716997,3109.0026809254177,4047.1406214209633,4209.667989836376,4741.105154448131,6282.296390869691,1016.2731714377003,1849.553745180573,868.3385735892982,666.2590764086585,421.6478110512375,668.5989896626464
3757.5770968770184,3237.621157854269,3155.044828326128,4197.408903138816,4437.7669073685865,4733.217475595064,5787.594804014992,1071.0581838416927,1817.0681135742523,2042.316323983493,680.4032478155582,363.6871902395785,770.0685521155009
3880.8036618360575,3278.5670424159507,2997.543359241684,4141.863373359204,4317.071139806916,4954.210467923105,6282.066770560835,1308.7334018257413,1525.2156230567396,1737.2114277139472,687.0116577257463,332.520551492666,745.9953307235508
4196.038813515865,3168.2541922924274,3222.9632630691326,4103.543894786755,4327.816160794807,5056.395214925673,6466.608923997547,1249.3838834235744,2455.347398450224,903.5199164473638,638.3200669024518,380.58397379754393,693.2202905298068
4470.939996173351,3406.4605970294924,2887.213043600454,4172.932807907016,4067.9014606974615,4819.380440121557,6889.291673352971,1086.8562518745036,2032.5053314524498,1073.745978289339,638.6738629586976,379.4380470444334,639.3066149483975
4487.120888514112,3604.434922910256,2882.888756120361,4125.206993337466,4173.406274235294,5385.332413764695,6553.300957374267,1105.6838013897109,1189.8271517452004,1384.3101108720653,660.7843319148776,387.8418749823368,639.1591640456061
4436.226382041272,3800.588628835499,3161.0044179546817,3941.537466148536,4084.557387318524,5247.558114428496,6670.7109655950535,1038.7213115576703,1768.0710488119116,1596.8475030406132,872.731204699818,325.87025471644023,669.863037699702
4381.106605241081,3653.0777851312196,3418.1368125094796,3815.8944937661017,3917.100870615583,4662.10874925558,6785.004866122663,1033.329016680021,2008.9194785035513,1180.8693383667487,741.0607249714581,421.256141903437,621.2724078635314
4230.362773234853,3858.8049503944458,3467.6537840049873,3875.16475534236,3792.836919452662,4608.621500426371,6562.188538518215,1070.1718839965008,1810.3924472428016,798.6393276228654,638.3866257388353,425.95211122076586,689.2463693631937
4168.8411217021385,3741.012439033142,3268.8886480558035,3653.989196761159,3925.6698907840587,4489.757490328176,6405.2735863435455,1046.516072315866,1339.2009115062456,1151.890051192425,659.7144175599043,308.77046157147544,633.8165166463064
4119.927220888842,3625.1440412493153,3493.3631097766834,3588.2667752689636,3843.2629159605544,4254.9264665540995,6394.352511111943,1082.1659448346493,1066.83736064437,1256.9480140071091,646.0456346531229,390.2485086854361,658.9877781906769
3890.0799897370453,3521.7417235731423,3421.4371082336734,3466.7298749475694,3702.0324943862565,4184.322033301818,6298.652460381176,1051.5674993768662,1367.4392777972987,805.8546694953211,610.6288966792155,434.043371159009,607.1148786474835
3840.7834691706134,3503.369254158068,3535.7092776601908,3783.459052864479,3925.2772364380303,4263.257731266347,6735.732340565044,1067.9349894472293,1473.349802982292,855.3255865551279,647.524622156656,491.8070140601646,614.8018358093955
3742.23192169013,3566.6629141806484,3398.537400733206,3805.165829393575,4148.149994230992,4984.230902657088,6351.275260739404,1013.2136937402671,1208.1911815010237,1050.0969618616678,816.3264181743104,555.1201315726379,623.7151715639305
3719.128563293116,3835.621218871839,3151.55869594452,4238.4924635422085,4231.857987032001,5100.941407441109,5861.654447421118,1064.2922446121238,1107.2050396632471,857.7710046886758,677.4553749790285,1011.5919020324268,620.9901809001648
3600.9898213477645,3454.056584204219,3258.636334021411,4124.375530031535,4339.504516261397,4921.060529481137,6189.201617268811,1221.640681846681,1272.840290800416,726.910457780337,783.4218578610055,450.20404210160194,597.7532128150646
3995.3495195776363,3611.422697751372,3156.416544938895,4231.827975546137,4327.3730258442065,4811.425046322365,6463.035939048229,1365.1495719497264,1112.1770457379707,757.9917453423997,668.4561817265604,998.9798353595216,696.887531017732
3999.6378047385133,3450.772923424064,3165.287137135234,4088.9301216739964,4255.039256805343,4685.329496602714,6709.438178275945,1102.7418210103822,1095.6529953043644,879.7313296919677,666.1635250967112,1110.255763148814,649.3144504987714
4261.267222824698,3315.571677333055,3156.3429673954142,4208.064140644861,4250.643450458475,4645.772966812379,6654.29774233122,1053.4805446261234,1170.5491482957952,922.9917576382666,703.1096077805325,542.078451204425,760.080737939389
4517.818391400076,3632.145826352031,2831.6385659869734,3907.263777939157,4158.389660709835,4528.3770609119265,7127.037583230963,1000.8504226373288,1213.680075698848,746.0373996194796,631.3948861675916,572.9906576944804,633.5884306145048
4390.339941074303,3910.3673409631624,3189.36375177352,3934.9252491410157,4018.4354453506694,4310.580166887566,7417.577201892853,1086.6205904910769,1164.6853940371632,914.2991998725759,634.512797141229,713.8563990462882,620.5792356492386
4310.366935393111,3799.245778759185,3684.985199140452,3812.93046296836,3896.6145774470483,4353.054262207598,6409.418560245546,989.6932832545201,1212.8268743732492,1073.4896303760463,707.1333638043278,815.6103302619551,623.316776935118
4190.498337048313,3685.668927695193,3728.4569138276556,3744.5301556683016,3826.4633260711707,4150.753115800002,6821.471536820618,1124.4581069053988,1309.5998725142529,1051.786130238046,644.2279224348047,813.9033189308177,625.0964078877805
4174.4093772832075,3845.758688401599,3525.9219200419043,3738.8555695847376,3867.929446998181,4246.650088197478,7170.424488415358,1179.6815973341443,1263.083476044435,770.8847748934052,1056.82153056485,360.8859568858711,596.9682949456304
4171.530633538322,3658.3662400145263,3509.3129929237157,3680.461198984064,3783.0419781790847,4295.553506680271,6104.289547420411,1187.639562385818,1070.20932943043,810.9559965838868,972.5428485533481,568.7279870882181,702.1156906932733
3913.587720599394,3760.398591391026,3371.0101294337187,3650.7797754294606,3662.711693675601,4731.133281333187,6429.934597760279,982.5929707254246,1274.6153316785321,810.2568394891277,851.4276484032744,568.340993761442,655.9971586674538
3823.0567784160016,3631.018801609577,3542.6567406491254,3593.4862953048137,4014.4620766239073,5359.028387732262,6214.251263094691,1150.991020466374,1398.5313023254014,864.2142522172896,744.8699531758361,514.9567454454398,697.0176432542024
3685.2684417226897,3363.828638509437,3398.176939673958,3822.092124579922,4173.316854128094,4571.639560886147,6340.578565189617,1044.6981213841614,1293.6632021769183,1094.300227920632,773.6356892570609,323.11465384695344,627.2369477952733
3841.914792130832,3395.3945121489523,3121.0003495695214,4015.053097687975,4291.424858410389,5613.670107201489,6285.877399557553,1319.785981177735,1049.2598604674258,871.0403183674609,677.999017083907,322.7480615253647,606.3076171599491
3780.804579361648,3245.153430230232,3425.553208959587,4024.1498384124648,4244.447191944403,5750.722055332841,5920.683520226672,1264.345746616925,1095.065461487511,763.2720322102416,675.6373444407106,398.2702396143485,617.5095006923685
3559.4543467726908,3241.95841794499,3028.3923428711155,4171.775991105749,4252.172615717428,4968.84712046747,6140.872293058085,1025.1793498160134,1053.164860191331,726.7615911722986,656.9896296218992,547.8645934397515,619.980588331572
3829.1656235088976,3172.613337700724,3128.184832505929,4139.73421562489,4129.6105041348965,4605.733780690098,6508.489277616163,1056.9600098774806,1049.793228708311,695.305991062637,877.4640949520974,417.9083821867269,608.4471942940618
4113.815392777496,3265.438880235202,3120.4776076449148,4053.186514234065,4219.94045593233,4934.242048314004,6598.839954743371,991.2580975978211,1079.227627068226,717.0310160210299,955.5336205549181,527.3711143667446,640.3036090220712
4270.176076435312,3457.9458032385396,3012.8091391508,4040.886857834278,4029.9243936034845,5121.93988737701,6499.8310865065505,1018.8761324975789,1206.8350017895905,720.1952264746144,814.9857317378656,430.16393108646474,673.3117229871476
4281.875147466432,3651.3882493025967,3181.0441250026656,3885.5291483761434,3971.1495757558378,4639.369522353158,6780.497745615912,970.6158444071847,1091.6349289759034,804.6621031513668,698.9820276828693,388.7786216833107,684.9372166637131
4195.320499976276,3640.7345941243734,3335.250352336854,3766.6379557852447,3885.181004204272,4253.18472152305,6568.184018159056,1163.5510142485505,1089.0079785184475,807.3925376500993,668.4195309233268,301.4946219230496,656.9867954370235
4163.49971932306,3775.5373631424713,3388.5645471831617,3705.6831748908057,3729.0243901750914,4490.180530915565,6233.382589562445,1160.4454372429739,1078.6328162389068,703.2096402198694,665.7155607887327,401.4787150595875,635.6843138452334
4268.5983205026,3774.08096826728,4077.902160900423,3722.28329959364,3707.890825914896,4537.934723538166,6440.271644208454,1113.9032036260282,1170.580039725057,705.0450922094415,699.1636127127948,434.3012089234897,637.1910386077163
4047.270350379279,3522.121952284371,3661.458738969515,3617.1248727792727,3663.843472771299,4268.547054081767,6248.632333521977,1072.8538332065339,1085.4859477926493,684.7644289802589,669.7712587593147,444.67053547777545,674.6990025035856
3882.3538575378752,3711.1086791620205,3847.2808461047844,3597.6857331659817,3835.0424136057827,4111.54735418575,6054.128658249334,1073.4068897030197,1213.882268538821,719.2764674587692,739.8278469156821,364.55057777334815,628.9641065244377
3804.1489670063493,3700.0415598247528,3340.0648046445276,3497.230394865073,3998.135381426922,4549.813770583978,6072.538733317295,1195.4269846096147,1229.6595902334464,769.3159529729834,843.4528897888651,480.75350758366636,631.214288051757
3690.9762317966115,3496.142221631881,3381.9255729579504,3797.9685267324394,4324.163220152909,4675.696347931622,5778.619509783101,1117.7967797409417,1073.3535402933048,685.1633604495194,759.7027292923475,417.23696837264896,719.4875912720377
3806.8192205388495,3295.1025537119694,3118.5735773289707,3884.45429123476,4233.532189486085,4777.450357273548,5882.48617320277,1025.7123331791372,1069.1769605405161,674.4304251121264,698.4101894925248,402.67476953931674,661.2828748737779
3712.6254228232274,3254.3140952577514,3289.085327286154,3999.221118155643,4386.948693697348,4806.275274446298,6172.599918141529,1094.236716414903,1224.6937139298043,690.9895794307723,784.6484862528619,316.5282992790672,655.9974082522054
3471.897425659503,3280.213110854802,3121.5580952954047,3982.237837310301,4254.362895608153,4701.226015169422,6220.856801718468,1085.541256080883,1239.833069124956,854.8252789936708,715.0415899779706,336.161403231682,614.7642709040878
3879.36141707535,3218.4144090669215,2906.806759954339,4081.5633116305535,4287.795860137496,4882.005532494441,6244.190702402828,1002.7268101328442,1028.165953573127,861.4996846108832,826.0571696199922,343.85359667885484,616.0844307951493
4124.307242174887,3272.5159086486906,2987.6963816153952,4012.9687785587334,4158.206359492436,4665.99308267406,6454.651512639918,1010.7388462369078,1140.8053136200078,720.3693779311093,1012.5253572423001,303.89573803617156,604.0684866073152
4110.010778510838,3556.0551203859072,2866.191580403088,4058.0831784549277,3969.2792793238955,4442.510902830979,6434.4440728847085,995.3210932890099,1109.413132451871,875.5071172699784,965.8670987597317,336.9822217015612,607.9175650680693
4242.5106306124135,3610.7543999826803,3268.1444411383004,3808.0216313654796,3841.536336540889,4340.985265288055,6424.769495531187,995.9406023698938,1030.1596298897698,855.9483125878231,1362.7019679052357,385.20421403200584,613.1644670422922
4156.43896627929,3524.546392378178,3278.375342457129,3721.272689541838,3992.8741092636574,4215.507617316635,6425.648325355565,1239.8906842363485,1059.8415629367685,768.3711785523452,1201.6351901511186,321.0898114711548,621.6421258976583
4217.250306071907,3726.8761017565025,3489.507466510165,3715.5180305805898,3866.273507019873,4177.9960682893225,6291.9871188079715,1195.3386769981255,1095.3633659922375,701.0791806284935,907.9748917147288,298.3727586763195,680.6954859860946
4211.119903959049,3622.744860486554,3551.903858251841,3646.839888176735,3781.560603775868,4042.622400851992,6291.856966128622,1069.2236813075779,1116.8158272761393,744.458706517558,1591.5242007832085,294.11713575545804,721.8562244188153
4002.9130257933934,3740.886821412859,3606.474947737602,3731.6855953668874,3626.8197479661208,4023.07358269023,6137.303108498651,1084.2004548481923,1096.1437175729795,674.8632235034858,1401.5717512985275,312.60492037662834,618.2978834642787
3870.0584801723658,3597.6779599315537,3761.2095903977847,3560.308059896248,3858.509815161029,4223.149489732894,5951.203795925966,1241.3000927852484,1134.8401453906108,856.4672375443694,854.5915141183075,293.49555764893813,620.5898810399244
3842.446849212406,3582.8640596896535,3444.889455787179,3565.247053539222,4154.605025230176,4513.852343942223,6096.516741684455,1084.9137819197679,1182.7234498456933,801.7355804177629,955.4372892015996,310.6190377318411,647.6283520839421
3734.8300876243634,3402.4597123764274,3512.1455852724444,3930.652270870644,4185.148795709101,4760.013441550061,5793.012221174518,1400.9520612683198,1099.5341063248334,745.4994459901113,1315.9673999844433,351.9029030667274,628.0553505546828
3881.012112442792,3355.89053419031,3254.3767028210696,4045.4866909762172,4231.951247878882,4902.730487286818,6075.950130932196,1083.9802399435423,1064.6576875801925,707.7253170671427,1058.460375760988,425.58770737983076,644.4232602478552
3814.304851080779,3268.6130884831005,3247.5661166950117,3941.410878219394,4293.752078758655,4783.6546780478675,6204.661346787459,1054.6691685202288,1043.4201023021326,796.2144569587778,768.0712317607997,333.50915216960436,704.6202099731349
3568.3218143911463,3449.020025910255,2980.6746666799613,4010.537105576257,4207.162574350856,4755.690602920757,6299.668582421839,1108.6337296517938,1058.875693616525,883.2058646799418,758.5727782776664,304.4245743216079,607.9959308539485
3689.402817372509,3248.2945195344787,2916.79833858522,4147.777425630084,4285.034464184271,4803.741140985685,6432.203297149079,1037.3899533545612,1129.4722071054898,759.9124407471074,1016.0005746062328,330.3956233744849,672.0414668496923
4058.2768850260904,3221.3366225340515,2982.4247458282452,4078.873796976668,4224.989054562325,4646.053713201885,6647.831096265082,1043.8220883278789,1124.421318292304,839.3085872677937,905.5866903257192,289.4581953994305,633.7974825899628
4249.290353352998,3596.818213978724,2885.966163756089,4074.3759606942476,3978.398731702088,4420.935298987863,6562.919593257821,957.6859181080814,1042.0997536388452,836.6336860821463,634.7348579817018,298.18814328450196,616.9128958570222
4194.599632389823,3592.321468016917,3039.624561079572,3801.3298892855114,3945.582804859659,4308.089704282419,6579.862941486557,1152.6922310059217,1039.657976714403,717.3361607741336,872.7184577996302,268.7335540979085,623.4094061495782
4253.752465136201,3805.7425945878063,3032.2226290735994,3784.9521349364277,3796.2326325701756,4191.97397308299,6648.948100300543,1047.534804309865,1084.8469862673535,682.6190356049572,1076.1829190703927,400.2610749066428,652.4657271004168
4144.540386720261,3586.9729755548087,3409.862813824146,3686.454741301614,3743.1538350917995,4190.884039081996,6320.272047963398,1072.790866542995,1018.0108913605939,758.654675002659,645.844132758336,308.6475065513736,606.7093747031297
4150.644129988588,3739.1339668429123,3302.464139045008,3619.4427198340327,3795.7749131575924,4009.8230369700327,6232.194175135717,1043.1603370667672,1060.5696353755795,708.6027676443961,643.5876949742875,337.2692717974177,607.9275675459584
4125.135619739381,3610.572903200767,3398.118806605067,3715.318741923548,3584.5437739653858,4247.368274619775,6068.243811001227,1110.1625417826463,1210.1364137138423,786.9969904832923,798.8949731920458,290.9755178243831,610.9977557246168
4013.21731951882,3785.886745028462,3252.116124175998,3602.0430188797463,3821.4151532463784,4448.959163282311,6021.680536480464,1052.0690319128698,1078.1457557645099,751.858382824185,902.6879608696736,293.4412591929064,625.8837047751168
3800.158332798422,3670.778720123362,3501.4728699331868,3534.9929136678866,4055.775214810173,4732.049218282622,5928.372085632327,1054.3245237111992,1131.613319535367,746.3090257232088,795.1054577785812,287.2886170872755,603.9699820263522
3824.3234841623052,3430.9497546306093,3463.589725723088,3702.7474156314856,4163.603253411407,4799.643708875672,6179.249429143494,1069.736006576443,1069.9708120961293,772.7733089505966,628.5469756295867,323.47502404506554,633.7727398311771
3715.1538450515945,3443.88824525227,3313.329739787428,4024.0884198766566,4174.226792550692,4892.854179877691,6246.836765084409,1099.3008187541143,1069.4419039044394,736.1055868456697,771.8633201378956,278.58702050307846,651.398100763176
4085.550674669028,3274.3940290613264,3247.1832596694862,4069.801296958009,4197.187167076837,4839.673691342007,6606.704375747501,1023.0778408413021,1099.398293247,824.7944623636602,945.7409283079153,430.2232434864452,662.0208898135179
3797.538010755569,3392.7828625230027,3257.1775111955176,3944.205888298428,4231.489265447989,4812.469781959892,6607.2801236222185,1002.5304952924704,1207.8826163806189,805.3324447001052,643.9964946847894,308.13872654191994,620.7520835578773
3534.9072375357237,3256.0768978496003,2967.1537081156785,4235.66447116314,4193.188587821428,4842.782336270748,6864.091999861225,1002.0799597203869,1144.28843174598,716.3735901117517,868.565671087028,428.1406561275277,654.2037034283885
3841.3458797934704,3183.0175597223706,3241.565216952142,3947.2350348726914,4130.8674063114195,4527.435390297386,6437.72454226315,992.280793735322,1079.0181644776903,766.5471304475884,774.8230465547368,373.3668835102225,617.6977146932883
3943.057233475835,3411.875791182772,2865.5695564992548,3881.392023572912,3874.066291870922,4482.497665358997,6466.851042924966,1140.318580355115,1068.6783756034456,751.2297915578833,817.1610582518708,382.88378466036295,648.4630288702932
4240.19793490077,3597.5654763610564,2964.964897671132,3730.765787878735,3857.596950104235,4373.468893730333,6513.044850843971,1134.3352566318783,1103.1257009906017,704.300483758581,676.3964072211285,290.55337453398016,627.7353750069351
4309.937437365633,3655.4613263511583,3089.856586833089,3807.554795093424,3735.1807883500396,4214.500234453956,6672.695206028539,969.2207996741288,1077.3901296573351,683.8570926594574,739.1523310002447,377.7503295238394,656.1623659816844
4156.084137015145,3695.1042870371534,3389.50332616473,3677.9663282731294,3743.0545727842527,4186.48835401191,6280.662740310604,957.1261889879855,1121.116832299063,693.8066969096876,790.533059974815,322.99748462790905,654.0622245897213
4318.8597987159765,4055.61134817354,3395.4778000792207,3661.157657319939,3697.981288495938,4160.669266490038,6174.995008033537,1005.9173147538299,1100.5702499549384,723.2268868070482,854.3568852306057,394.0229217323029,611.5866242593605
4146.161679570341,3878.1036302721573,3307.5247445019195,3702.6887373270933,3663.1699514845077,4471.785065119798,6258.048370781001,994.5916566013914,1037.6107155398076,803.1951085603365,645.3571844704696,385.82457019453074,616.8025591022174
4036.973295649848,3723.8308170464616,3259.4476686705107,3780.619308037248,3930.7786281111225,4660.551936820225,6244.68987127252,1011.02147268956,1090.5221405023192,746.7080277452807,780.0801840551057,379.13526427752674,622.1410328505378
3790.2130625248933,3740.784365048203,3389.2084741682647,3806.528635092126,4152.2009052813855,4812.0611191101025,6022.657495587571,1062.594683633974,1100.3407263862352,803.9482961766037,661.3215746348075,288.49150875386687,618.0418041804184
4031.5408402157873,3702.3726772376067,3577.7998575363367,3888.024115566124,4206.924450786825,5014.647657367874,6389.830889477987,958.745435247487,1243.8114464669318,752.1273779551469,681.0090870212306,265.26820057799773,770.4288047504197
3940.518677135378,3718.7076787257747,3193.0677715375678,4184.218197054795,4195.479622990221,4945.105629790313,6614.88251956041,910.9703555180489,1159.0685367154945,768.5227977856453,619.9909795497299,306.3874640288138,643.2602887748766
3771.39162755092,3527.812677726699,3224.791696981112,4157.282225979277,4066.9180583361954,4823.608002583971,6561.304478877446,993.4401658063276,1150.9015621976673,728.3172943747517,672.7581996938744,287.52880634673517,622.1084652457199
3545.7118408205156,3832.5970322779494,3249.1610311203385,4085.2141214520184,4236.443678852628,4794.362729341685,6407.240985005876,1060.0324372969776,1336.721551072764,703.441531321504,665.3816589006245,262.37519892849326,659.6652382649413
3563.0244200617467,3508.448284131751,3029.9080112579386,4332.8156012695335,4105.722058981713,4850.321581759179,6665.5668715322145,1152.1129149585752,1247.1619186218152,725.5117346350103,638.5510636348581,362.6490168099806,657.2666791027293
3534.6767489321965,3228.7766118268523,3016.8177540000997,4307.616297253203,4047.201202062755,4849.164094086933,6622.96100668013,1030.6177932837722,1074.9709332639127,730.443381141984,639.3155091396097,457.72365484013307,606.9490664455284
3999.642447122987,3304.350302577029,3009.132228515486,4172.858011429258,3884.1116855301234,4684.694908129911,6284.389033014353,1058.7181208650131,1159.193162264421,722.4539589716204,774.5784318418275,394.02035272137573,659.1904722904411
4178.089973872267,3397.981776752315,2850.7870238584733,4001.239334572668,3778.6641087682974,4572.73011324414,6763.029440163534,1073.7624920612463,1037.0483815285445,856.6806893576494,638.572922246124,363.831996778097,647.884481640852
4115.748156651431,3778.620400595824,3133.4901198499774,3818.987860048688,3761.526163293565,4502.327451500062,7342.808501042901,1190.21375252435,1166.5484695831447,1014.082042447934,644.2186145309012,319.09796502461853,681.6260298775342
4220.315259997098,3572.7273044047906,3311.6633221967904,3822.1658935635805,3720.8367809474203,4427.94132824458,6574.032279370522,1049.7661435849805,1107.165756630956,945.5362905701087,661.4765415291828,306.24289733001876,660.238835100407
4424.354010016392,3871.262297801165,3442.2159933651856,3686.7542910633847,3564.81585752419,4700.869016167355,6048.895264277841,1121.95224551638,1117.0518692903113,851.9739217857389,651.8355011618845,280.48544191300203,626.9685268167267
4335.538397878291,3735.173549576642,3276.3814140912214,3675.8438554893755,3680.5535300503934,4896.996376546095,5960.4171189186745,1074.5331058094066,1062.8119770566855,765.0107746478446,621.1857939018698,309.2455678655222,627.3035384720262
4638.685424796523,3771.42063342072,3284.4758744678034,3525.176880304502,3965.910200290766,4888.435740729454,5846.461519282766,1212.0587365334957,1079.6813163016939,954.8145830798733,685.8206851530396,393.3428365258362,610.8111009590049
4538.181424950024,3894.1966561014165,3431.5950715406143,3565.690780457998,4259.480620178082,4922.047713643201,6133.418924922466,946.7760890528925,1136.5223042107175,780.6255214337865,623.1946747269004,530.3653292727619,651.6646924829847
3959.209991704014,3448.375330935727,3595.7119797490172,3721.0973718487908,4281.983647249982,4940.942392725583,6123.1411753999255,934.7576800048278,1159.0325821214883,996.4094349076482,796.8971262816392,325.1308650937855,681.8060415950822
4407.831749390453,3600.0903985461914,3191.280523548668,4107.834375070503,4347.2773935855075,4788.003581754958,6668.595115499045,1100.1956273813826,1071.5061633672192,817.9204306766256,653.7051081721606,316.1900141079085,608.8958695737837
4619.624223472068,3980.1402504997372,3067.1810758569545,4368.179540416115,4088.034003678534,4775.205304888041,6656.59548653628,1108.2795909401195,1234.74844850082,765.9221680932153,616.8355711622739,274.7486445685181,765.0855971232883
4041.6400447934493,3787.2632111069643,3177.801434648895,4755.825800579159,4303.62849123579,4696.959635556125,6605.0239438590725,939.1887814826886,1261.2498965869443,733.0341340894616,632.9682899492007,325.6924189766676,735.8953425957134
3533.5601725820356,3838.3587630062725,2950.9166706906817,4515.781717568153,4490.545484291726,4514.341469094952,6593.574362977561,927.2759150016071,1092.636378185049,749.8438124210322,620.9767997540999,298.9681544563088,641.4014214801077
4311.496859156781,3527.0423927545853,3069.9488842041105,4093.8175175971683,4080.877610764472,4506.752195136903,6754.263991433933,1053.6105565385421,1091.2320167036003,707.5319539188864,674.965586622394,399.86825621347054,653.9088030299816
4741.827347231991,3508.57032845636,2966.458643395673,3974.1873876567397,3952.704845330329,4423.902197531598,6399.366204934793,1009.4937189624636,1094.112327191468,738.4824265520775,612.2047421053061,312.98435199310006,673.6752402659856
4644.660288668508,4052.2168358271338,2904.190064276578,4555.291646213689,3809.3754932635456,4324.564625254303,6258.452472235077,950.9504227924882,1078.0144520169163,727.6775833877165,659.0924595333569,299.5845412042935,683.1351765709584
4400.30807851778,4035.9111424403504,2983.822598919938,4761.679816406182,3728.6001084612885,4162.295789190132,6258.643020136457,1016.4011914043507,1165.5899043356378,833.5660788485973,722.4104283860244,434.0507771209029,678.6907992627466
4338.726746101114,3731.7458733864937,3433.062850423204,3976.289516011268,3608.578887564395,4264.926397587305,6612.159854032712,936.5444888154753,1200.504763321835,981.3331961229441,659.3288854241323,344.95955642401645,658.1946494249947
4335.988422471648,4271.702366835811,3267.9573635493366,3898.040190006329,3750.33418178624,4471.984205022553,6308.302007751261,925.6767727067064,1050.0630693752441,731.3265737113991,631.9147870625748,297.0374381361993,650.1246382199182
4315.632399412421,4248.780909612773,3304.8569370751466,3815.051446007078,3775.4328679598643,4656.314190621409,5848.274215075291,969.4284055461993,1093.3487763951862,757.1355763787811,676.9177702625766,282.5699460540663,698.1119282414754
4436.534857999852,4146.704721577192,3290.998553127974,3810.9841096198616,4029.633344395602,4806.259062526254,5668.585760676362,1143.9763069906412,1023.5983659706404,713.456176930682,636.8358339241883,302.9192789083015,744.7297557974645
4157.299122473252,3652.278997651457,3280.8918479792965,3768.2937207383984,4114.261518613858,4876.427259321158,6416.3800447621115,1308.945753312687,1173.1842774361605,892.898362466722,608.0209049593745,321.0238944056181,705.0966088996976
3910.6311027044285,3843.619621205377,3308.4285131488327,3812.7798225784345,4272.109615363423,4764.732545979535,7101.319621224494,1225.9924243703153,1087.8284761894977,1326.526739685418,604.8672495630678,280.29520303048804,696.9666697573235
3813.134496839629,3642.906309847995,3332.9230125205277,3917.3181257500664,4277.610109111762,4704.442550893705,6811.632677687946,1835.8966206343027,1176.379739208271,1473.03024586556,773.4319314203777,325.27628378149586,624.1869333566979
3798.1900489609643,3468.0925542277887,3157.931490232494,4154.058772299085,4160.919529833707,4692.916240974719,6576.159209111329,1738.7387684902253,1135.3667870559118,1378.3975563649271,653.2905807924684,327.07791127158356,629.3047822243684
3632.8727689823536,3279.7976176801853,3252.9973489098847,4181.045775881614,4076.4638776559405,4557.573911208531,6824.179494940024,1704.027365726594,1160.8722334713827,1104.4289088813764,763.1276026775721,338.3948423280193,695.1236223500855
3742.2442453888993,3288.743882544862,3115.443798428668,3978.2809394779624,4197.037398061965,4476.29048698833,7196.2616928029,2489.915457560303,1117.2820685216027,857.8608900166627,635.424467079292,327.1138152005894,647.4692171561807
3510.8954320838016,3144.7266808650606,3563.2172824741706,3985.4259286740753,3939.9410961222898,4347.930895364566,6317.5695875545025,1870.8926809496209,1331.668613679832,1380.0911929295528,697.9757483128764,308.7699993256604,669.8897537049509
3809.5009509926044,3164.467272494591,3040.621823551688,3843.2981292368568,3756.0615003174244,4290.397017697924,7953.517461478097,1172.2109142188162,1118.6903115242162,1187.9537510083355,624.4714805882389,300.1651338958081,635.6211289562765
4106.840094927622,3272.4837226546683,2940.9360345214454,3780.7707207736566,3934.685247546689,4203.809468021751,7173.905334772853,1885.209514572617,1107.233518588817,803.5955679355676,592.4229366021701,276.5554603130521,669.8701443035418
4287.950194130468,3519.0470937554614,3086.933565218406,3771.3702332790835,3651.867454260032,4086.407698126593,6256.70139104643,2339.722029881179,1166.881539967705,754.8693647235322,605.9910606787134,325.76893999413227,669.752279413342
4362.61040891083,3558.7765698973985,3645.1266421166874,3745.7010171794814,3517.645662433489,4165.631900563415,6413.630634324055,1939.2442659729427,1198.811881730342,1158.8494539050942,778.7640065141574,328.7208840144293,819.2791215411626
4285.425780759589,3791.1570834332306,3433.954518867994,3528.790886023795,3662.9751267303936,4526.794796455719,6326.649041316721,1136.2166008123706,1139.2570301429987,1111.8165784832456,607.8526369608359,322.72849792805886,857.2253509369551
4217.538965225502,3677.6845127315833,3692.16408253632,3678.7743346678485,4023.0482622664185,4611.095109121629,6225.7071940172855,1481.7734058421242,1042.662149476943,743.981907123091,843.4801589594446,417.5024909742546,876.4441827728251
4176.083293617551,3796.056224284283,3636.2677575074918,3576.466190273068,4456.789911481053,4804.163870331279,6086.325620781031,1615.620663597632,1192.6917330123879,745.9157952422901,689.9143142419144,303.378397793521,1044.0119790410652
4169.916714871271,3598.484347281753,3381.110341909926,3542.731582860985,4731.731861974805,4756.525092536215,5945.92126717913,1361.4778806525082,1217.3990382774211,957.9242854382678,692.9742838228437,295.95991647707086,993.4889823595839
3952.9162356515926,3790.012459710458,3332.4196920688146,3716.4685833626354,4818.426170321955,4698.628144533783,6299.02863896544,905.0168593105543,1185.0933411533792,909.4621640424208,671.6400134313251,308.9532463268584,774.0281333950734
3895.4645085145844,3544.2263785723535,3311.1755697467825,4011.8572850136275,4168.35451616196,4771.044042992998,6596.498922924377,1114.378610427385,1110.947262680346,775.4741671212608,695.2113193456106,343.30340627380775,1301.668795232013
3841.2405390437507,3477.2285832917387,3242.468232781082,3878.667228005407,4560.884357116163,4604.3978025198585,6657.49354005168,1214.0167903354213,1174.750068473379,818.4814841267947,632.319991445927,306.12363355528646,1113.1693140328814
3706.085720582334,3428.767472130042,3073.0368041474594,4094.1494135234466,4855.971837248339,4409.918428669395,6749.254419699331,1294.6510204442334,1122.8266781605653,850.787829996036,713.5080577723651,404.4886554004444,667.2574050436174
3668.375318555484,3447.830490986401,3015.1520337514967,3934.7128307037096,4400.904226104133,4349.886947161318,6648.78916069527,1069.4027651864671,1173.2620969460945,866.7937148676766,654.7910170673738,455.30326996186966,841.6391402699732
3664.7007185828015,3227.763342697423,2907.826404525235,3922.745906004936,4064.3698662771235,4260.478820786049,6549.467469949941,1229.7643658740867,1150.5248002065866,813.6182740643579,955.155285324553,519.1993558249555,910.0538713455509
3940.113886180607,3273.084479371317,2845.210075289954,3966.5148792650098,4449.55414200428,4208.32971045996,6417.195508350236,1297.6717945740015,1089.5574470884972,725.489123873084,699.8185871139877,473.97337450038395,869.8364652105225
4079.5459040760625,3267.641480778596,2808.809941948006,3941.6597204079007,4297.932098674452,4021.60189964122,6320.04605541802,1074.2080455990354,1378.241161657873,854.7399678646246,671.1880802177552,448.0602701809139,820.6315379404745
4176.935843599348,3351.3232206712782,2879.6959450708987,3695.5278861173,3874.436205785711,4103.478224007563,6165.126769592091,1134.1308247060326,1296.141789087113,867.9175749484583,641.3163191975448,405.2720385887246,659.5315358264579
4355.411858719066,3775.90990207293,3569.333447910401,3708.8187653671675,3564.5108025611516,4266.8740965481775,6253.206149623893,1173.5361005820819,1213.1212607051607,724.5688401899494,695.2882657593026,324.8850730738847,809.2331655358973
4312.892254829775,3881.103060858732,4241.33953536651,3513.010446343777,3895.8830337200866,4544.997173609704,6217.908436126376,1103.6506209489125,1097.0092445099476,674.565016306223,621.6965515973245,375.5528175098412,716.30816684522
4359.664238446621,3950.017818608898,4300.661824617936,3586.137322970636,4105.146661731725,4646.5831872801455,5695.07766941893,1046.5860788016057,1148.3378902881113,700.2620130646725,620.4205264747775,340.82939051396266,627.9609657617793
4262.87539325484,3804.6471264941024,3995.980326370367,3469.2450017527894,4189.374471894277,4921.974515982007,6173.458334703527,934.2102168151577,1104.3677048799343,685.8335555242353,718.8048008122175,315.546027250679,701.6424066765776
4161.051304117209,3695.3336390218274,3386.2019914651487,3673.90157839375,4412.601387092983,4806.158172648979,6341.393729748888,1151.9185394921158,1154.9250528160273,690.7432663451286,717.7062738004379,424.8062935876502,784.8018260003281
3901.3708421155466,3660.032319768507,4266.355234606046,3827.368124856286,4557.319223985891,4682.018159203543,6422.3274825129965,1208.4831437665327,1145.2570902229952,721.9412053146889,665.4343977745586,505.97818489754246,682.5932519078933
3891.0269903092562,3603.6043051498505,4431.101765767542,3992.6451273969,4277.83816323752,4630.405043190115,6764.357467392857,987.7266642491956,1156.5660399341655,715.4922877666777,769.4101331550509,409.89317803133895,599.9914969338716
3695.84995539698,3502.1079060889274,3410.465626131848,4063.3732249129184,4432.556504202572,4444.3214152557675,6619.467199376223,1041.2913453916553,1154.257553998436,734.7891557331691,888.5105937152675,340.90550297060474,626.6942399925314
3910.377360296227,3346.0199027957724,3433.166210213961,4357.452399914118,4306.012004095544,4274.696288528116,6859.909894378342,1254.3853960912431,1103.9754304441674,709.1266406287962,725.0350802662236,326.47301044655455,765.8700979503476
3772.453515003098,3400.3539893364514,3744.6837689498243,4334.379475204286,4238.229552711438,4522.148554298368,7289.821627764946,1298.257068771651,1022.3415978425379,753.2439686000914,726.1694730695457,359.1408071719599,644.202753654127
3636.018995132907,3371.117616029432,3302.7110648941757,4115.212824436225,4016.05669512709,4278.99625699303,7481.137830433223,1168.9859607429971,1054.2983707371818,729.4343615123901,657.2342762010293,400.12923178523715,619.579940191787
3944.31362014602,3234.12854312026,2980.5177518366236,3844.827307595108,3846.342116936073,4148.749316975595,6299.008044883551,1218.2402473197956,1091.3692736016203,740.2063516362967,913.5099572483532,314.6853146853146,608.7694875004412
4112.583033399674,3269.688707023074,2997.4582699029834,4151.456682431564,3763.24232706893,4019.5955612860803,6290.201264896575,1499.7321792861492,1158.1818765963721,788.233832170563,739.7326503060532,352.36244019671955,660.2832190664112
4330.464233632118,3457.5231995629506,3226.9575228144436,4027.6826814289398,3687.7940266058786,4071.1311492080645,6031.962729121303,1284.3734179176845,1113.4906002031635,709.7251152241332,920.358741249013,324.49193780642514,630.0094723127711
4481.447802616357,3708.808942387572,3239.5820250065894,3880.915882385118,3662.24559071286,4381.062559745793,6147.091108671786,1123.1002052297067,1071.2976819022042,752.9602555473034,840.8212861521018,429.52416683195025,618.2540133821755
4263.06183841063,3815.9418844191014,3276.5756034967876,3985.582828070849,3658.669304971555,4384.707522818208,5808.0737970675045,1099.5018115825703,1079.4727464106356,718.7170126852286,698.6107226856128,350.31793933390685,617.4398214736033
4255.934705661263,3884.0532393306144,3641.8245091648387,3959.1782766012593,4102.287592357056,4460.209842078724,6261.104682066219,1201.7061984054978,1297.4758125410008,768.1442333634881,634.8203021952297,331.64282648950734,673.6378980106583
4309.4698862192245,3718.418434354506,3755.9364976320726,3872.5316929505884,4289.306435325281,4695.312407135944,6177.521805081531,1087.77178036835,1232.9626430534074,697.5875635377947,766.8620559383577,416.6913034125089,594.2740233645468
4285.961438103905,3774.3693425177153,3595.502305618163,3598.179487316072,4365.902383141798,4627.371355921466,6211.418761793467,1073.2283507925788,1138.0192515428819,754.16111375868,675.3933980389608,309.7606883570853,603.1976359251373
4046.005775457243,3775.888364198128,3298.5240524748856,4165.1600194899975,4328.923837002053,4524.0054024295105,6352.335056671755,1044.5448723041854,1091.0507999523936,737.5338781904887,722.9199653175651,302.3260089050044,586.5028581816097
3959.937156323645,3654.7068050754256,3566.7460938887643,4491.799437316808,4268.32628243048,4518.557870495852,6589.844986906679,978.3126492101954,1050.3519055189524,715.8659947393136,660.4222599144957,510.002990839381,605.9700852695166
3803.3086501489056,3470.621011766782,3554.118549468275,4224.099664966616,4247.174063532888,4345.999258755499,6782.880217664881,1095.1859243597544,1109.6524254240715,717.6977135131555,713.918081044012,630.758394363975,627.5362137976423
3870.827733368298,3513.2776647851874,3282.5526090761946,4220.028236229596,4412.909154665602,4177.430924332051,6540.005873937612,1094.9268175659504,1113.8023755599584,732.9401496016891,724.2769795129141,957.9583645209103,683.847073822395
3673.2882768416393,3546.325243162897,2924.071504882894,4309.8267912376,4086.0840866153326,4126.388372765184,6471.410724464707,1069.7691608057678,1081.2777794106216,755.9841430449035,668.6437946541947,850.9342194471681,667.1848026361981
3645.9510357815434,3200.805318889431,2931.49043237337,4376.987997881377,3928.431035892403,4008.762800602047,6344.563780606658,1086.6670640922134,1173.9725532408995,762.7016294342402,712.0841760067644,584.43417829828,671.0094319492941
3829.6873871922608,3247.755723948283,2997.455160187828,4218.233169294006,3832.0512723954535,4018.46012741153,6228.388004545454,1167.6282551878705,1588.146834924652,791.9534924443227,654.0222476310047,1112.1127692420207,605.8979746978316
4094.0451273503872,3344.8891996348752,2836.901473780682,3915.903094114978,3776.142085034075,3943.722368535524,6236.663023202263,1078.3206458397124,1200.8491848097822,745.9074900516702,621.2137741752532,879.9963424233138,610.1909133700216
4270.230650571448,3561.809857258282,2847.2893183038113,4018.103958817365,3727.5587167859817,4260.536527174975,6253.621140138586,1162.0677942279153,1059.224247034341,813.5410435321165,713.2519434120186,430.50485642666314,619.3716777641278
4373.068611967771,3831.2874013881415,2960.1233559111415,3819.916651654266,3617.6889524365165,4914.394167117826,6143.756808217923,1124.8202021617062,1187.5042595275186,759.4434530160471,877.5732553858879,886.5723750619717,598.2320156846455
4244.785660950366,3792.627657567237,3317.595353196983,3529.7319643158476,3818.802059776347,5775.476204512043,6057.577239411623,1098.6651268231653,1129.8199527497811,780.6585238227259,1117.773732790196,1161.6323167432915,620.1631012835204
4312.761810446104,3759.3757730703405,3415.35365168383,3901.4491497144995,4097.189054791288,4814.078664128634,6493.094614368522,1067.5298340995255,1173.1748140972836,705.4901843368568,1138.2958065737546,627.5141307063695,726.5870503795622
4312.482099027847,3948.855587301227,3441.288889746376,3617.447492618634,4199.1338068064715,5474.01086113266,6456.712034341398,1105.0837337969244,1164.309967972502,731.8020469303532,704.2611018979176,391.3752454990138,586.4598676182067
4326.792382623024,3954.2836030807825,3373.1110565333,3565.473364226228,4374.858500197137,5424.732792693572,6229.444228674833,1097.9448116465576,1057.6945322337551,729.1726530250021,1139.8740561641457,493.3386483895519,671.8114439093624
4102.615384323559,3844.5852619836687,3360.7751313375475,4122.646680528561,4371.147875628407,4749.567982871759,6462.805231739299,1009.1799964260657,1136.4217601587968,689.8537674845622,1390.2167065245467,665.1371350340556,622.283269349558
3910.8967801945423,3690.480413760186,3456.694556986537,4353.828267729611,4202.588626265764,4447.009005921379,6588.871571993932,1173.0924183892669,1067.5570728744797,707.697897252978,1098.4803826679768,624.4784507941347,611.4002115774942
3769.23315234175,3708.665037970162,3496.5699124241078,4166.411613144738,4228.218941876312,4667.297837191744,6349.717512710994,1093.0226648414105,1026.8398756317974,681.9777501174768,760.360333048164,337.27430683314884,596.4559433970113
3894.9044157785906,3747.0190275223254,3040.206786360187,4127.752430073398,4364.273149007743,4817.437456659731,6758.600429450185,1024.1350747759295,1118.9588584579571,701.8120311708614,1450.3430446315724,476.37655356120047,613.7741399614621
3767.3741947514163,3492.1506134050524,3175.533698250793,4123.779393903616,4017.045528461053,4392.2262641396765,6364.189959933737,1031.2851286010084,1176.9116652481623,821.9232525428304,1101.424583081218,700.7408046997051,598.7614688058751
3649.362618606781,3350.6115413177527,3060.4439072950145,4055.712033959689,3902.0568008926666,4023.8195725762057,6398.150895291675,1062.1606240323758,1137.5387736828845,933.3352612613071,824.754362144486,335.8488569439968,697.8307650818884
3633.5974407618214,3341.484066963997,3039.291266611551,4035.560065920335,3806.5646948889953,4226.70420938522,6243.317959840212,1089.0097235389064,1301.953417641603,718.2026996941846,674.844972481746,287.47258290439936,600.3408815086619
3918.3539316296583,3274.356172452011,2841.8272012101993,3832.212737313937,3746.2474270451894,4263.622794601602,6380.223670572197,1185.273822287406,1458.2232200067015,829.1147241220659,729.4012937457641,414.19585235745876,626.4746076018143
4253.073315936151,3370.3442740473233,2952.0990630210704,3756.028767863043,3728.8642765487643,4457.90755654342,6076.0023229933,1175.1708477980828,1789.467399710776,745.4193092854489,811.1068594259258,476.939228660985,610.7841705896009
4599.7696253851145,3866.617132039122,3072.3217224324017,3667.7936624800204,3762.2842391176573,4580.285355511438,5840.520861589057,1033.1791555684658,1234.059753548372,807.3631519457455,826.075638462974,369.59757187915244,640.4026756770664
4407.546775084772,3816.908824891148,3528.2577063592903,3750.16730798895,3927.4079666680636,4870.963653947175,6288.327298855757,1080.2978005851714,1792.2364091883248,812.9318226904257,719.9951519558825,391.51001382050697,622.2417706737871
4316.00806360135,3913.142208311435,3569.276673048039,3908.9819318772147,4155.187995497246,5154.032441286598,6543.6128450012,1071.897183273904,2147.6782542501905,775.8736499874449,735.8710922692264,487.16195336557774,610.8485925746039
4360.101571498996,3797.375420959904,3379.0646905071853,3788.639259052588,4300.871189218617,4897.0385179915365,6583.908197731348,1113.7331032530644,1519.5815812711164,773.70080134293,692.7149148273046,604.4416110824928,588.401411096718
4223.819773585974,3809.388976336696,3543.2711392421434,4050.40403479545,4342.753272055175,4669.881296750397,6543.274751367232,1052.7901445931718,1349.2218834105045,777.1558675647473,791.0324328392866,314.2500037474004,636.4710089787393
4320.891029820432,3667.303534771221,3299.786967715083,4480.5563005597405,4327.301932806475,4820.149105378647,7447.291686891028,1303.9888619042883,1818.1939275610737,737.5579049048025,609.8699875844444,371.6160257615417,615.737666276237
4024.0554520346136,3751.7538600152243,3425.8100925721,4617.773925241992,4214.538265164597,4493.275044438488,6835.054514692041,1194.6288293215625,2065.4864161105033,697.06435527483,741.9958328745661,445.90703787589257,645.5556636619265
3948.928324839771,3523.785528370112,3453.564780981413,4411.723480700929,4281.173595702985,4325.646699379532,6497.385221587009,1084.486704527387,1677.3424866122446,694.26542832388,771.0304816071085,546.933238190229,612.6120432614839
3707.6735337718883,3512.595702073677,3073.430872553344,4393.293830399133,4137.613273470733,4289.411804604414,6352.892955801215,1008.2300711337656,1129.8143267681553,810.8052373806145,683.1629268771703,327.63597207626907,608.7844625891122
3792.22694904789,3380.790018105183,3150.582100932289,4527.964087773218,3883.6802562527378,4304.922987674537,6451.547437848807,1138.05089762525,1533.2189244586887,811.5919392527596,673.6267144791692,380.3721652219499,601.7213342917715
3758.8177237546097,3476.4560615446585,3046.9624821822044,4556.241529890078,3777.9102488075014,4178.069126139975,6230.345006895465,1096.4454012527647,1803.9963853246697,697.2614768735416,869.6275781804225,489.07389532389544,610.3688869667321
3604.364862678953,3214.9048766867495,3208.7328554120195,4388.80924587043,3839.162393556507,4125.677419384077,6756.026077717969,1093.690619268668,1420.341836744666,791.4790948328307,801.4564962525623,420.94802969001006,589.0787771587616
3806.2302182242224,3411.547827138518,2898.360832972115,4184.935397254424,3805.61850293155,4405.4216777725815,6756.476581962504,1081.663509939245,1139.8260147007754,721.870125328596,743.43748265954,378.38431353737394,604.5863482342825
4181.003175777536,3540.605391806457,3128.5759560012275,4098.11897273491,3665.1226107655502,4699.5482741283395,6218.879634789045,1097.3290637721043,1325.287121525884,729.3847333720366,805.6091541541102,348.3049906455148,620.5457360306481
4307.607639542168,3778.277246761902,3051.496047246504,3991.0454011048296,3737.5441767347215,4770.865761417124,6164.715939044959,980.2572437373382,1234.7253358709775,785.144386173442,689.8457591356091,325.28029029046144,675.8823733421705
4591.674047829939,3756.9268338499114,3369.521560217856,3785.3332470874207,4071.380705942376,4873.988931460197,6082.921039602765,1127.4373174872076,1057.6053883424936,948.9087101388831,677.3044281534269,295.29099302017096,595.6351907016299
4348.500166561647,3802.661960814217,3487.517340757123,3951.490909160946,4330.221354205822,5027.013763904681,6707.037400448891,1101.680824029272,1108.6577955163414,856.2460569708169,651.2764434843134,413.257282087856,580.0454889208481
4362.889484476014,3688.828289584636,3391.557369517918,3763.5289542765768,4368.587176246586,4799.782148165947,6153.18368641085,985.0214611265984,1205.2088541553499,745.3594104369922,620.8172471948475,297.570151944687,611.075142405592
4128.200782965604,3856.4373897707214,3489.8271801139254,3995.655341992033,4429.5578731614505,4670.5553404740385,6481.678410576462,1130.0843907354351,1205.5654070355483,924.1014776142531,651.6589782748438,296.4105719924463,595.1783426195981
4212.776541108828,3923.1355221300364,3292.0298967067442,4342.884236788556,4295.839341824519,4674.010269311607,6408.25321527076,1171.3528460808864,1042.105605063471,859.1876901055643,740.4408345351468,300.0770167924596,592.1753152716145
3951.5347175344214,3595.836624429551,3459.501268545365,4328.9530204770645,4165.981247584764,4404.63422680311,6499.564794289915,1081.4298156768648,1219.7916663760147,698.7611253992102,732.1498565365623,505.7812132507322,609.8694102343186
3944.2387372407034,3617.5910224623176,3281.3908172305373,4066.5878910543415,4166.1914150548855,4251.609567763359,6204.278251280648,975.3013445476383,1476.3793177369803,1006.4179654750078,753.9250445902036,460.20522820679633,761.6664798158376
3748.5751314717563,3783.0697197532527,3284.317526901543,4162.418080785426,4112.662640555465,4536.309579267548,6242.477442011748,1086.3467066429937,1195.5852920163272,1196.1552471620603,705.2273646604361,309.9973348078263,602.4037141606394
3748.6090059085345,3397.665915136698,3318.1974403322884,3890.6125866254292,3899.3374020421825,4284.608681127218,5943.119955740595,1107.924471599035,1069.3098056424953,1024.7136819628938,664.1880323036403,282.79330301450346,665.1587396306336
3747.968452800554,3670.5358326362907,2997.792762491374,4204.399334491075,3838.6577059939746,4135.864333497339,6036.974226750834,1146.6541418942104,1286.1282300924433,762.4438553525548,676.5277739728082,318.3076703517389,607.5376333328867
3860.9974981562464,3519.6543567362014,3182.370822618898,3961.852093740304,3796.0246049861476,4274.542630060846,6411.009759764701,1074.9713912446698,1238.4010700952201,807.3970069946924,661.1484097724009,325.0338658620191,612.0773185955071
3756.2773892425816,3465.592464566923,2984.241797985017,3888.1868518866177,3733.208332251419,4520.080786316386,6980.914394247725,1085.3583937657227,1080.288421626878,725.6064290695475,612.1421116918162,316.86235049490375,608.235661116857
3776.5017714014784,3279.7258984502287,3014.3806907999724,3743.846021242932,3581.112210314236,4702.197501969277,6666.660232927258,991.1714099712508,1079.4438733506222,743.5536359656253,769.5883319619088,307.5100725600479,629.6387813561029
4263.211858649294,3639.487261459584,3155.079874970441,3542.2363868633547,3829.406653827559,4939.829716219105,6704.881288065653,1004.3676625703422,1095.8754595823095,782.6716544935247,632.7664639211127,426.14696268855255,609.1445620323375
4338.869848995512,3878.043619603815,3558.591656684248,3537.2137567708364,4171.027198682444,4908.526139554171,6251.3031903038955,1128.8626287334744,1218.3261391436547,784.9053849870336,731.822190704866,309.41903544731895,729.7190997742227
4544.811191864862,3982.9872911158513,3701.9919847853607,3508.072960917112,4264.738431051288,4807.324673253225,7021.2142747112,1055.1239711169671,1326.2679239995714,751.4278985428223,628.0216373294832,301.41876590561395,640.2062704236324
4285.997932730214,3969.066618973355,3398.1415437167275,3511.6407901334983,4393.980479535575,4780.829282799425,6869.060865167025,1041.0194921116183,1128.104522883704,708.003678188337,656.6395230136047,323.2391358264171,784.9823383345579
4286.785773217527,3799.4570573866904,3346.6292142263724,3402.17342123974,4395.449379730167,4796.294998980143,6207.395725739022,1217.3866255409491,1188.075515394625,941.66994977965,626.0710936395988,361.25962711947216,683.2684674898037
4112.484689074734,3768.2618175282882,3463.5059738103932,3768.2116242529078,4251.974532732485,4495.0246685398515,6522.345700662972,1088.0133183781927,1114.5780103832687,1129.14156577634,607.827590858207,282.82556542987476,646.9574641287574
4158.8235987089765,4093.604078045931,3529.5266857170673,3918.1798756621697,4252.996560882445,4438.770400337526,6951.11351100686,972.0134945856006,1084.0753661155438,932.4097176953059,625.6815992756601,283.0584721090347,631.3398873017778
3917.141411855689,3811.3839633923913,3509.627316129304,4091.27148196495,4142.102347583534,4323.143293738233,6981.382937227869,1110.5872682605973,1160.4553864437944,804.6943352368731,719.9189638409982,317.7574353204594,700.8723433926648
4028.8478397640174,3539.4462864775305,3272.273730995139,3888.4720395307413,3969.6202531645563,4226.785000298852,6034.47845631434,1318.2745010624044,1107.4082454459353,1684.0764242262906,597.5407556802462,373.9980624378046,634.0248059518137
3742.3417738705352,3358.4525167768525,3356.099203909439,3842.224616173006,3918.6079095647915,4085.7784561312346,6036.920510912243,1138.8541154402737,1156.1556777797307,1217.267825613105,770.7967004343575,335.86207951473267,633.3596087013741
3742.306747316322,3276.0823334352735,3312.646462599702,3900.784089622011,3801.5792807852727,4181.687867309579,6014.202019675474,1400.5105424543733,1133.0577512604627,1500.8479695423182,628.2784725182802,277.39327616271953,622.4711927014367
3551.5781820804004,3210.3440488554593,3263.8031526799796,3894.035414945532,3765.8362466369504,4361.372255197579,6050.744890361672,1163.305562014349,1063.679794030846,2123.1115222007365,651.0769190072937,328.7909606013661,712.7869329286106
3710.1500643271584,3160.5618116260425,2929.788163627057,3648.4285081894636,3743.7213612351525,4603.808940778639,5726.574865463755,1081.9825344881822,1068.0368586062289,1507.2786835583283,639.4932514378364,306.68677623173267,620.3196024723572
3631.433613310678,3434.1460676467036,3042.3799583158866,3565.836365925315,3716.681902673716,4729.298898224528,5992.824598302529,1186.6710019995767,1131.8051366783784,797.4958876151436,647.444141803918,296.7574313901382,614.7963424771402
4086.375143943441,3487.1346162698337,3258.048628823458,3535.566353579907,4007.8510772286477,4862.034010003526,5892.715240398772,1105.9460581025774,1047.8586178712242,1368.2046686397741,604.7372117766992,284.00751282765646,692.831414522072
4097.173930930761,3708.2416462665515,3276.143124421397,3548.055094754193,4199.524286844978,4806.633422956935,6431.681599485724,975.3503797139928,1167.0815920755076,1580.7643229725115,712.2419733050787,481.0210659842787,722.1121626688464
4189.165835043655,3691.169295945184,3652.328666177925,3623.60764425728,4407.154430837847,4630.342176086118,6565.823961674469,976.084737618013,1087.080986989546,1363.480840812443,701.6174022547305,292.7022911553427,730.7894569944079
4115.435120102136,3877.5165095757684,3435.4423868312756,3518.3715420089557,4434.066269640713,4807.3302062931525,6609.551441698481,1042.9314406241697,1115.344985855861,924.0597723130094,794.3359877118772,331.3895942252572,650.8638593402253
4162.430651828623,3831.4742533321764,3435.88188578442,3505.514403292182,4338.779820964009,4645.317858191799,6676.916595015191,1046.9384109260782,1042.0117713663321,801.0864793550038,663.1594500831239,276.9020432468431,604.3380569556846
4112.468273887281,3809.8466525238446,3361.121708765254,3985.2524636268213,4201.260480870676,4444.5548883018355,6337.779221454148,957.1280660044005,1063.3381440887483,1013.126041380852,654.5849927096797,315.4996237894287,772.8135746964371
4037.486558635316,3609.6047469441833,3347.2952990130357,3945.4206674828856,4162.500575439629,4301.377235457999,6487.448500485759,960.0121140114853,1058.5513155569795,1006.2353107045169,613.7613615514006,319.39163498098856,609.1149581904206
3881.4602083318246,3462.4365223084087,3367.2936123983886,4075.541906664839,4040.3182368420207,4248.350288025626,6070.50314085163,979.1375399478584,1140.5003061506127,775.4494463027406,636.289048265274,290.4065126747237,659.6750558139547
3820.653652526686,3592.181923493676,3149.854922859821,3908.659599810107,4022.1626710358473,4180.042803638309,5898.480151747372,1057.3147186253675,1095.6347301119863,784.0699628706355,581.5447673484406,289.41298992771954,689.6913262931655
3805.117343187903,3625.103902175109,3208.754850885766,3971.7562223110845,3872.415201719048,4149.645633310197,6086.275526982172,1123.3818543092543,1241.2140206757729,810.5422872743522,614.1182504202653,352.01756352121015,604.1611634895845
3713.96798880902,3352.849210200009,3040.950835629022,3846.2653960564962,3787.5783456155405,4233.999934346977,6312.187803801465,1424.9878486272917,1141.371274628203,737.8711776156341,720.9358877178078,345.81336466604637,639.6691539934276
3511.8272788059585,3667.379751755567,3044.6922641311985,3904.787511563073,3622.494137855136,4508.391753560975,5719.921108200011,1649.7225772645575,1092.7467332381789,722.8670809395395,724.491323541409,469.0935836474478,635.8471228769447
3528.5933610891157,3615.3331132345434,2940.3282099672747,3667.7977457108814,3582.3957285116503,4610.960308843046,5814.61644157934,1531.932932406842,1254.220719342005,790.0448368604416,722.2565441214084,320.99274035894877,700.4038585790599
3657.820110300773,3169.240035200173,2941.0184269103092,3774.1110407696265,3802.2446844000333,4811.950279864851,6157.988688095449,1152.4217163035046,1136.5815112283085,841.11800206707,627.8599582637693,382.1694257709967,629.2042118246475
3909.6092148083953,3589.5133773567304,3238.189757098309,3800.9936379069222,4100.506894749834,4751.7354063286175,6582.074186687113,1307.9732162090993,1091.764676279198,733.4290389293513,676.8852858646471,303.77995452057144,656.1849890682432
4178.303298667289,3872.849252579629,3291.0217849667465,3898.698010962488,4334.902820216528,4674.308233873786,6306.413192880789,1872.0368408712625,1158.627922844003,703.1607935292919,730.677665451921,348.78854388539605,672.1968538757025
4210.153848176886,3930.1205615796457,3628.539990460309,3608.8022320381956,4292.033739456421,4626.311694209141,6698.013021306528,1413.6345524298338,1117.9972400582938,720.6517012254898,633.0898072963848,306.3745185746837,630.1621737375235
4162.769922958254,3788.399760493498,3452.6715525636346,3507.6292084634724,4363.728977946722,4656.198721042165,6480.77308351658,1115.256600707098,1018.0485053581501,881.9929203182313,596.9090839018003,309.0890179232643,613.3712898764356
4151.12416685596,3733.82948621044,3608.7227262590536,3493.1744757194488,4209.34552154488,4453.294088165801,6640.79178853506,1579.806510820487,1126.0289195159298,814.7545124230343,657.087077436397,395.4346328779364,642.8326931748243
3997.1307390674915,3685.338702882563,3514.3119029363593,3850.8384768161613,4114.812516767353,4339.01701980798,6946.023493581169,1689.237493852924,1140.5007950322274,789.8037476345728,673.2199015227249,399.0312190720624,652.6428120725066
4124.136384473149,3960.4964579559946,3715.5764270961067,3928.8128145919263,4161.776060734728,4312.107053992406,6578.660861342025,1377.6961118052889,1181.4109899249925,951.5020106917043,732.0416924291806,325.00163314040935,758.4570739654099
3825.965630995184,3862.2256331734015,3586.6268629775905,3844.5361068671223,4045.5869043867724,4241.5134275061455,6403.410147036627,1153.865037435742,1295.9956496639784,730.6799957147491,608.9210442971824,280.67181190956086,685.4110111724117
3852.1054708258343,3480.005441310611,3136.8923528604173,3994.3284091853834,3946.293197855571,4137.0887898238325,6292.5256258967365,1460.7258651738823,1161.7101241120358,748.0597087160322,603.1785586967345,282.85639525762247,781.7685226008491
3694.4763645046105,3510.085640863322,3322.1124274895183,3823.4694352741963,3874.9132656333436,4185.926042409753,5777.803676410528,1632.4722437656205,1267.6917140193975,748.4430176590021,600.3932021649863,352.72543275147046,829.1310504114123
3649.77407063404,3317.6205039040033,3138.2865938470004,3841.541275498877,3793.0077868262993,4450.180490827488,5851.111216257524,1212.1956318210528,1178.4126293072773,724.2692174092424,609.1631078974711,298.898957125082,761.5676173783572
3653.605591389037,3335.3744318583363,2914.0910425599495,3808.385147551875,3790.4590833446514,4588.8293943053295,5763.320291246423,1067.9178575142416,1086.0167127481861,668.4229151949409,581.6234410536479,290.16874406337007,683.4720145848788
3413.4700591152473,3188.3358330988935,3022.612639088995,3681.9586139681014,3524.9364127553804,4650.985454357223,6128.124031407702,1055.1097545633065,1041.3297940329014,709.3781803623523,681.6249677716339,318.9061002040926,1037.6334526319276
3653.1520373328294,3343.1482040109495,2875.8534614981527,3541.1498810293474,3764.257890415499,4828.264076264459,6116.138298150363,1248.149173861246,1088.5615813587713,733.7043909297057,614.5020812108064,418.92612409958315,1060.7513955994887
3893.2026708939807,3378.554414189274,3099.0608456029563,3747.3808936133137,3973.6546483993525,4726.519460378935,6018.605920021061,1134.4050577509129,1151.6262169597312,714.9025079002031,757.4778633148068,451.99844262874177,697.6040516635087
4161.541229817207,3744.9293940814005,3043.9598459620684,3728.498385137875,4135.035692627596,4710.293733845548,6152.551359755725,1062.52989242617,1135.412562591671,705.2726947287122,640.0373615604336,293.6260977494267,1091.8614787280023
4131.5331179975465,3550.3990725160306,3366.6719030643326,3754.0317991791035,4161.984484163641,4658.1572120633955,6288.854150577567,1127.6427617435309,1059.536218648264,705.0591175899206,629.5905086100611,294.1687925168096,871.713671741384
4306.016713090672,4020.3346318543686,3428.4783866830085,3506.499066478739,4333.130065887358,4509.7258495464675,6510.167614354476,1171.2732782129528,1069.5699829618054,742.0791026468999,624.8110469517571,286.15081978432556,701.8181937946242
4309.936757008328,3864.3309727916503,3556.2364635777985,3704.276267389818,4138.760084892298,4360.964951162909,6357.906962732759,1125.4841151357562,1164.6055217103826,711.5279391384989,646.7670625375335,321.5169944325961,582.4344906454825
4397.461505558611,3640.3732380641104,3296.3848251006593,3647.16589341104,4215.772555681938,4271.223261636908,6406.426055548863,1076.5541750280606,1081.2020723485648,747.3147371501975,617.6581174388856,334.5369542479946,645.9827707650159
4151.91588191042,3514.7598029041983,3575.966723122317,3875.623794346859,4120.701836564523,4288.127475771411,6079.261656830729,1331.7483257437198,1216.7245294412926,701.8667739763561,696.5808901594467,378.93829368292756,730.7974537724597
4047.782283637462,3545.7792844408755,3522.418289235742,3954.7815443818936,3983.6822973666135,4122.66169480919,6049.059862518593,1131.2400662270254,1193.2327405760755,697.3377844816195,648.1379332617096,288.6216666928104,645.3803433479369
3801.3009125322355,3631.048259559442,3184.0500657967436,4257.830109922064,3873.329435172662,4123.418178004793,6007.506548096994,1141.1538517350327,1106.8032963800192,752.336029954277,796.6353235215677,512.573882390621,610.2723112960107
3948.1201435255384,3752.249265733144,3219.6855861796253,4124.711338131457,3718.153343282636,4216.259260366792,6204.1150295896405,1157.6296565806852,1140.227614847237,729.1445339852866,663.0304175814618,428.1734838572521,734.2363445683471
3671.5115082909324,3327.65833352963,3116.7785020587135,3939.7627302530714,3743.2096334397684,4535.411519576824,5873.106984158528,1097.356347479153,1063.7916989820064,690.139159929961,616.4064683464811,310.5082095133139,601.343376624646
3916.7030726663725,3722.841266788675,2929.3879827129513,3862.8850128822264,3732.8771805437764,4651.56544339534,5905.090941169666,1137.0007255185342,1137.0053921730769,719.4987091027904,611.9376319178497,297.60599125307925,696.4747852408373
3889.557947015295,3786.218460687001,3035.0061217617113,3753.4024667025715,3628.0383809565187,4793.943071810431,6476.395039077152,1047.9907643761132,1113.9966607575557,701.4185072865604,592.546544236336,372.2628606780839,579.4632064291449
3656.3708091040844,3646.712159804051,2785.3958752509484,3916.609005619708,3807.5599817212974,4798.0910538632115,6554.513496867474,1000.1867085314526,1303.0088172548378,713.4346057589389,576.0371615359696,298.86675925512276,582.5654253717172
3707.855609014684,3318.29729869861,2971.557074836431,3771.586231314716,4041.1986366263936,4804.987700213311,6406.290328869935,1145.9708454039242,1201.6277306105837,659.877800407332,675.2742203663718,321.73893303607156,688.2197778599246
3962.87928442354,3874.0479615997183,3237.7471531471106,3606.5636473705567,4165.737273066034,4848.668773409212,6189.960168667209,1197.9132715735116,1102.4550074265842,705.4385300461508,784.6870308227024,279.45695590018227,664.8831536706272
4118.200480530097,4404.319714553915,3347.804334507681,3437.8036783618386,4156.977915100384,4751.430034541173,6364.439329020472,1113.536150702797,1077.893225717405,682.8050978385452,725.5335710659745,482.4543661305277,665.6803105289462
4297.975173900592,3942.347115778851,3361.6108803676707,3258.3524290193936,4164.09325458252,4568.57144452986,6444.225808100742,1017.3254135032894,1123.7351860671897,820.335018605717,722.3135996889276,469.99776591401053,794.4668076953113
4240.4834936715315,3817.6107970494886,3336.8166862869357,3535.1458000002117,4036.06902898779,4390.164516123237,6594.289497926408,1007.7159954832896,1097.382221608487,848.3463741727484,612.2545426569715,437.90198742968283,617.556596527299
4165.764907106549,3744.970840362052,3448.36623257721,3728.812844063799,4119.4643099404975,4479.3662149426655,6327.510191767778,1052.364837765041,1116.0562812095907,677.7301423495869,620.8230839278925,303.9302434815379,602.313636701295
4116.159001789767,4120.692602181153,3270.093365955172,4142.028280663096,4152.174993785729,4428.592118239829,6074.074928668107,1102.2536181790422,1199.6107343319488,686.9716553046694,689.0132461256569,384.3929897640035,591.3359308564445
4117.18765202695,4572.845841652315,3466.988114393899,4327.566314744873,3942.960789106424,4154.74834008736,6015.9199161957595,1188.144859179503,1101.0158684989292,791.7934637598082,675.7077852899679,297.9885464846632,638.9818322955207
3881.846835198383,4018.365514369845,3188.009348012707,4465.87231188028,3848.738481424528,4164.562622465173,6170.693407338671,1058.2546295008717,1121.6972019798181,798.4736529337464,590.4510397413769,317.31535546544916,716.6189313740747
3831.4050765723373,3601.985597352997,2982.0870008657944,4069.0599439969064,3780.9758074218976,4314.199313557016,6020.508432080419,1101.1803819604822,1045.9912472329606,772.3294445983526,591.0180846154968,343.6417868716019,589.4738569936619
3696.230960282874,3471.954753432757,3085.1061822449624,3901.9067273710693,3701.574405608661,4441.501974291494,5970.590572778253,1010.6697259285213,1097.3594040419157,959.127371226923,832.164152759146,332.1182520673076,602.2940563086548
3502.064450287772,3438.5898351214832,3051.987994863392,4358.45775436531,3633.0784376770907,4873.9128830683,6151.447237629613,1167.2533155092706,1048.7934352687623,846.1608013579545,828.0113588491593,344.5616868014542,636.3587950799191
3650.0527800213827,3182.2555817096786,3035.33078594657,4400.4329715060285,3681.565363055862,4790.807532300919,6187.482878792415,1008.4793437458442,1164.8082624096503,820.2144743247512,717.366094181858,294.7419550067716,602.1675644546839
3674.581516117933,3210.099128784186,2785.4774677373007,3815.4167678770764,3959.583932392387,4685.624644751593,6200.680614824146,1074.4656821665953,1168.222117712279,659.0372268480357,619.795114254943,359.4261545055409,626.3328107425227
4155.7697834994315,3193.782862969411,3014.204068130839,3675.735483585367,4083.6785265695,4772.765718674066,6580.027895555424,1185.1435473137296,1268.9104355438396,710.398954978699,643.6701221264516,401.52513056838075,566.8205103919662
4915.618421707257,3402.4118222731568,3279.494345179656,4018.51643815503,4173.4936788868745,4624.74988256238,6800.878927919803,1148.4289028753412,1080.5548891296717,695.5464376614531,659.0596132510261,457.8236780925265,607.7722334509637
4931.328278477737,3433.1898501401206,3428.0338840954173,4060.007565597167,4222.382820565765,4513.480515007339,6464.398545683782,1013.3910169200655,1090.6874849862918,849.9273179596848,700.1177598683524,463.01876878457676,615.9889770046948
4193.927885464651,3785.2054399231984,3449.528231748714,3792.8314338570763,4372.780313386489,4444.1337007877055,6786.673848731535,1076.7571245664449,1051.4752721265759,821.2988147775146,804.932264117234,626.7270744871772,639.3326791269455
5196.87177463979,3624.890600943707,3231.067639371159,3597.4315411624284,4252.128423763338,4309.704956087224,7287.1220321492565,1178.7222853322141,1087.4545043254548,672.5300624409534,619.5706018124072,610.9712164843944,648.1345051891287
5321.4552383342025,3996.8388677794946,3239.0020652471994,3819.7264239429073,4256.24842327967,4235.879122206936,6152.315026414104,1063.9042641173455,1223.0038526403368,768.5380360896747,825.4262459475271,399.95361897155084,637.1976473088573
4636.399096952783,4294.132051095101,3330.5205423613606,3979.923683550442,4198.016959423318,4234.292035832273,6117.370346316396,1135.6076954007492,1134.2519507204497,732.3035820868362,655.1724137931035,806.5003395390925,598.788568946632
3949.8488524167856,4368.0158598189,3561.0375710468443,4028.7726155621713,3997.092283847541,4097.851878932373,6494.7547890090855,1164.9287195290672,1082.2274333459216,765.9741357700949,644.8662207888171,778.9153855442307,674.9139166215784
4583.456957941263,4296.460866720668,3142.1896162880034,3977.741249518048,3856.94194254883,4291.565729513076,5894.805627710903,1107.48740989949,1043.7828029603234,788.1938028949489,656.987447738089,344.76658078830445,590.2366406817783
4667.486283039743,3858.272407507727,3073.238299752839,4163.434710861307,3987.5896888828283,4802.1339180014975,5803.422016391868,1062.476816011763,1091.1481589187194,755.8380324405606,626.2616954136114,528.6913008893629,582.4139386266353
4282.66005504074,3523.546156194162,3075.5962810683754,3918.0239551298555,3955.2999863279774,5204.230397917321,5861.038494612602,1124.6645853465714,1065.3788696885256,1034.4642598744358,577.0446319380567,580.0719957826185,586.1919235779418
3652.1110527734654,4598.304653155738,2936.9420702754023,3856.0537701642693,3707.965590831955,4745.244552929325,5739.300034115162,1130.6473977941284,1123.6447762125606,858.458194671741,674.2192600988615,493.0386156446271,606.8213084748741
4055.644900652222,4520.839166593554,3053.9673344199427,3720.3749731611456,3684.7071484020753,5187.924546307142,6237.69231236817,1019.4171544248529,1232.7350490894605,821.3992063263911,633.662917175707,628.0379476668592,587.0025892947519
3914.725240873558,3522.856486521446,2853.1917287270326,3652.2506909846575,3850.573459462349,5018.4933428281665,6090.597349250498,1193.3042656396115,1111.9961007445104,1044.7009768280393,831.6562696252706,360.3091807845493,573.3497443463524
3758.4022961050573,3968.8454619996824,3148.3301602329193,3944.538770285229,3970.8117008330287,4664.315733636964,6250.065022221461,1203.5348943716635,1104.1830787444376,971.5710716478402,635.0722675099541,592.5238402642437,587.8456280331937
4160.054905152943,4745.471011178842,3244.8833146872385,4022.3586703880305,4248.141454612082,4579.709425812894,6362.9037042555865,1054.7183500555461,1117.4848298446313,726.2094183302437,602.5977918738764,383.93647346411564,733.8715795091719
4625.3435127942685,4492.6116441720715,3325.0867615111665,3496.6220521174264,4156.706392010045,4749.960310490636,6189.62569801796,1057.104075675403,1229.5890019651315,1086.0321601218916,631.837325922478,377.5037992389038,602.8724518572237
4716.13868238341,3860.3970311230814,3377.8800257877792,3428.178932780133,4304.075609882804,4599.0656075859715,6527.62034083459,1106.0954990489633,1078.8060105853558,1122.8837286378523,630.0284239847747,328.56251392088313,609.869382653237
4401.358252331412,3820.3826465733046,3569.605973422701,3869.9340611165935,4092.2490311449105,4281.704476742399,7177.456299684366,1095.485827169441,1202.172959510073,843.7129141534284,621.4256204483573,331.67979808790585,642.9822466959753
4592.104743364293,4125.078522113685,3589.0925177846343,4043.9085837682205,4059.1010026183085,4272.379708305206,7283.863406814101,1121.8217866550212,1114.9700042519282,857.9249753660109,641.5908448663465,359.56168939977124,628.6418567034951
4683.808283843039,4323.5562978156895,3538.275036895245,4036.7998116289714,3970.5839223051235,4121.394009245796,6792.460350549926,1155.3705441511736,1152.7347764283786,840.0355306824957,737.5261260797297,368.9840581288444,588.8626137913838
4591.030101284212,4063.5344795347487,3555.4036993672935,3982.5334890221407,3862.0117568616233,4220.243982855258,5975.388361466969,1216.0863053456935,1085.552046675959,735.445386631356,654.6774927563092,396.28363784735785,558.1808451152533
4327.845526296824,3702.810576621706,3205.8217764126653,4009.860237667179,3760.2583664657554,4439.536804913982,6600.846577655411,1071.9681964431159,1095.1335726898076,701.6228492125302,625.0703671084932,550.2392487642652,655.9044162439491
3918.2969899905793,3620.961934077591,3476.6877476135296,3968.869749008645,3564.956563276846,4660.734015468128,6719.610310349568,1087.202750252122,1075.6480098253244,776.4074405792586,607.2712016690263,325.4417293306162,616.9118233093216
3835.9373253924646,3877.906014726565,2908.0473877122067,4047.2525513816877,3605.753981476494,4806.966665125607,5954.621270870244,1052.5252766848578,1134.296149188708,800.1918557578813,613.6520920900533,281.74525944378007,597.3641967747849
3793.296297428204,3561.6926887166805,3334.2495500585987,4014.204451435489,3573.6478630276547,4957.615721192789,6155.966680346339,1040.3368242566733,1271.6162987175005,779.2464212855881,601.9491252616331,278.7207193701974,586.3460387035934
3600.3692805594637,3186.7610440718113,3129.1651336688756,3739.076429416064,3868.1713798865358,5071.692919863323,6772.3672791984545,1115.2556179779006,1289.158587270187,755.5316102347049,758.9693525864287,329.89321373382523,559.6076571844724
3625.7846249267564,3468.8654011032113,3114.7997270099754,3770.5164576235666,4394.681784193377,4741.985987189827,6858.191785613162,1116.128549115263,1051.854987912566,961.9662177464751,757.2226411551067,391.0472428771481,566.7784766478617
3536.77043393302,3224.3648190050963,2924.853577678998,3573.4717638786533,4751.638433049085,4843.578008906281,7082.146982952466,1104.3095329216433,1095.5361561932702,913.3588882389063,609.3990977416489,399.1555222868488,597.4701917674631
3631.894869568419,3427.4902402006924,2930.1474902122523,3588.3257729808647,4392.456852648542,4713.360234026342,6336.230043921617,1075.5818603535151,1302.7333840128686,792.2597856115299,703.5045663775777,293.28153357927613,564.3365542235491
4191.118327791954,3477.0104363487426,3238.6681949666313,3549.5531057902685,4536.55297889438,4466.012913550263,6832.222279939282,1084.9063457833959,1186.4181872406823,1450.5644675332492,807.3240779995389,408.9045816930486,655.4557475870229
4241.4383162238855,3762.4896291642654,3239.7673802083523,3441.260023151245,4887.55807371892,4300.977917725165,6678.495071729396,1061.2144222325537,1140.385271546465,1887.886865936892,644.8023368876736,298.1439489375999,616.1807919311634
4363.587115236558,3899.3442933496717,3220.1019810365337,3630.2355308836386,4418.094653394712,4327.249239569447,6224.553665516734,1096.3277138430062,1191.7564135239393,904.8409995949376,626.852033415664,316.6856530381688,664.4113538535465
4361.487501386546,3912.5620825060946,3333.520475830659,3849.4864542072155,4013.1747283878262,4301.283449585888,6014.380058722565,1133.484973768827,1113.6085098896563,2112.1966720561472,777.7536627671809,302.8662126379528,583.5436648157497
4172.755546077392,3701.2532739984204,3322.504430005907,3930.563389108227,4204.390262395313,4120.735320494056,5913.669008544788,1092.2824076715738,1215.045727424364,1929.7983640215512,660.1605243415459,289.12499693718837,580.7082745367753
4434.887299649205,3837.307003973673,3470.4906036875013,4092.84151631083,4500.408366180178,4343.26194734626,6012.844052628382,1067.3814404406905,1172.169968895487,1074.299634591961,645.5453929453314,278.50557219532084,590.5723012991097
4224.030273737683,3830.865920256591,3219.4457976654853,4153.854614994589,4143.295526323625,4586.30509366508,5644.6940956172,1012.3456790123453,1114.8891307158715,1030.638166690699,771.7212626086645,283.02689364199466,626.1998663347066
4042.4972512733643,3519.42671795034,3231.910462879736,4121.6466708035705,3719.7285585806553,4776.663734223101,5846.996860645644,1118.4995902780302,1066.435380656258,1424.7522870691148,698.8958832876427,304.97002570400673,644.8202889676219
3828.8330913906434,3730.343468865633,3804.521186597857,4118.524453941121,3831.2347821360004,4865.30949547107,5886.747309266312,1023.0688834123724,1194.4206323039166,1518.844782334862,759.7957959854604,367.71935587910457,721.5090048541595
3893.477788095804,3303.679540197909,3689.575545706156,4207.857133676776,3874.679815791175,5042.852331169924,5948.598355353082,1080.9397833207356,1199.3522836875827,1201.7556425742034,749.0174808868608,285.7019996953483,610.9988185892121
3808.918579039252,3591.1640971138418,3486.2307582122144,3964.2912619788835,3922.653968498113,4920.3105149745625,6147.295203085015,1112.5544837745774,1107.951416612059,664.4388889353397,670.8988770053385,301.5834393218405,719.0028522061118
3710.3236241017453,3390.2210264729088,3248.0970934926445,3684.8442766057187,4184.724592732779,4848.2173189285795,6446.634208477718,1018.6748442210057,1147.4054549158107,1008.6079556525489,631.0242983746995,274.807039817587,595.8094383119629
3566.954871087313,3282.592268117196,3000.377946747953,3616.139088372463,4310.936246301285,4959.678622240577,6423.463890182538,1030.1813691421821,1148.8389550581853,1089.1909877112005,643.6421843860957,335.37274097284444,605.7036970219199
3933.236100137245,3380.7579134229586,3919.0249063687133,3535.25946595517,4522.8527163202725,4633.718276110226,6230.67986374885,1054.8666245735442,1124.188929162751,887.959440487363,621.1353630903054,324.7876858578147,591.0929308681434
4200.397458467221,4041.8451676333107,4054.9673848550206,3500.7901252664064,4433.413765876685,4387.745068221526,6441.4783194478805,1105.7588336085416,1063.4022586564672,768.7465553764272,623.0378273787562,402.509605133959,581.7630168665959
4369.727607457587,4019.402506462146,3511.1310378361304,3517.9831253860984,4113.902692885603,4329.450079052713,6395.5160229072735,1179.3823958612418,1116.346585184197,871.4921111244897,706.8986244513911,324.3699446605582,620.2283201095217
4300.535722755819,3881.9408151405373,3910.2339492556603,3670.382541744653,4327.2595110524835,4241.552146160886,6221.673069660285,1112.24254818723,1247.1971711751967,897.5874857662924,619.4203117655392,370.0567900235172,684.1070477233206
4442.524065589949,3862.9575006355944,4458.468338235052,3837.0293666600837,4233.656764540786,4188.4241246446245,5945.611257007526,1045.6821385943872,1201.2743588938106,772.3886359284153,599.4510203181848,288.3423964505047,615.4010287853666
4401.6812246357595,4051.909714676567,4149.2137490583755,3845.2425263246546,3978.53711396344,4279.614499182192,5664.923209276334,1086.7502948526694,1137.0104030156879,740.3321921240532,610.1689923222755,312.40955781755014,746.2441575178893
4388.150893717339,4107.054821813471,3419.560792772289,4086.36881106853,3763.827977201661,4515.078145464998,5843.634858625322,1108.033560587509,1428.0020209609281,967.7213242351779,691.2502338715175,313.6712446636715,612.7344234194258
4375.264613900803,4043.9721181369746,3316.334661456936,4086.313611462726,3944.7771124417823,4768.819085641374,5867.892645342892,1056.5377453352603,1181.3673415537191,906.0780650359371,819.0798865206302,272.2692619869335,588.8322981082819
3980.0949504553287,3654.1418350622466,3384.587815186047,4067.3511193780364,3650.2647115933546,4945.544160625493,6029.818146534263,1276.1505108230383,1146.3590326638468,737.4654911390151,1065.9122087551013,272.8975142298805,620.0283749958535
3850.8499506706826,3914.372957470333,3381.315969605912,3932.809966648051,3674.5764042682035,5018.748165765374,5922.063522777002,1291.2818927947317,1301.0075436632756,663.5383987847687,1466.6611637539788,309.337618210975,649.7488676597058
3804.795888246428,3635.5920869995753,3522.3993812662898,4097.268986157874,3667.3439178854696,5048.177759975281,6145.745478140284,1119.233939146763,1130.8738014766116,816.4541272834475,1137.6952330960942,363.09502839587464,624.3044504768742
3786.2479443415227,3362.204708675889,2872.0669111397974,3748.492209225893,3922.0965530023723,4897.273634999041,6094.821421225035,1190.1835926227366,1090.8223977418697,782.9423942118592,1114.5619411026676,441.6824285569143,694.2584422114427
3729.942691043885,3493.6295574896767,2912.7584467977817,3735.697348379038,4211.809844199966,4955.2042055871825,6516.417247615352,1403.5631090298334,1201.637298686364,676.2698040327065,1421.7920036825576,349.7588129918216,616.8251552651654
3560.457825354668,3307.650701314244,2774.954449197333,3658.452058539132,4315.929111788082,4781.911377167299,6452.181486935127,1174.9459708321326,1139.6189837513978,807.0561534864914,1163.5917647899323,308.5595756601792,686.655163918284
3870.619928764509,3213.476859453872,3285.693839159072,3678.024241942028,4394.012388162421,4534.433205501079,6425.791398162481,1238.0634408566218,1055.3218732994017,744.7344821291975,683.144954939994,310.88868414533584,613.9522712097811
4087.6485126916564,3586.0952970146186,3315.177346607325,3529.4067515545235,4410.909061763528,4404.649114858387,6439.777462191815,1169.4778260888681,1132.064357623337,763.1268778232848,897.8692509903751,367.9529235000411,567.2442785728515
4322.676632917279,3745.571484819234,3450.878053743046,3641.529195623112,4175.462968666937,4337.033068960215,5984.927571058658,1192.1382395841654,1177.1269000833688,767.3784508409301,1084.5456956637634,329.5313601856757,574.2176284811944
4295.104083329412,3747.219477758625,3391.076335479223,3628.934367353447,4352.75258980127,4245.362722006395,5900.401327494148,1210.6193496449953,1146.5637221204106,736.5468557047888,964.3448663987275,293.5694852888945,581.629318576559
4346.736913551627,3726.1779751304966,3437.651339179665,4034.764984638755,4178.568868697182,4202.855613734335,6052.05737336838,1214.2596537172712,1185.034388064915,777.4447396703648,840.7580368281662,434.8462470280284,579.8140902088843
4758.356715416521,3667.70005078285,3397.198899059675,4020.1554594150866,4002.184830050302,4499.980742253265,5923.774654975928,1076.4761481416965,1400.7886966688466,894.9829485374961,719.1081886316749,441.5903930103466,599.6758413349579
4598.22548120226,3757.056309812095,3264.061441156539,4125.836882068678,4008.7707210291746,4713.043701913234,5884.925052374434,1050.4490026935114,1290.792575424416,799.0409770570565,921.2590095522696,400.8461891612455,591.480482558737
4235.007983128071,3685.2257632471656,3347.2186682867073,3960.707543216903,3777.997544355174,4784.066151244677,6222.328506602774,1043.6403233843175,1120.390315981654,675.9746650323475,902.5333381271064,332.61748587313207,751.9865668282046
4083.438925249365,3610.1129803226027,3163.5069931340377,4089.5049543555906,3698.749514981709,4873.521651632186,6231.293262817231,1015.6452392435632,1346.5857871471635,669.3342954570048,671.864778852633,287.9646666663563,605.2734024583033
3937.842441577016,3651.758013609588,3187.5901875901873,4123.713899417071,3687.6852735200355,5135.238180736337,6187.486393402331,1102.9666263447234,1295.7354238018636,724.2708217141408,640.9150417086565,296.99189802558755,575.9174455245799
3871.2977864733984,3467.4401492731645,3025.180321733732,4091.4332622534585,3694.4809432855527,4910.444460279945,6371.659496051182,1050.6576289488773,1314.6088807005833,673.4677285644295,852.9491886832452,322.5011992616029,607.5812647620652
3825.164830178064,3556.0664842677634,3035.9178015260254,3790.2310634599894,3944.0161465715473,4851.677866970681,6140.589827711848,1064.2086784507715,1284.7807762666498,835.1941228355502,831.5441216521851,271.5646794710841,596.0141427808319
3839.6612185953604,3371.062047221779,2793.262867276308,3732.1421791006346,4276.247333848036,4983.332712412556,6334.454086108031,1154.1508894836816,1072.842914135014,899.494033645822,723.9501518603073,333.07135626446455,577.5051459970119
3690.843334776998,3358.7120712702354,2884.513543977201,3608.9620901401404,4342.401962140093,4679.838072289826,6451.909273614696,1069.2053844576035,1086.3089913347028,683.119702795514,597.7757739138444,375.13051796793025,633.3130516137052
3593.5640665992214,3580.8973443583973,3083.5263591720927,3587.6702408944234,4455.126740837847,4405.357821791685,6664.691841906309,1033.6210529933915,1298.413991704186,682.6843867597744,940.6916659063729,442.29959191818625,675.2980448259415
4047.4293685608195,3759.6658473412913,3270.9541995347413,3525.11204432585,4261.987052856477,4435.82353303247,6140.724946695096,1296.939619520265,1282.0650182057466,713.8035169210883,745.9964354941523,283.4990605917726,650.4651539747649
4391.28262391039,3877.204996143231,3372.353720331699,3456.11216191609,4224.9689612216,4316.063112790798,5862.922769178069,1261.405603962728,1128.6199379824573,714.5691128884913,633.5050642818462,301.38418936275366,600.6163460314846
4294.3909482333265,4002.059344514221,3299.1718495491236,3716.9749878641014,4318.260219472566,4184.752675330403,5882.743206874927,1144.504731070995,1165.6107712924388,753.3048142194381,610.5653062069699,297.6539003875238,601.3740722169425
4255.501573482659,3740.60219310184,3333.030058303772,3930.463226759525,4169.131009548792,4279.88241387293,6091.266433873337,1026.5754463289888,1217.4174021633096,889.208346841753,683.3300886153468,382.6869157396774,636.3793834352689
4452.9462836193825,4163.4663842141035,3438.5007253617327,4047.8792920591914,4055.3372926045686,4673.555844032977,5921.442939824973,1036.031168090996,1103.2604651523723,802.140899090088,637.2182561557555,321.6768909089305,632.2167429202659
4354.394357140443,3992.530216070616,3370.0764909951577,4055.8249017467115,3861.2524753939056,4903.038618002519,5970.358789169912,1055.1968534081695,1089.118825366033,675.025418217685,614.5397769695986,407.6149814080651,579.2609731057747
4260.897945629455,3878.0827563533394,3408.4924516270935,4210.05337078964,3831.275083670986,4920.693839975207,5835.957596552279,988.571790803333,1129.0703869535917,758.6549154060398,610.8799150920984,299.8991164783633,634.619272385272
4227.087365411747,3500.119561147068,3171.430254337826,3961.249681066326,3773.8454439961993,4970.19964004997,6121.8318138837585,1115.5676483404955,1190.4300675100012,728.9799540456175,836.5505700042071,498.2851471860559,688.06206240779
3947.565779779892,3644.899239553242,3092.2965976729406,4028.044012075949,3656.286398502282,4942.51293058196,6224.427910931364,1108.3701094911623,1079.2833792104866,738.6037756107601,719.3130117807458,276.3547187027452,609.2057761732854
3913.3739744688955,3584.2289680938475,3104.001371405234,3928.4260953829044,3785.240843926476,4873.222245304717,6339.771611864558,1032.1079882406716,1174.1968735392172,658.4395555797834,612.032692009172,306.7559115610182,659.1197062210083
3837.4817428943566,3340.478758383915,2980.5586977850558,3634.478958663378,4108.617988050984,4869.785381228371,6469.893405452948,980.6391924804988,1224.8729099357936,739.5230731541452,621.2292276492268,321.77421364707436,585.3521405406774
3943.7324716693265,3498.0512051120522,2906.491355497509,3769.771938938902,4275.7941208545335,4646.511346713215,6246.974568424299,1173.770677120306,1360.899893247413,671.2917786314944,729.807316330095,300.9152736321686,592.309797605572
3670.002268843524,3434.5320315040517,2952.1491413167005,3597.6221476898813,4345.088775937876,4505.931760000806,6357.169343807219,1177.4857669881835,1473.9871448917206,694.9382665025392,693.5078831903862,298.65210285274765,595.2372247206075
3617.7005969171614,3357.939902033001,3179.709420576788,3517.8273445002187,4356.640330333886,4417.3603712117065,6224.720698255886,1040.2499320116985,1829.378456704507,777.5579314164893,616.8898171574483,371.6931702170038,604.661083712961
3870.2316821385843,3528.3275823230492,3302.823847630482,3554.399974878681,4244.542576366663,4420.9027815398695,6239.418443732081,1148.6521810052461,1630.3366682321418,953.7239035634931,583.8795529549288,330.3903062021772,578.6735957203703
4352.660569835131,3692.9821754840445,3484.2678948585867,3659.937533460888,4140.942179070858,4336.340113630143,6115.532021556039,1100.0560710187176,1769.8705245347533,776.3693561337668,793.4460401165153,439.5772191015785,716.8086830539904
4326.093077464098,3895.743288877604,3551.234676239119,3777.7880155832977,4216.991567584395,4232.88101670492,6223.644223464335,978.8774316316,2605.655590139758,802.6141837519054,709.523987685979,312.5395914294878,662.1559286479835
4402.408911426103,4028.434221065046,3347.218717170543,3928.6238252006297,4051.9906387474953,4527.266512562931,5904.02137820545,1082.9638653424252,1953.9476309362017,941.5844586695953,705.138225907277,289.4859699310232,720.4662763668131
4305.729869925886,3993.339394422874,3363.2403981634548,3937.737994497641,3977.210630115038,4702.099622049861,6181.083291187672,1250.285822310049,1256.108748923454,839.2496419916715,617.8014814024708,305.7360336901044,610.0080985309049
4373.9675095409975,3821.33883595086,3378.780454021032,4064.253851121476,3816.2228580634105,4925.832096315316,6020.561624291913,1201.2350332751137,1948.1873632616357,729.4232763281398,611.2516658058458,335.0687759391685,575.1068927202349
4271.741662746864,3862.6805097169818,3518.5715209326822,4354.263078394313,3755.0902511294944,4995.634305867857,6892.701644576593,1061.2973630896406,2233.4190966266433,734.0931374227594,592.4962944788039,313.2613793225751,582.3195212503986
4057.1296867078063,3664.256948570675,3188.212066236946,3937.0287137197156,3769.2066530909933,4996.8605997880795,6835.458177117023,1031.1131324511791,2002.3698270211485,734.047546168758,670.2899441031864,349.5102505173993,609.8622189992748
3957.5677415185187,3575.919366953836,3361.136478944698,3942.6562566380844,3704.1633862061094,4797.234343259733,6636.397947718437,942.7768534405564,1269.8105345877325,710.8720442456148,774.3670494196665,392.61284197926267,588.3514358433954
4061.4413819424526,3446.2774350673276,3113.747892900764,3850.3302845134526,3913.698677356163,4827.476150392818,6757.730039878545,1244.5188081817337,1386.5175560093944,729.8744461667198,670.9437165266719,387.8849512707705,592.6543051139457
3764.475084095913,3267.9363595612303,3117.358354560162,3885.091173103235,4142.29588420578,4649.489854289515,7098.3127632614705,1078.666111597274,1832.775904953884,699.8908680040938,706.9439511426265,316.53713664703463,600.8719684791066
3863.615798066516,3313.97667902458,3099.182432320382,3652.916898466102,4240.540236668508,4675.795364842314,6276.832158926974,1208.8475752830254,1594.5053701306863,676.1424360871631,641.2892013302927,339.3368286966188,805.4748925908942
3773.8191008894246,3234.4716332990242,2945.8174723205834,3589.466488430857,4393.951923245587,4972.558632835225,6763.663758454048,1225.074774738196,1148.7607738192876,693.2563451089037,681.8445963915821,346.4864265573452,642.1548504820935
3609.054667393772,3391.276885887726,3124.379474142282,3534.3373309237736,4385.18304291475,4727.789392714016,6088.467178553293,1259.0716948379438,1515.617540681701,709.3942811724587,624.9828777850013,300.87249129627463,609.2249355351491
3824.9545776620434,3798.424926705941,3397.191488915084,3450.350596469318,4122.135627911434,4395.796044883029,6415.434304755669,1019.8095906004554,1631.3264000779636,681.9258656060881,594.4521140293178,315.1259688454021,617.2753461352095
4076.2748619754743,3788.5068155796516,3497.0341191376733,3694.9923386679848,4097.8356399355525,4514.413427841194,7004.3390672547475,1048.1229614569186,1252.0105110804477,708.9263378783841,601.0789032155801,380.51441383463697,650.8567572913764
4319.692197014604,3882.8476625690923,3546.3100273024957,3723.5277714401604,4164.743064106525,4652.084133712277,6087.354861694858,1115.030990332258,1306.5204797201454,742.0161427177462,786.4908258374842,369.4612462103588,638.8412756960565
4362.547906754899,3802.5388136815336,3521.5770508981013,3932.4166034887944,3857.5275941692043,4590.624832940415,5752.456551076913,998.8464390371529,1843.6344753038707,731.8600914949393,605.0272806608137,516.9856901565411,605.9546563528994
4449.021607869346,3912.7486328618656,3307.268781463581,3992.279307056974,3922.4319791575367,4905.251733874173,5675.509739390622,981.2046221604206,1465.3002346415326,660.1847477432144,730.3807111220701,365.2088146004434,595.5733675031921
4212.470356521779,3876.725728699787,3498.8487504556397,3983.9635978645674,3838.3057270794848,5236.3684401803175,6212.922577180506,980.023836908198,1260.6083524595458,675.8973754679233,631.4683477804041,294.3477395970167,755.3443473129346
4242.680935310768,3768.5879070798155,3665.6754077678656,4230.71912058626,3798.829501734178,5261.505483841188,5940.561084677616,988.1663651022245,1582.0742422518313,1013.6906734668968,629.3224618810659,408.4137011274247,731.3646843956068
4065.8627897193323,3583.373223243798,3246.3042322745855,4196.842376399828,3675.148170699208,5023.689838401326,6395.9671771785725,1017.8139024060092,1482.5070807720906,1080.873502399949,613.2373314610261,546.0179813113724,689.1664084222812
4081.019164081197,3600.4470985388693,3106.7669441539615,4192.554957619868,3799.8035829247065,4748.20562087344,6335.99167490235,956.1553238094142,1417.94614450359,838.4760466227059,587.0508365753586,497.64142616032905,639.4193799660453
3980.6881447110222,3684.2014751565453,3392.313821187409,4024.332750931831,3990.1794536395346,4661.15218834757,6233.307000015492,974.272881952381,1222.1996602095844,1059.9055583639665,601.7082486367736,526.6730379411174,618.1072800418304
3819.464701720222,3607.534611864248,2930.69069879509,3835.5467621054713,4321.715154557425,4583.468800669899,6261.691410542329,1057.8602381212397,1145.0546186490217,1081.3668991887896,680.0333788276185,535.813765012861,633.5300867685313
3890.5214144111146,3364.7089888670985,3003.0460916268503,3640.056587789969,4360.940892711926,4471.774461727868,6531.703146365683,1018.9620613523412,1561.4579243376836,806.9200389536408,588.9704708153221,441.7872256667649,603.2495446935593
3783.158911663683,3466.731064039944,2857.2173701898914,3634.59298724337,4354.370746385486,4569.181196850745,7334.157906804657,1088.603395553973,1457.6609284938995,1083.390557931855,729.3966082148592,420.16648393610706,688.4604456511531
3640.0132406086127,3200.098873275867,2969.6966787143033,3526.768089550384,4263.814021988453,4310.823709345947,7653.387458044564,1198.809862538498,1117.7109975651465,935.1686850723053,614.347319991882,352.492422858971,640.1439846543568
3722.6387054579595,3328.7643808709413,3477.6540434253534,3406.8018196691073,4167.621809459369,4168.32120755904,6714.2900765785835,1298.978549201792,1198.395873681162,926.7213480564061,611.0564681830228,365.7887868313775,669.6887848076422
4091.1863715841896,3656.805802340762,3761.6854611674285,3545.2782002489594,4178.671159199368,4339.026508322512,5911.311985877844,1557.8079881764666,1149.4607491112788,798.2901848115056,629.4528811288599,345.5683990521201,667.9451017738688
4151.967110025389,3961.046171729768,3448.364625200324,3707.285664413341,4025.353431574786,4361.2589388338665,6603.156987641755,2081.153636393256,1171.7515456706128,729.1523097058532,617.1186536016887,333.046709784818,634.3979621560165
4253.4412205773715,3833.5610924361263,3457.078480674206,3751.274428961503,3792.1785327928183,4588.289866127128,6726.318884942117,1264.0152437646193,1126.536493014274,731.1338618149421,572.7980581231425,345.3155335225823,679.0055556234562
4232.219403002424,3774.369726022613,3298.087458082109,4013.0823749626534,3808.293611780181,4790.842042135624,5924.713450649175,2202.7163980859364,1252.0914241089545,682.7923841399861,630.8090583799043,441.68360161048827,715.6387966505856
4256.707034536717,3598.067322467101,3448.3636512165594,4009.2558614435816,3678.0967414505963,5520.094425015524,5949.387522757603,2407.7191655916754,1447.1850541490435,703.3805651479987,642.9856763211894,378.9345862621127,618.4537437870769
4209.40458804088,3830.978879960592,3309.3477812689985,3881.745127890306,3692.4757156024907,5009.666747017736,6665.910435010708,1391.158408475019,1272.2694801503187,696.3038279963171,776.801519045054,385.72024546489723,690.5613375235597
4206.6758116140845,3614.5429801892565,3326.895994166544,3992.5986035054693,3908.7872185911406,5164.984139654857,6649.265300228842,1428.3415798386748,1225.161137677566,739.2765767818508,635.2497007654302,289.8607246963212,793.8513091506932
4124.174906316813,3567.5297716595637,2989.1258056897473,4187.751635070887,4135.180172425535,5692.078759263117,6368.211386289398,2030.7634946478142,1206.9269243577005,884.3827636590917,589.6150917346095,322.1953170613999,973.194856518503
3890.997525854163,3844.0670371556953,2989.9756898983646,3943.865359371332,4148.315785923584,5156.003036477688,6533.266015556647,2010.4414298750714,1406.9624083843637,766.4619699136954,639.7276669371117,391.5254887147412,860.0838615585445
3963.504148401215,3850.4658128755736,3179.898505663684,3809.4251927015675,4350.327491985216,4420.592193665781,6580.801735906191,1525.092354902671,1259.0941174517711,1115.3847222569557,599.8098739748292,332.96624578781734,879.8543551231728
3819.8216579870996,3251.146012683741,3162.4628307106655,3732.931502821022,4359.6082787744135,4640.806931716474,6491.104312752531,1198.524008535141,1285.7454248638824,1498.070809137736,589.227019247462,297.6667784435791,1215.3066571532088
3624.391572065879,3374.2997274976537,2830.5577228388815,3496.156330749354,4285.112593237163,4874.6687902509075,6210.517788746309,1634.510878637124,1385.0853565278799,2122.025677253394,635.662889135824,378.4897912925893,966.7598416026087
3662.406199776291,3129.596898368843,3125.172378886601,3528.0770480905016,4280.472354935737,4618.7731072135775,6100.962505266916,1547.2933535244636,1342.405229298492,1116.383881786145,761.2134993466947,339.69070525695633,631.4774823340933
3626.6681474077786,3474.6273050867662,3321.964849425806,3440.664525346131,4049.1036802457797,4195.473176055785,6053.1472440038815,1091.6300819397209,1113.375972442973,1720.5057545054228,673.3298264071542,469.29813245410395,815.5987551548991
3820.088227403274,3635.7791679129905,3440.855513943151,3560.752272346168,4144.9120618741,4208.006870909845,5819.258727714979,1041.2664762873667,1163.0196891089954,2092.992913403558,688.3554215353904,312.7092327348582,1176.3482272326996
4118.104104857426,3742.1339051617533,3402.193797413603,3627.5259637858053,3885.2350296766504,4637.755086588149,6183.963511283553,1327.8103823140025,1148.2282213777096,1541.3229620429408,619.1861618690232,292.2714436408491,990.181843266278
4157.347013372691,3628.3978713147035,3552.5386187011914,3770.5556141770135,4003.3335067276994,4883.540476897621,5993.981997243934,1315.9804208174985,1107.9898415600353,758.8939684712833,632.6555797434113,344.7180034849939,560.9918382391603
4177.82546960188,3828.6887448919356,3456.8786249304767,3957.4232432735307,3716.4088788435374,4737.164680533859,6106.2077541032295,1265.9837214133663,1204.0366585214003,1472.0903458861749,668.1671836232334,388.7168749565165,571.8899727133603
4208.09118103209,3777.8922526901615,3402.049818161292,3887.2521501161173,3637.088938211438,4771.68457270095,6111.632070574882,1081.715640680437,1236.8231043919309,1799.1471484450256,602.6903663741891,362.4069692759082,749.1179750263605
4293.549960216625,3742.631939152426,3462.553096355913,3908.06757443421,3578.4089083899676,4764.252925971714,6481.6938377783035,1314.4906004718407,1198.0026475922232,1271.6662353277416,580.7889301094739,421.7936861836415,765.205203927644
4264.455230232595,3661.758049663655,3215.8126649518417,3894.6453428646128,3725.5911014693975,4688.361514594546,6231.213842348684,1327.6477086040431,1200.6877202154228,762.2499433518603,686.5202769902397,290.68282253232917,586.7077465939504
4062.729933573173,3565.0499975222765,3059.6064230370675,4031.9299412236082,3854.6884315171765,4546.025492189349,6508.250680943656,1010.7528559193497,1357.458996246278,1182.6301355235264,624.395180794618,462.3044970572139,713.7636870763357
3907.9645235367384,3720.229960130502,3096.516171829772,3852.8033192173016,4150.8715230646585,4489.974898826906,6274.837760022157,1199.8013326126384,1166.4686500922912,1175.4668162171174,800.2560175857367,318.624419926846,836.2656803895323
3880.131713856492,3423.1889919531823,2983.9513635852286,3692.527424529031,4347.346808595464,4361.767253773109,6314.531114467758,1155.4268011092722,1182.553455134962,1022.3648464873116,634.0124255838138,333.5297923631349,698.1788043705569
3922.625531087511,3336.7557980428596,3060.6081730540946,3534.2183840448633,4436.230678638487,4295.50228952279,6099.115087430302,1109.9152413889688,1305.7432633749272,781.0632419660664,637.8543969185503,361.56762521859235,712.1238302916078
3654.100498273174,3519.341687152794,2871.9619640268943,3655.3363486478006,4271.952143713159,4164.528812778323,5894.149507492217,995.6505761489868,1182.9030347855635,932.2399818728783,600.808625292625,307.664758130735,666.0343805572021
