0,1,2,3,4,5,6,7,8
1709.2009358044868,1084.5662449879633,1833.590944081946,1563.5083357419207,3021.749186318087,2640.5923860682105,5210.297981163629,7686.330808557017,5189.065070258328
1613.5932258707053,1080.6409246125559,1933.888018116554,1662.0840701012362,2948.313365800077,2523.568720850909,5299.053834410814,7848.160687753609,5196.051137312185
1569.9763636548103,1089.4761578729454,1908.0740236937759,1611.444456270735,2968.2972044287544,2470.331158099007,5384.551258041632,7911.918213373263,5218.637845947804
1751.71540125736,1073.3463060971394,1853.6295399818216,1554.1207926086709,2952.8255725239396,2389.159783527548,5327.995229458402,8045.103152330567,5151.773513499589
1601.7878403927057,1089.8366132571919,1840.340295668127,1574.199621423024,2881.7857559612903,2349.3676649872828,5376.786344261129,7993.431194931551,5246.970590124276
1757.878044916427,1205.6630739383836,1856.2711790835428,1555.237014539699,2853.135794985128,2347.5170250304263,5304.694332715877,7976.820243511331,5482.411281574465
1744.0191387559812,1263.702421457931,1736.9797606943685,1730.462417672868,2821.4905140635688,2497.1198116031237,5179.716297585832,7895.17965279706,5707.916266650391
1686.9814418496276,1147.3206025832517,1701.4977360994512,1580.1634627661597,2899.514789096005,2646.7160936338732,5094.440724856211,7815.925222850397,5920.253869838089
1653.1522823308765,1121.1632710238496,1884.8056588558852,1707.3496846239136,2773.656431818884,2758.026342611288,4946.542306613559,7654.103905161244,5903.974867862162
1692.9897352195112,1102.8137794639329,1884.0708786614605,1511.814618038175,2736.9142188491824,2785.4731746732414,4864.489784371988,7457.697374789923,6827.0075237273295
1655.863161123963,1141.2080204439453,1876.400205957384,1451.4293198250125,2731.846467199258,2797.2713973027494,4717.13870247858,7457.367082864937,5639.387706634058
1701.059471962409,1153.9072422123406,2979.227846480669,1519.6915696998603,2855.8152142492745,2709.6253293006966,4837.45359611162,7403.440565655243,4987.094656270056
1635.1385457034717,1101.6864952635628,3273.6142248991946,1572.973094766195,3065.5383128400063,2639.2954068861873,5041.359164562817,7395.148325314856,5173.396372542782
1731.5335560241124,1099.2220691252096,2577.470119750402,1608.1321053469915,3231.013157763431,2553.0254353933233,5297.90813043356,7367.365494542125,5217.229745718516
1590.58697295899,1078.3408515980973,2292.436597751224,1720.2002650953132,3156.3137648852767,2528.1562922671187,5368.480864683729,7728.3714331449355,5491.808700444613
1771.8841119176127,1068.326704648028,2344.8677427224393,1675.4341441697152,3251.3156640663233,2396.853930065052,5325.7759659512085,7711.928476889428,5467.248197589817
1668.4126338193919,1133.7874354923629,2127.310498118298,1662.2256121215937,3233.1053366738915,2372.7942057717783,5331.23266173608,7727.171003418705,5285.2739118310665
1627.93626153247,1224.3021709576983,1862.3622788833072,1932.9645769761069,3225.795900789473,2311.8387454771596,5230.267649493836,7728.353868341161,5153.57708083276
1726.195845852103,1141.1740342044409,2045.759298190153,1795.167357865906,3261.020250375176,2336.0454941077005,5237.671455473515,7649.702219005151,6129.690380796198
1689.5647124021107,1126.15852705805,2009.5857376238375,1722.2233579985646,3137.309335906921,2504.731477116695,5089.503352378141,7673.307909701082,5938.156701938447
1670.2798263815937,1126.1943743376737,2095.7098841572442,1599.8578285454473,3228.2542042714276,2696.3304407894434,5045.754698327289,7549.223087847188,5094.886810150327
1732.501210907768,1223.0693722499745,2823.1088687126207,1540.9247260998059,3191.564801749517,2759.419476335197,4953.784570348123,7472.080325064742,5052.751384147377
1811.7256154811025,1104.3612744587117,2543.6988471325544,1515.707613797641,3161.6701980040752,2752.4375834713246,4829.922928018697,7334.630466476752,5158.97133666071
1680.9208122053344,1149.345770829074,2838.1236081964207,1649.3121126436797,3155.9626186777496,2747.590768885065,4665.751177785643,7265.782055014626,5199.671089167059
1711.3249562289184,1227.1302104081194,2653.1000433038434,1646.3590201207676,3350.366449735255,2671.6183801437082,4675.916696809729,7142.19302229538,5383.973442367903
1666.2463244239145,1140.7973166838417,3093.271697054376,1632.9647511006583,3507.2942171868667,2582.795968796212,4891.537306069655,7181.153618769038,5539.754112784674
1568.109483458888,1227.5040989763786,2473.020702010679,1732.2784926361528,3562.0820380625564,2554.077044626617,5089.746966462394,7222.866120818848,5476.1758968242975
1620.6218547430021,1118.9692852867945,2628.691632525545,1693.065545517099,3560.0120679641714,2477.515873247944,5307.366192015783,7259.108458287517,5525.1348116520385
1567.1037807610383,1165.455897436168,1989.7445862662594,1691.6487719270776,3561.4728789948226,2402.7993694916267,5206.121972677234,7395.329867454207,5192.529098458552
1613.145141320881,1154.8245248593917,1892.1786132461607,1788.5958503675824,3541.3054525699845,2456.197151402105,5228.125399578999,7435.66310261567,5165.602444999868
1826.4810859357917,1149.1840050051012,1824.690886125626,1614.4626436239043,3485.587901487431,2321.5073078932887,5225.203954922521,7426.064344055186,5097.014996198086
1732.5424677730362,1131.1798147475793,1889.2059254319283,1651.3426092172654,3557.904334719712,2285.826918913339,5153.133670610885,7487.482966952498,5270.098332633083
1738.0116486897164,1148.084660646462,1685.7767312775923,1656.8512499460335,3523.0433111168877,2423.7595308175687,5089.738244288992,7330.9580286283235,5411.258058708141
1694.2993443217015,1180.6940372916233,1879.477712144181,1664.5738388038098,3734.543864658491,2597.918489373753,5006.394506229123,7521.27484535606,5297.3448062443595
1668.8913260524364,1129.5931319511567,1943.9777113256214,1627.6645769122806,3554.241909750601,2690.7241404295974,4984.76731792025,7689.875352275226,5131.05372392432
1659.5465768799104,1100.0706468960288,1827.0843799914717,1827.9436690853481,3508.3656939514135,2674.6387724235374,4845.435138180539,7977.956653953846,5119.2563958546625
1628.9068218887264,1100.2621124839561,1860.2622011158264,1892.1339141536366,3491.115174301306,2613.840573685328,4619.984357259231,7913.064133058041,5824.823128931556
1571.474284965775,1096.5531948393088,1800.2327460303497,1716.3502609008422,3682.2448055574746,2569.9642824006683,4804.551905105183,7206.134184289363,6235.275084793958
1554.1613003379935,1028.6943162476427,1821.4176013910626,1844.082924720859,3744.2122423942064,2482.5773700049012,4827.400002071424,7566.495373383817,5960.192248920258
1521.8654434345162,1117.2487276324002,1783.7232243537746,1883.7738004286712,3817.290025383919,2399.3215025846093,5171.916079890615,7382.601402111498,6123.6713157895465
1565.9796631873603,1228.0099292406076,1660.0275122819676,1813.312696417844,3795.306481453982,2304.181357315082,5219.2145110659,7087.408476297365,5725.392787550651
1609.4680115181459,1267.4290369740584,1644.0852489562951,1758.3023575063175,3683.5247191798903,2289.1142979070873,5250.615063446448,7328.0687014374025,5364.4660659223955
1715.05043708136,1142.609697957862,1644.7357770966578,1842.4226265476966,3655.7567956096395,2183.5215515207747,5235.239893523878,7795.456835179049,5319.607864440171
1790.9407073988177,1183.6922632426308,1630.1254426639118,1682.7457359699092,3661.004071528241,2111.5523770514337,5307.016216856913,8099.960175228992,5226.007726276339
1750.0339775902214,1177.1381643045693,1495.5779303653671,1795.7033355287163,3581.477201233466,2144.039394431744,5526.240476418918,7983.834319150597,5280.808891592345
1752.5223640939807,1338.8883678726618,1610.6717691489118,1735.651101249921,3872.6755953750826,2245.9773566518006,5497.816868344742,7872.370469176982,5225.089132734356
1755.3011761991056,1145.6828020215094,1754.775420228031,1626.193300989104,3590.6849562300026,2406.975786718166,5192.045643491161,7677.1023701593,5169.219832399804
1688.0427505066718,1238.4225637112522,1614.6543921538628,1762.9841830232401,3471.972245304638,2536.614730679113,5017.512747242737,7651.734043347004,5200.603281744734
1601.3372815760163,1208.6613237384984,1630.3207287464438,1670.4721575741169,3409.0967493229005,2530.372270739496,4864.376843811164,7542.247543780464,5269.572161425958
1565.1530900983184,1140.0826713558504,1563.3936151622888,1738.9541455751466,3633.9165262064,2499.6725708608938,4719.197815869364,7290.721489512438,5495.556325629101
1536.633339645839,1108.1031065664106,1566.0061403987283,1877.0318366778115,3819.563107316036,2449.027686659553,4620.2552814921,7386.665659455757,5742.073015321486
1527.104964635703,1104.0322604199494,1701.2534501489176,1818.782817223464,3817.441206138533,2314.7892551014183,4844.956860501754,7461.209613908057,5955.833011390423
1555.3305503339457,1189.1006779324289,1572.165804788825,1789.4855857436132,3733.884481764446,2261.7659769985075,5118.818910446435,7407.577267298698,5889.359364000067
1619.631423493156,1306.248283267982,1462.9622034248796,1753.850882048265,3752.794015903318,2130.2183665847406,5328.029360432767,7560.333148684926,5735.327862625374
1715.0842470288453,1249.88658511412,1555.3601703841737,1722.5055170101955,3698.90074187991,2085.4804648162185,5358.179370477372,7565.733674587256,5582.349679485531
1707.704527991163,1253.762213481763,2879.330506613748,1816.9301507056643,3704.3068811598523,2046.3037462714458,5502.103492114777,7687.744341295898,5297.133770408134
1710.8438014839203,1148.7402177798333,1765.2134460112306,1766.2166049997413,3698.327842259342,1922.3940412378636,5397.983957915661,7877.5838268489715,5172.724016347495
1732.1654629588154,1190.7512424951965,3190.052087676545,1696.8374069634617,3535.3915258388815,2001.2878266003454,5533.861918019027,7898.310293411027,5435.0874606589
1710.9537718580834,1444.7082451327262,2363.845837678612,1672.9903923826687,3556.2095976150918,2197.792609093647,5211.3743848080685,8100.583676693994,5472.613056375002
1709.4027126105832,1188.203841852257,2713.137616810007,1707.0975337666946,3480.637576008803,2336.5527513089587,5016.327924197503,7965.862980807209,5465.632298965635
1597.5188402029762,1312.62065483355,2265.3670301499396,1720.4659044004366,3405.7971053698616,2365.6376711530575,4949.1850078140615,7908.271763171841,5185.922001577748
1552.1186632297743,1099.2545966567452,1965.3154444785887,1806.6097695396638,3447.9679269826374,2379.5343225783936,4889.546013772839,7718.69769581627,5171.129189027981
1523.7757479746929,1117.5972863173852,2187.3640139044196,1859.6583054089144,3595.9473596217413,2335.235161175973,4760.671307342036,7644.256332929234,5451.625599791264
1533.7408610885705,1115.036187297947,1665.830059246773,1884.544967647853,3777.302362920569,2327.2030934116656,4665.432700654619,7541.607641027071,5718.506128128901
1556.7844521857319,1187.9993882708368,1978.8701595464686,1868.5247603314824,3836.1284107820857,2244.5344698335325,4718.436589972589,7684.67538502495,5865.402826855026
1627.502745677154,1244.748405859112,2141.3229250047816,1779.2025841548402,3702.526133069914,2152.702364510952,5048.625966842634,7983.760023704782,5781.078170658656
1723.4264014436353,1170.773714262195,2666.4909896318063,1751.2660694407136,3633.008422951109,2138.2048693916686,5397.9099381461765,7969.622014084716,5632.26064059264
1663.7221892123853,1168.5971651714726,2230.591494707648,1811.6222734417802,3711.4820252021204,2034.047750956639,5231.998022898342,7900.461579704008,5479.782832649299
1669.9051164901284,1140.5476731720773,2703.4174163191815,1767.671144139481,3824.1670662657343,1979.6630190528704,5244.420062430825,8085.903767180174,5357.174600573266
1648.4209551123759,1128.3040643702893,2552.1569636336003,1749.1391467977855,3499.679954901943,1963.4255509627133,5177.310561249904,8067.452050078015,5174.442527410591
1785.7142857142856,1154.2853126739383,2752.057904945904,1709.1352494883172,3461.7049488102966,1971.8342473656717,5228.973133535272,8132.727305310615,5227.111704356248
1829.1827276024685,1177.2668089835906,3001.822504567429,1673.1891987926779,3410.012294460639,2241.005095340489,5303.490420207351,8035.656492865544,5419.196551202412
1621.7097600745394,1138.8577038098324,2187.2951050136735,1697.6705695048342,3462.4896952498743,2387.2513548424454,5147.94124829684,7991.376026691507,5357.460518694796
1671.0571454733267,1106.5293103012152,2630.9510162266415,1756.3392165746936,3482.25847494982,2389.6849874261175,4951.700317112222,7934.491114422991,5199.740109780906
1573.6647444508776,1090.6837161855042,2154.044080129853,1869.2398898821903,3456.3689884650116,2428.7604367853883,4831.736065624957,7910.9360424908955,5120.8473245460145
1549.8532322666254,1117.2524377441614,2320.1609523617653,1896.1593990700217,3690.249909737935,2394.5824102324027,4875.3340821403835,7797.0028261192965,5191.196109746514
1613.4474492996544,1205.1933982567937,2625.0440106885144,1842.1285169478865,3518.51938450339,2324.9065210986832,4689.372449113713,7581.828119502486,5358.913685297898
1618.7372884060842,1244.8646158149818,2287.357861421052,1786.9277536882917,3638.598852638648,2325.76688340593,4698.5582210818675,7583.527731711809,5531.862555213245
1678.5705367210467,1158.3218538280303,1866.8505319456071,1849.6477412606441,3597.1732616266513,2190.9914584558387,4903.109046557418,7587.457438554313,5532.112419020417
1661.400778974485,1201.6274151313294,1799.1280716704055,1820.1494861077258,3477.953342351394,2136.015536170643,5021.6143426134,7737.279755201174,5370.023588154803
1693.3930267263613,1212.3426722882255,2052.1302036502966,1818.7439155609286,3355.954125555929,2126.444653975487,5122.256699555393,7989.96052788441,5257.769797953065
1764.2509660444578,1156.7403921633818,1597.5590507223949,2103.042741476701,3377.311109896409,2109.151680923462,5246.365463959037,7966.1715518449155,5394.401799945195
1737.1773824542747,1202.478323407428,1644.9650756976705,1857.8297997575703,3249.6125641648787,2185.737726398708,5172.657881539727,8266.912937348381,5130.788068123748
1683.55130244155,1115.5064090979083,1753.2709525795553,1846.5095337825637,3305.2011365879025,2150.8543084847906,5118.931389515199,8076.872052114934,5337.185774179475
1564.3191781680853,1080.8581789413333,1744.7588221756141,1722.2783550204822,3194.584910007162,2342.9083499086364,5049.473541322819,8118.040348702982,5694.483082648661
1718.098561049554,1100.8566032202502,1929.8257474590578,1820.2623620446095,3122.78538174827,2481.595078952366,4936.194669744534,8091.277618640801,5423.166902295739
1575.773879578463,1082.3489081393216,1900.244789642189,1822.188615981635,3080.016238395515,2462.3487643279486,4823.880817379979,7837.533043402195,5270.668954921484
1647.8877554146372,1167.1220689103927,1632.1510428601687,1822.184030588342,3194.5537484945626,2517.354170517935,4686.427374285317,7711.463188544467,5229.321457603324
1654.0900984255609,1158.0312292286408,1963.3458780219812,1766.2345617555652,3264.2644654245346,2503.4868061906004,4626.73339485326,7643.90466992684,5349.00133845359
1702.616751684956,1260.6120530985481,1596.2606097376229,1745.6702075952344,3301.567210177528,2439.203054285028,4382.883560835997,7606.557056919775,5301.10732653073
1634.0473476664847,1179.2085125418464,1894.5942196105675,1738.3573148556902,3280.510224616285,2408.471804266649,4536.955029037784,7532.406742517311,5391.619519332535
1638.7100696692462,1173.6656421790412,1923.7076172942961,1683.5334567547511,3286.244325590929,2318.038999647147,4789.85797080957,7470.272252260583,5187.393674415995
1738.3365265526656,1399.823386844117,1710.520582534903,1726.1734015509596,3245.8144174519366,2354.5655063507907,4969.883581074598,7564.134694472594,5216.445835032928
1685.713384210012,1219.4318870624934,1585.729217808706,1731.455299215449,3161.8247410542835,2236.4885574765285,5002.940244981936,7791.030412416461,5143.922785026285
1676.0033449033099,1374.1667997777797,1659.0846643501459,1669.5536478622391,3122.5435633103534,2243.2743703015612,5183.775341630304,8015.425367473691,5255.080386027508
1647.3909282853401,1139.9379798689552,1731.59782267677,1617.300612242099,3062.5838281231263,2199.4348057730804,4985.529795764427,7948.082825506912,5300.268520475668
1613.5418374822489,1145.51445415423,1803.747783495311,1662.7868324725264,3086.5550646669835,2203.7932997120038,5012.079073438855,8075.271244803549,5283.751082101249
1565.9010064037402,1138.432514591189,1818.5750267266951,1608.7529856929345,2958.820281753475,2418.6201923704166,5131.325250123059,8028.565230126251,5365.149527365689
1674.3246327042166,1083.1988393420436,1696.4885209863073,1680.2474058632301,2819.282430091099,2623.7093791229463,4788.067330086729,7854.01219927335,5405.495719604751
1712.252840315497,1108.3462699096049,1828.2207484060427,1915.7467928246178,2994.356306174891,2659.3972064662257,4776.636349008097,7782.654576362232,6387.822698517948
1721.119737318665,1184.9762223140328,1691.9820914660627,1707.193795512637,3135.1658129576936,2621.7095811088907,4669.790162900602,7670.107370718501,6597.2235502858
1833.9833909240756,1143.8128938713216,1545.062309390586,1641.1447702004125,3250.337121700906,2584.8681388597133,4551.979039745449,7615.579312137631,6044.106549092878
1738.9982080924394,1151.8638807616146,1611.4158192993273,1662.983197143988,3131.2892951379863,2550.667368922407,4389.323544763733,7443.618650278233,5302.178961747255
1718.5870535386293,1152.7546962862189,1633.5332284027804,1587.2770301825462,3117.6519359622926,2490.3291117238714,4371.545520113938,7390.511516424224,5213.611648726824
1809.8410145040596,1153.4788756368084,1546.866785528338,1645.115503241068,3060.3166673392243,2451.4545654590784,4579.972683250023,7330.772396906277,5479.26852541492
1752.0380431014237,1202.1102019100515,1602.29383510336,1592.1010101690888,2986.1507324310196,2344.134693190047,4824.714105122124,7440.2605869185745,5779.2993735097625
1690.7005740129775,1142.884187848117,1654.106639083654,1571.5606655631957,2981.6161664644424,2293.391623858147,4786.124865976484,7542.484439541946,5523.5351493553635
1617.9788501682503,1073.3400505090717,1620.282303873726,1468.8761311877872,2937.9943224385424,2282.7091971068103,4902.765715707777,7666.769653334382,5220.249461568567
1607.9724936723478,1055.6809446823763,1684.4114584651822,1447.1812087750905,2897.4273569673596,2234.494592308686,4892.777064976026,7664.560338651763,5519.370115351112
1677.1581214043595,1056.399223644903,1760.12848438218,1497.0573179013072,2884.363192815063,2332.078098037099,4849.491028054708,7713.34872492223,5333.203035929512
1574.1706209814915,1090.119353132845,1845.8500500273017,1599.6518499385625,2776.5017520386573,2511.162572418507,4820.126801853827,7688.422944674031,5329.199808609543
1625.633126261261,1127.3051381026326,1840.6429811453147,1573.106175055814,2796.008285986152,2693.999924499256,4608.983898788535,7685.526535402901,5400.416213696271
1865.0597802166087,1134.4194409681934,2033.2699903750215,1525.049521684156,2920.827509685463,2743.892397530142,4546.640512064613,7544.78271340325,5265.388953967225
1877.8015099850113,1123.8924126272254,1828.3517758100734,1518.027307767105,3097.6199658605024,2758.805671310709,4502.208452502609,7540.328490484255,5121.571259933604
1793.468700900576,1107.2386701369715,1678.577791076215,1563.557553356135,3159.5520164776,2701.5209342976927,4326.0443863167875,7290.715579864413,4993.7257137867355
1694.0480108862362,1122.668417873502,1570.9374643666185,1470.417433597133,3216.443943135436,2602.2230608192854,4177.385147512399,7227.670770320245,5165.160699131172
1662.7490035989472,1056.6399847599591,1692.4666687431159,1555.5598400772506,3202.5900804307093,2641.690677658986,4268.874738689702,7127.254922259196,5428.6226371450775
1683.242715205707,1246.5474960004908,1749.6337128850541,1442.6287304729422,3131.871039306709,2502.47722156075,4414.158747399861,7275.689717674668,5508.000288527748
1643.9994490155868,1134.0521675347761,1972.6944757548981,1414.7945248557148,3129.491270235506,2466.338608400153,4572.82048130196,7156.621456078763,5513.244305861028
1605.2304404282254,1073.9818507866057,1738.0878825706172,1393.6884822238385,3097.5238230069526,2525.483735067221,4748.84777524619,7209.603459065824,5475.713119781654
1586.5583456977513,1058.6173739072008,1851.8435141115458,1377.5285629668351,3055.1397316006696,2379.146911851256,4825.087368642213,7280.959844628769,5291.964029452911
1565.2172950294498,1018.2987642412181,1785.7630899581454,1377.29028479252,3103.9809568905202,2354.4874262606304,4651.266612568621,7413.030256229698,5123.241186459851
1585.4680873259517,1076.7307659371393,1704.748210301133,1499.7090054363298,3050.337098635824,2452.306425632897,4672.84031403851,7514.2963291184715,5122.716221186543
1619.3428713467852,1270.8723901103,1936.5464863122302,1564.6584215707467,2946.838399298661,2675.686056343543,4659.812325917683,7779.943976806443,5318.560676250803
1720.7110173678227,1230.7301757961975,1667.992723867303,1530.2618159394988,2993.800216858802,2815.1224832045536,4621.777046082232,7743.7390423018405,5504.563924671195
1719.012345679013,1120.3029000812166,1657.7887582808235,1489.2764028019278,3268.1692318585237,2847.2411191420483,4434.776342804748,7748.1213616009645,5152.491404104123
1780.7081785447826,1391.0859921714998,1792.2641598623497,1570.5858413223746,3398.8419558084533,2861.033127103915,4449.437161539294,8354.111782000065,5083.141870007033
1800.5329551171546,1205.6923310592388,1750.5770662432924,1751.0978059610227,3419.82739011182,2833.5165151188235,4106.8218654744605,7992.9361980696085,5330.606180939768
1704.3749859862946,1287.0222410510091,1886.5409406894735,1553.5021891510303,3345.17128246734,2720.4319008264993,4011.2391247598152,7755.8131840873575,5709.2164042256245
1774.691796644268,1119.9720179539217,1864.9700581245743,2084.4698616743253,3344.9646891325374,2652.767407954364,4273.366852510415,8097.643596850285,5850.107425312037
1700.6897438742267,1052.5351000154142,1919.4269527650852,1745.6015837856835,3307.411081702442,2598.169364276675,4383.361986246153,7395.2560850889095,6050.849334655427
1614.6459253676135,1042.9171790714254,1968.9930547089139,1451.7066726303765,3208.794492835289,2531.4487620306027,4472.3992517305305,6968.230106771632,5878.70224846936
1613.8496382486337,995.8847736625513,2006.6778319087027,1388.3454459481568,3251.643708744558,2510.559311466587,4442.5685974677845,7534.298038474554,5584.894970675036
1595.3264793961785,1028.7325874610792,2005.543606116356,1439.3704598033469,3226.0266337942903,2449.157135628945,4478.723534279343,7887.654857254123,5306.719287593602
1607.971346706815,1148.091325752773,2021.1173092877943,1449.8006742669354,3197.952824671012,2427.553756555767,4558.951789265574,7989.989438680499,5219.457788258298
1740.9767191981887,1176.895623671353,1938.7039412144861,1514.9215349998653,3133.352161958289,2603.156547639803,4589.223800897413,7834.9458324973275,5036.48511926092
1789.5082007714873,1251.5898601699191,1997.0059136141872,1760.91429457688,3074.301087746892,2851.1579681027006,4871.124370644786,7787.683684128484,5064.882197700488
1743.3817685339436,1096.8384618040157,2039.106928275608,1573.766103421506,3230.72543296861,2915.8276548488266,4628.400985850962,7620.429369024736,5235.824146653245
1745.3772508748584,1217.2389286147416,2050.3414456871096,1600.4381106994786,3337.644191157926,2911.5142728041524,4410.353591799289,7601.779971827229,5110.028520432092
1799.205966614907,1088.4886232395957,2075.64079009154,1589.0686283888454,3409.163301732284,2947.3377335739124,4208.747506174497,7603.903607330665,5186.699203856205
1747.9101494155643,1038.6393903365542,1930.3676405691585,1601.9818632818901,3482.918413727197,2904.1025252302097,4095.797776668939,7608.4723267417085,5087.836576375442
1796.2864679675845,1087.7222505049886,1822.2822362061415,1564.2342130464008,3462.56038297948,2824.2274048732133,3995.513431099664,7525.939509649868,5312.563303190771
1677.9540131509318,1060.4145872897093,1976.352416086544,1645.1738697196597,3405.4912607495226,2756.3660887683664,4035.722693394734,7426.909640960459,5600.001366995598
1610.0634308950598,1028.7897525334906,2064.782955012204,1551.2709195108832,3354.9118015608146,2711.698968981271,4493.2875571925615,7319.7543185056675,5822.897017720694
1612.5842753479728,995.0718978161428,2075.0971186554134,1530.5478023632186,3286.996767110031,2666.6885267866173,4600.259785442516,7395.085586262261,5638.196716749831
1558.1651227629563,1131.5177160909725,2196.7908265617552,1810.611725563696,3286.2965091277556,2632.7323318405456,4660.239407672387,7486.84137887684,5552.086791665536
1616.8622689507984,1165.4861973267246,2475.079831479543,1643.5449342458114,3240.251857337262,2561.416390095183,4718.677381413667,7716.874464004995,5369.70218323517
1673.4397530990639,1058.7831563117252,2641.1803661040494,1633.4304115333248,3166.043170577126,2534.315271798081,4770.74340706757,7891.777563233269,5350.753978647828
1767.0966468504953,1101.0867444416374,1946.9833630443854,1610.9063486507216,3141.030831495985,2671.889689343489,4842.87649604999,8044.011660535494,5201.437359563732
1712.843612881395,1107.5389579227913,2508.6882822236075,1598.5704158257204,3130.127996508294,2876.3389413474806,4605.821487663381,7994.365352036468,5270.288524763097
1688.2326994119326,1087.45205381386,2425.5768154005495,1580.8600170183568,3410.9572466428003,3130.218854941486,4430.714992608397,7973.205152977864,5357.923294656293
1671.0602401413053,1151.484329463429,2404.2944334976387,1565.5930085373602,3319.991882740497,3065.4785361887225,4286.731588499124,8012.270211768568,5284.395049876859
1667.1037647595904,1045.8235534715263,2292.5455754962995,1557.7555558725583,3393.528804160922,3053.117369693225,4358.336149117607,7847.055276726616,5174.632779138002
1648.149333673479,1139.5660520628048,2386.2803711085726,1615.7863595195524,3403.875111440293,2982.994424891323,4173.549960808572,7884.69957136613,5116.726497766058
1757.3923441949182,1037.5389688951823,2491.338965190491,1554.5577985775078,3397.2075618278873,2938.2053529681116,4085.0369828161406,7706.913809436416,5307.7080837071
1744.840372103918,989.8658505599601,2107.33081585928,1493.2609222312735,3377.374760097784,2852.19995185708,3992.5213040757953,7603.896850649402,5660.111654132561
1595.799731560378,1031.2242162305638,2404.7583393778305,1496.9565478828997,3383.7027375396883,2815.463802203496,4148.391143089469,7801.9164247261115,5759.090495840543
1700.9343703793184,1197.8414298932723,2306.3300915266864,1492.3034450673576,3188.8469633301293,2734.722462666564,4441.88099789354,7968.025947565107,5709.469204278131
1713.4986826225506,1048.268642009386,2278.7874644350895,1481.8790728006102,3213.7202674629175,2705.679824962669,4502.490330656114,7767.193274906596,5537.852098845009
1694.6248039255509,1137.6710207679635,2028.3902065879856,1536.4762849953593,3093.2594941881807,2612.9081564573103,4480.75890279887,7906.794049278515,5396.235611049924
1757.5025575274035,1340.0916299282512,2378.6034784497333,1627.650980592543,3133.544766188677,2656.348903288981,4566.628573642038,7984.872734732515,5399.952513950615
1711.9079594381606,1139.2742731191456,2368.245464154443,1612.5360193641877,2994.3003512096316,2846.759081991876,4459.729515386391,8110.258018435357,5262.25038880071
1712.8779590230138,1157.4370774247388,1937.594156841275,1623.4630922350063,3168.091653600084,3021.667567528717,4605.710352229744,8198.81299476562,5263.272838971281
1661.8494970901882,1064.789407092373,2232.59644626953,1552.290672443291,3442.3614005138334,3024.6130842007433,4461.3779016389435,8067.866142200051,5722.2468267407785
1770.0641192896833,1074.585069717678,2614.2029209201196,1577.0883115499205,3687.740863731701,3093.887680619334,4268.222693258067,8115.571224585214,5448.903624406783
1654.0654719429367,1061.806623088056,2437.5894505619954,1667.6810599491737,3437.7783246742665,3087.9147352744862,4223.837112719073,8107.485648857808,5317.933062297381
1596.2448084043626,1035.4487817967681,2199.799141713498,1588.0216319232177,3722.926181262448,3012.2690007426736,4145.564299034308,8015.168305663378,5215.423246717942
1743.424972283778,1010.8794421831067,2022.8832842222719,1572.0350001541979,3528.589478025001,3070.0708159951755,4019.720690067501,7898.201103982572,5163.720647665008
1591.380319264468,1054.3832168970716,2034.4926236598494,1475.173242026028,3326.4556090399446,2908.078945628219,4049.6346798864724,7774.953320232656,5341.507739242802
1625.199796055681,1025.211797489193,1905.5880057284126,1464.405916474821,3215.5589304816963,2901.7068376698035,4042.4074622343815,7684.710832420082,5535.466459050679
1671.0279289119803,1065.1331199586111,2220.3528164621766,1449.527610984097,3159.7383503574647,2748.1942077945887,4243.9365343189975,7839.190690698113,5542.342610771475
1702.2681596325015,1137.0181111598165,2068.6860659141657,1525.6833017107706,3082.1029540466266,2692.2630480730595,4438.418904527489,7978.486220757458,5381.253834021079
1652.275293691295,1103.9355301650382,1894.6664969776507,1507.7798935968603,3146.557853788603,2658.997927645664,4532.405326207304,8003.62336801861,5466.047127138179
1655.4977668891981,1097.745146832951,1875.1485841814315,1525.0043272259607,3094.7570319147762,2764.8815965607228,4542.848051304011,8087.849873489659,5585.188388215254
1698.994280318319,1099.1119382187535,2017.795525133598,1549.8707220773322,2866.279094308318,2895.6263075634633,4452.046674262386,8190.46976068815,5325.627368953345
1671.8363261317604,1038.2856843629602,1834.2992617437453,1573.180981342551,2977.7528897173415,2969.4639704110277,4507.978584246965,8321.224291428684,5480.406542958097
1631.223714812915,1145.2591819086822,1895.9628163185348,1528.9751142676087,3147.314340842495,3111.649983271192,4435.9995133685625,8358.941245178095,6020.477681296394
1619.276006835019,1037.4601082139777,1972.3728748864278,1570.4756339317846,3203.3805607229388,3145.9579945651935,4380.398865281674,8211.980458994614,5763.902909875385
1555.1540494276355,1036.0082896287554,1979.2686785307528,1507.221558502059,3200.843379347488,3094.3166682000874,4320.713589333267,8151.073851694274,5500.948456534943
1580.1296720920911,1001.05704656565,2135.084330307189,1478.4633134099226,3218.842959348057,3085.475818903847,4317.962045692828,8233.622503789917,5463.407708733542
1502.754494187787,1024.2456965870138,2418.177443908641,1454.1847391474093,3123.068825979209,2972.296803933972,4080.6410638938096,7972.103778161712,5492.120534372518
1644.0692498132512,1038.4099502733143,2023.23336661216,1540.9447226693446,3054.001038063252,2889.4098136199914,3941.200468389665,7877.3696212292325,5496.47754315302
1715.9301755257636,1109.8277776268474,2010.697521919362,1411.1293544482392,2984.162684488784,2866.9732250686566,4114.9979970158965,7816.91684313569,5538.758671023161
1782.9838814639188,1140.138695959091,1835.8752043173126,1492.1133691093967,2942.237968676247,2809.833996490131,4351.50214061197,7665.283550378557,5516.310846161487
1681.62708426503,1096.361639569222,2002.7540974546303,1556.028083711293,2939.928625448635,2687.584704019031,4413.7654015476455,7725.77590309518,5334.294566367608
1708.8651779222012,1103.1809957379323,2108.190621673171,1693.0766200921032,2806.61913228668,2668.1164307929967,4541.315255843892,7911.040509275941,5589.521511372185
1802.942727033763,1069.2542673209382,2135.3773783408055,1572.2924803896865,2749.551876113483,2664.744304356106,4626.519210599332,8057.253946496539,5512.051627099377
1653.2253678941074,1038.9306426176734,1808.0805622354312,1530.6814278421568,2753.1540240553472,2822.8017753607305,4654.278396886766,8152.993530892083,5397.513036502209
1573.9017136713942,1153.1090379738466,1866.9397657952886,1561.0313263559262,2896.217514397451,2989.7660344678015,4486.893221048175,8181.012559982079,5524.759039543971
1567.2229005562335,1012.1885419511477,1896.4482024508484,1598.5587922748919,3077.4168065859535,3086.7593747609717,4489.370180385312,8177.417316192759,5765.6893454296805
1533.7695174995333,1013.1895028096549,1886.411340191789,1511.1955497992583,3093.7699858374544,3103.885637622177,4376.548362828506,8188.060014562102,5663.19580671222
1575.796616286961,1117.335342505459,2042.7747256216428,1567.564422402539,3011.0221072870927,3084.3322804015475,4358.840196783499,8006.503591277895,6788.78126023818
1573.1126160020058,1048.5610668950935,1842.8152998526825,1463.4235912521676,2988.071863979464,3021.640865926818,4313.987519773373,7958.219579219829,6931.252450488185
1739.9289629592326,1077.1586902451868,1864.101225183893,1405.3093144700551,2901.53444909871,2927.991968700993,4156.499269169601,7862.191354312829,6242.156529618301
1855.2184910373855,1291.9884338747456,2336.920267048934,1433.4210805789041,2873.039779134104,2901.0170884180825,4033.1817253915888,7748.555282867763,5487.104265982151
1758.2445991489217,1252.5764615964292,2963.6979085759,1453.5829611054523,2936.1638882272555,2778.5514341762946,4151.823496051999,7510.130262959972,5457.263867354563
1671.082745060117,1202.8513566495299,2768.4554024217023,1488.6883165792337,2866.0609776232623,2689.696640534696,4374.1866390523155,7620.562383193582,5602.26409926156
1786.32989803908,1101.0235591520886,2191.2081730298564,1563.8624524801653,2898.591132510382,2631.450236654471,4595.790677060605,7670.544491669118,5900.028895245306
1622.7064815378958,1077.6928183295022,2583.2814818794495,1543.8723951689208,2917.191450255977,2580.8831259757662,4646.193167291635,7630.7723742049175,5730.871079156803
1604.3725349153606,1045.570875890268,1928.6065947713091,1547.1280748502613,2821.9713126832767,2647.5006077654034,4707.691182155053,7770.005855949323,5423.739135248849
1587.7873976772125,1160.5431405826985,2063.168789197148,1636.1709105965724,2880.9066687748664,2801.8094338582955,4710.753790513556,7761.8500643419575,5612.086812575246
1584.2217811263695,1114.3878369312101,1729.7019344429868,1501.238865009822,3101.0641225986155,2992.081889890701,4717.256476567288,7819.240876219144,5486.684605993825
1518.7759406001132,1058.149764116621,1807.858255088071,1591.2656693045487,3204.148397902911,3086.2159921731254,4714.516442103071,7847.921087714865,5541.3269681271595
1512.483720969097,1025.0992486474702,1922.2665685463487,1516.817772321542,3322.191970422413,3124.9412690118993,4573.52525004841,7828.795275677558,5560.307810330721
1649.6203438396492,1015.9057385210676,1786.1949964667065,1502.13844817446,3481.3005859855575,3084.5718647288368,4561.925781947079,7772.173987625134,5295.73551570735
1658.841165541069,1050.6817925093642,1734.8899676575973,1449.1516975254494,3439.1896185648193,3011.5563039639856,4488.789842563683,7627.120631836261,5235.458577799136
1669.0465865772549,1100.98498622333,1834.4493712611925,1589.9296188827248,3409.0617549537965,2912.1856639755306,4299.064679338674,7649.808644431578,5189.570825258547
1651.5348844590771,1222.4130094249786,1715.992368447483,1630.36381354907,3397.8729245570057,2831.911434253894,4296.796640332228,7389.818647371407,5370.414462081128
1668.5680672378548,1091.764138122798,1607.572322008624,1575.7919494568405,3449.704618179587,2884.747038724233,4203.787936536864,7397.836960841667,5672.36347318125
1672.4515848628498,1073.9503833648087,1550.278570206683,1944.9461462669115,3419.5228130893647,2773.6287253630053,4476.549824674667,7272.4449340793435,5830.52668838774
1679.9529046617827,1130.897170138347,1653.8835061331672,1705.9239576583768,3413.4727568777043,2691.3765657861636,4587.254991590224,7369.415771060041,5736.874506660587
1715.6324809986559,1103.829804543698,1578.182683405508,1660.9951503321968,3316.6224961443877,2586.245123145313,4700.86295962592,7403.714731662949,5699.133052066973
1704.2216423909317,1139.7509150089486,1663.7787360203156,1705.5067296777052,3323.486603053874,2638.668763219245,4801.383389262901,7486.553050086159,5464.043568484571
1620.7372252264831,1039.0011223344559,1679.8021159734747,1649.0063724741944,3435.3161696024117,2821.950768270488,4691.031298136353,7732.438253989971,5324.323576067515
1674.2938634673355,1002.3798106987376,1497.1482796440548,1517.7582541835286,3755.0534207697183,2957.27801080499,4733.853598880658,7715.438630328398,5169.482375303891
1520.7868312651149,1094.3678289793334,1577.06852726941,1632.7262882515188,3826.2712600592145,3051.8602386931034,4720.391898996608,7875.59834524946,5431.389747055703
1558.48091665947,1065.690693356589,1553.633402381612,1596.999449810101,3783.3288026432037,3130.7915143675336,4496.443716932898,7915.75702833843,5504.469818234427
1657.1875833616302,1156.9640556863005,1542.8867262603096,1515.753258544134,3823.6584346429245,3021.5981029350073,4507.335978451907,8389.832337859323,5178.354454361243
1671.9605342046943,1117.0452827923823,1673.3505219052563,1521.3574371973662,3724.0762736006473,2966.615483543973,4302.5921701823545,7821.71313181444,5156.912078109497
1710.516506016199,1147.466991500411,1558.632520073892,1640.3261887961764,3653.288276962666,2908.8592569003777,4205.6764740772405,7904.426644577878,5507.892958373395
1688.9487068146086,1091.9771684957232,1842.3101490508134,1562.534302822482,3656.939541965654,2799.4562866077667,4134.483155334429,8120.441467210458,5702.844212713713
1657.5058646256057,1178.8148356601992,2214.1224003357656,1743.8021660975437,3644.4845675294237,2735.557554115215,4436.639638642044,7546.568225610543,5865.474670072372
1720.925420470272,1225.370568496111,1956.5158536377535,1650.3408220949168,3693.1475101098563,2693.3554113104537,4536.382048358835,6981.8223123831895,6098.122525040761
1694.6757022660297,1069.1862255784354,1930.2549860687654,1662.2380546312263,3601.5653461848724,2623.2290788456817,4424.251220416289,7556.477384327307,5850.68463745674
1600.874117215211,1075.3857329373636,1745.405516184533,1632.8307441923878,3519.3390189010797,2557.9243259171767,4583.607154524416,7803.260004675904,5605.640970999359
1529.4478617603918,1250.128514237029,1859.6428630388555,1656.096806672835,3554.5031733179962,2608.697498636885,4700.545740194178,7967.688739594336,5451.993565063356
1523.8690314213572,1056.0617820281486,1730.2557211374415,1599.8386662982248,3653.64426010191,2773.482426193539,4759.198208728012,7934.579909896301,5261.187066725273
1495.5073141329226,1066.221381091576,2155.4009753318464,1687.6241511390317,4146.204654355688,3008.355689761363,4802.525976411483,7796.361032855582,5164.497277906805
1588.114285055323,1419.751630385359,1706.3469104275214,1544.4621123211182,4123.973062616074,3061.1950222433725,4804.395683174376,7918.59714566505,5194.445074197507
1675.7151525891557,1143.1011104576078,1678.5702857293672,1546.1147133542868,3808.1275373040457,3050.953443198237,4590.1997405740485,7832.1391451699,5356.352368304559
1724.7045634362312,1260.0124289451123,1665.438670832692,1600.937337962684,3903.1096253382366,2954.813197068823,4500.525964597655,7911.677502771511,5318.384372395643
1660.3870187466691,1259.7060326335932,1640.4609777823066,1561.919659750571,3909.892283772959,2921.2736076072465,4321.003909766764,7664.850127832577,5201.513790639488
1654.6959048484232,1187.2518333134954,1634.5608127627233,1635.153676241854,3974.7510789681946,2830.6542145052767,4186.12637526688,7800.2379889930135,5135.567370756175
1624.585190883421,1111.028355491337,1518.140689479479,1653.518500562635,3670.5209895354396,2767.306863853053,4089.6603753443105,7637.664174021864,5401.265212053369
1670.0671598023596,1099.2899161534185,1373.5985487727548,1673.9234179666485,3645.682010518254,2663.9722199111725,4320.8536186219935,7547.757697171504,5764.087637344079
1615.4067864109777,1094.1045914474332,1453.1273808480764,1648.5534662541952,3519.0233168828745,2579.4680645384115,4696.658333308991,7447.896014937163,5861.210454590069
1584.1361616408672,1194.101708329803,1547.758013347484,1630.5810876560952,3495.570625510073,2535.9234634861896,4680.866792249588,7359.417158621016,5854.050056863096
1527.192112562698,1033.3417456827976,1686.5826879747797,1607.3472373450468,3351.698470303322,2467.768904643276,4832.956363337116,7485.882823301414,5685.666895106424
1536.0695378248142,1095.6964061095514,1604.2992484135962,1603.1876632107774,3447.5906522344812,2531.8822491393776,4952.359232829641,7701.430137462321,5429.3300960896895
1535.4130003248447,1170.5006831925566,1726.9445971460111,1610.10269417526,3717.6040228068514,2665.0058271492017,5007.68535354208,8029.11629316035,5295.835692372351
1687.1565575992659,1090.4022301871764,1802.5040780525742,1592.3711638771092,3829.4908473728806,2833.3428065070057,4864.314259171195,8204.833235188791,5186.179626212712
1703.7475360514568,1187.4428321243004,1678.7409906350385,1536.4852725410315,3830.8030451793247,2892.0430236525463,4722.326254578625,8127.405673807758,5325.446135749371
1721.7449757098461,1162.6013202290892,1876.6631556028985,1548.8177182756008,3693.988883453875,2930.408390873682,4552.24825308438,8197.164354896186,5398.738728457169
1759.2370889788356,1121.185554296756,1640.3449170300491,1547.352959957564,3613.3018580966827,2888.214144099563,4492.381150310821,8144.687059335241,5479.422323093426
1623.2186746800762,1118.2458090619334,1552.5622317389552,1575.3076749015738,3721.6190383173107,2771.2881846327246,4400.5483786072255,7970.006274500507,5339.480830171089
1596.2363676310408,1107.981660928199,1453.9155286351192,1600.652618648005,3618.7643078649153,2677.8896787317617,4296.93474306158,7855.169024168437,5190.449704189094
1715.490889798919,1072.115285380876,1479.8202783273614,1672.6605196617566,3472.0470414027905,2623.2644754959597,4153.176076224327,7842.571534133105,5211.618323265349
1616.1880515027567,1176.312486267152,1468.9013511664102,1690.7965094518809,3499.6333647520078,2507.286052994463,4245.532759964075,7783.319839858961,5547.690531439537
1535.9036319544045,1066.2361888660946,1599.5491387609509,1720.9698759892867,3464.36017109137,2467.4478666822843,4490.235875175038,7793.837479860397,5644.5939444159585
1723.8290728737359,1078.3384590172845,1728.0301078706943,1662.5774401842739,3308.0233113572913,2407.2458838811053,4617.1549913555555,7713.616578010264,5639.866840623594
1539.4873497152137,1070.4624981089694,1543.0222381620185,1570.0913848168684,3257.807606151396,2320.441219641886,4638.559909290461,7733.562444488622,5634.92015466882
1623.0745223443178,1052.6902202761225,1572.4461996059688,1671.0593327832412,3469.394623837143,2439.8937192804424,4788.483263541895,7821.933236945304,5465.169567770683
1605.6281034123792,1053.5293528814377,1733.8304460067675,1551.396586958259,3535.9034505433947,2619.167920621198,4681.275942210619,8057.587062236026,5548.987763071641
1649.0407349872212,1132.8730233322863,1601.2775916807943,1560.6553696328347,3600.3770464263584,2750.887576720069,4654.512780422096,8223.183543676092,5320.663795578524
1632.4488954203407,1228.3500691210497,1692.7624878587033,1504.6928364343153,3687.012575895932,2775.076337934759,4816.511637778373,8280.886470582409,5382.884432754463
1625.4477037437453,1106.5286020567366,1574.8460988798613,1506.3305166598766,3783.056167412992,2764.692621017083,4622.566836538679,8357.56175919126,5789.014725243447
1609.386584147246,1110.7372280428372,1524.314795552912,1534.8989118025604,3472.0899677510397,2732.533887820924,4400.544539882521,8253.529011178918,5651.290583449216
1578.784463884213,1095.2479218338026,1482.4713676885235,1588.062500395849,3447.7446761705496,2707.0349706156494,4411.583265007554,8258.520372039009,5432.29469336486
1584.4430695975766,1122.6313629477686,1567.3529895904862,1722.5153098369863,3406.202181453401,2595.4443920642916,4254.03032849019,8114.248551182131,5474.211234515396
1550.4846401456862,1264.6023546149677,1660.7886339044715,1617.4962462656158,3183.5804101441076,2522.265426024652,4178.67947257782,8008.4247409026375,5416.5135141042465
1496.4075465899352,1086.4648296048156,1854.1670903065922,1624.9510479447329,3153.4310660335595,2590.6168369521497,4166.5938364062495,7811.903665652888,5373.204389234725
1497.381699571651,1077.1594704614222,1914.6956472491333,1570.492331260205,3089.516776491093,2431.110753418541,4227.244049718107,7748.529833956949,5527.150173908756
1472.1879963917538,1352.9355196903239,1584.2821855713191,1548.5342374205227,2947.5560192521184,2371.8883913898353,4466.39233783545,7819.442868418688,5650.639218585405
1540.6501242281988,1110.0001049734976,1886.4109991503883,1630.8744093285238,2921.754991932007,2334.881091281768,4693.979514518547,7824.201579064413,5480.726340105746
1592.2404056847467,1250.1688249433007,1851.5136368454973,1556.4417740477443,3120.9672331439597,2507.1635712379093,4754.664543149976,7925.958860791887,5504.329194025455
1616.2991806704886,1164.026645319972,1606.9074892314763,1515.783349109332,3217.1872452722528,2674.9545834858814,4822.582475171486,8175.989709509493,5867.990744962925
1563.2760860291746,1204.9523332797035,1614.4839298345266,1484.5825832864446,3203.1454466706355,2716.9002092465016,4664.6211200930775,8238.14921340248,5497.467849233772
1597.8272321825884,1100.4136218393835,1612.2304164878378,1465.208106064797,3148.3687912681066,2923.548068250855,4586.778541909089,8318.215877736335,5674.665341925316
1757.5494141895686,1087.6495394969024,1537.083565209032,1480.4660135778786,3103.438640932356,2829.879271324876,4491.201205356457,8321.983757347774,6256.904298371601
1688.2000598888117,1063.3093929122783,1537.5712966454032,1517.9828281534656,3060.0169211363636,2775.612663554334,4567.603961577068,8306.172839506176,6026.97447177611
1663.3137100387837,1090.2928662303393,1490.6244357598207,1739.96038420866,2993.7588406457558,2726.307471001933,4537.678008114413,8220.385466968823,5710.948216735253
1671.0124321311848,1143.3710298238066,1607.3763951611963,1610.5420936610067,2935.750305991318,2646.489900815899,4276.344610331538,8077.915331028031,5588.80437899112
1508.063948018029,1117.1008471254313,1556.832498934395,1589.1812594523426,2838.8129817022227,2595.0319576756756,4161.382957658434,8055.315270527794,5728.486473584511
1543.0515802957877,1064.2620431954253,1564.5935188567037,1702.4787829508823,2787.968760946734,2570.5100090861197,4158.846393235294,8003.8208456594675,5805.790733417507
1562.8685139492875,1028.0133417306085,1544.7853657620599,1736.4053538238081,2788.570461573104,2509.5247675756964,4240.196477929621,7782.862271803005,5840.064520131522
1665.4931985487774,1023.4765339662251,1555.8484207826755,1594.9865837947852,2704.5385064939155,2445.878659848246,4469.337655113866,7713.189235802885,5788.568296398273
1702.8029939295147,1050.1617180298153,1630.109073474769,1571.3822879903578,2809.013273687502,2472.025153777813,4602.058044568603,7706.840305500141,5563.564837198959
1711.6706073127311,1094.3246485787938,1537.573597006463,1529.1029358209096,2953.7897813093687,2515.1064961425263,4777.453882001801,7867.489679220007,5583.159420050162
1662.9284357021206,1167.5442670809923,1774.8800476673746,1525.13852978096,3099.912105763061,2727.4580082929233,4905.232989970318,8079.043514696796,5595.749410109784
1669.6297799116592,1073.5532932493197,1568.4466525100959,1590.85377760941,3111.972360041747,2919.9755104955543,4775.823877852082,8079.53663528561,5862.056715307586
1747.0169490357403,1079.1693509380282,1531.4870534517845,1512.6645273913641,3188.7284739509614,2940.7503010445694,4717.362932968517,8255.71452806002,6255.339205013573
1564.4634377967716,1051.9414472463554,1541.4917271858621,1673.9501743383062,3125.5028256894666,2948.533535037455,4613.729822631354,8113.826002401585,5919.276400520909
1607.0971682329202,1103.2060697640318,1662.6175628379958,1664.3062689744793,3083.374913310249,2897.768169336264,4501.73241426781,8306.265819515469,7817.36213026589
1572.3598487614458,1142.0493181663892,1563.6318652505547,1663.858493946313,3038.1399095727747,2813.9550106412935,4573.765714305439,8252.258306086707,7700.976892696306
1516.1655005952678,1073.7967203386193,1488.334299658746,1609.0494763309023,3077.680875561963,2773.352008402685,4352.326016583238,8125.913287230426,6511.713777862388
1514.1040282207578,1008.5369103104731,1529.9852165402226,1582.89568430911,3111.486598897277,2683.1408246011592,4176.696626362415,8054.877555021671,5787.151772762194
1738.3479479354617,1017.0173538352109,1476.4921538490717,1600.2829309197768,3054.1772209073297,2641.2621538781714,4106.427338413725,7932.676249596436,5706.588472131291
1768.9224206335311,1022.2202131613576,1520.95198955542,1631.5479759176633,2954.5302446717496,2614.5318592959084,4302.28110063713,7792.032742659101,5860.35304838933
1602.9669053701125,1040.042255389596,1463.389626676963,1576.5930699059686,3001.9561425900065,2523.657742504674,4580.625296204624,7677.283253189741,5807.259895977684
1721.5294955715979,1091.930974949934,1521.0269256158367,1519.2087637089726,3096.534084129612,2509.5946588664483,4621.270012783989,7756.8605562864595,5818.79515129108
1686.0717734227158,1187.6112607425366,1593.4191110331808,1486.9790308855804,3316.9273545322294,2643.7649005288167,4678.422572861739,7831.58012292306,5721.334064465562
1625.897738838521,1057.934265497839,1571.6566321672444,1509.2985420837172,3479.150043329071,2885.3625637946866,4747.396576960794,7879.196722903498,5845.776551570371
1615.078880570281,1091.4528479508988,1541.257078525246,1504.2336259119897,3425.1940478226397,2983.528372695776,4860.173034696274,7978.298220776771,5940.082675685437
1612.63445959663,1187.0288195925477,1486.4422004391708,1606.9592844338467,3477.8308832733246,3044.359325105056,4692.936437742677,7976.397012494438,5711.362883575612
1571.1083752778454,1139.44517494188,1334.2921852077525,1618.3788575596832,3330.8874253575664,3144.856596665791,4542.580874064108,8053.440770678503,5766.978667602626
1557.0438087152509,1089.576754142036,1429.1449211016134,1692.828867163534,3425.169985746037,3026.189058668868,4485.870567585812,8089.690538716612,5836.289447380081
1658.6619321039584,1246.3247682858728,1546.215415293333,1602.1442105758933,3437.5014191069704,2958.3393407415933,4531.225786728752,8078.994435764336,5833.6310528186295
1728.547938876319,1060.7130935804962,1816.2529725632858,1608.8257272304372,3418.4222388422186,2902.21720565976,4390.6774160732675,7867.351715217929,5771.378831786249
1577.2200789954468,1067.4445543182753,1515.6045923185575,1688.8280626672195,3350.908306599009,2813.0596889116596,4146.480772301542,8040.351045345754,5635.853909465017
1690.090670256675,1047.0279621672826,1532.2672065802449,1596.0018844945625,3251.9445388101,2840.107718884661,4096.56494280173,7816.58478906182,5599.238769537413
1754.89764960456,1091.9690055417893,1548.7364258265638,1631.1307756892747,3090.5992238936083,2669.7841944646425,4285.881802356155,7694.077231260855,5832.116153712392
1777.5346574603154,1080.6390408938753,1687.3061492201227,1594.7482894982636,3161.3377440715603,2596.470457021765,4426.121028998943,7630.404867948702,5946.980952148161
1673.537899007148,1131.3583168482267,1622.0267714723118,1572.9567261810314,3328.9265845695722,2643.531682024768,4526.683141380624,7749.176975766608,5971.539348743814
1645.9520853564513,1068.5632562542492,1537.181794058045,1544.5898628188006,3438.8572943321155,2749.1470955388395,4599.991170845948,7737.298984358671,5960.358308749755
1752.4378948347467,1137.8056230376906,1510.3221679773224,1557.3186668907074,3538.3796218570005,2945.3976874126806,4673.617622331381,7717.7196442134755,5744.411940460388
1704.3564874142535,1065.477293328643,1509.819360259557,1772.2931484816268,3563.420031727228,3108.465887495196,4610.272803161152,7967.209588481961,5645.507616017765
1691.6740698653534,1101.379512131475,1585.8364134506958,1778.7170693866879,3512.3621489879324,3073.44821603073,4608.906994694602,8115.8834418985825,5587.966792267869
1609.9355632652669,1050.6152431314501,1523.5843864386466,1772.2857417046196,3449.876820801586,3120.842809855376,4579.723160336851,8286.474988389251,5811.345544549278
1523.4479429317673,1045.4685810031938,1627.91047419801,1773.507877802619,3401.9223839583497,3059.83495258505,4397.993891441096,9014.402810642769,5833.724952607865
1530.6122448979588,1012.9506547846216,1751.5133738223294,1825.4413920394331,3425.8411802579103,2942.8835572456614,4373.510593493187,8746.257610926094,5668.453561218758
1625.6137193391496,979.8453794135003,1654.9451448741843,1911.8412380818418,3338.0925809296023,2866.4699642042638,4249.25123173925,8338.429623869637,5618.987314761468
1690.0872978976186,1187.795778614348,1632.0072986512143,2007.3628218943345,3276.034041012219,2795.9112644897723,4156.445613801085,8578.941454424346,5461.733860438564
1693.4643718288014,1179.2037709975903,1628.312322681716,2332.5390415845595,3188.9547870973174,2743.314860786265,4091.8091038147368,8096.147993122581,5844.109080806571
1668.1538081713916,1160.4948766917635,1716.578182769762,1774.8022561837133,3214.872152963226,2678.141069168414,4247.5029773198685,7483.900082712487,6234.1621217191005
1676.5044956753347,1099.4233410269126,1751.4351885862866,1752.469140173712,3338.5124896875104,2571.338495568227,4363.743054159007,7629.470005773997,6157.750604858331
1651.3996143045276,1106.2969409894458,1626.8109743200598,1687.172114550504,3482.328820323087,2587.468152761997,4480.479369973479,8110.022106333444,6223.055927317653
1608.4621589582564,1058.245276603834,1571.3900957431667,1708.033619151988,3503.509834122639,2726.5167764348203,4600.970874432867,8404.534763291555,6007.521445362972
1603.3317919921788,1116.698085275215,1726.2663836275556,1676.9465256345275,3576.824012502426,2922.2746735732853,4804.010810189965,8075.96076393588,5805.92388622356
1571.9605947133277,1056.435194150634,1548.7056075864816,1803.4275818137526,3561.135244268109,3113.6463299638094,4915.410541936157,8147.360495135173,5652.4926250317185
1542.116693631844,1141.8120964886343,1702.4618037742162,1918.1643411009009,3457.792205301187,3088.25022749703,4731.176057301314,8194.598415457287,5586.181057570633
1508.0403734824577,1184.1994905157492,1973.223736432518,1791.9031213172793,3404.0046416742325,3056.720685261781,4711.921333675153,8224.939453009625,5602.4152664567355
1538.2183621177328,1224.9531030459111,1789.844902689254,1873.055266102108,3432.4337192238972,2989.8435747255726,4626.386053818145,8240.605624580225,5747.288140614619
1618.9067906817158,1001.5064144057121,1851.7616177307532,1808.3367263897117,3425.4223218221596,2876.551605976166,4369.640621924802,8289.252951199347,5852.089268755937
1683.3884787664736,1039.8676761034544,1986.7963009154225,1753.4578994170934,3400.130777939108,2835.7755551212704,4311.8522467394705,8282.55753484328,5665.80482956808
1746.7021156730125,1071.2784362280108,2063.6930115261875,1828.8660667835102,3296.2365822465376,2741.9451672923497,4190.955778573274,8086.452969427646,5503.175855360187
1785.541048753576,1093.02811257954,1750.3413568990045,1805.5425697374862,3244.0593492907537,2704.1162246044164,4268.2968981979475,8056.376276231555,5629.406704093037
1695.5584604212054,1072.968068691138,1802.173737982596,1771.6322639546283,3212.78302766696,2612.2331497098753,4559.866665506928,7853.756928868478,5839.718872143636
1678.624666327692,1274.4419419096116,1654.3291236567427,1739.4063589586196,3430.088108443103,2543.8802444380754,4736.283988057072,7777.549675438255,6062.0355584721765
1799.816889980275,1137.5496270371827,1652.7415468779664,1735.1822550629743,3505.680441016376,2545.2265411383637,4853.083558277578,7684.047048894656,6021.327152546217
1630.6664522241663,1088.9149400741098,1755.0554055508628,1867.6288481096838,3601.9313355700824,2657.5610456496242,5085.124811255548,7875.8754607930005,5912.928062508698
1562.304051404329,1320.4383939554004,1645.2806814623787,1858.3651197710628,3517.807845369104,2863.4703647817014,5212.295436730872,8096.350782264955,5735.9908983455425
1733.356093008717,1087.314014503041,1787.7171327771462,1841.1102703744975,3529.3054650020285,2985.47373157017,4918.339569340426,8231.593641152482,5672.339688029557
1568.6239113822812,1090.3774830546881,1902.6677287763218,1867.5865589596965,3462.5769594617923,2977.594711231866,4885.725674892051,8339.460320998982,5621.084892030194
1602.6469815496994,1117.7257132707973,1853.1579775574398,2046.5300036070334,3373.4932103469973,3008.1680842742085,4799.102740232165,8484.653656772036,5576.747264234089
1629.6978556658041,986.778684040354,1732.5743073804401,1995.1383414843995,3398.77939321957,2909.6897776989026,4774.114916877538,8445.547293844123,5675.42706396399
1667.4880203597095,1049.1576907139838,1788.6688782707708,1894.7028688575529,3313.081319564568,2850.097667690874,4718.522110139098,8423.032505553656,5850.987012832697
1640.1659966677366,1117.0196176742359,1740.2952095340643,2209.112039356764,3245.4111829490007,2726.3050644253617,4604.881757659836,8471.025750234374,5800.401197809934
1652.5475603281043,1136.7658279813015,1658.0380055498372,1991.4748726534585,3248.6261069568263,2680.512734531655,4426.072252356484,8425.965671237474,5591.450451961298
1648.34023882866,1054.282092048923,1789.765369177917,1978.5137796968493,3256.658953864354,2649.9106653347485,4380.719198680052,8333.137866597863,5585.222523971717
1614.7377736952028,1067.45333676564,1726.7413736429105,1879.5204904100294,3321.238865375094,2547.0706964504443,4597.087946346028,8284.155595492397,5757.803533665301
1675.828759212477,1033.9539340760953,1642.848282410775,1815.0381405606186,3576.550627339152,2497.294735725605,4751.383556381559,8055.199625765247,6100.12417653685
1602.8066372657206,1043.5438148242033,1613.499164049295,1780.3330641675702,3555.7986284243607,2466.2911028916474,4766.695658809336,8066.52589877936,6063.983138617736
1545.539220421804,1124.673951326953,1686.7792296938333,1881.7840509980838,3646.2780122555887,2698.8412552802074,4854.154028371264,7916.299346876527,5930.519259799839
1510.8184114837568,1030.5752686844462,1714.7193133393935,1897.0441385305999,3535.7454061379267,2852.2441996739076,4960.3718966954575,8265.638828839807,5772.662480353523
1477.0452579408502,1003.3483821094258,1839.1592223389111,1987.870063835122,3410.5578776456173,2946.8945622424335,5036.52473158034,8353.18989455988,6011.352688366707
1537.887232791226,1005.064868839285,1842.923082091932,1879.9677947590876,3410.404751415627,2923.0632668658873,5261.04607727001,8392.813098915423,5710.784124409428
1612.6038527756327,1028.1995779357721,1766.7249080754627,1916.9135824607588,3612.422187224316,2918.391308434494,5121.851402899665,8613.764090706476,5512.561924853135
1678.6218904274092,1053.6960935427462,1779.8681723008597,1884.9365429507402,3287.22597237501,2812.5499056247927,4948.161757447018,8613.65305659371,5805.383672299629
1631.9413611758919,1177.019526834322,1765.8992224546455,1867.5889351259846,3535.750776571149,2813.415929483057,4806.450438456963,8713.12411033902,6016.319176159241
1651.7085914128015,1164.289574171732,1670.041704612081,1852.1685499182313,3626.9797335837848,2726.179176957943,4751.160555435308,8674.660037063137,5815.797103951336
1633.6414134676397,1070.7326527261075,1726.6273529419327,1836.485566010298,3202.8644857117793,2662.455725103424,4643.448094916615,8388.560198856718,5622.272368931767
1580.9167462529058,1048.638856768182,1678.3716653820145,1784.1213378642358,3086.176282435671,2580.8490983736665,4469.770823276334,8322.608213374418,5593.453768316243
1678.2631435198257,1050.140172572877,1652.2265307532248,1734.0271073429249,3227.4168626072124,2510.1322123446,4544.0870692205735,8226.688194303282,5702.645301892397
1668.2431526699256,1077.237604146249,1600.9841832705818,1779.7076715618796,3371.0860703592934,2423.0634228562594,4667.053399838998,8076.6614229931365,5853.591324563438
1528.9923508476709,1102.7938440723829,1610.842476438264,1827.8815115063871,3383.8038930870143,2464.4496232655597,4870.319970479803,8077.359525433103,5852.529170899908
1551.7281092540507,1032.939834348775,1819.6595564606735,1891.9489911380783,3525.515736247561,2673.4908778404324,5082.106738672712,8138.78316310155,5728.454930131452
1686.3244657910695,1015.3778540088479,1744.282032617663,1966.4010930611573,3403.5284599992356,2882.628991715712,5209.6348564136,8195.99512423331,5692.921776088768
1601.038295493583,1017.2957499294213,1728.252180884578,1896.3508565619245,3336.840269125156,2870.5691329420883,5209.076122653953,8454.93753535084,5857.592703358743
1598.5360766668302,1036.4040805725845,1726.5433486046434,1826.8348378098235,3335.470404693283,2972.756943695295,5118.677140794953,8511.487045933893,5772.097391145011
1766.6802280166467,1051.8007643777364,1721.4664190636,1796.491847014677,3236.579565946972,2938.163895557879,5192.892868381215,8654.480093721628,5830.017597559739
1720.1834960539722,1105.459961013326,1682.672318822878,1806.157786561164,3082.015667800386,2841.10112709644,4994.36526188421,8681.346437542084,6313.890817368489
1687.776563660838,1243.0399280113006,1613.5821516975448,1852.175954923503,3470.5963502474942,2816.251392836273,4891.162814246782,8644.913423498245,6119.225952666515
1658.590032983945,1115.595856933855,1898.4836211587872,1862.9403816264073,3070.2254173379183,2675.7285783285033,4746.689892263167,8491.125937687753,5873.285234466548
1614.6780451858115,1147.0348078416641,1715.971113609174,1690.6211642127278,3008.0813709806007,2630.0979747716424,4721.049868338374,8450.617283950618,5762.291908633371
1547.8554325158589,1352.2358969217594,1664.796014553523,1703.9897829374145,2893.780958427641,2547.151933721205,4587.687198923626,8326.886902735374,5805.663524400961
1527.7329533579905,1196.5745223598014,1939.7191132699713,1713.4602944954909,3002.151455056803,2536.2401454872497,4614.849786729944,8261.242734065907,5835.216745759767
1524.317077977395,1170.801632281829,1667.676710520686,1706.9790050683846,3170.1051260042727,2414.3924182624432,4762.561292302766,8171.504717449248,5789.4838519353925
1480.9728501760046,1047.6719535704801,2098.249752064563,1760.745907867436,3184.6688824126372,2430.447032485258,5033.294027405986,8061.218695628215,5904.518986821038
1522.5726833171834,1008.0306695607878,1842.1869809576478,1772.5264204302682,3114.2206978613904,2590.221502237675,5066.056362127945,8035.9017295369285,5771.065938879565
1655.1406723023283,1067.1341051942613,1662.0472342755402,1786.2075148736535,3029.03707851096,2740.2588939174643,5098.259100334028,8116.796336027858,5676.533604124067
1699.7018586819954,1025.6856901150836,1668.3224283608245,1778.9837045043187,2959.926826730981,2888.575627284443,5238.952116238455,8315.512438692145,5675.216214431902
1674.0753946515174,1119.4776185497326,1596.9989202682727,1694.8183670567118,2928.6141462110613,2914.628747170362,5177.266734183448,8446.125621185376,5675.929747743365
1619.1608741119956,1127.351890341396,1584.345913191943,1690.5030377712328,2776.8873329067696,2872.9988196146705,5149.05177137469,8455.833806565162,5951.966215618309
1641.9662455976256,1071.627961235421,1656.7500282750052,1711.8551862933136,2725.812750893313,2824.281025414646,5153.872895878096,8497.412036522526,6026.38599643377
1652.4273551524698,1077.9890359366077,1612.9637002831623,1718.9255050104307,2675.9852871472876,2734.705624168279,4908.709253907795,8526.231733237246,6190.523944090288
1599.1396035076255,1071.403476727825,1501.6630723796352,1625.975396895929,2701.182231310405,2662.8652740810885,5054.085361531808,8368.982714481539,7426.555859267763
1560.166846211006,1059.0736021945395,1469.847939672296,1645.5990877964125,2657.7109599790256,2605.433551677452,4712.300116169657,8450.617283950614,7249.623121904648
1545.2109861288386,1158.7562612054735,1584.5259027519244,1596.8331021319873,2733.7465843290884,2505.165882794834,4519.793028627093,8230.37485970819,6505.767588548267
1524.4576718060662,1026.4514166437039,1497.0125217632135,1624.3495024512313,2946.5174806422356,2477.0277129408328,4455.246912498807,8145.084759642183,5817.267296441251
1478.322998894293,1042.3602917979129,1497.2428150888707,1685.741236247674,3075.276778189919,2374.3362685219035,4663.828246140143,7964.8915664516435,5834.863043134622
1550.0226978138626,1060.094764501178,1662.2924143581317,1646.4425193611057,3238.7085562834063,2444.7758421070225,4868.119702705617,7835.075042740293,6118.806020632506
1688.3317084957753,1003.6930426903753,1589.1560085806868,1659.1376849184257,3300.036348632609,2635.946242797728,5077.3605391944875,7839.682820074979,6273.123605951182
1666.5000978713113,1077.7001632278254,1557.4427699722369,1637.540446202198,3267.3673542017277,2837.1308078002253,5186.002065266353,7842.652828011231,6018.075457848285
1675.6255765991968,1090.566505576782,1512.729023050495,1650.3816432870904,3296.492836546985,2913.482901233948,5117.070482509293,8007.067348327155,5831.8608364489255
1809.6363356388206,1149.46041899984,1474.1253007753285,1570.5449470147437,3338.014191349515,3025.2395058531456,5021.005978342325,7999.305361116081,6102.6647519903945
1662.5195489881085,1116.674305154765,1479.7216059905131,1648.2129195762423,3380.1597493149743,2992.073041903397,5033.073228097567,8182.979766571565,5848.395690629557
1857.4074738649797,1061.6722382800046,1509.716611475337,1566.4571894867925,3384.897285424751,2855.7306575222005,4889.121779416093,8204.643853594556,5973.817057407869
1640.3216537040935,1043.8592429179162,1522.4512543060248,1528.1259900788477,3289.3116669298415,2748.5951218199134,4819.693581000878,8188.787355029259,5841.115318026635
1622.7133402007946,1076.2668177790881,1434.2316883536387,1525.4322754478046,3305.6100099101322,2712.26400688788,4874.516662553183,8148.704219414944,5812.464098553339
1618.462162922991,1147.5372877588766,1451.2638755271928,1425.2107656839562,3300.1374133820827,2625.7610504985896,4634.30222883794,7994.341039405447,5653.4506931449705
1568.1832922313477,1059.3344814937714,1338.2954951264655,1485.7915557430656,3439.907703358518,2530.288506703926,4452.713275329764,7947.831657584522,5555.591931189862
1491.4251609774615,1028.1378035621165,1453.8546641131152,1515.6185405535216,3695.6572669536777,2511.957924837591,4452.461305355647,7900.059663132774,5680.71999449558
1663.9279251802673,1046.4396746168482,1529.2338951238576,1437.238558714599,3812.4440610443453,2432.00690216545,4463.940526787801,7744.029112461738,5890.194323225543
1621.13598157979,1008.8393666910848,1492.5679229081852,1526.175514117904,3841.2860137406124,2492.2814231044094,4683.032860741952,7558.555026948974,6088.624090349439
1629.387157306436,1069.0194869930294,1517.758299162137,1507.3686118939281,3840.532755625093,2697.2686954448795,4880.068192132183,7654.026111865587,6134.43205042244
1650.620813688262,1197.983042790563,1500.2379436183855,1526.5769536915977,3824.884043574038,2851.3775882438617,4862.846246489034,7824.0410663247385,6085.660018993353
1663.3371254170524,1174.5577910812985,1496.4596405826787,1537.67912117881,3747.2212881368278,2971.9734280073735,4861.410116860418,7988.721976402226,5975.413970659301
1686.7903544163914,1095.820884915399,1557.1117795319024,1506.8216104444225,3756.2874116061057,2976.823816464883,4849.102845324871,8063.530985872085,5721.754233495524
1574.0939010778657,1306.5539877160309,1625.569030734689,1447.1559069213654,3676.455664419667,2932.0348976917785,4952.350193358287,8445.876311881631,5654.344744573523
1602.8712366973186,1187.6810020457585,1514.6428452817204,1773.5927504602118,3947.48581192204,2899.824052485811,4811.019433369359,8733.129100826416,5932.980599647262
1532.802144860169,1176.0322644884138,1424.588235277282,1648.7059575614815,3743.1099728848776,2842.270946859664,4615.447915776878,8301.772501018595,5787.788518810863
1514.126386088664,1161.349157468454,1490.1016136756634,1572.4036102876337,3593.083390607114,2764.3894831719244,4628.421856715247,8544.73100632074,5662.026753729604
1493.3108183065128,1059.933811270445,1453.3597671772277,1600.5902400623136,3635.081660044406,2674.3931450765504,4498.844408015719,8639.653569553428,5640.253070479083
1526.2672234911247,1001.9356894358017,1547.306920040367,1501.115820543056,3756.5331081198974,2618.001239865559,4382.558419740666,7840.219986864384,5639.3625720497
1586.747325463225,1015.8182584737128,1654.2252411157644,1487.9831300016453,3926.882685618408,2548.703189804777,4437.893867752905,7614.612880199673,6045.395406371856
1617.7975311502341,1003.3356529957192,1652.8773513722817,1555.3290149483053,4171.265343409277,2489.085908829382,4523.9702457465555,7875.191724202327,5935.326331097724
1612.9452676493606,1080.7858454440143,1600.690002883854,1468.1402663390681,4112.450805927841,2562.2481168991026,4581.664211619236,8119.036991947437,6112.006744575987
1617.9641017745287,1135.0247235221739,1922.6260357999333,1476.1545086493038,4080.815172055377,2785.8812715339445,4892.529287005529,8094.785458497926,6237.688210847445
1656.3396889169535,1176.3701054206122,1741.0660510840944,1536.2900440706396,3968.963584741966,2991.864454367649,4848.934686855217,7910.950629365917,6031.976182829198
1734.445636553362,1082.3983927944755,2038.5174025491851,1603.5206160436474,3963.1458439635453,3037.130504536908,4953.974305072488,7745.632762044705,5917.701563963676
1616.2363134149848,1071.3116969566986,1695.674357774746,1390.6996231320297,3902.5976290505077,3060.9793552642295,4979.531994360471,7801.239268952987,5750.672978743161
1671.670262772283,1016.5435866520976,1689.1821771295965,1437.7393559840439,3817.837438061071,3013.0349485424,4913.8821480498955,8019.571951018277,5655.966640901308
1714.5544220813042,1222.215656985838,1604.7929769221487,1406.5899589911996,3775.731932071534,2971.230040702324,4858.8600970141015,8091.19308242115,5700.488122415352
1552.8605452025329,1103.3830020855962,1665.1175210849874,1429.0519383819594,3777.150968298995,2892.602708768072,4609.950703803706,8109.831866400824,6086.881323666934
1601.6462421017154,1019.8318084129269,1561.2438229022969,1417.333089434437,3637.9591179139497,2796.157635043395,4513.477701992202,8309.331083784373,6165.857489934584
1625.7986221155547,1025.2012738258486,1858.0537765358258,1465.791898645141,3790.4388416441398,2710.972811575529,4451.495451028412,8264.244741534167,5891.791961630523
1646.9129592889626,999.9835828417954,1836.666822068699,1525.073840811489,3979.7853904027343,2662.1658697635708,4346.1709967612915,8164.043907555804,5693.411588847023
1702.997012624072,1030.4230463131032,1759.7350474266423,1589.6014348155318,4090.6139927122035,2603.683426757715,4347.499109290913,8088.23520198658,5744.162672090597
1629.092338474565,1120.000114740602,1748.3124508547594,1510.3270074626325,4268.864175001696,2566.470277223081,4653.231454467003,7867.222278237101,5895.692958440635
1644.34224564316,1068.7588487719056,1705.916579259268,1505.6600147360434,4107.644541758002,2658.605777428297,4681.517493873106,7867.883947554543,6148.555783469561
1610.0630354248442,1034.2586891318667,1787.453404211024,1495.6115701810286,4012.1855524640346,2837.3360986230437,4857.063090884121,7808.691759441543,6199.445111233209
1588.2546029095706,1103.0057139482099,1885.6721957820432,1492.6801397086692,3958.0428370717173,2985.7677838879686,5110.640503210335,8018.801491710049,6107.217589058593
1626.730952303796,1082.9000372823045,1802.9281989557103,1570.8866566176587,3935.627590493037,3056.8779659842944,4993.409311278432,7978.98204920868,5928.395061728396
1568.6348434365564,984.1797309715707,1712.4817832232675,1494.0997422510022,4005.850601773049,3094.2357161121354,4821.498695175787,8149.759010122005,5745.282809553242
1541.0772498790673,991.921813680832,1660.148692805295,1470.150893167363,4046.2157056498404,3090.034413716906,4829.108108110992,8302.250729434121,5820.478017616395
1496.0467363070993,1008.2327760279013,1710.432717280843,1428.499623496566,3807.4515831596505,2961.352458630501,4757.094633709329,8404.03325642952,5721.2253009812775
1475.8672036369717,1018.8450056851975,1653.3741628385615,1386.8642930157134,4133.767039876354,2952.2222446130345,4702.939532061455,8501.01114979629,6013.643413694965
1545.8903331001,1007.3882711116021,1701.5777790983802,1510.4688114163905,3801.6874870949496,2850.830375685281,4607.617268152453,8474.832202599984,6131.638970348651
1596.6824457994733,1016.6783689318034,1738.5398202678107,1488.4692172274022,3873.4814307720667,2788.701496330291,4555.369281249283,8613.406461087152,5974.857289935805
1627.4634123713595,1121.4558488532425,1797.8772418223562,1518.2249271621304,4035.400638644913,2710.757022537705,4315.260915066585,8656.5716860619,5801.970612407089
1595.469994618677,1048.747047777737,1804.3801192086844,1558.896793765975,4178.710531652169,2643.433479851801,4288.223770686412,8578.872390764906,5662.361056192614
1613.7503817126903,1079.6436926703454,1803.7195095021984,1568.6589034627032,4000.416609584756,2575.7149553023914,4525.284196952732,8332.938089628462,5708.951372125312
1636.2506721392865,1285.1086185513695,1673.1025563871135,1580.5137382870114,4041.811876913233,2679.4074964507563,4672.747685518781,8337.886474938787,5883.5813865737155
1583.3520534388006,1087.301376578553,1796.3180919821034,1519.9283685035966,3970.1148531583203,2917.0067624648527,4724.580985133725,8149.4292517459735,5951.236287355134
1605.4395169611748,1232.9333347373126,1643.3079957284658,1536.8522348698575,4123.590641102381,3025.282394099095,4747.921408430233,8109.600042043872,5947.054151071907
1536.1713519777022,1035.3188916015272,1748.7141314401094,1528.9086331706958,3825.554556934457,3096.2499612884803,4936.654564079496,8195.047476932876,5701.498337819848
1519.8554035256393,1103.2266096275175,1749.529927227518,1491.4502412976835,3703.509007658996,3147.96711054465,4867.985814489321,8179.34787662101,5773.247039576716
1571.772297893005,1051.2538501441272,1649.2326869755593,1430.6307734071254,3817.9959317256535,3127.3616978603923,4802.76318430006,8494.084271418189,6014.771315988657
1663.7896852040428,982.6313511015187,1657.9645909877995,1484.183636559661,3987.6913362166306,3053.3119283815395,4832.602090621986,8716.669548138489,5625.824873459922
1579.42017326867,1057.9170786704317,1797.393643694706,1504.9785186521376,3654.9199299100756,2965.9830717787245,4698.332039293754,8711.681763482266,6047.322320396413
1742.168341353171,1003.9220979120137,1838.0098325546342,1583.8516854290583,4040.7726114718444,2875.116146923636,4645.206550195702,8684.383741691134,6235.683894817604
1837.548134994282,1010.5522253918734,1798.7797297405796,1557.904064565856,3695.4108947178233,2856.5588273402345,4543.274983522054,8627.926291932366,6077.426719301646
1655.74501537559,1080.5415842804614,1734.7953149712948,1625.6452834698957,3937.0060999915704,2789.482760188613,4440.216961698872,8688.319702159302,5840.044965942951
1693.1860372747274,1070.0743480500778,1768.119607162973,1600.1188720005339,3870.928496450235,2712.7295198781303,4276.810977127914,8507.40018413949,5759.0183326905135
1699.6916580564339,1028.0564930242829,1860.4919317002714,1544.8669888405934,3836.3955848296446,2667.861201031047,4343.252355735899,8388.815421417816,5616.529922941282
1552.181821108375,1027.1084630731896,1702.6547316676517,1518.54922509899,3849.6149768239334,2703.9425665529047,4554.164364344189,8236.038077609528,5768.642542274385
1560.819668203459,1039.2418612848114,2042.4112155635903,1533.8694773051052,3825.89554470311,2958.7164740551534,4790.2605965521325,8115.190025130416,5956.948401392849
1515.4040111398429,1012.318757843793,1900.5374401629006,1507.9822612592561,3883.4681624051937,3146.395989432679,4884.56311177257,8138.830367774936,5707.5393090940015
1519.572502598669,1115.0458671897104,1543.3378828832383,1545.546442088838,3617.3538061345653,3105.2876202487455,4969.408183392062,8107.381590156262,5662.408401687356
1495.9355999383665,1024.5074460589653,1759.009526584076,1470.601347031134,3627.3184907399136,3278.682004902019,4868.588697294743,8345.688116828733,5731.792153337725
1569.4023079485937,1010.5432894405325,1635.8942515187755,1422.927461332643,3550.386464625677,3252.7738894755257,4916.047231764842,8412.213248880797,6050.0
1653.4157253250419,991.1388938985301,1800.657234549829,1398.1454405535833,3447.652590440864,3050.9719110454726,4808.808405120095,8613.557924605055,5713.832390362022
1621.8162950754627,1001.3089371473652,1827.8838059784593,1481.4836491146566,3356.5827261111735,2979.704075334264,4656.380622524178,8600.682233932886,5912.762571798298
1598.8782545848478,999.7545346655666,1772.8271574440798,1559.877514703754,3416.419093216179,2913.674609952833,4709.075576767155,8607.818356850199,6551.114122252334
1591.7160208668379,1067.3257498350085,1662.2479960215232,1605.4647627123911,3556.1699836782946,2748.907200598444,4528.7866207219595,8585.114774197456,6170.970980942813
1644.8458932060994,1126.9692545667758,1563.6308488906811,1554.126656308867,3660.1132616011228,2707.5409985384536,4410.344353941841,8502.686832303807,5820.996837641251
1619.3499041536322,1029.0834061684425,1552.6429263391951,1514.8578543742274,3645.8260525154756,2692.43537818633,4430.65161989513,8438.694510713605,5803.681821902177
1590.6780669313828,1046.6948111206373,1600.7517218736616,1502.264219247607,3738.2068752275636,2585.9644713200087,4440.738146712276,8216.82274718329,5791.667758257098
1541.8512048653392,1009.5087868737137,1501.5772617619912,1500.6728796210957,3593.374919874625,2667.3288605171406,4716.991884422859,8153.6429429012305,5871.141355392429
1508.4720280057068,1034.988155559346,1543.1461118239145,1536.2362312882701,3509.3016698998945,2806.220271165414,4762.323041348463,8075.624127268597,5840.064520131522
1517.2798621426946,1100.0814714171822,1513.731099341622,1662.8299861949668,3465.36083212901,2959.478343264399,4806.363385416342,7973.378633012167,5758.954616246252
1449.2905446909322,983.1459822119061,1488.6173099654989,1485.04762718526,3413.5885878273566,3006.8395928796126,4977.418667982292,7943.967431341178,5678.730130259877
1649.9870845761343,964.9824171191638,1480.426993343102,1421.8930928348225,3442.740179207937,3057.872173349063,4992.571746040094,8028.085739498739,5872.500712911297
1709.43938243369,1116.2791911192878,1629.4344135288457,1560.0858771060612,3280.943954177198,2975.7471625105254,5006.331663187574,8236.889595388975,5682.912854364366
1675.8553503059277,1007.7881708693728,1689.5326830635563,1694.0891485769864,3182.407414389828,2859.3175658179925,4920.6733100110305,8334.76269908007,6067.911472171795
1690.6981241793446,996.2512120257663,1601.2301504167344,1627.2414640374195,3186.920327718432,2770.6763592282427,4787.460841266997,8538.335437844307,7294.644876980623
1803.3671361091035,1312.2234709123022,1536.864436758116,1563.7269042603166,3279.863883474368,2696.8618939867333,4720.899466731718,8457.210284238572,7664.204970745683
1633.9556208736376,1139.3066238294512,1514.897851372175,1531.5048716143897,3468.9766403982417,2680.967059037359,4617.296799715557,8458.755772920795,7013.290931507976
1781.4852554496406,1135.1594966107539,1468.3651885395043,1519.8838283152918,3520.225534896316,2549.294519919931,4407.211010995427,8317.155124273526,6235.9272383893895
1681.0662623418284,1045.0314100969515,1555.2734501716345,1488.1509284579986,3464.1921612311426,2467.249023327363,4233.426758140516,8298.483263400329,6010.032828997299
1611.6432240661306,1003.9924131361875,1466.1847450641326,1510.5777173812148,3434.0658665917194,2482.5138813096605,4339.696599659286,8183.290160125387,5942.354203921817
1693.151120021635,1054.5792145652615,1472.4302209839707,1580.0830563392233,3363.6902972464586,2652.271844768159,4568.536727663106,8095.479975647276,6009.885668442266
1598.0037031005927,1086.511799248105,1409.8474063436784,1655.3601329157973,3279.985162341971,2771.0076689160232,4787.672292673351,7923.930269413629,5979.567470058503
1493.5681205007086,1048.6452209217773,1310.301581065094,1525.963511424131,3249.333851606678,2855.982096004402,4821.360105101279,7748.987350390833,6199.978551196393
1466.601683008697,970.5492993452838,1434.6446493061922,1533.6072767620535,3109.0784347852477,2890.5712363655975,4887.296820935067,7842.671811266772,6019.381852715187
1565.689022905434,1024.388257286658,1484.334162705154,1450.3520457448226,3079.313159771317,2869.5380064619544,4831.5551408553165,7938.035895130224,5880.738575786306
1670.7697462162068,941.6072742431888,1649.5461306703305,1496.7594574687407,3013.3627652613495,2833.629342694161,4840.358062933164,7977.683666096336,5825.911851175636
1687.759629759436,1036.5335362009814,1545.3199587522886,1588.078518063133,2929.1326245250884,2720.1395546795666,4813.158680582731,8097.039768713316,5882.764654418199
1696.4933552068271,1119.4947227178336,1533.1876506611804,1644.8320610117876,2951.973002157006,2634.9481388775093,4662.434481799506,8118.7015730583225,5921.465146231901
1676.9743595325308,1040.2576462355664,1440.962170271785,1600.122511321375,2981.782842926925,2563.7427702888194,4675.642260938665,8113.5114802757425,6039.888828149952
1622.8635360635244,1067.7723711418012,1455.064108455288,1599.217967133366,3173.9950492959615,2555.4354180665523,4672.524380746646,8106.133368418749,6248.579124803936
1719.9939777175546,1017.2455003646935,1457.5873155437184,1618.2573950115755,3328.6197924235285,2441.09125499591,4366.0057973543535,8163.3175325469,6055.437301925171
1539.4932045658252,1009.5785218947235,1463.433948133733,1609.5172836909505,3207.359457127117,2320.347391415167,4380.67291861517,7964.160862683919,6055.064472042104
1484.702732130209,1037.2698365715128,1432.96976921046,1637.1161101906753,3204.297049739944,2328.4147428726033,4285.6721179128945,8015.991151339895,5898.320070064124
1477.2317726185938,1047.890176270948,1399.6506472609576,1637.4204113767446,3086.5602192297765,2368.554248974053,4516.6226176609725,7800.888446412298,5965.607997009774
1521.778006425412,1008.4273211086626,1416.1671040743636,1597.4975504399479,3011.473788899888,2639.7985305818474,4666.682578414833,7758.401131067537,6213.744179424348
1562.9966200941185,994.511816777687,1456.1221405671274,1584.037571819032,2996.407278567778,2781.829996786893,4817.64485249659,7642.194147731013,6281.904164799398
1592.0027582935609,996.6314984468702,1547.3500719783892,1532.9651865485657,2918.1901225055826,2813.903826650195,4919.150970391472,7713.770442508418,6191.968964842455
1629.4242876067992,976.0293998996872,1730.2884091357291,1615.3842730710048,2870.0623429683637,2809.412114431637,4776.809519498847,7749.156821222998,6096.085729237653
1650.935472125892,1008.4013741289396,1719.3038058372144,1717.8091808183024,2798.6309461860565,2749.355709522113,4913.198444010241,8055.258412070694,5987.171280069579
1652.6482498183072,1068.7445186534435,1611.8673620493041,1808.5110674160355,2673.721977373337,2643.5478920176165,4936.375081816607,8132.83691264365,5781.398493397799
1602.459723594836,1118.2767336201882,1732.4595770832539,1924.3179551190728,2913.3282139337543,2579.4647220250436,4579.247979823477,8828.711887895097,5786.388741765411
1657.3461489772415,1030.9610751833393,1765.9762620420697,1725.9253631015176,3003.2409674877326,2489.3196586647005,4486.3758563719375,8561.55749398061,5869.858418341916
1801.950833089873,1031.5666369805826,1931.5865245729894,1746.5426625186055,3083.376176342345,2464.477691106773,4488.117565259941,8352.397601410932,5900.61728395062
1692.6395248085046,1105.7641581097155,1623.7495198989122,1800.4856839570612,3005.328530151227,2347.7088960245264,4308.6556958020465,8633.749434832649,5834.138074679993
1558.1592618281873,1000.4483487954342,1625.066596581114,1863.976827291018,2936.8495774439657,2299.8877901613387,4186.1834954573105,8426.062227819342,6375.431106908178
1715.5705058574813,1008.5831472661289,1488.7216273106078,1739.5059826229954,2899.3683012419588,2284.599108673183,4326.673149631409,7837.019381352968,6099.918121192541
1639.504935310286,1112.643430142326,1640.4827735643648,1667.0398708318216,2858.1421319442493,2392.395182366671,4408.445952738671,7827.823789728922,6128.558460421202
1715.6688055099135,1082.4369768023312,1585.5504503007292,1678.231961198102,2817.4149425643723,2634.479651523465,4564.870641513474,7982.851103239723,6226.524646549995
1734.8408957942102,995.1023260218547,1635.512850441018,1617.3846603484747,2864.1970319723696,2782.1077853430825,4651.792890057099,8108.8674312394505,6358.421053246949
1653.9132695347985,1339.1689614892182,1667.5215132261706,1714.6682790047753,2832.3582151865335,2765.8868604422887,4741.911633511583,8001.041376533738,6273.165726432597
1641.50552231644,1320.9554090846352,1653.6309065874468,1798.8854163169199,2905.07850808494,2778.0776905056323,4845.333593309801,7848.697349310103,6178.866422271826
1624.0075126513311,1148.6821978019652,1704.9912687829462,1742.2515686982956,2550.361805673315,2747.6559449667784,4850.214258505662,7858.7289834009825,5849.668771646984
1631.4256144514986,1209.4323635832243,1630.371894206294,1755.1125664718193,2583.6888125297965,2635.040644173133,4689.4910282761575,7936.519334250873,5769.9649007367825
1609.2639203455935,1152.091403507176,1567.2744211067018,1777.415478475952,2600.170755987262,2565.318547313519,4587.7223426362725,8134.218609005849,5711.390163278586
1566.7968201618773,1057.5494750018547,1742.5731213499225,1781.3783157865082,2785.8550643923218,2495.4998999812797,4443.722361425083,8213.674400404681,6052.915951466675
1531.9069777918553,1004.9105759576121,1578.5451142263412,1786.8563057655704,2928.607272423279,2503.9666636653637,4214.508626581822,8317.636076888986,5946.121916182625
1524.7780416602545,1125.6706967801865,1723.9891919396202,1746.6578949336345,2938.1511468159038,2360.573821984042,4224.648924168892,8395.083265730038,5792.703743400421
1508.586641371153,987.8378627346328,1516.8722732053475,1799.9508408496827,2865.818271248545,2353.2212038863427,4203.025368694933,8227.62725072803,5667.829840167399
1612.2425689858085,1059.4862837593587,1562.0401683637037,1771.5641517132738,2812.46400971905,2284.465063683094,4436.711678524218,8139.955530381785,5557.314174112075
1629.2495687532642,1091.615742623036,1496.1586865053723,1675.9784060556944,2783.354358688989,2514.378183610587,4571.199079383837,8129.104836792327,5831.811497554805
1683.285904853692,943.229890477101,1665.6232087286803,1675.5437804712792,2717.3364790242204,2681.151250792611,4791.012498584951,7845.683574098594,6064.139963051943
1669.6811702872596,1031.4724345410914,1781.1546610369794,1683.0116064596223,2819.1489902096437,2794.2386765756137,4995.244687224224,7794.8680809750595,6222.1969258531635
1651.4490909264223,1094.7292454480646,1621.2943510853663,1740.2614199060054,2667.0891680497252,2810.270854907684,4893.018484061048,7917.811840589335,6175.452003507028
1661.633020717427,1060.4232013430774,1634.0139151243363,1793.3938564904583,2639.6944573417495,2824.9518678811028,4889.75527721603,7933.706824493279,5995.842640121016
1625.9866477733067,1081.951456995864,1573.6651044502419,1826.1237579771046,2561.745607715632,2744.2500111969803,4740.681389919528,8103.542119563088,5753.2805100028745
1617.9083588663348,1023.7728758431767,1593.0585071672879,1786.4178329564666,2668.7635410527496,2676.243739613482,4684.930195046258,8322.408934676903,5721.678755289786
1562.9592156318463,999.6944466312968,1662.7435967918645,1781.9398881019717,2745.566688639864,2582.596602426792,4676.430378158395,8394.317187436818,5550.007411642632
1551.8614272221816,986.1149629314278,1630.3817673474719,1797.953757618212,2887.0985356706315,2548.6712164106057,4534.57799177302,8436.946245362975,5648.915016123945
1537.515442824409,1062.0635213468333,1526.3215073556876,1747.9791730013171,3027.289200297602,2463.1510871285777,4481.490911668179,8592.260245175825,5740.394431253045
1507.7547265711007,997.5691282176351,1536.5192324924951,1941.150040755792,2967.3036837844666,2438.708331538781,4280.175914855296,8532.199484605684,5854.062338930601
1632.801020812879,972.9731122489461,1462.7573348123487,1735.5614129288072,2894.4773874285574,2340.845754082193,4284.596521178399,8697.99548652595,5616.174634347897
1785.4842535248301,955.821333980897,1554.1102498621585,1752.1372572606863,2875.5141411862596,2355.3479953807155,4315.307223411869,8663.395713024485,5369.642122957057
1747.2255299836597,986.5578622475384,1608.753850963014,1764.2189750928146,2909.450381206484,2472.670995617331,4459.967919784049,8426.727849761337,5563.589665888504
1724.5867336262822,994.1820809174392,1627.7056980817563,1729.2880973989259,2788.9109757179294,2628.763238043485,4507.42706434856,8334.777980252029,5758.928854336723
1800.158827758538,1138.6823939524156,1589.4104334323592,1757.8910371744998,2901.031266165138,2836.500306815301,4605.012343591513,8132.699715650908,5939.076394941496
1688.1939756238705,1219.7737010958572,1593.8826066872089,1952.0212743182337,2702.059217151519,2861.0606361550754,4748.026352374485,8031.980871610911,6000.762641437723
1657.5730066218853,1069.09730071315,1608.1049125217835,1936.3607755158962,2716.4437526199386,2849.4380618300675,4879.67959900502,8040.598073393663,5784.518128407169
1623.541349568747,1099.2409704286526,1559.7248284057155,1942.2549286131548,2732.515627618771,2770.4630593005168,4711.609079503239,8063.201306874487,5633.840413740407
1603.0095875649536,1037.481321122315,1557.5593905386552,1921.8707994772253,2906.664266026532,2734.4891001117767,4677.910836693196,8319.913357526844,5532.237298813143
1550.3500307226705,1044.0627655384724,1510.481946833209,1843.0113402866305,2835.556222301183,2674.360520174212,4606.32675654981,8607.408175689146,5506.0200283009435
1502.0577362795727,1087.4622657032116,1687.5190934603338,1840.5484171653366,3160.2972569993017,2618.287331703702,4550.461823694483,8599.31391104544,5530.356786091351
1575.9121424430527,1083.816204670346,1486.9961584959228,1899.436723180086,3076.764900469362,2512.93033433079,4688.580163275548,8632.270690101434,5951.230937747596
1665.384268790595,981.147422971929,1492.5935449297092,1768.8283511636344,3170.0960865502702,2460.3640550178447,4396.393521103765,8555.591551606136,5836.052640151145
1663.6963244539597,1123.4150069741354,1711.0176025079327,1732.1391302963827,2948.124605510846,2472.201145436266,4218.339601120092,8538.824766880853,5593.380614657208
1678.2413097823155,1038.7815428871586,2085.522115459122,1696.679301175855,2895.7024289087253,2569.9041910538203,4138.96063346162,8418.751146150404,5528.144419295204
1663.3626355227912,1095.6261292013226,1862.1777138477764,1663.3493907456855,2847.8568313391406,2645.483341445117,4350.175589102879,8374.20994185748,5493.923748309715
1658.5555362058249,1102.6953086812769,1700.8948139151078,1704.7287852521067,2858.112074035489,2784.2820524955314,4576.419702534904,8192.239393917693,5560.132448794768
1678.0824676151028,1110.0944932678167,1795.8838310265814,1791.9018539943918,3034.738625626668,2967.7967656003993,4665.3753845187275,8146.497298406709,5760.253849802872
1664.6298871573913,1081.825609494332,1512.2836376753976,1861.569942401236,2695.3020244829363,3012.7935247226724,4845.754466062612,8029.343504937825,5764.679417007923
1613.2365521968304,1015.7523188230809,1550.3751725127972,1853.1612499586015,2680.6094691639364,3080.3755051142384,4836.208040786658,7999.593069285142,5665.743334370785
1569.25287579115,1005.6481916471676,1546.6945823852302,1815.8252448284163,2734.0603461954547,3079.4448878700673,4914.925756868987,8170.779713586999,5668.817786348425
1526.8644697356142,1020.778992094643,1550.4331220171857,1762.9759014236029,2771.9539308506282,2886.1301071322077,4824.574094527114,8415.650443854105,6003.442437387266
1540.3921949417281,1018.6102915037293,1516.498446906577,1774.184260987125,2951.5659696856296,2821.4562772452073,4696.014577386242,8535.009298469678,5657.462479831585
1580.0118394125104,1027.237399824221,1482.1109251576613,1745.2933657249039,3057.508738657296,2731.611849143368,4532.403792903927,8599.206399700706,5690.439464577664
1648.7972884109145,960.4249911450615,1378.1411472227376,1728.9270307512488,2936.801233175197,2643.8314630900836,4537.061554288213,8505.729066133656,6254.058368413596
1672.8573516047245,1069.298546887133,1388.9250686837427,1729.4041850319618,2941.933753603211,2613.002657944043,4397.751905782237,8541.38377476002,6223.863900227641
1643.2502011390654,961.7495481292116,1425.6793757443197,1665.7769567821533,2928.886299206527,2573.685449493833,4226.875669361993,8635.334813298497,5904.65517968539
1752.159980998913,1073.7138224820505,1516.680571107896,1613.431719498758,2829.8731281696046,2568.4613706901796,4095.823634705507,8463.347179370743,5759.703580362666
1757.9054077289638,1105.9036947366974,1459.8123241246772,1668.8471016353863,2765.8124976402864,2705.398907181672,4284.669190667031,8317.415758078245,5783.957781619223
1707.9531013702722,1106.7336112737885,1470.896814903676,1733.9883761002395,2761.9664052969074,2899.525707189181,4579.741604686197,8308.626963462275,5712.930137185891
1859.6461229141053,1055.0151865827672,1502.315898846854,1765.878843237178,2687.29797591612,3046.6418456262977,4707.5643224890155,8179.944786967017,5802.513478271587
1686.6055643845873,1007.1156435895643,1432.9419823901949,1773.9556385497042,2712.4827036895385,3127.1207923664765,4740.60548684465,8143.782850560909,5822.283252390779
1712.7341378658234,1015.0044074835886,1511.282457737515,1736.7404860981203,2582.165238901104,3124.27072000975,4826.049447846321,8018.85812457549,6596.973292295743
1615.334509157567,1084.8190995311588,1433.0164944535502,1767.3204739667444,2825.3265414537746,3098.729000440733,4686.360216014782,8114.096804159437,6511.525136708491
1528.731191980027,1060.4455994519858,1397.7406540220873,1855.94387373245,2884.6392330121594,2998.396181836656,4673.995318907634,8212.458452805124,6525.102813179118
1679.5666231537366,995.2276820190541,1383.6718602823523,1710.020205751892,2979.156094925417,2972.6978350284726,4531.093897088827,8405.278891855787,7599.899108445339
1710.7139635043259,995.6458440752434,1399.662504145303,1816.5824945278089,3209.5448136151776,2985.29377908252,4446.110930868625,8534.344542046063,6944.954188594164
1720.2113984011467,993.670289806509,1370.1625226930769,1715.856187577551,3160.185064666989,2882.227902018172,4480.907928464261,8493.512255444039,6384.650015603423
1673.313926505956,988.2074532332508,1509.7460324725657,1670.0086026286522,3111.406357741899,2743.5692813551123,4371.910258291684,8540.86933064851,6075.731439978928
1690.1448600393164,1034.2754074560658,1481.583627529838,1577.9464669553513,2937.891874513602,2744.06330706432,4198.807499595791,8580.893246771248,5899.8047057427975
1756.6182813818327,1032.6540300262227,1467.3796559460393,1558.8287761478632,2965.438855024434,2723.6264436716333,4029.435788009176,8449.260537826689,6085.141618983896
1638.0511223804385,1040.6843241403476,1474.9957489671351,1637.2980907174938,2893.4657217233225,2887.6538923219155,4167.86077907932,8281.483632805386,5904.286820645984
1673.1391691747756,1025.2582837228351,1494.7745918821493,1701.563364826501,2871.5159241706497,3107.2414452348457,4463.769009937678,8236.142369725801,5892.66384069165
1601.7545287167054,1092.5676662895526,1482.506584693317,1742.0663699493166,2869.8560002964487,3228.119371978149,4578.3550350747955,8001.574100109472,6171.232278140349
1619.9999999999998,1116.2912868855801,1597.9388899619637,1701.710931574049,2779.248477451818,3290.4687659387528,4595.501823168252,7895.228507492799,6168.300841344617
1593.7355437183962,1068.4065613913872,1524.3807700069033,1695.995645327656,2726.749564563882,3227.155264260331,4608.0763466548815,7938.870302654474,6146.703649156665
1529.060504552177,1027.1879482399581,1416.3604216932224,1766.6795241107627,2774.5410747675887,3182.221596096707,4661.156185381542,7966.754552506754,6223.535261714408
1680.032923879403,1216.5979374522863,1469.6163537814732,1638.21384052688,2952.3404851944288,3090.0351528595047,4713.54075449087,7967.01192432043,5861.506587059269
1727.5174351699147,1000.7111121407755,1385.2580364486428,1670.661223793417,3086.212900123006,2996.4138947956762,4633.1367332297705,8137.944354700085,5840.67576348278
1704.1910090334686,1104.129498389465,1373.5533777764822,1641.8807747287108,3184.289474771383,2948.1470645835952,4397.636777254179,8207.31266153749,5840.502634269089
1645.8633866564473,1014.303198604515,1477.7977887121092,1627.462714934085,3170.3039100076912,2844.06287594387,4338.171811553026,8133.33172624156,6048.887321825528
1646.9336119728355,1026.9165410849591,1569.6987671736279,1527.3040686947413,3048.5588572494485,2816.2790234950253,4226.789222768103,8212.81275348723,6155.364980384508
1598.0646276136172,1103.4418214862822,1648.9106204575705,1519.350106432667,2980.5611385996312,2749.896373385759,4079.623025658738,8236.791758727932,6052.748812387832
1598.5789176004296,1090.9064244629096,1488.6827878515965,1613.0938294881012,2979.9967788781773,2772.3809851630485,3998.236963352976,8108.0582335135505,5769.463866443119
1558.6702420059746,1011.5447386382358,1489.8872348711857,1669.8446889472148,2932.4258445147457,2957.542877991665,4206.073251646746,8051.84541568411,5696.664682914767
1628.3621529023803,1031.4260763981301,1830.6790444145408,1774.8645028532385,2994.6592293934664,3178.326741200025,4319.983790504391,8018.288885978472,5811.6619939993125
1534.8505522510063,1008.5717186740767,1680.590999427035,1674.287803369048,2886.3445404007975,3284.9082523349225,4438.2769230769245,7808.948670162656,6144.81220111759
1548.7205376610748,1138.0988454525263,1653.2927281265142,1643.4299698581622,2838.6368873133333,3270.1579411580333,4407.466494566144,7796.7571007384895,6443.934491752896
1742.5418089863208,1001.7804069925799,1461.1018009937184,1699.4727664639634,2799.941198832067,3239.3529970914965,4445.728850259236,7788.1102973700135,6320.95556073053
1674.9865807836823,991.0812136301731,1489.1756698461415,1756.0021908357762,2954.465458774587,3200.446884320947,4456.1899197111625,8063.785032030382,6200.907883062289
1663.1499639680194,986.6323822710114,1413.678234788908,1591.104329619301,3120.6595216952014,3110.416194583154,4590.436975590039,7944.166982817588,6002.720460596862
1771.6813558170734,953.5862356628345,1510.6875507907614,1721.47213509463,3227.533916397886,3003.6447734433577,4393.36569798928,8348.133124240268,5808.80343405162
1667.7443924643644,1086.2872580871563,1542.6827718601855,1611.341524507748,3161.8057451216073,2942.902900626228,4272.405974859654,9159.74209963281,5803.672348608459
1591.25181559464,1121.2610784157414,1554.9703801939868,1566.6671768255658,3185.1148965466446,2849.5513491741835,4322.778162438111,8505.240765731995,5667.198246638102
1604.1735151147536,1117.6370807715102,1518.50868118392,1749.403996676049,3122.8070727999193,2751.4010672189297,4163.515984763429,8752.960638637895,6012.448286065484
1606.6829787448378,1019.149347030737,1527.72583272035,1527.3282238470472,3078.5046843713044,2707.7327749685883,3994.4758145910355,8880.236676378358,6774.246820871771
1533.3050702542214,1067.5748648082888,1545.3818136480313,1626.995408624431,3094.334571577041,2709.4971236850533,3934.5813312699956,8246.79491000377,6155.717663766138
1534.4651135085983,1076.47682971102,1499.9437071404927,1603.7492576377854,2973.3032514905917,2918.8695391703154,4067.316537080669,7788.077799490923,5741.525313829236
1501.1862655183986,1047.7227738653814,1684.4462376109923,1588.8366710861335,2975.577500050096,3088.3231420844722,4184.375246745327,8087.592492816118,5757.01235485942
1483.0623794757153,1018.1982296762171,1566.3067645725491,1904.8177352717425,2903.1896854141987,3170.0787488406077,4438.913625891086,8212.390139215217,5894.817082642114
1510.0863980774805,1066.656185255678,1498.649234272505,1743.5407002971028,2807.7400263473987,3212.793852522632,4564.927666696614,8170.599692964814,6146.028438317389
1573.2517299251026,1081.4170117047165,1454.3638514765466,1765.8152894349537,2940.697389780825,3098.5175419709776,4888.246620494346,7942.556972010925,6246.804180606505
1645.6773452033858,968.532115081307,1390.99512076677,1562.2112908936938,3051.0320047134114,3041.0064860463945,4765.272880357172,7651.041004148663,6066.973592492615
1604.9108672120149,1015.5238832160494,1451.9848513073491,1570.54485393364,3141.311815295216,2904.88337645095,4609.112867959229,7544.277575868302,5916.125553788939
1621.506856428488,986.1568837987809,1499.3328698437817,1519.4691367958421,3270.8720235576366,2850.986921664524,4561.894186761796,7315.483642959212,5843.724069626497
1576.4154959557259,1042.1541432145289,1556.8458784436084,1441.36296816491,3288.047616230875,2713.6127767760217,4365.83480625184,7236.028287153467,5857.06935422368
1577.2600557546793,1109.3599102658504,1514.3477796364202,1405.7667601292173,3172.261689831075,2662.8612032367632,4297.4142689895,7245.834234813972,5859.317161107243
1649.3285254971279,1053.7481591475048,1572.65224213656,1468.7632415866208,3164.5126013666068,2560.828553883627,4129.1355600948355,7182.55323536266,5836.631244809099
1528.2666487442843,1104.0329594403424,1582.6801149811145,1529.4280961794782,3124.7231966477657,2501.5345569207757,4211.393428044717,7055.689163990841,5900.888612025881
1497.3506420823524,1152.876558635488,1562.0576163516166,1566.9955717178925,3204.808743961493,2460.8537735895716,4235.000829962017,7001.667365156477,5665.212710866116
1489.2982217710635,1109.5850808640632,1757.8430041367437,1637.9121871830712,3056.1521654226744,2631.346651613184,4369.580761030525,6898.850729940217,5632.384595863439
1457.630894004327,1273.074936405046,1446.1922364098282,1658.5691972664667,2931.2823308879224,2859.1692848057974,4428.583397445442,6707.704039670931,5691.07330456556
1543.163516546309,1086.2421671996062,1409.2053192638896,1594.4454770620398,2933.9423030494713,2919.9468234768183,4644.131118447314,6616.520389863834,5790.33876182321
1620.337377362452,1182.5431448397994,1503.869441388677,1561.6602125261484,2884.919052326014,2836.7473703421656,4783.702922547478,6634.761283175336,5984.671854784543
1603.5007191872764,1105.00055362268,1509.1739314340193,1536.2274585284476,3000.967532278309,2803.864219111991,4672.100036751631,7091.799217804988,6106.306736128747
1779.5361412110076,1009.3505629456786,1492.5519871473043,1549.0729320309906,3184.781529417132,2692.6576954197517,4531.433896368711,7527.629005205621,6005.184557704677
1682.3140201131203,1158.182433466157,1553.6492724489315,1491.6983976414203,3186.727732846839,2605.5306856297248,4477.992232948174,7636.363636363634,5783.1657864934705
1777.7084362834798,1063.1172839506162,1618.7456949811249,1485.2702196835453,3240.8802798275437,2486.830579835505,4634.076077616523,7888.251942883673,5636.12632949527
1677.7999792821438,1073.5163783162102,1537.1254333436962,1380.6811357646598,3233.882033398103,2375.9386675538935,4433.171217237987,8032.167100704513,5879.151427167053
1697.6897856422747,1063.6132707205593,1530.874077526432,1452.7143638944842,3191.9766193127557,2316.3344227773086,4322.5944678415235,8129.730325475228,5735.944074002022
1697.605705454653,1071.3461112553898,1521.2460713554906,1540.442666602798,3140.6154968606543,2234.3689931965596,4142.905635881975,8124.90678887346,5809.197895599212
1544.5366171411752,1090.1821263594102,1461.598478230308,1610.9367847591468,3121.003531899162,2184.268227221861,4150.172963962041,8434.355768593065,6081.998779317988
1556.8468100219156,1021.8441248048331,1566.3831152928722,1654.1842475386777,3068.371546145634,2196.53007458064,4086.256039618939,8157.340655678736,5898.494081234521
1502.6591383322482,1095.1325004082569,1564.0714563449146,1604.3301756768185,3161.5794040200344,2325.826474498129,4262.138359556802,7979.605919675555,5780.43574247872
1571.2360805805015,1036.3507045750785,1690.7302246171084,1538.1082198590855,2950.5638401245624,2553.2886095868707,4344.673320352337,8005.879510923207,5533.25319771113
1610.801891249503,994.9097421075321,1485.3908705897406,1519.0921397125205,2844.637290797802,2635.043325594915,4462.659543439377,7817.0961311482515,5577.093879508902
1608.9289531515797,983.9093982877926,1388.2383029564944,1568.7683250430691,2912.75368628169,2658.0832739270522,4432.8102011887,7704.466937140471,5776.777368047329
1647.3182023106817,1012.0857590310363,1769.8807618362555,1551.053046897985,3157.847899466325,2680.3683979507296,4699.98853035349,7636.605492598572,5927.35156494938
1613.5359078262422,1037.7648661802536,1566.0895155798687,1593.182474856772,3310.646835987386,2610.2971760116334,4652.987499501207,7638.211180536483,5878.906170003954
1574.6691564600214,1107.511963474622,1801.4055287543629,1524.6648648223265,3619.5091809830974,2527.8650024221797,4596.712141543665,7826.813695806027,5682.317453460208
1636.3619931044273,1075.9416317916307,1541.4373731008886,1410.6865347613893,3256.9160269301824,2441.001050601345,4541.487086673773,8057.672923928341,5754.673773350651
1585.790468578829,1060.3619114373641,1549.541993714422,1422.9430155742864,3764.855395298785,2420.5215606895763,4497.451815412465,8119.137177564648,6058.598655397545
1542.3703429557306,1081.3727225725916,1574.1683168496857,1509.1969591451038,3583.591564645246,2331.1015199784047,4491.4838368654655,8047.881863543069,5759.412496024519
1519.6748364656937,1059.6722841202688,1497.6457892142862,1549.192542988243,3086.1036237430776,2252.6393661825164,4505.6477142590375,8117.3222736034095,6138.766933093172
1496.7778626015233,1091.3943375555018,1437.3627205646646,1582.624238807332,3049.731802471797,2183.249337979388,4212.257472911553,8035.856193858959,6232.878655003362
1489.5591857236727,1054.6680593477906,1515.5206341274932,1559.2259629736714,2934.4409835087326,2216.8699374000535,3993.1834920826805,8022.75295921271,5988.602802211407
1591.5218522354953,1040.6316375081801,1516.9615941832608,1596.029198272086,2912.0323030668683,2374.4106810988173,4046.4597187791214,7853.127479564369,5853.155138503828
1675.8083638445214,1009.1607348249082,1650.311554127677,1605.5443229594443,3015.7195447735803,2565.7314895816494,4242.430610346526,7777.490394130737,5789.448027885439
1638.1464759169876,1008.0319434270377,1678.8359233623569,1552.8815091643883,2840.129431443078,2734.508467465186,4402.185630064019,7670.231807126352,5818.824137478292
1624.0591503395826,1029.5691835566174,1396.247303221975,1595.7820334417067,2806.0620261074505,2734.0017109575674,4502.891209912246,7649.303193765081,5703.073800633312
1742.628420630636,1041.681880082491,1483.882403454828,1536.6920812340861,2896.572194195479,2765.520310136384,4601.60139073376,7643.002447002185,5888.578236239082
1612.0050506455896,1099.8639882820678,1519.646964451002,1528.2444322469973,3016.326386808578,2787.928318501682,4590.353996071699,7866.926495858248,5779.156620464548
1692.007267068231,1121.243633842626,1498.6668641305166,1429.2355854180514,3110.1264356439824,2594.9493130479527,4619.580961056852,7975.381507606262,5679.319289661114
1733.7930055803768,1115.7862241038447,1514.6519876825046,1463.95840114363,3024.802966892914,2473.6581716139735,4592.048767495577,8127.905067398837,5970.944087799788
1623.9405680377565,1043.2874849695959,1666.8612714812778,1453.1499284342194,3075.4486001907135,2416.463657691082,4355.677603537251,8286.31462855872,6090.376829837867
1708.2153321748706,1131.2980226416994,1560.3893383581753,1543.6420283307784,2978.4245852930526,2352.6322655356716,4292.944760088767,8319.438359927835,5806.377937213494
1692.7722669258974,1203.24475326522,1585.1727357786756,1569.8089593814755,2940.5047379652233,2282.7608791433895,4199.451064670244,8243.42217765124,6067.051855004913
1648.8474742520846,1211.691973090797,1481.7915763222165,1584.4931001727523,2907.553518777182,2217.8029228820446,4122.337849522533,8315.899408829719,6339.702392757725
1708.6323485171802,1096.1891278610942,1443.387530570189,1603.4056154322202,2814.6363324627955,2304.3685122260313,3929.8945425756137,8221.704887512959,6179.95302304341
1743.80924141563,1033.4991076294618,1507.2092764119943,1567.1098880052577,2731.962560464981,2493.575758630018,4092.298298397577,8128.576476531738,5911.028463969305
1605.9966971207136,1016.560210215212,1418.8520581243356,1516.3648827302827,2648.941120383868,2567.729953365755,4241.243361142153,7980.029573142448,5911.95708757999
1643.9243307608485,1023.0330728576421,1505.6266429876077,1661.069319112606,2602.096612333573,2690.2973524685767,4411.302093388711,7886.798728150344,5928.445154317566
1710.1428602243554,1113.0427338552602,1560.7286255933188,1584.4937374678561,2696.237703709769,2803.932474635512,4506.78588485697,7855.94581889374,5933.745031008606
1592.4869350368588,1164.0533910441661,1564.861573172555,1533.4964373280561,2844.542891351215,2794.604465389228,4528.275232196909,7811.613353028458,5882.685825579529
1618.7009359519911,1078.8360195575726,1521.7042570019933,1476.0298038150481,2950.8824079547067,2705.726738032545,4583.262409213199,7784.869258668893,5990.6955355106475
1549.1507394959892,1062.9076080248287,1609.1593907176693,1423.4690040727894,2892.0011067292544,2583.5379349163604,4513.509745756835,7884.54031711899,6659.42876766985
1541.7597820055578,1053.1195725720231,1540.4616181915494,1491.7148747584142,2970.6212799188843,2520.060536471099,4568.876924546521,7972.612457550922,5784.8072756947395
1537.4118272807455,1061.7895105496475,1535.95890111065,1552.1054610090355,2852.6288932865637,2449.1179549783865,4370.739390861349,8144.919428513975,7248.240007013291
1597.8636110611517,1115.7590948207494,1628.8983109233304,1582.6619105642521,2800.962190307139,2360.953150591016,4289.892041927928,8153.101977545713,7359.449685908975
1668.0159511168295,1014.7885596372814,1487.146182310436,1621.0154815509848,2736.141096704494,2348.593303521371,4385.063511934592,8132.687663590576,6837.462700657615
1722.4666264118587,1002.7363427384423,1459.3886349816817,1742.9857358278227,2728.9280544564817,2316.3491180576057,4081.8183075776187,8048.782298083149,6187.618646661422
1714.283228387045,1021.498352141464,1465.683615452427,1652.1935273105614,2721.8657990499655,2362.9975169110858,3970.423948849856,8069.4794734939915,6059.431122500866
1725.3278122843344,1021.9226272639451,1429.886750516992,1649.6207382773932,2647.5742564796315,2569.7237032061694,3912.6155488377008,7894.4055828527,5983.771810200566
1753.4325762324556,1007.7171827502251,1545.0634510989667,1855.489553950899,2517.218369961378,2821.719434179828,4088.616156709173,7777.259129266159,5945.274452249818
1610.2035344945039,1081.3630838462645,1555.2345127252772,1678.878785236452,2505.7916078343137,2900.13600927296,4271.297069136272,7631.272510273604,5758.050512081948
1637.3938535753102,1128.46829933638,1582.0961404319175,1674.2631176007753,2621.7152612573846,2916.808952021179,4410.500702002937,7492.5203684769085,5925.995793730466
1635.293385045505,1059.461606369789,1612.278788630992,1613.015134339621,2800.484298421865,2865.8216936887893,4468.873345803764,7593.726469315936,6116.577838524065
1570.8576248913157,1076.2035049212634,1581.8226599314467,1470.1399479344243,2923.144751547612,2832.735104579422,4454.171236518259,7498.479066730148,6204.526935303753
1601.2568288505145,1090.5599394424569,1559.6961044449154,1517.9903832485952,2884.8549831256705,2735.9712974084828,4496.492614739724,7604.234274889659,6058.907016586339
1563.775358548898,1054.0304920225685,1910.0852445163946,1577.705580043137,2849.7069957185904,2641.9204321136567,4364.698870248678,7761.328551280347,5992.49068644648
1682.662758657582,1098.6062077784677,1773.0025755227534,1571.1931229514669,2757.351677963513,2603.7938571109935,4286.921330321567,7801.971715414844,5751.345059770063
1644.1859649730125,1069.167316894679,1773.927800743003,1733.1366228950533,2719.5286221346223,2551.1072188437192,4216.885434283346,7966.743219830819,5724.810832337711
1691.4561965973062,997.5843110944838,1490.2762674597902,1615.801187925173,2759.7189663176587,2518.611713709817,4191.435775074766,7941.681964832704,5792.685308411124
1688.97645585908,994.0069492688456,1433.5425800348012,1626.4940453253898,2646.8156326737653,2421.4035155645774,4030.0921341663593,7888.093221426557,5987.3791107792495
1779.132734482786,978.2076851500913,1436.8540834230125,1683.7355228467482,2685.0158356394895,2512.214063806474,3885.4198051359153,7815.877661760447,6160.477678395786
1767.2882559258112,1061.9608798256738,1545.2107334136635,1651.3256227231905,2585.809015931748,2741.7581732298972,3961.957207148898,7731.982807856268,5881.543991248637
1655.2145483883069,1097.5979492122315,1457.3466726826864,1587.5218996147526,2481.9165257553423,3001.0340050932605,4143.689608536206,7722.022433150225,5745.653583123335
1766.8566001899335,1164.8302012440204,1555.0113238665858,1657.2903825896174,2576.9598059840328,3046.203077057584,4340.212653889646,7539.444770493584,5791.9178251712765
1619.522525450198,1074.493361285815,1540.2739664381659,1587.6701849755332,2720.3602222387144,3076.9593722462982,4327.846922361154,7472.378645878007,5947.913690149103
1565.5207184478104,1098.6329303821385,1581.0211670261044,1483.100494529141,2816.078610312469,3046.153072698412,4332.63650571192,7517.5287028396,6131.977629616914
1518.2273824256245,1162.9083889860285,1497.0109227385306,1563.369874992171,2932.530182448886,2969.2999293855305,4345.214303439659,7900.996156604649,6268.239286294343
1506.9539619080533,1092.0845939580654,1542.5143244367089,1700.9563606768616,2955.1520069982553,2884.7194107153027,4356.3615464092745,7687.07887397121,6290.062359400887
1549.391265166154,1128.70326920128,1534.65577987283,1773.8245338506526,2850.6253732443565,2845.585527551253,4500.2331993853,8283.07439394905,6183.09038500557
1604.2879738374954,1045.5990702201577,1454.108754154746,1917.1955028700188,2766.662244518274,2802.1803618597987,4269.9551806384225,9036.989955453786,6036.367467177493
1641.2875305135306,1041.95362829935,1446.035855578763,1697.9416280543785,2775.08270698666,2732.868758481224,4126.072000497428,8171.005711852945,5795.297754604393
1638.0023417546731,986.2789403019286,1469.446574538948,2002.1424498003175,2796.955110747747,2670.946156245079,4171.245630773536,8723.893829824989,5575.2796663665595
1655.911810479691,1016.0237006057024,1357.9269035726802,1757.9665025419613,2763.854493969987,2643.2980177193504,4036.415529536356,8637.093566508465,6482.126034203807
1619.0260333422611,1135.088198832641,1407.028546173392,1642.5126617302665,2631.2959941879044,2726.81454303214,3951.566022694138,7843.705430461553,6642.726662252466
1619.3836004116195,1169.6480175301485,1506.6817111094538,1664.9825523395616,2652.782018687981,2947.391138031794,3849.395222180058,7659.471689953711,6033.317478934827
1641.910297914436,1147.5567186542637,1690.2380341184567,1601.1837102895952,2588.4202932362095,3214.4837479042835,4050.7183432096044,8082.218334699971,5715.792794785428
1561.7438139858964,1101.0513218008705,1476.4296967778914,1605.3622885134332,2728.858543159639,3288.0922561818006,4272.754191347917,8215.528626897489,5674.100819479214
1527.2253055848164,1043.6123852905807,1493.8931501788304,1588.256889510677,2951.887826823583,3279.7209849845585,4413.79333625019,8058.593216954189,5883.839723139643
1533.0738510815136,1201.6589146683657,1472.8745696207534,1562.4363083550325,3157.0581092314424,3220.4891515880468,4570.937960972302,7801.039515943213,6312.322586149812
1494.3230661345967,1061.7381054494158,1522.7206270813117,1577.8449807855081,2983.215772642018,3175.51134461776,4517.284900411594,7834.417161280666,6416.779707958976
1545.4598235706874,1108.3502592709228,1584.8928002183686,1604.980487892793,3090.6260990502833,3081.125035667843,4372.464132867006,7767.573986897994,6231.584581960986
1636.8303370929466,1126.8756355502128,1616.7492478861714,1630.5422386900448,2950.771502083845,3008.1536039797725,4341.921501917157,7842.074242916936,6139.382716049383
1651.4415749929658,1004.8666184684566,1405.4162246638293,1646.0164798287947,2951.9317238190297,2949.338992766169,4245.33822534964,8075.312100187407,5963.184708740695
1651.668495353736,1008.1361678090472,1416.6892286823095,1673.9441936558073,2988.5682562584766,2876.9933357438786,4083.6479658819953,8325.198864006223,5948.998478096806
1834.427191320736,998.5000651017265,1329.326149725178,1655.6132339106318,2833.2644199671813,2833.445218704449,3946.4164134532152,8435.451893254909,5601.272580372386
1650.359841371235,1041.7762567954464,1617.1727782512976,1620.708822155817,2895.689897996611,2808.450287708117,3993.592630678403,8455.096879437126,5752.55690968481
1675.5583430149668,1131.5220059735495,1451.5926537808223,1669.9257992850726,2743.0242872658773,2878.90556821683,3927.32731496692,8489.607266286937,5868.875349859188
1643.5316138028916,1200.4317855259349,1457.4837549437343,1597.3102531926097,2718.9029388846475,3082.757822350118,3982.7599259839085,8389.476920988192,6021.687146006432
1544.0009692171286,1095.4808961696535,1446.4990977653545,1576.2212395440333,2628.8928535692057,3377.805405859984,4266.711096874934,8326.041472511364,5757.775076458087
1641.0112547413255,1044.347864539208,1425.5590475580866,1550.515179988046,2886.5174099018705,3453.502165634949,4500.038784149372,8181.559673299909,5653.428725979966
1631.4192997121572,1058.3991430496014,1429.7989232823475,1504.0955510451477,3066.4052575627575,3386.340423620334,4601.473071458995,8143.358393273024,5728.84982655002
1523.3173948405747,1143.5942830930405,1444.3520832860152,1543.0135144522314,3046.2350564094686,3348.4047625796156,4408.721528473136,8131.300609625623,6030.913119052626
1647.8700453337783,1029.5242547109713,1571.9020394635604,1603.3581435272772,3013.0657311824725,3289.8766638516863,4328.411869348396,8198.201765009166,6114.375005438118
1681.4820453683608,1029.9938219240257,1480.3468226616965,1629.1924967249583,2934.8595754110092,3260.2899375213647,4277.241979323359,8241.163991597074,6145.017768967848
1616.3869319900612,993.226919838065,1345.0685690644377,1626.120952821956,2914.350903412049,3137.6895600600465,4281.465972403999,8260.566851427035,6042.594523648131
1636.063650630857,1029.5763158966552,1484.1057928478772,1635.585896478474,2971.1936474991635,3070.3123103146218,4244.75261988821,8403.722765204853,5849.2085119207295
1606.3427698163414,986.5279510642587,1355.3093734318572,1620.8383294818075,2851.591802949253,3056.496928323725,4139.773902166951,8555.79762769305,5972.547707527974
1596.390322792964,1101.6472872692289,1677.1438588535557,1616.1470292889617,2740.4680690393643,2992.157932988285,4075.175408822891,8642.877908586723,5769.964900736784
1657.347670250896,1125.9427136047866,1603.5811232721728,1671.3337199107482,2700.482865591748,2877.9663641357033,3952.3504889766386,8746.169802286251,5823.185243059186
1555.778266869656,1137.027229764135,1641.2973385287269,1645.6744479828226,2776.758118094494,3049.9886073427942,3978.165225543885,8955.713239713381,6042.606478567076
1523.9368136407754,1199.7033544991245,1543.6491570004234,1576.9007953209807,2616.3700724977616,3207.863482465178,4026.7199399176625,8749.324351802457,6142.501649419391
1506.3373742440713,1089.2231173813589,1440.43296072071,1567.6343364732534,2736.5204806439815,3390.0110135972945,4039.0967128972925,8682.555533625631,6008.4111876366005
1490.2751377608813,1026.1429032430465,1529.470517597671,1469.8977210969838,2968.7435193858164,3436.6208832727016,4025.8395872205574,8406.392762272131,5926.427570095273
1492.1733661402059,1070.4740734152185,1379.8061232883883,1490.5212782005392,2984.4985619367353,3482.174234312035,4140.905964635031,8335.28598553778,5883.674564833985
1561.7932866450114,993.2291932635176,1532.9509360012962,1530.1658747622023,3038.6245082814958,3457.882552756724,4224.89807592159,8056.5675429766525,6072.9567327981595
1630.961799925477,1025.2862415259333,1414.5454018077571,1591.9529389095442,2923.446259250845,3391.3792899737537,4323.153676332786,8087.415417682358,6292.337868661858
1606.370292653461,988.7859258165428,1347.9358940743396,1608.889246988042,2983.118403594669,3346.792630775368,4226.08474721816,8290.885114703406,6144.624394158841
1621.9582864813524,966.7575683672599,1267.1954607200387,1596.1418054962464,2871.8209062927535,3210.034869882831,4166.057028701715,8469.095187240884,6119.458117429869
1613.5309923393177,1015.3558734173195,1292.1722014905927,1593.2924465446642,3028.437157005782,3180.275085744486,4158.203632809158,8536.155202821872,6025.616394492479
1659.4126184687354,1098.4714112100369,1423.265365052211,1578.2705949702872,3031.8681700970574,3106.532662808955,3975.3638179600157,8663.199094119058,6082.774350202133
1634.4518589475351,1125.8829349556104,1386.3020432963458,1720.557902958009,2731.3036054736567,3069.5664508698,3981.466576952822,8777.598796927072,6084.092349810028
1526.5385888578219,1027.7641424391145,1587.5334018846902,1638.6668889296072,2643.366645520421,3051.079059694177,3836.4842660972663,8693.659105985076,6101.545736930902
1621.7593371913863,1031.758842236835,1503.429355281207,1625.8541741184729,2584.371627660941,3129.6751592596343,3682.009721340115,8787.455787761424,6466.01778114861
1576.8494528712517,1038.0050731836159,1460.2922596412604,1619.0623824262716,2552.2451766492686,3301.717397094094,3649.7841675746754,8705.457394636778,6445.365737262206
1521.0022512002852,1017.9701167908918,1495.7233496353654,1579.2412377959026,2718.4480747817415,3548.0540226471812,3830.4211337337874,8539.933523550968,6313.146417098502
1585.497140421319,1060.0011440614755,1906.5563675664762,1507.2380090809029,2996.7281675424006,3641.726480130289,4130.881345080894,8549.021829901876,6140.049290769115
1568.462497108064,979.2870029062415,1615.6808801868679,1523.8730656764503,2955.983374309475,3622.645010355421,4181.057743879098,8364.85303481561,6204.255070383182
1602.5586966463266,1002.6916367477105,1332.9937262317708,1586.0089045063128,2799.439079169197,3608.835593300306,4138.249231573016,8217.141561656857,6083.356539496888
1693.3354711132492,964.8770217245668,1284.7402724003487,1652.366913324006,2864.5230665874683,3588.939254904523,4262.111211510892,8088.769441391423,6140.60288625425
1687.2237074603293,981.4115077746592,1323.842456231486,1578.104965200975,2818.5851371647286,3429.539296760211,4222.85464993365,8213.916653102082,6307.490359775038
1689.767271688488,1015.7824499564456,1313.435386256717,1590.1252478371089,2772.1197530459067,3304.0720404187023,4260.123422757631,8307.800386237843,6066.705412021634
1738.5617482198795,1027.0385498419782,1322.284008612094,1549.6593119795966,2752.3887064065866,3256.409490500307,4140.315728607784,8467.356747293523,6073.7490940929765
1657.9887217013315,1099.898236017778,1501.5626584583838,1539.2904941308823,2643.366892903792,3307.96900155537,3948.3555411326906,8712.50391137532,6429.956265360845
1529.0419388051982,1055.4751944759746,1478.0110876173528,1602.9921774984305,2726.366960379785,3149.978859401319,3955.3545986496156,8628.324625170926,6157.439835030333
1527.8345779106223,1058.5378389246605,1365.1242259474193,1631.924257957643,2606.8942855101723,3105.452512109734,3828.593368575468,8663.337821875033,6203.759314870433
1479.7095321553677,1019.0237404102872,1399.7190867607646,1533.9868405693715,2508.924008925855,3196.2922119494187,3779.3129986686636,8590.397169549055,6806.600243402754
1488.8076526093018,1031.7781854525585,1389.8972279379718,1502.0864101684444,2498.4012575324796,3316.7708792503254,3621.5584200930816,8647.126628244736,6603.476613860341
1535.8359132433056,1092.3337251486987,1341.5648449371683,1492.291915458322,2647.4428512026307,3444.518524951049,3877.6006145372776,8487.031156604698,6338.35152585862
1605.625428127492,1065.2473021632693,1406.4260670823,1506.1252869127861,2787.3954721511573,3564.8409168857866,4120.380169114026,8313.195079573981,6151.9089864695225
1675.070949471316,1015.697397222801,1383.5942711715707,1538.1690456115898,2826.1048862756843,3593.194614275656,4123.871850820504,8306.772653803066,6133.63399389991
1586.216276200501,1038.4770482670574,1309.0785683073736,1561.55949936062,2860.339654018804,3468.785722862586,4218.542246187069,8226.486411581884,6199.5188018643685
1641.6379645194293,1060.9430708087066,1250.5151439441333,1580.9896691556623,2911.5793640594993,3435.7817790402787,4200.597563248453,8125.590810626786,6561.412483186763
1673.3063595808696,1081.1620029218643,1230.0450344785522,1648.2811130271693,2830.666650050195,3321.0894748693418,4267.584766488574,8159.817220688975,6105.812940983007
1559.8422381996493,1146.3371716747642,1295.7748046633,1665.5727744205824,2803.326237729437,3213.4002330892054,4205.047738626032,8327.031457307407,7132.567444284701
1537.8746271450764,1178.0147103184263,1309.8442717504813,1546.2341878769328,2818.837197886476,3181.4973782708075,4084.0268188263744,8340.344530400755,7174.13957562722
1524.768016587453,1174.0628406615701,1368.4497099162058,1684.51600290409,2735.899744523649,3045.8803176038164,3935.321079134303,8571.86814929224,7029.210436428379
1471.3619702497629,1158.928276550832,1358.840164423359,1570.0420522141826,2697.726424699186,2971.007305078163,3957.569758100154,8588.75965125368,6469.845659806253
1564.0091589944814,1088.4991899186402,1478.8834973063763,1552.9388490896172,2668.763238895129,2914.877386630474,3783.2365667354334,8714.228281477193,6002.649287341707
1694.7443804312236,1118.1998805576943,1559.7412970870196,1454.254847144989,2519.8244452428435,3012.343489236063,3668.605123548712,8522.299190705027,5979.10280381136
1624.2290775624115,1173.7888314651032,1720.732080270962,1430.8560685141686,2596.3035059817853,3283.2118303689817,3588.201110431727,8474.552856543247,6089.962190085249
1660.846127935553,1074.1683447963464,2227.5328471305206,1482.62276574406,2701.250964165404,3391.5823677114604,3771.6934352342073,8361.684662784508,6084.67987135234
1641.9125592228845,1033.2914689617173,2675.591613256707,1530.4527287316823,2861.7724493852793,3436.4633469022738,4089.6321813310324,8304.662741421878,6048.891088276296
1712.1026129267989,997.4019300205902,1695.6495813478427,1584.1790136248346,2941.783789201875,3478.3890228291184,4105.504775505535,8169.810418784555,6064.811437460079
1577.8515212775428,1010.0200437310207,1546.8649001991137,1564.213868117011,2952.413830340709,3413.822049549035,4034.6140451142473,8187.524619329506,6013.2079575257485
1596.5904383130353,1062.9946309008365,1727.0752233518024,1579.1841332326442,2991.43746085321,3287.1011203715607,4182.879796092739,7879.19784928168,5974.934294737585
1544.9154271371185,1109.3326513959278,1532.516864621849,1612.302053203775,3154.152574265659,3165.312581855086,4125.061125051303,7898.46128626023,6063.567204751025
1631.8726334513312,1118.441336004421,1476.0589628406315,1593.4144346143435,2897.8437404956044,3076.402577992466,4218.7559652616455,8008.080059383153,6081.372442548467
1681.1437123161516,1062.4263004621712,1489.3635048909528,1592.6208525598802,2937.2773256349387,3031.720262206045,4099.709721300467,8031.054532848272,5985.95195789489
1600.8034825072373,1040.0464349967842,1594.6639612580834,1552.492838989118,3119.6428002976554,2917.9687083906874,3907.491910365048,8101.598923937794,5870.423076684586
1648.2939977936135,1040.0306440139746,1422.8068297017974,1526.2679212648413,2982.848937818989,2792.549315310972,4021.388261114159,8107.730649408315,5847.2075103039
1648.9120353218043,1077.0112205206792,1409.7237795021097,1519.8295647370458,2767.2410636634604,2763.928297394073,3912.0547869334832,8156.085153172718,5805.083090716252
1661.3482326286885,1069.022668925152,1414.6364950523105,1434.3046449907183,2607.3772953215857,2867.6758703958703,3713.4773478922475,8125.625220450813,6122.242461040278
1705.2231718898379,1025.4717533817393,1579.8605316606574,1531.4328433537146,2724.6736638526436,3099.313169908633,3616.4919709146247,8060.438516546001,6097.767966303485
1582.4586638648861,1018.2904936538094,1513.3532112579906,1579.8225142156298,2925.488265891925,3229.978159911114,3855.7179226088588,8034.311694967211,6094.278562310761
1582.3888952754132,1040.210796257543,1368.1783655214476,1561.8220481511862,3048.7945499492025,3281.7005303905935,4008.274197773917,8060.3093193277855,5909.040594537701
1580.5109094978561,1089.7112911352124,1419.5860378135728,1644.1698431145237,3029.4766971208364,3319.5182955605214,4019.9364835630736,7895.405079798698,5728.70327562884
1585.0207107499573,1168.620417044156,1364.8955947520258,1645.3109341304548,3106.47761471686,3178.499090791088,4201.484259777301,7740.009617032654,5779.396767882859
1554.0216975853514,1111.864119185551,1463.6385211085717,1637.742883314931,2985.1119188246385,3099.8353162768444,4105.0770481213185,7788.822908651208,5921.975529643166
1564.0407251818417,1095.7029525419498,1473.7714645677802,1811.296778457793,2970.23084225425,2990.881517437074,4122.798165465581,7938.465964866327,6152.065087678224
1493.7514626690156,1096.495164682383,1553.5516805905208,1716.2292891612365,2933.6289389127446,2959.460534976179,4152.87139914201,8863.842355015886,6276.30337798156
1467.5549180134599,1094.2566167531631,1563.9172496132028,1597.6621313627454,2919.375192119654,2871.7918096209733,3970.6105525225557,8629.160957252188,6198.57919877089
1484.169430201176,1109.1206537921225,1543.613821982917,1597.1663731771464,3022.222399208278,2755.886626866938,3867.9796785124695,8188.696924870345,6314.512229833974
1528.5545127944429,1066.3750282037013,1451.9702660207347,1734.8485035615681,2910.470290185411,2687.1152899619065,3903.2775599400993,8900.296684951787,5768.135532125797
1610.2704858999805,1046.122045025291,1588.7521710878623,1856.0037224004705,2755.7348784684727,2632.827205761725,3802.3048492788857,8597.817759625364,6010.791472390844
1715.7849204289946,1058.87448805018,1597.193797740025,1510.9127349215773,2779.8477606042443,2728.2429890414232,3708.1760237818157,7897.761122702834,6765.593858237917
1598.285677733,1127.495418987819,1432.4633859630208,1540.6595744399392,2806.848648952834,2987.0994943669275,3611.0056245880596,8196.649629688272,6347.252614246079
1619.602356111272,1022.1000864163327,1407.2195479918466,1603.6333585245197,2989.043400196577,3129.8387249567522,3867.7085763748737,8338.838961573176,6131.15742453515
1799.405618435327,1107.7968689432294,1501.0160379092404,1659.7295959738863,3145.8814385765318,3178.1802248921153,4071.8066472604423,8407.623429891883,5905.789064218852
1637.751786874594,1365.0078412547389,1420.1314741240985,1670.7846233342175,3205.3785864754773,3121.246255126566,4272.671339148278,8272.041594313981,5990.084205981781
1648.28265818606,1314.2156253597127,2293.6736962545506,1773.1173979114678,3239.254514132519,3071.7779708012185,4495.667478476535,7876.064323526878,5826.669123518207
1561.0510691641482,1223.858126968716,3960.1837134022417,1705.2976350042882,3162.030356957189,3011.2704308121615,4291.240095822216,7835.746830733028,6052.591445657687
1503.887195292919,1182.5830629437803,4094.837987481459,1656.980610485392,3200.587904250813,2884.3340825248765,4238.53363170035,7641.864611499437,6168.53339842463
1531.6861973068164,1154.6434596202134,3348.698124283057,1907.1382344632175,3146.132295674336,2786.3978092928314,4185.862670955727,7660.70717548498,6157.142494993284
1454.1936691326393,1089.6129536943963,3704.4327935708548,1672.0181000665782,3040.385260055692,2756.6704592393326,4060.7647169491493,7884.878755167301,6127.561169641119
1549.599680582,1276.5777685091336,4829.626027619258,1586.2649229341719,2965.481891125167,2619.5235771439693,4021.9180521466133,8156.488811166914,5928.36811434024
1628.9454039469128,1143.5580880025323,3916.9739627945983,1686.2496192278943,3011.6575609819993,2548.6404584303173,3954.1545162453303,8221.367512466953,5796.878398013345
1725.502783174006,1092.3500742037436,3853.776953543481,1793.9259015391622,2884.844516338717,2526.5486850643674,4032.916823406993,8284.124816037762,5840.1563941917075
1692.170113987386,1032.284831150729,4747.773595948271,1778.1769066820864,2866.1460322615912,2598.162290252887,3998.359806739928,8283.992200783618,5799.8025602299995
1666.5428474645548,1095.5787735181384,3195.2078171059566,1718.9660995328045,3130.3469763129806,2821.21860167156,3904.153008043317,8227.734038926992,6084.7922853169475
1755.3210153559203,1217.0539722623053,3460.8197000630953,1648.7554080364528,3214.8048969763204,3084.3758719804555,4046.118719537034,8147.435214518464,6090.988626421701
1706.9552173063894,1151.6225691058316,2286.900781134231,1714.7807565908947,3382.304183526087,3138.2540467636263,4309.856858304518,8097.473222136913,5996.440776634591
1584.5538315411286,1159.7230074853828,2348.0358884987063,1718.563973829362,3292.93292604175,3016.6293978672556,4644.645439063582,8149.5627154865815,5867.986365035684
1511.4520497434823,1140.3523878799167,2258.924320930703,1679.670072756304,3230.11502018685,2955.5642103791897,4478.65254374925,7980.618356851359,5721.6151475575225
1505.5728332536214,1082.0566640771808,3816.7681440463275,1658.9880779306554,3276.16002008506,2828.321224787227,4305.6560583858845,7848.3995293486205,5800.937797140834
1462.6248372632592,1132.8078662433936,3459.034568643672,1645.9093260682857,3264.798923255483,2773.4186444111333,4320.46732595546,7825.017270444441,5922.327258803934
1509.4246891713829,1077.7490668963537,3370.825793920617,1671.6882650749258,3234.756082107321,2637.2519060222394,4296.228572868229,7846.983265343281,6023.317041819869
1611.0441059318287,1117.5809648260583,3237.579758526821,1599.1442014459296,3240.298929723088,2614.579124760299,4327.769723583645,7978.936732209647,5884.7467592967305
1694.477073985137,1045.8971775464097,2959.4234012611337,1536.3217232985025,3120.2156568081446,2497.868975959669,4324.27817224878,8182.12853796991,5769.211388259009
1676.6163735873963,1017.8397662445974,2223.080080551913,1549.0548826108566,3023.4847088223296,2460.9838013287267,4176.320228210856,8380.61849518854,5828.518356854588
1619.3491760834452,1047.8892436758308,2175.5355427449913,1545.3741618018748,2973.2038956117194,2392.424806882489,4098.571405796303,8584.614703921812,5941.848409561193
1619.0731423178079,1032.6776366332558,2039.4995995377274,1638.079050726239,3137.390010584889,2545.0208888046955,3961.4470635309626,8631.71499448019,5791.205519244721
1625.089983790305,1083.5466161908637,2053.366584237641,1736.968685730338,3301.0833502560513,2733.4225858535733,3977.4548167148496,8582.075903063564,5890.525285613777
1647.876513305123,1113.198919860928,2168.3595637137632,1725.80940194762,3391.1840329125316,2825.6658442508738,4082.131775811074,8569.215136140643,6191.694058901172
1639.693233638606,1112.8350856888628,1987.7608711256216,1715.9216236521133,3452.412977254423,2886.9124427496918,4224.176651545706,8386.21285087856,6056.3002350971765
1538.2290235281826,1131.6380883262186,2183.4547252180564,1672.4915177427038,3453.866610872221,2906.5816724674687,4238.852795809087,8313.15893684783,5930.526209052297
1619.6963880697813,1125.0021227095963,2015.289073815508,1670.9289627335493,3370.7598718994714,2907.58951985155,4275.034085009747,8182.964525706372,5846.189378121555
1559.5518231572337,1077.6183073826492,1905.3495602730786,1678.20676605281,3488.8572057807187,2869.9014987879937,4496.414811763937,8072.245012714881,5627.453394297194
1558.3104568220601,1103.186153633308,1978.6340271458462,1640.5690429483661,3473.3421442650956,2764.3524206296233,4505.01660103014,7926.9117466145235,5678.22976138995
1590.5654700771224,1143.0358546552106,1863.1842759002557,1614.249010755462,3236.9612844648054,2690.2069021622847,4368.283999422161,8035.589163248565,5863.754969958961
1610.2382254536546,1196.832670365825,1921.6299155091892,1593.5832576575624,3422.8649955906058,2593.761021272685,4426.498845298769,8152.717412382858,5785.687112869116
1603.4713113887499,1051.045871139558,1824.8375396440638,1500.527394635335,3399.5387749329902,2541.2867704781565,4367.226808939202,8323.330599896826,5692.0406451738745
1617.0902017313406,1059.5412551508289,1686.2933390124772,1535.9217525070546,2985.7311302209155,2455.661514031587,4219.974872403792,8400.514130132731,5728.631468347781
1620.5627037759832,1285.050996505859,1821.9319211432671,1597.1720436370592,3068.328863850288,2514.6808670563796,4161.656190017851,8433.45896205538,6075.267282303552
1592.3151209257176,1137.3427661008018,1667.807142109793,1635.3734352204215,3196.5972068026867,2656.8442652640715,4048.1344638422547,8567.924053834073,5984.293494394171
1613.218291273498,1301.5993511987558,1939.3345014272459,1618.783240072315,3305.923213187917,2901.951503046031,3908.0545260034714,8423.134039125925,6095.17086407116
1684.08047998634,1152.5875519458987,1960.1074210090133,1673.9151906760599,3485.5612176699096,3065.203385463522,3916.608387496455,8476.875843597147,6483.659903902286
1566.4059563014093,1140.7588082071384,1851.201249424017,1649.3770893697165,3520.7016618494217,3105.480040802404,4081.4957860872482,8395.486019034148,6174.613568097282
1644.500710292851,1099.8994774058174,1940.498961373296,1607.170247764446,3546.911469182668,3134.4394227619546,4282.374540461784,8284.222087491438,5987.886942462916
1651.0084833497785,1081.977665417252,1733.0180172628006,1593.842303497445,3407.932612171757,3082.7900863922123,4394.557032391342,8245.199127258336,5973.934090633165
1609.6593895172095,1096.3879267899556,1722.5432969111444,1602.1273931618202,3335.6046558144444,2986.891531917915,4382.419129304077,8111.71890553135,6072.653769767537
1653.0387420520224,1099.5355292066442,1875.2270147717086,1616.6084368682373,3315.890526596686,2796.4815714924507,4470.935641157061,7907.4683015053815,5904.7210257082215
1699.2992735282123,1023.8878591397352,1636.2734879328555,1519.4469646640928,3308.177968254429,2757.218374949769,4495.699919370638,7961.082834156723,5941.3089328242595
1599.809407652022,1059.9795452880358,1882.8040994484027,1478.8869016388255,3240.1419608513647,2746.961726762598,4446.493791048046,8024.58695142572,6037.949752606044
1586.268327009067,1059.3179896843922,1824.487013103675,1468.5358395053036,3277.902967163025,2635.3769957676313,4342.400498830491,8011.95117816926,5844.944516437793
1594.9653892813817,1023.8283692202388,1623.8088474248166,1555.9668141402517,3190.059867406121,2585.2922481216083,4069.448466116428,8186.618973911347,6132.765647474414
1568.7152185545474,1088.162947135221,1734.294810166532,1584.3790672645882,3233.833539110474,2563.2682122419938,4114.960567465439,8372.463312010845,6410.9531264520465
1561.1589772353773,1159.2376758215032,1549.3941818723968,1645.103464839026,3250.6676190221133,2833.7043001517613,4003.305247246235,8493.347927239924,5922.24426734215
1530.3912074988098,1120.1089022518338,1664.029028681521,1598.4763678330573,3443.8034409027414,2957.6233275019813,3870.547402556568,8470.82765209487,6189.209525415725
1501.1690914118049,1082.8489882058434,1790.0672182006301,1620.514394471622,3488.5995699645364,2995.7834266034097,3906.2191178095895,8463.530142760108,6516.429651691037
1534.039116793775,1063.4123986700415,1718.7888952194978,1609.6468412363768,3421.1367634871986,3083.3746471114932,4081.798504291341,8463.29240415915,6495.395653483625
1599.2503036736207,1066.8240462952313,1759.0849667095372,1592.6714933172616,3363.142239146756,3117.565146212757,4298.299064230123,8316.277165762835,6217.068020270884
1632.3638786439883,1102.6206424890988,1710.2811912991692,1813.0819656398846,3359.463567411148,3045.4891877502823,4329.312818236258,8213.767950067906,6177.327364104399
1755.843723177587,1075.257970666455,1690.6330399523417,1543.9385080053635,3237.314301535671,3022.5987430096543,4354.4050143397435,8008.413820932899,6107.443751221412
1660.4022262712965,1060.4352144121722,1809.1606573227912,1662.9692321689845,3278.807072588026,2888.760978629047,4357.363028775037,8008.637625105422,6427.730926459383
1669.6320001675049,1051.5803768575133,1983.5720507374585,1507.260507059043,3177.5684349044122,2841.2835141398728,4355.7689973835295,7841.353518901577,5989.567784356346
1630.0229349237416,1042.099112980093,1665.6513364074349,1452.007144635469,3139.734631544219,2804.102919108875,4323.385654578698,7970.617903164832,6989.06340471881
1613.8985546673844,1085.6303245730187,1709.0068712419384,1497.509712263698,3039.9370076375762,2698.3620404542344,4169.364195792154,7927.305986763162,7823.986575334585
1556.9286258610814,1102.7692145004228,1601.0007217892876,1554.6221720768167,2886.7418673457078,2681.4065197489376,4030.9906004434965,8098.427237258698,7519.343458303041
1622.8440648696696,1142.154828698151,1642.5554190088128,1772.8824601843544,2983.3151095590797,2655.50152502663,4042.452590564705,8169.127413559278,6653.460352742926
1555.6574888236664,1112.6112442087738,1624.5272935863568,1756.1021129590258,3153.801581631395,2791.127423045224,3855.064305916835,8187.477838546589,6105.632264689655
1549.5202871042407,1175.6504223587322,1724.4625666047925,1630.017143682201,3290.4657531243683,3049.934725371132,3791.641315105685,8092.767117530833,6045.754491065766
1597.1184601733614,1119.346530732269,1800.5944460558271,1580.6563328798766,3230.3156423076225,3191.062905894963,3785.4421154386337,8192.3966818593,6241.996802751242
1537.0387332458258,1060.0509262245396,1681.9059302625387,1582.6914132073682,3284.1598837837796,3215.7096815457526,3967.2500594533026,8031.827056707744,6310.929269608706
1583.7825023986943,1194.9134103283736,1681.2455027634942,1587.8845090298532,3179.2817402742517,3225.8624140035276,4094.502391596193,8034.541922838216,6296.677630010966
1724.5303274288785,1125.9473961989925,1675.2457489366097,1623.5802945471603,3101.977190756762,3182.653858388723,4169.203461133257,7922.95113670766,6495.41891353202
1681.6953632778072,1051.1141136853444,1553.0708067701175,1505.4984531619125,3082.906675522282,3091.3067803027698,4205.825434566174,7741.075348112545,6420.4745871412515
1640.1503776896473,1298.453783265692,1586.8414102669412,1560.9175670943312,3020.7058759975353,3031.3713505536325,4200.405931044839,7622.497624314277,6251.718587209398
1828.2873761913413,1084.8145677070056,1597.8007429873078,1580.7001471738238,3059.777872046625,2978.089335676873,4159.986153979304,7512.747480451404,6255.007457465297
1698.8966415774648,1207.722460343628,1535.6564058298663,1699.9925835741265,2889.21845502752,3007.4300355967325,4162.258949123656,7667.964394237466,6162.906559663089
1630.664190313767,1143.3823428525957,1680.9814113270832,1678.0232540602578,2728.225722500444,2860.204282320709,4083.5870968794356,7614.059901539018,6217.018434520374
1601.435544071203,1130.3307712546011,1544.8874679734552,1975.0473979972971,2724.9962473427595,2801.9095962676283,3802.103046688422,7660.655900332331,6202.050505092018
1596.4443386498717,1108.7572003857645,1604.4830329143906,1792.7496875962975,2823.20529486569,2776.287374661909,3960.3818948562994,7780.060772349121,6243.533610243063
1485.6068791005296,1122.0164508889682,1758.5354704061692,1738.112484089429,2996.728429428459,2875.2424002431626,3770.959830387347,7802.786151996148,6372.120477214726
1553.968196195774,1185.121542193907,1736.1544624704106,1696.9538641159406,3116.071855658922,3154.07851222554,3577.3853494541872,7862.443162030119,6302.52899583882
1534.6924699576666,1060.473596410839,1635.9482174219957,1700.392406013997,3079.469918322575,3311.044752222471,3718.6875857010896,7769.907447052497,6442.1944327264855
1544.052446841733,1199.4473730831587,1611.486498528273,1632.8967537559126,3121.143539688216,3376.2988030331508,4231.370073618444,7890.381928161137,6602.485811640852
1586.018369206959,1058.1327778419652,1586.5765180380527,1606.8333477974238,3068.5217128670547,3366.7747322316773,4683.992222955545,7684.358519323565,6478.611760218882
1715.225934256518,1065.2012583129563,1549.6818044919664,1568.8115252753807,2979.854339109529,3310.478933148346,4710.399036857729,8065.800676302853,6309.853940750485
1638.0324947647155,1047.3520550525845,1692.735041895155,1683.8197753854347,2990.9497699873505,3227.9911957282293,4689.450632757789,7915.477370129917,6288.312971401274
1591.340910596702,1038.803538794265,1597.5695749616907,1591.7479458133266,2956.495639531399,3143.1254432986816,4506.847244196982,7753.700884167624,6230.447176680932
1727.7321964158932,1081.3505153210176,1525.4517035457739,1826.3736155329766,2932.476093534772,3086.3299027869766,4464.930036464254,8643.806369109861,6328.9130549352285
1617.8955332108626,1112.2675350762113,1575.982575755062,1896.1431339459878,2920.996975453165,3030.167237833099,4011.6582385246975,7745.652620133011,6430.153225650434
1644.69490634084,1191.5851741803676,1481.338323160323,1696.587729288761,2781.2156662591524,2932.2045049775725,4653.094805431492,8357.39103300563,6550.8982825084095
1565.6532419949053,1106.7460245456077,1587.1930390325026,1633.691566422323,2931.5853134913177,2846.063125030643,4496.59551290041,8373.510868775313,6515.957446808509
1511.9769009113215,1094.902220968465,1606.5198349142634,2042.3543231508847,3063.5438075733064,2851.2125371136026,4441.150410262599,7681.650678803913,6375.079349150709
1535.975954936464,1153.986052645117,1664.832257814528,1774.7038548243293,3189.167856308093,2998.103885676165,3574.875695157536,7600.835473420042,6901.144453455874
1541.214960728657,1158.2035977953174,1612.3253272108218,1622.3444654995492,3363.4528076990773,3220.0313282650395,3855.5452821089907,8133.717015928808,6552.149425618212
1610.6764675413594,1077.182990128208,1596.0374074256945,1623.655072465999,3355.980262631341,3387.5516907316855,3387.4294975580406,8333.564179986523,6582.509579191106
1628.4573515043908,1070.0710025887204,1575.9851579846493,1575.1963077700102,3338.242904360543,3358.784507810892,4243.671856970803,8469.45424903332,6710.547597539463
1620.792012413141,1051.4997194019024,1537.2651056454415,1654.8885730752818,3292.384285556139,3425.371518274881,4405.521465325759,8109.282771790653,6625.0185751756435
1653.0487532731408,1010.9963802440241,1762.3473851784702,1738.8084618344421,3278.8406030935266,3382.100623852961,4206.195269781699,7905.937683715463,6297.95931429099
1635.4645293867852,1203.1197678873395,1652.577399404713,1438.9499661011714,3227.0141159775794,3229.574160003802,3943.002137876297,7939.367011726457,6229.046893709712
1616.552269827168,1130.612037280308,1473.5730026617102,1481.401208741482,3281.0244775425217,3187.5421478887065,4038.2352560824684,7835.603155999059,6186.6508035036895
1709.4475047662256,1210.9317246884498,1541.1511775593767,1558.1751091171345,3144.417316003594,3094.404549091712,3971.493417790277,7602.982789958497,6328.581952664186
1638.6878731678785,1138.5655054720578,1568.6205567294019,1579.8299917441827,3135.264979284437,3046.539292432471,3933.4063738743107,7599.196871497968,6453.059157588508
1528.3503789759384,1113.2990669747492,1617.5475366651553,1716.5068322347706,3065.5111579099503,2936.595561961394,3818.3742557602604,7776.925399282842,6485.6590287150075
1645.5471652882663,1101.1470958441096,1627.3366766922186,1661.7105093802784,3181.67499537981,2880.1164267813583,3709.592440172713,7881.512071682157,6314.699667555667
1528.7387924883906,1228.7979462712678,1871.9918295161292,1617.1300655460927,3428.9313464848196,2834.498078536419,3826.7699328602407,7960.007218307046,6160.111996932323
1545.9014290018372,1087.7810656123893,1994.273324933809,1594.1612645067903,3600.9832476975466,2973.8694097793104,3797.18808850158,8113.843030442204,6287.964526871631
1652.4777369981796,1073.4440587763306,1669.5255294328167,1571.0585278547514,3636.0681228362437,3180.2039251435144,3767.7204203612505,8189.976454711919,6238.190028155974
1646.9567865736417,1359.5952650612896,1651.6800862666537,1568.392178567382,3580.6502586250826,3441.8389333381465,3730.872790155113,8189.874297751057,6457.15520367138
1633.2714180654027,1073.432025739597,1575.4895323914361,1577.3548342056356,3517.3875390209723,3458.8872348071573,3791.3317519185384,8276.096141204296,6553.035897208819
1598.0807405284331,1160.0430062094433,1525.8950910168523,1505.5893671535364,3499.7691819275296,3369.0400697828136,4073.5390877522764,8250.0008272366,6522.188870714021
1614.6152974020606,1057.3736375267924,1469.354213604135,1506.3226927048047,3456.273290438064,3292.129256439381,4096.453955085224,8212.422057073629,6313.319773085347
1618.9320969657942,1129.8070542947253,1500.7004825492613,1452.7330938124423,3409.4280826294635,3235.2041985667756,3973.0813436064145,7954.092783821888,6322.241818538113
1622.7166116367862,1184.505753957587,1615.5406775757076,1534.773439793385,3465.781541652755,3139.608857570704,4012.9150882023064,7890.824829875661,6257.245975795807
1530.2249618921844,1110.8872533215663,1403.9176838303383,1649.4168921425867,3350.786026703941,3055.343078081026,3986.647597505741,7820.679984977825,6208.272875218117
1504.7526465796286,1084.8085836223022,1583.1560112609325,1630.6941347812594,3313.5259620101942,3002.2560431296115,4005.442506616907,7728.4209831706685,6191.84481284938
1596.2171658439697,1127.9936119826816,1609.878367054108,1592.6637341024405,3307.7890002979184,2900.3943422485286,3993.468957642266,7933.672403282129,6497.369652015566
1552.1097106265092,1115.147117874458,1587.213774519043,1586.980376090662,3727.0044723699452,2777.8784129028954,3792.030847994974,8128.442260790442,6284.707834990704
1596.7421840769098,1076.1335314097769,1552.566001881003,1657.3698354028836,3745.6675998349065,2785.5005725379274,3832.82934696508,8358.865386157086,6094.8790084785915
1662.9473687912005,1069.9621418009906,1515.2920750284065,1617.896124383166,3808.6135979617366,2851.380493807461,3716.969881171589,8563.176691031986,6223.235757362191
1616.9239959335596,1065.651218671336,1593.243417582035,1612.4373593090095,3646.0889909013604,3123.714274577266,3723.116301411482,8498.235631062926,6288.796266127627
1598.4060379582995,1061.8824948530255,1510.1515879904991,1524.30975559744,3615.0732356379567,3238.732850915425,3570.859682530905,8477.513317329256,6391.613534293572
1595.9382235310718,1040.425835807133,1710.8162916370225,1491.1616324111178,3665.440118427886,3240.346024808766,3546.2787606699267,8461.934102582482,6710.911555419532
1600.7945190825587,1094.4557836840804,1551.1981942346415,1468.6254770880628,3684.675553198689,3278.148578143677,3965.5931462843346,8359.543437298677,6967.639356528249
1622.7624599057385,1063.6171443366288,1472.1142481807606,1446.9836393944352,3515.97338241399,3217.9764155089797,4063.9224687215374,8192.782112134319,6521.7693800586585
1531.9140001679677,1107.5173793995168,1434.9188650940746,1528.098850284683,3434.0177938704246,3149.43565863649,4087.9855173619126,8089.993026555586,6263.347141639241
1499.4289488942318,1094.3509204382026,1486.7176305871467,1565.9729820063944,3471.7386138146776,3117.8461214086574,4063.685936835759,7950.279834254441,6138.22382418101
1545.3233952779824,1078.1723904218682,1526.9944053439654,1678.1117608216855,3629.0400978706157,2992.7778039382624,4011.3393000375568,7901.586610075888,6159.038223084804
1468.159958363985,1142.0327207710293,1668.1078800161745,1617.1804032828863,3291.625514146591,2885.618431965348,4046.5299102634553,7882.882953934484,6239.139307876998
1555.1871638526964,1062.7243853178104,1747.9625324178737,1584.4125671925617,3572.2178641477913,2935.7990163329605,4002.307958108755,8022.101476796324,6491.59689492995
1660.371700668534,1104.325237352361,1571.3576233328408,1559.4263879623495,3471.7472058664835,2837.3821633076323,3862.0166198645265,8123.013382877012,6243.344075804627
1702.5529383700487,1061.8588821390251,1568.9871415405,1547.1943233399425,3661.110894483668,2811.4179272447427,3829.151733513865,8127.015271228697,6119.904651666975
1642.3121399282632,1056.8182633054596,1639.1243787505227,1628.813565326494,3558.3983018865647,2944.526863624369,3699.531965529579,8309.177339692389,6436.9213993398425
1748.2203942552421,1056.0677427284163,1553.8384596670003,1571.117143851956,3614.334616886254,3164.5245159577307,3607.676998621291,8404.06905422541,6508.620793406657
1669.1262863672669,1010.9165720527571,1496.571785932952,1565.2036564381401,3640.6937993851116,3261.863467491892,3509.387291276159,8424.021004413162,6374.797144463384
1632.7442099365708,1064.2440189316894,1815.1844503905231,1567.5051337515474,3688.03065674982,3207.384991715424,3697.7413753457677,8481.295982967864,6863.844856919635
1632.0111535375108,1086.2217406716395,1599.4684062545698,1440.1695661388276,3784.3788128957976,3300.033767959648,3914.014532214415,8341.808238665353,6673.216361116312
1544.461127794461,1079.9096951101735,1499.7604175185581,1452.063347307566,3377.004946710498,3215.5101141949913,4160.853694659743,8237.278981355917,6525.329213633509
1490.9042025363533,1078.6168506046442,1393.4408265878276,1517.1954120287317,3397.7641173682105,3135.5876338478674,4137.957683639963,8160.156448266077,6339.344683102256
1496.0402377686332,1105.589944932734,1531.1388049327725,1686.6896550343806,3264.1383470956875,3051.3450184273115,4158.115401892909,8092.233793696716,6182.22809263198
1518.338981535625,1101.4693895091575,1515.1729027242968,1577.230086533889,3196.257510827693,2914.639299348504,4074.2274293355295,7854.213716316834,6211.790645138428
1595.4704623952773,1053.3990585468687,1586.8494009297892,1606.9144767367766,3166.6967048434994,2867.5929483875298,4105.412780152596,7933.586597426589,6479.107585446054
1594.569195038087,1228.627892925624,1657.1470736209644,1854.1496881712544,3264.855278548047,2836.9464813885215,4087.306244307435,7875.52310745459,6666.564358566533
1717.7378685257295,1118.3919823790798,1551.727123381866,1706.2322947188663,3494.5172934211996,2735.5125347044177,3954.9034416290197,8020.709455566579,6146.7791041621995
1656.1054390741137,1117.9050400916171,1665.0886160166253,1686.5750048187488,3707.7782275601066,2724.634791843835,3906.752497308492,8210.721198675565,6257.179270052148
1695.6139350822516,1068.4262575847545,1586.4658515634437,1562.1337823494205,3769.6493011992925,2924.778786434208,3786.042973804644,8271.062328438798,6638.40938842872
1660.0717775551075,1013.6421223741154,1613.9381502520275,1586.8192190234463,3635.340753487018,3121.8213438016146,3692.3112130118834,8422.985920772142,6437.942465373972
1643.9767396789448,1021.4729014969944,1908.0044024214044,1517.2543709571398,3558.71881531749,3215.9720162018557,3609.870023596178,8388.286513947345,6321.273982616827
1565.6742210045982,1061.3982853165078,1599.1993217535387,1500.1288347342784,3450.9959031732133,3283.9826779196273,3740.734581114727,8383.970230067953,6621.6091803786785
1532.7475716293343,1154.9342867197659,1598.8147880750757,1496.17178250363,3446.697720401285,3262.543107626579,3930.4936280709762,8318.073928562833,6527.427936759969
1498.7514525090428,1064.2464747152183,1398.961827756104,1505.6672014766796,3407.1854099594684,3214.1776889846387,3992.7569117368857,8181.478655243882,6219.363688093046
1485.874079528335,1088.7169336197037,1565.538610713906,1551.3656000878104,3472.9096505612365,3118.4374832968306,4079.9569020415147,8061.128089451598,6146.25141843406
1582.1786198053474,1053.8194797420174,1548.409593200491,1746.5598010216354,3301.482382614535,3040.055753350239,4163.948690789788,8036.481518657665,6269.137433697374
1577.5070095597457,1056.2472449349793,1642.8964377498933,1736.6260942268736,3132.7829413070394,2985.6647136091224,4120.715579159705,7862.131593167166,6310.0940972680955
1666.361483934304,1223.4929981447822,1583.971921455994,1657.025369310284,3096.3554598913825,2917.7466852757543,4100.589042654101,7758.972585416037,6289.386870707154
1616.495258904779,1029.0798540312821,1576.027091704002,1630.2556296300017,3256.393086086105,2846.479534357539,4080.8661673369843,7879.9453609660795,7832.6160798567
1610.624822586125,1114.5492869418667,1539.2876008884505,1677.0390030714993,3470.3567864034776,2762.7683627354863,3938.387561696505,7724.281967603096,7932.023314026926
1687.9023477736923,1067.6111377985476,1648.066352004953,1687.1803350156538,3545.2686174907335,2780.894186780927,4011.105113585273,7855.031486836071,6704.111462581171
1672.44891936716,999.7478579079354,1551.4763216882477,1697.8112253658219,3470.0481740805635,2940.5510975050565,3830.6022612534834,8018.76875852544,6054.944517619861
1691.8358561623245,1043.3696389311704,1444.1610167558147,1642.494519480625,3454.7415133741547,3128.8996136246487,3653.1453903364372,8166.973347075531,5886.812556032268
1775.695616078841,1098.703940670695,1421.3813550901864,1592.26824463101,3357.2064830249137,3290.969728774448,3658.207001357226,8168.843514732331,5944.864353934399
1602.6495862046856,1109.3134752707756,1521.9701797222613,1552.066797705077,3419.687840352879,3333.7710939953427,3740.0698351812553,8134.747258049979,6031.675549253298
1582.8250671338146,1091.549249312679,1444.304482551963,1624.2563808140783,3323.1621778693284,3346.6033103728523,4145.933671068767,8065.359801957231,6390.3525171512665
1601.493922493407,1060.4154178469662,1562.4815533312767,1649.7053840081007,3206.23878816084,3312.6956995520195,3976.853835309582,7874.4526471046665,6498.483055805016
1540.2793422983832,1063.1558978494559,1519.667938229076,1700.7071681574243,3151.945361166131,3213.7008092707792,4096.65023424479,7881.264093703867,6345.8873106288165
1619.352805110569,1035.0709623323205,1599.3446610042984,1658.030304381341,3102.7588487524054,3123.2436537773456,4127.34922394779,7749.116931303624,6213.82903205999
1726.7660011855933,1138.2529288890853,1587.8484381270264,1698.3110081848781,3003.733745304967,3050.6616409670582,4118.468639308875,7675.790632567467,6084.183011800458
1686.8477033543563,1075.7364566095807,1550.8308725477614,1865.0916323199463,3044.9966719726185,3003.516170977571,4114.318351745716,7469.906303977552,5982.497001961723
1693.2743676660602,1040.209742145336,1556.2772283322508,1768.3177696736852,3269.109774785252,2933.264786577118,4118.108436105708,7577.708336328056,5983.056545494397
1653.8794397373008,1047.0118309613563,1532.2306767537211,1784.3473337021555,3432.3876050192353,2845.8748410951584,3902.416230431447,7522.5253659659775,5978.150627299587
1688.9522782002532,1021.0391826309464,1652.2458861132002,1687.9487608535273,3512.701437879534,2900.8536799934823,3786.331300473939,7562.788466311921,5975.898615845178
1770.293898864944,1117.5140686777638,1601.8216667058891,1676.7549603415123,3375.161048784299,3030.0495061702377,3753.6925288935936,7674.3112012623005,6038.204934461864
1641.519151252961,1165.9109666642914,1436.1988604727574,1634.852378135919,3304.2660716402293,3283.233526096803,3593.991587981159,7727.428343332553,6176.010774679065
1651.3539529451882,1164.2771328587605,1479.1646348355298,1667.6839979274591,3244.853096168573,3363.2939783171687,3618.139296807963,7738.840936675497,5938.689409942037
1516.8475662599599,1157.5685747852738,1449.732770127684,1788.9798903091662,3208.1503366211855,3437.362082094047,3818.3790648861595,7769.011444534555,6170.73025205804
1558.9178401281374,1111.2709550428924,1609.509571768363,1751.2894072340605,3188.1729220263746,3406.2649090687564,3826.5391217277597,7729.450666577112,6343.9019446629145
1550.7618298303926,1115.7647574605435,1641.9074084607255,1737.192715546003,3188.7890544503207,3353.1910539439114,3844.899469293071,7672.159654665236,6377.4580387656515
1617.4259260192239,1185.2864290675238,1674.5486360209743,1767.8476054522166,3048.744511076872,3286.4496453381826,3957.792278540879,8124.058224528408,6131.758152055086
1626.9494519833133,1197.364583999159,1647.128572573938,1811.6848694120772,2962.417814884124,3210.3606276836463,4016.8540243391226,7708.325604728948,6063.871219570066
1619.5417940811244,1121.3474508637064,1575.7476768279078,1919.3563838966174,2895.9889935429637,3088.177664345634,3970.1385471669264,7684.810025552432,5941.807511460723
1633.4243014944768,1086.633671924992,1619.51323344611,1994.0455950908672,3130.6156495468126,3040.3241329324533,3876.413234291792,8222.633540002345,6030.369854333161
1629.544183957209,1011.7775669317782,1606.2210988224906,1790.743243632311,3188.040848170763,2969.625499754661,3854.177291778312,7743.352365838131,6148.8518599671415
1587.0648954576113,1084.9257580491756,1638.884882136722,1803.0969603946958,3314.413020919228,2884.086647275175,3759.6477068408276,7969.538759825733,6151.250231606093
1592.4233641808746,1108.9414640855618,1573.5218295230452,1974.334470775998,3440.618993355943,2879.169730304221,3766.544254503915,8119.222484962873,6088.898960335878
1573.3225915115495,1141.7159988423923,1511.5834925141771,1829.1505598923543,3341.502204310037,3003.734074915939,3738.9653532082857,7557.533611725509,6323.471035602703
1582.033785508742,1198.408820039962,1600.1268022048016,1681.915511652512,3304.2485898203513,3209.953465654449,3554.705301749206,7624.7483903892025,6366.170139357662
1536.8241805023422,1111.4766743841456,1612.1821755098008,1694.9527802129821,3147.686487900319,3423.749682372132,3317.7336734703977,7985.618798231266,6007.337332366229
1545.371042981977,1104.948612311778,1663.519774434103,1736.7132902694902,3087.208812991764,3440.5234360305776,3460.6372032125364,8294.822483460128,6352.002508225022
1660.391506241404,1117.391678089744,1696.3727483832072,1818.918335539625,3123.3377364624866,3383.982750180646,3852.7036006807884,8467.572284476268,6484.383376030039
1786.3183339815005,1076.8451438086292,2038.8183909371476,1890.2463262778288,3108.0003432279464,3345.9526969077856,3967.5905665942646,8143.9208403868,6137.75407076511
1696.5976934459013,1092.374685548255,1719.4849139899372,1908.676671385741,3120.682900235317,3195.5914386499885,4175.292828770715,7888.543527951629,5991.663052976692
1724.8560206021261,1077.469149180337,1843.2818537599287,1834.2757017205113,2811.684558368097,3163.3578420603667,4253.769985908399,7817.415481620386,5844.259968781043
1779.9456966249868,1149.667695447385,1590.1834723726188,1813.2153814944818,2744.0791722955846,3031.680310386804,3940.1997682602137,7781.936936168031,5856.917899511354
1667.7956225645503,1103.4938348197397,1596.951967143799,1946.4901269053323,2921.4362169191245,3003.7815007459685,3866.877385624796,7527.426712337667,5931.146717647123
1650.8559146528946,1056.659930165978,1749.9615043774534,1802.798809074583,3126.7235536063768,2853.5152136488705,3857.1429063593023,7621.72680832683,6180.3021927400005
1599.4938228223773,1057.5571210247608,1681.4799609198935,1804.8112339574313,3345.2907753405243,2812.3344696805307,3716.118370710124,7655.171455502794,6127.058461617045
1631.089645331345,1091.3793037960686,1533.1422731539892,1835.9092867500276,3177.691863164665,2782.7084032380126,3608.3454128350045,7842.819543786343,6086.350269083019
1583.8302825327237,1110.9585875643502,1471.0788392410238,1709.6819976390234,3056.1118889594645,2906.9119459043886,3620.071116905581,8002.894579671918,5902.32595264042
1542.7104645605443,1143.8460153264357,1477.6096048296517,1695.8469913271445,3044.4740506260505,3113.111927976394,3633.4849654418203,7950.617283950617,5795.209659842433
1684.6681992652798,1164.4012010850147,1596.9022970476558,1730.1955978073968,3079.180132813822,3285.0671745078316,3507.376720896201,8206.108121320809,5963.3662393292725
1708.1372856045007,1125.2634370455407,1615.1653601312028,1809.5471604370819,2932.626990893582,3376.57821398822,3569.713913581689,8198.064721300998,6053.8948903702585
1720.0803899513264,1202.7942986210596,1743.8766295556188,1874.18509369036,2901.6169860135597,3296.565381155442,4013.7145237225986,8227.740618838392,6166.846033880796
1638.010214762071,1089.8847485531007,1655.0557926664133,1867.4091700782874,2865.5566662278675,3205.9151161928035,4167.8699079962935,8271.732062694082,6129.526658645771
1643.6635943039466,1058.6146084571083,1655.5207225480776,1984.5290090757096,2833.0533379824255,3128.365155836315,3837.1413027268745,8209.462175832134,6070.415582733288
1640.2890433477355,1071.5831049831522,1572.3117070758674,1899.8617529877101,2706.8573479300103,3048.4324199818093,3855.790142647693,8051.544615064208,6092.890663845572
1622.9845455536013,1076.0114144730865,1654.673516619313,1822.6169517145145,2774.801039272922,2963.8638456306644,3815.509058546124,8016.81372313969,5832.761764208195
1644.334708625564,1074.2842132913056,1576.8895730050315,1901.772980723896,2857.3864745153132,2920.535734408275,3844.23312505514,7800.1677349431775,5802.925444688068
1572.9287386647884,1123.5755359809866,1562.312738837889,1947.1610628634057,2949.4530319346104,2782.675516428017,3830.7144518964424,7805.298210945635,5873.710370733554
1539.1504747710005,1153.482498901418,1548.4960494771944,1855.3518544921467,2977.2692846358623,2767.2465280045826,3715.088182192588,7869.352897278858,6079.395487441463
1577.9004945739732,1113.779158230847,1538.6432305089984,1688.6339707185507,3023.5024978239826,2711.5567555500984,3665.0791090864745,8063.4740501338465,6133.101034636549
1513.517344259343,1180.87735088406,1517.9259151690767,1686.9828831324887,2941.2925970951264,2916.508393997098,3652.0015540014815,8352.335668442694,5813.735972662071
1540.899849920266,1150.2825689650222,1620.7810607932847,1735.8455920336266,2994.51981371129,3226.2947368895184,3629.4152663046834,8559.185061969474,5719.227021831614
1635.9461606367809,1218.3857607339046,1607.0931123201683,1784.2332583247376,3135.8616823864077,3286.5968954647205,3437.8554121176744,8515.623070633577,5959.489811811318
1741.9141688619457,1285.8471278118673,1680.7377909309603,1890.3316625993339,2805.2811627481988,3265.070238383786,3432.077507540889,8820.56444866999,5755.073055771531
1644.0821475121252,1094.6295107023907,1604.4576144876887,1875.1255617414754,2813.5877081293925,3256.338734679728,3523.260905232263,8524.313061856923,6042.447801812708
1639.5883336163952,1047.714745489341,1558.1648126859313,1883.5703137127202,2717.739616826155,3206.26069000946,3707.273497743222,8410.468541421176,6432.27481542629
1661.4203069228042,1041.035970804269,1666.2002648970106,1840.951842761453,2724.1752871358094,3136.9562214328867,3906.2413248796465,8329.513680021471,6318.467093278867
1719.448917516549,1082.2040405534258,1572.5027032231467,1827.0918383634453,2681.8865034934606,3015.851386326329,3854.382252326952,8237.829101726657,5851.837491888867
1723.774435656831,1044.088947055489,1642.1945712891882,1852.4327769282938,2971.700728538131,2915.057348841584,3893.2600030502845,8014.06594456612,5737.015110123182
1665.093720246288,1128.2516761676795,1598.3680753833776,1822.5921575965422,2967.289133734629,2856.778614286699,3841.5325169355046,8020.506327009118,5866.130670062903
1619.490764293897,1211.732270948778,1502.948153047863,1855.4683963592947,2920.1208793279548,2805.28582852228,3869.7542083083827,8042.35455388278,5738.850741764129
1728.0481697162204,1107.126312582508,1402.63602170637,1688.683410942177,2963.163240902759,2747.6804179685414,3726.1407855831712,7919.815397422463,6051.255236462792
1561.9618573823432,1093.1879904881243,1505.1279362071068,1721.0334835924873,2960.201224792721,2801.3075054957817,3563.7872557074334,7973.7464205826345,5957.591451673955
1563.6212392625312,1063.5270633540244,1691.224821790596,1754.053685319616,2978.109909511414,2968.5987735534345,3554.350835908922,8066.731754789611,5792.608658770985
1660.1139265517181,1063.9400015726974,1722.5072383574636,1739.175183745068,2865.251473737469,3132.076099838493,3411.830778568204,8283.624740337327,6038.291236102143
1641.2167205810165,1106.0115720984627,1820.5883761502832,1883.307765595371,2846.1500434506293,3248.050744312337,3321.9542647369344,8408.940566968738,6190.425915466615
1714.9683032367861,1043.8820122369161,1814.0321956515586,1827.8421971609305,2764.8706341994593,3323.8927762922053,3411.294725498782,8529.188712522047,5802.031425364761
1719.056549476295,1038.188395938736,1849.7976407848505,1811.7555736419176,2906.71730435194,3324.792610667054,3588.3887320134,8530.491045798877,6206.6420664206635
1647.1428674426193,1013.2516122503341,1642.5472750533982,1782.6039731257065,2657.503357912672,3239.3943274543008,3809.021619483236,8505.680963035269,6759.395920401763
1761.7096027130049,1003.1653510671675,1595.1252286937072,1766.70327467281,2629.961225319801,3126.5096576205233,3833.138171483204,8479.573463847468,6553.960666095349
1582.9438067415817,1056.6820522983196,1592.9939650588803,1817.928867342971,2647.715838172681,3082.806256596502,3883.7406363527334,8365.29911347945,6017.305815709663
1575.4640795978191,1119.6170372806619,1523.9577147990917,1755.5579899611264,2735.4876292012586,2941.646201875136,3906.6630578223458,8257.901531210486,6005.024007383103
1540.6200071797618,1170.0016089320686,1563.4226260710493,1755.4414048236627,2897.3940866308335,2893.55901040981,3801.1339228183006,8086.655810595115,6142.927195631846
