0,1,2,3,4,5,6,7,8
0.17434761897396184,0.22245707343368726,0.17176206089375323,0.1859442179961156,0.13368583276723764,0.14317591416023295,0.10402484823442301,0.08451863087135059,0.1023593704089887
0.17965408094214372,0.2225154301636853,0.16692271802882047,0.1800689952794255,0.13516019301507395,0.14619711019187995,0.1030880363986126,0.08374005352324597,0.10195921850407609
0.18204297697862876,0.22178396302410594,0.16827622194889938,0.18282256866314392,0.134620935278262,0.14788060950336981,0.10228525683343649,0.08317454030948149,0.1018091383023463
0.17214585763421658,0.22343328547576638,0.17067482894479946,0.18623667646687384,0.13524715290213257,0.15044376741022533,0.10249694056830656,0.08268391250887921,0.10254403768831023
0.18038695540601052,0.22129445607852966,0.17143298506783436,0.18493271052560295,0.13692537019145676,0.15162152317979913,0.10234617065517145,0.08275181606887862,0.10146980369691672
0.171772607148185,0.21057014175171712,0.17060440886145922,0.18629520749257364,0.1373685241551552,0.1515770777636997,0.10296451578103036,0.08298788894006169,0.09954708842958294
0.1722409555384078,0.20541706516830543,0.17655179802896379,0.17629683732454213,0.13838841679091873,0.14727260592932898,0.10409101498131805,0.08357100695690137,0.09734222876611077
0.1752791868697019,0.21607505334963117,0.17843018322776313,0.18437539316931256,0.13629221003413802,0.14288558447778987,0.10517082655526093,0.0839400885055294,0.09554077177826868
0.17732162837322227,0.21873392462296454,0.1691145087053798,0.17751476549942652,0.13961607974867055,0.14049727125225467,0.1063083015488708,0.08463407667989979,0.09565617151236895
0.1750605967674996,0.2204947761270769,0.1693329402529013,0.18903206617929422,0.14047906827841142,0.13929086352720513,0.10781051969207299,0.08597099831917199,0.08883848941636509
0.17712488854277403,0.21655381880433106,0.1693913499766619,0.1930365646039776,0.14054675887924653,0.13904992434957072,0.1092127710655248,0.08586428812525529,0.09779740439390469
0.17468407102107814,0.21504558854374847,0.13438340447452898,0.18844192242830618,0.13756877086196856,0.14129645909909355,0.1080349138542935,0.08624303180781004,0.10422894488164511
0.17827861094839986,0.22041184008502482,0.12780115218859553,0.1851880240571032,0.13259324060055153,0.1433035636585558,0.10562662128175321,0.08617139894427817,0.10232755988300134
0.17313916253975575,0.22034482885290274,0.1441531992546408,0.1831129111355814,0.12922720759570613,0.14530445028327169,0.10322805651956465,0.08638029737498477,0.10191696805099587
0.1806938112803306,0.22269260544691397,0.153561991800704,0.17711932404081,0.13065120464172195,0.14640129897195153,0.1025559452822569,0.08440420381341993,0.09907877479339369
0.17097949269981588,0.22391171075288233,0.151403333122417,0.1795227134452031,0.12908155072042826,0.15001080710266534,0.10272785873746566,0.0843969447297106,0.09936213949539545
0.17640033232817284,0.21721463151372183,0.15911365298404093,0.18034905922659406,0.1293983918297492,0.15080697528277598,0.10265353967043944,0.0842818524223217,0.10126368699505867
0.1787192665923632,0.20868640422634782,0.17042801324934234,0.16667871025328265,0.12978727402655196,0.15291279287214893,0.10367049598968331,0.0842229542380669,0.10233917592266661
0.17319575646010443,0.216716322954295,0.16228656774095832,0.17330270609001788,0.1289636559967835,0.1519680084703493,0.10399272644246323,0.08462374691430649,0.09396525548747967
0.175342740064552,0.21796759635070967,0.16363878024236753,0.17700835189837444,0.13132907492982837,0.14675419768278986,0.10525301027638505,0.08444093819098249,0.09529076323851093
0.17642080073176916,0.21807810905628347,0.16029379377291955,0.18367803843279235,0.12933443248453785,0.1414268621612565,0.10579690216009227,0.08527792814799856,0.10305307688513303
0.17291661722820095,0.20902660525930628,0.1382365652813732,0.18668780443798202,0.13030952841544086,0.1400041441183355,0.10624734932929222,0.08565058424242884,0.10360409559035798
0.16883303619072296,0.22019157472662776,0.1453372712355544,0.18902583735750136,0.13096524820236224,0.14002844686125235,0.10797633604624522,0.08643191856616032,0.10253393450004833
0.1758059648309621,0.21529748521725783,0.1379613304574505,0.1809552816679429,0.131007929809736,0.14040998082563189,0.10972707633318018,0.0870212290980757,0.1020964336628786
0.17415782061956347,0.20811981522882336,0.14239592398108017,0.18103558557838276,0.127207167092148,0.14225617841078667,0.10945141580275601,0.08778141068967792,0.10029649409427661
0.176579611779005,0.2163225854262989,0.13177314947494465,0.18180982367067697,0.12428387530205039,0.1448290938397407,0.1074098301302092,0.08732412366444244,0.09888851363948735
0.18225535846104157,0.20840147383845742,0.14724480717448543,0.17636805434624128,0.1232731926209246,0.14537006854038878,0.10524353930935461,0.08723634987706884,0.09950092927422668
0.17904063362609662,0.21842569172176088,0.1430702835815461,0.17858595324336232,0.12331324112568101,0.1473720089295866,0.1028488892040021,0.0870111179334715,0.09897914600930505
0.18229929937919123,0.21422082912147372,0.16458148820347607,0.17858723317724706,0.12337341311749393,0.1499766202373044,0.10367420150677781,0.08612739284053264,0.10202114329375854
0.17928742422818975,0.2150115141509585,0.1690256127944859,0.17385249071256265,0.1236596410128723,0.14794495892232037,0.10356900347739974,0.08596015095055917,0.10252418230731555
0.16821852650029007,0.21575520469329168,0.1718655838888812,0.18283112777312518,0.12472660732099825,0.15210007159900713,0.1037867902547986,0.08592367986520669,0.10327019660627693
0.1729842368079864,0.2175124150439616,0.1687413808001647,0.18088097879366524,0.12332864756355226,0.15345500815847035,0.10431353084941107,0.08565699339130317,0.10141354609064694
0.17282429886083894,0.21587528407354103,0.17891372408921466,0.18075686141565142,0.1242970186338464,0.14928335377231197,0.10519412672852187,0.08644315059825532,0.10010755583377318
0.17490801795469174,0.2125287577348659,0.1692504897480434,0.17998989650551872,0.12045117478345799,0.14378088573834805,0.10605512074399608,0.08549447945185178,0.10106232086250733
0.17631570665023785,0.21721771815618665,0.16629139029794088,0.18234706164522185,0.1235383866827088,0.14143928670752173,0.1064000417296116,0.08459788587755426,0.10271105293093052
0.17679782396435384,0.2202553076894963,0.17183186575739445,0.17133265188161564,0.1243060326602707,0.1420253790589201,0.10793960137995302,0.08285101612044027,0.10294153880236226
0.1788005953358977,0.22048599082794654,0.17001882043408983,0.1686430508092992,0.12451872963996843,0.14356589331696823,0.11003715961612737,0.08330423322620943,0.09644634664165067
0.18208471771492035,0.2205969465665415,0.1728574154384476,0.17716974111411407,0.1211952520354703,0.144874515054208,0.10835862264343446,0.08724337601703748,0.09310573575043674
0.18341051863528507,0.22846630781619387,0.17189231847417674,0.17091719863411226,0.12029951043778973,0.14711338113231645,0.10763484846310174,0.08500857403656333,0.09520380674173384
0.18531175469796163,0.2184082984402102,0.17373436943061432,0.16933594589405568,0.11923654183344871,0.14950396673353578,0.10447939598925712,0.08596155091832801,0.09394118950361938
0.18236584569620237,0.20840440980103092,0.17990343332730369,0.17250241337519906,0.11942503164462531,0.15286830759636752,0.10410848326706439,0.08795108226897123,0.09715657252273668
0.17977770672811436,0.2050693724002063,0.18096370948732948,0.17545614060669915,0.12143096758433408,0.15335892475542617,0.10333625095095171,0.08654602910461866,0.10053648161150493
0.17371197745399197,0.21651696059886358,0.18052977478237217,0.17133274139113802,0.12196986480731223,0.15691046754817575,0.1035994469153021,0.08373337427683819,0.10065975525626876
0.16997034265942967,0.21231612847623835,0.1816075071711944,0.17913866475090628,0.1215930496005028,0.1593516675339147,0.1035073423216276,0.08232963345686492,0.10165980949925033
0.17220659255357193,0.21312059855534216,0.1899671935985712,0.17342138673528132,0.12315957405185737,0.15814373621142222,0.10065820229318505,0.08272521211070327,0.10124264777350367
0.17196036456400626,0.1993152727362326,0.1829518740543471,0.17617856550563354,0.11806995994676939,0.15463122164806864,0.10109721013681057,0.0834847959771858,0.10178821137224259
0.17178758838257294,0.21595211817131163,0.17497411616121655,0.182722042160874,0.12308796412323278,0.14940587155912347,0.10377574048666725,0.08457828465586058,0.10247012689185929
0.17542668707967682,0.2075631672389056,0.182623656899843,0.175197198832218,0.1251845436244171,0.14552111314997135,0.10630532672171221,0.08486457298839523,0.10208936236498194
0.18014056192556335,0.20998458021903127,0.18171818637063386,0.1802611417990212,0.12637038803844894,0.14589568775734774,0.10756748443727528,0.08560262321813177,0.10124838161171465
0.1827072224242772,0.21653379950858279,0.18565770338295007,0.17633835605074488,0.12231904414738648,0.14672797706298166,0.10911780066605051,0.08680250196565702,0.09934837295401153
0.1841903826215717,0.21964458610163043,0.18556119544862765,0.16947666045096874,0.1192071511238896,0.1480911735809389,0.11007157936215813,0.08629014260553007,0.09712882619810331
0.184718530425293,0.2201569749687378,0.17769777299201395,0.17234142165513233,0.11913534097089183,0.1520564299708336,0.10824743066026671,0.08574973663488153,0.09537032421487465
0.1830601146910636,0.21229136026697248,0.1847399687468325,0.1736152104496373,0.12083546387556052,0.15394318808770574,0.10506262053048457,0.08618417192180275,0.09594516892350313
0.17905826611977332,0.20245255014902783,0.19192028686952,0.17579148782668877,0.1204753799231958,0.158519985833621,0.10280661363510805,0.08534275560898026,0.09711885428363086
0.17397709658003566,0.20663159524887592,0.18587560016624777,0.17767300260129243,0.12142126188061854,0.16016115946750906,0.10245671946443745,0.08513792003302506,0.09856212079931534
0.1743453724654872,0.2059541797470434,0.13725352595866835,0.17236794566580974,0.12128877723201179,0.1618957154823938,0.10135020621682367,0.08455143561071768,0.10114614308248579
0.1741683403615332,0.21583031952014292,0.17435732506888452,0.1754723649770485,0.12116243494620751,0.1665722341374902,0.10192477844190928,0.08337034186789691,0.10225875349199895
0.17293184198006348,0.21208184310984424,0.1310073538974643,0.17881427648619444,0.12417838777607186,0.16364803482870363,0.10092758575646038,0.08342241487092084,0.09982994714206442
0.1741080274588808,0.19140532278092154,0.15085865101023788,0.1797577407677726,0.12374271634319803,0.1562126512746866,0.10397881144833032,0.08239199612131412,0.09930677412238355
0.17415715461382733,0.21186934557581616,0.14099414998087687,0.1781613071151665,0.12496869796723536,0.15155995075604706,0.10571413127376969,0.08297082735612663,0.09960693982251048
0.1806593546931951,0.20112554109117067,0.15422233116075626,0.17743005751724364,0.12657482141723608,0.15066783129113726,0.10693055985109885,0.08351248430337369,0.10237701622332124
0.18327834705979265,0.22076744441812327,0.16549172960486924,0.17262073416771312,0.12538042646736355,0.15005620253528684,0.10717534745152726,0.08455901695619665,0.102359173825478
0.18533102249134528,0.21881894766248364,0.15659080036981995,0.1706164304819401,0.1227278742435339,0.1517052249750019,0.10851168070883314,0.0849498911449078,0.0996104546574505
0.18445356801600715,0.21905660352459919,0.17968931685321612,0.1697855488827172,0.11961171452671072,0.15185179974757157,0.10973602138164365,0.08551875223351778,0.09734257254787702
0.1830509608612928,0.21222137663814175,0.16465112309722857,0.17021233775769004,0.11870087728220885,0.15451053176099835,0.10914779889364598,0.08458245856681375,0.09603734014676435
0.17869911124417112,0.20700729574030077,0.15915983937432102,0.1745647111092661,0.12107548604302991,0.1578828400485387,0.10553760812022019,0.08295672736792596,0.09688631730395378
0.17356198343407372,0.21374794782264694,0.14209992086498635,0.17620900749107385,0.12226853751983921,0.1583522251006289,0.1020497172911318,0.08311171122786849,0.09824585636573863
0.17683360087567412,0.21419548091822868,0.1551564765104128,0.17285220660265443,0.12093200749614615,0.1624186050636096,0.10361095643374435,0.08350463354580487,0.0993551112498129
0.17642636134558173,0.2168249306455598,0.1416405063524202,0.1749224101772979,0.11900780524382114,0.16444987973336067,0.10338391429059475,0.08233899800592581,0.10056880923255435
0.17742154244940395,0.21827481733720072,0.14504126321825156,0.1759411222850142,0.12472536713908598,0.16497503741187927,0.10384598712659353,0.08252061983976179,0.10222703091331833
0.17028636219770035,0.215625033411062,0.14029815466899265,0.17839678143776366,0.12515188222954926,0.16481135956429335,0.10403641016976255,0.08203753243060474,0.10161472748591317
0.16806152997141477,0.2136803893711652,0.13448095223930276,0.18004044843964753,0.12622554084158719,0.15463011689221914,0.1029529873491349,0.08257163352753383,0.09988058916496156
0.17913638489976166,0.21655935467804505,0.15656567230676913,0.17884656685452366,0.12472563838064876,0.149973691401742,0.10485448746599405,0.08284088722824101,0.10041457126129912
0.1762022492466536,0.2204355443206555,0.14337533635255495,0.17548954629700186,0.1247368313230559,0.1497737418202693,0.10644307406906468,0.08320128825186571,0.10203372404047276
0.182046591776573,0.22171254820257452,0.15780420824186087,0.1702563583981819,0.1251131806650476,0.14860311105314453,0.10788724743994503,0.08323920371060343,0.10295110029412348
0.18341086809047683,0.21923646047758052,0.15253819465037935,0.1689567554756631,0.12100545699210373,0.14964965474569433,0.10749532608498853,0.08387804889139971,0.10231319873690246
0.17937478568539725,0.21088446686117604,0.14327154532564976,0.17153202104067472,0.1241797113873936,0.15199155532025074,0.10978239531516971,0.08506998238629794,0.10053391171256035
0.1792305304393452,0.20698520614750787,0.15331382941671326,0.17399598828927612,0.1219739142850553,0.1518518284855922,0.10921521031458573,0.08506444322517348,0.09895198097549023
0.17605055664914054,0.21547563010198065,0.16955694402490618,0.17084442996607296,0.12271953370509346,0.1564668506276439,0.10718321056596562,0.08501096398604349,0.09903136639965021
0.17682334871720523,0.21136958121692553,0.17289347235551544,0.17253359058940065,0.12490937496329635,0.15843127658481485,0.105911886737408,0.08448640141096478,0.10053402894012982
0.1748532111925992,0.20983292961405065,0.1615327642287281,0.17259765992539453,0.12703099059936276,0.15882498708410672,0.10500212793118888,0.08299960207976914,0.10162043438884301
0.17148709851894867,0.21545405005252743,0.18334194018620623,0.1597386719957549,0.12658761520593131,0.15944864989778978,0.10383211665412692,0.08312460160576413,0.10008973352524947
0.1726423796515702,0.21054948559881934,0.18084614443488972,0.17054057007810372,0.1290180873155525,0.15668500403414692,0.10414949922210502,0.08161685094124295,0.10282666118938019
0.1754990643865931,0.21911993054844822,0.175035589780294,0.17068891761980534,0.1280206248602368,0.15783314687811045,0.10479173792610935,0.08240695884198519,0.1007888343236962
0.18237484159636635,0.22274746982183913,0.17548337191158425,0.1773562166045018,0.129932658599429,0.1515271494931482,0.10553128162621109,0.08237207447507533,0.09744911247236605
0.17359469338367706,0.22080900938244558,0.16676799386523058,0.1723506346237009,0.13160024767043826,0.1472574940865368,0.10669298320539058,0.08250570564377975,0.0999062734069682
0.18179927120899464,0.22255663793132202,0.16837045629881214,0.1717638617552604,0.13258842783966107,0.14794715116853882,0.10778966921084934,0.0837539452244023,0.10128757330534749
0.1774104331590066,0.21436720363853576,0.18181938315500784,0.1722206564882205,0.1300567242968426,0.1462079732326155,0.1095069095243775,0.08419969892458223,0.10184460647732593
0.1771379656938886,0.21482856048341795,0.16557232295550314,0.1749019193085991,0.12856213785150322,0.14638112827061245,0.11058522534587513,0.08471768547275783,0.10067036532474105
0.1744445492466758,0.205622194627241,0.18362048467322944,0.17604322706877845,0.12787965456158107,0.14834560186265175,0.11332714605677678,0.08517639729761714,0.10086222359247132
0.1784820022226626,0.21315343518048066,0.16824301739430284,0.17655888489766083,0.12833239976790292,0.14945510016853497,0.11134917639283501,0.08545324194429832,0.10025210150924709
0.1780770107042454,0.21370940127220162,0.16740040119852503,0.17935941333047137,0.12824260403200857,0.15214208512200833,0.10883983519642941,0.08587681331454308,0.10218863579090329
0.17245320435657693,0.19450474840212356,0.17727286380308124,0.17708386171868926,0.12899702636413393,0.15109219252144543,0.10624304199740603,0.08522738042632713,0.10195127421091266
0.17549790266469287,0.20893078668835852,0.18424892783711802,0.17689482510381357,0.1306283543908046,0.15521163336556795,0.10580275520730463,0.08418574650742512,0.10265732059001917
0.17621857396077745,0.19655810416092295,0.17990672828948046,0.1801566669041418,0.13131832019496262,0.15459190396470593,0.10405671218672473,0.0829412255147886,0.10153252655427245
0.1774473939368634,0.21647728200019498,0.17595768319162988,0.18299395864751888,0.13262540231079134,0.15616060679362326,0.10590850782480128,0.08329442086594221,0.10115833291484143
0.1795485309698587,0.2160896216469635,0.17290250917981684,0.17992692958863093,0.132331627552877,0.1560245606231462,0.1061259928976618,0.08251192357928532,0.10129560030746675
0.18232688664779625,0.2165548063995215,0.17198283214436522,0.18345628990834006,0.1347877169797155,0.1490935462885593,0.10463466457288717,0.0828240478698151,0.10045439961739651
0.1758011391210045,0.22223927931478632,0.1779963190940161,0.17936199543864545,0.13839676761647304,0.14327898371813388,0.10827201442127092,0.08347429499892924,0.09996539060119053
0.1738366345955483,0.2199685463537899,0.17138878220194034,0.16760420841901313,0.13403660802800163,0.14246474137557505,0.1087228274027682,0.08396185698708696,0.09194164249391273
0.17339035837078065,0.21242995082344843,0.17816810955973983,0.17791445637374137,0.13095980154046735,0.14325830669447037,0.10948990797382553,0.08450916390328223,0.09038523017759575
0.16770119068528885,0.2163511194893092,0.18657893411303003,0.1814100250692612,0.1287417130212304,0.14435566554340318,0.11121312107751798,0.08486181576487713,0.09454250361839464
0.17245304695490335,0.21539833301801856,0.1827687863687507,0.18047304943688067,0.13122990598224746,0.14551658970515155,0.11324524775516395,0.08587076963901641,0.10115905003922165
0.17371526702461418,0.2153887338648515,0.18140998422212637,0.1845292865021663,0.131552837085357,0.1471326577682993,0.11271336471926209,0.08632353238814663,0.1019820134262483
0.16890156831255485,0.2154066543909396,0.18651561370462783,0.18097072946775003,0.13247216771281073,0.14818025701128126,0.11079440218679153,0.08634048414999788,0.09954962649185252
0.17189163308356212,0.2106717501003871,0.18312183372814783,0.18414258863689079,0.13456511066886004,0.1517308117372178,0.10798798963955752,0.08603816479103205,0.09673444347588385
0.17516491172368898,0.21634090253372504,0.180194725661224,0.18498157634399962,0.13453378755879958,0.15317628882743933,0.10826192751272744,0.08549282181235222,0.09884626875615937
0.17917167937704992,0.22337413640141945,0.1819673044902009,0.19150635077442843,0.13545413221981317,0.15386172797305528,0.10710310568682108,0.0847457327788432,0.10170453519593298
0.18005356468550016,0.2253315031851737,0.17857031409461263,0.19303582084813176,0.13660461215164768,0.15499803700681258,0.10691391249171851,0.08477355011490728,0.09901778530603922
0.17578956612161328,0.225036762736532,0.17480770141461144,0.18965984545803224,0.13675193977431607,0.15198045461199325,0.10771764373238059,0.08445931746155769,0.10079321665018492
0.18191466182601937,0.22151506852247438,0.1707115850965103,0.18367529667383664,0.13933799996110546,0.14659861441500832,0.10782581256622369,0.0845290180851113,0.10089092537914544
0.1785601059922565,0.21780383328322284,0.17073386163658152,0.18509027605354325,0.1389050028234868,0.1417103929611898,0.11055944306535166,0.08446972593187012,0.10008211636643996
0.16630715270163715,0.21715819701991426,0.16277347431134254,0.18845996364609072,0.13596125488775662,0.14028972683504,0.11069987985175445,0.08535529136274997,0.10152570561566164
0.16573776894445197,0.21811300980946213,0.17158327363326717,0.18857826706267158,0.13180659347888168,0.1398999532755524,0.11196418085892289,0.08539149875471205,0.10286469506201365
0.1696718961035566,0.2200750771662902,0.17909912906241776,0.18547732195945676,0.13089306633806344,0.1413751534026969,0.11389853168033891,0.08677427057098311,0.1042942416784092
0.17476470793629828,0.21865145159034974,0.18493580763788336,0.19141489801823214,0.1295886870499237,0.14377084532333723,0.11610184462129207,0.08699671084580232,0.10252004737495654
0.17674238979772755,0.2251904759767202,0.17843003779260533,0.18605475472611532,0.13011917776746854,0.1426920857347523,0.11505559059756196,0.0878881997951865,0.10012803724674044
0.17546318896891844,0.20640850613346778,0.17528532492524265,0.19356127170869278,0.13126012022664083,0.14691148181533087,0.11270946610240955,0.08705990871254396,0.09909063141923419
0.17763929994657168,0.21690396968940406,0.1650197146517292,0.19511557484259676,0.13156266224667415,0.14761668891385216,0.1108175233518269,0.08767865559919254,0.09927908987563322
0.17987668700446127,0.223174335126201,0.1757059963244952,0.19630351535636356,0.1319582563697304,0.14595002926108464,0.10885535297633427,0.08721548115819563,0.0994223765326632
0.1810360188756639,0.22447233897438304,0.17040125476987975,0.19795819215739272,0.13289326756762362,0.15073769928760486,0.10832829849927862,0.08688950112146848,0.10117852217170462
0.18240130023296372,0.22934471186307603,0.17367636778940979,0.19772860078290386,0.13179588546607485,0.1511780747028719,0.10987676410160475,0.08620356765443243,0.10289422937681814
0.18099272880374212,0.22276680783118877,0.17766424312097787,0.18892103695589366,0.13305478377979668,0.14863061920695625,0.10968784572031298,0.08549883798517825,0.1030104165915145
0.179018853218902,0.2043426322452119,0.1668374046118396,0.1855655172080224,0.13545013279240867,0.1420576203977656,0.10981981341317076,0.08399720060284788,0.10096765352536535
0.17337802837587796,0.20805615819255352,0.1797030217602319,0.1874374436850646,0.1343444413213119,0.13865234572448845,0.11028582571604033,0.08423165513525928,0.09920764227583215
0.1736549885820467,0.21827687296257664,0.18058433580349809,0.1904336467336645,0.12863894864379447,0.13765928557562848,0.11255067102453312,0.08431978721865332,0.10270407899932031
0.17038120642744595,0.1949285843059876,0.1733250105055819,0.18529156621384307,0.12612408387641746,0.13751471132149543,0.11220430636027723,0.08093447695617761,0.10318140472356582
0.16939506697884446,0.21025433104762986,0.17542839734679863,0.1752529963188138,0.12541950107774197,0.13816224430094373,0.11669399102942749,0.08261776896280351,0.10085963408955616
0.17427547436340737,0.20304267263602632,0.16893328345839412,0.1862095062606956,0.12713480854883638,0.1413050604674557,0.11852153967942243,0.084058943661106,0.09743380999846565
0.17051510235263911,0.21843652257918633,0.16967021629701848,0.16049849778906283,0.12684347465101228,0.14243394913095683,0.1144212503422973,0.08224053835187985,0.09611193162732085
0.17434544443589184,0.22543167853653692,0.16748489019998644,0.17556811572699477,0.1279286868117305,0.14405512410853674,0.11319229174640398,0.08608584496082314,0.09455013758216135
0.17942668505558504,0.22661367050643436,0.1653688847118375,0.19309202097444236,0.12979819238545162,0.1458136199082444,0.11223069359626342,0.08880237107530133,0.09590207032226347
0.17950000627156293,0.23195379776284442,0.16401884950619608,0.19751517197259638,0.12894359555613033,0.1466123210231046,0.11236646399105316,0.0853641345708605,0.09854996312324564
0.18051589039482002,0.22812579129340743,0.1638165155375804,0.19341610304973555,0.12950088427662138,0.14857585658641118,0.11208847982743282,0.08335899308481926,0.10116041714519748
0.1798635976763502,0.21555094101484729,0.1628713492630384,0.19270493489250057,0.13011371113105433,0.14915081145827297,0.1108127184088732,0.08300052498627225,0.10191366359204175
0.17229587199743313,0.21262536494603915,0.16659288265637887,0.18848381891232138,0.1313620352000916,0.14391848512223687,0.11040074789060314,0.0838799194071447,0.10378970436958775
0.1698291201863946,0.20614622216347572,0.16419804495200035,0.17462836349169122,0.13245286117521424,0.1378191444719368,0.10713813360548381,0.08421355873643052,0.10341580347171184
0.17236175861552816,0.22061199615239996,0.16240016894273754,0.1852377103003594,0.12922035660805697,0.1360279263147865,0.1098258023278017,0.08485292656737052,0.1017267633900426
0.17204203991647088,0.20908120661818036,0.1621428315309342,0.18370460665596228,0.12734882033010686,0.13634311315261222,0.11273122699146283,0.08504340393926343,0.1029940577161412
0.1696924424144642,0.22149187618899607,0.16103105712772933,0.18433444798942042,0.12574060000676346,0.13573795049242837,0.11550560477508778,0.08499630885388537,0.10227655284541992
0.17202171891070067,0.22701942368591832,0.16714730235666678,0.18356711437943352,0.12453691760068795,0.13663729326605914,0.11684871098306782,0.08495944091540726,0.10320341154018373
0.16950498569460198,0.22173281689423427,0.17213837685929814,0.18574785492988935,0.12498179740606068,0.13842218386697894,0.11840426789401395,0.0855637906795356,0.10095986745667475
0.17582668002290733,0.22458197540903194,0.1652041508529314,0.18103703036077246,0.12617466416977022,0.14023720690213592,0.11788035262215334,0.08616604991353229,0.09825734353108337
0.17976390759191077,0.22815047777580455,0.16142081423116073,0.18655691668154287,0.1270035395149489,0.14138058135551096,0.11163367385388505,0.08680738642633817,0.0964554556312723
0.17964884345389792,0.23203951724253322,0.16110842755523097,0.18736424365588558,0.1280953563468082,0.14228149438974183,0.11032273393286475,0.08609214165364228,0.09798728849235439
0.18278195164863606,0.21683366030516515,0.15652154264915422,0.17231562885839846,0.12821007910928894,0.14338608537321276,0.10945021611973531,0.08590054790581413,0.09882097324829696
0.17915647411341865,0.21395498884376715,0.14750895288383317,0.18070429835404359,0.129172198955346,0.14568930070128674,0.10897374396299314,0.08449657671278141,0.10035783946519208
0.17596699081267145,0.2249034758768958,0.14266560024915312,0.18158408601245735,0.13069404139611907,0.14619022309095395,0.1083769950018636,0.08353017126942859,0.10062394635832017
0.1707462400924164,0.2199788269692806,0.1667088998211121,0.18267977137295863,0.13120079017263087,0.14239220727977545,0.10813203114635633,0.08269845749945647,0.10229468524313091
0.173948813758328,0.2195457168760669,0.14652992408960178,0.18348163497240486,0.13159886242051516,0.13742204287476775,0.11025786475892706,0.08295598324164254,0.10124560529843712
0.17493770861325136,0.22163835294773632,0.14871982297525432,0.18494391394707232,0.1257411184423568,0.1315591820194736,0.11207177276156186,0.08300069246933826,0.10045277222500922
0.17622169183763436,0.2150237692733857,0.14926981703673942,0.18569102386265648,0.12748131274661778,0.13296922851821943,0.1142677248217582,0.08286236018464446,0.10125226256648222
0.17632762607716992,0.22613373123500238,0.15317523403978045,0.18615183375385405,0.1260986042634439,0.13338904919795927,0.11330739410656429,0.0836926572938811,0.10232519325780105
0.17760694916676675,0.21611422144036463,0.15027086774379045,0.1826104884966894,0.12572682553623174,0.13490740938230272,0.11598402225908865,0.08345206927878024,0.10281777745270738
0.17158167542743363,0.22730222574377806,0.14668014648010066,0.18646991455647427,0.1258838823020169,0.1357439725192084,0.11730978169438425,0.0845789772943388,0.1010747055929665
0.17204890680182372,0.23254772330804108,0.15976100933301435,0.1900300024060301,0.12681970186553276,0.13790740142001576,0.11843246775504639,0.08502592592036133,0.09774034577312529
0.1803445610572286,0.22793917223934276,0.14945237494656938,0.18978366467191118,0.12629774242182948,0.13891857050740622,0.1163220794344226,0.0837466627586686,0.09700748861465724
0.1744600643516274,0.2109332942626885,0.15272208997261646,0.1902039353228793,0.1303516176593237,0.14104141549321372,0.11214885089825981,0.08308683186666797,0.09738726723369422
0.1737832582789175,0.22573112439675838,0.1536431373038381,0.19121424220365482,0.12982869907451283,0.1416282314766643,0.11136153943155355,0.0841476910899368,0.09892671315584745
0.17466020368677926,0.21689443056967292,0.16285179450223042,0.18729810320490461,0.13220302562527503,0.1440490516982094,0.11176047477643393,0.0834057996528077,0.10019301852788101
0.17162900757269905,0.1986992086682119,0.15041529975758694,0.18141221970905358,0.13139207745841075,0.14292312646700958,0.11090716650038779,0.08301778709324982,0.10003474671517149
0.17408144642953158,0.2166858533194351,0.15105675798182086,0.1826795699679425,0.13444635798159527,0.13816810579963146,0.11201037985918652,0.08237456895793141,0.10138707299945152
0.17386337490591822,0.2148081739781805,0.1667188977242667,0.18216588814086968,0.1306977408365962,0.13385596923706572,0.10997083137638622,0.08202932917558083,0.10147016220425399
0.17675801797680232,0.22409234783944587,0.15496764743700078,0.18638918759404466,0.12516145515541627,0.13405360313190515,0.11211143287628643,0.08250861118455306,0.09722550870584305
0.1707169586073403,0.2228036242126633,0.14347970241864824,0.1849630441891143,0.12078575378906263,0.13276419295685804,0.11455096650017643,0.08221281915322302,0.09959102093520593
0.17705869391498721,0.22433972360498758,0.1487234800170595,0.1797623182646434,0.12535409342992113,0.1328845374668713,0.11509966318080828,0.08238044883891683,0.10093036185223314
0.18050157727135047,0.227346004606277,0.1562903837508328,0.18394967911593924,0.120081352798858,0.13418295343736616,0.11660063433221708,0.08289870870214545,0.10181288382027527
0.17219536632194987,0.22973408801480394,0.16296817962570917,0.1853691760539639,0.12378567433691749,0.13310733418764148,0.11822451765378213,0.08348754138532379,0.10258846328043282
0.18056395320746516,0.2248221444756861,0.16295585573580956,0.19151274922900052,0.12722778789979233,0.13679062151572863,0.11800589431330759,0.08424142484794712,0.1006179629254541
0.17878835477143992,0.22836705533099055,0.16844480035659043,0.1919006649850186,0.12974615867184786,0.13660470385614976,0.11760859705613783,0.08463954724338775,0.09868757657265387
0.17599468260378348,0.22395672162141364,0.15576533379192176,0.19269825634784613,0.1308710451397622,0.1403919035506652,0.11477739832831758,0.0837136974547939,0.09888356917472836
0.1742513181833468,0.21664182130447518,0.16139690381217786,0.18739090525344274,0.13236411236793202,0.141906367235893,0.11245291065387389,0.08307664940686137,0.10032125296165742
0.17717464300251204,0.22012108092598945,0.16887246980688164,0.18914778048473144,0.13095928246596802,0.14296421331483505,0.11104889142844965,0.08275628355253299,0.09952950359290315
0.17675671208245908,0.22091010838070824,0.16973824344545368,0.18802696217161696,0.13207992086321044,0.14004532460239866,0.11096955536150244,0.0824396065707767,0.09834289942734072
0.1748338604055175,0.2208470054783366,0.16340112608134014,0.1861979890547276,0.13734739459189227,0.1367826183054258,0.11175600139052955,0.08193666577745945,0.10072035639823702
0.17606953169720962,0.22711750828325056,0.1714972988806584,0.18517728663898003,0.13474385348670914,0.13558564356805144,0.11153393901928137,0.08151508466606622,0.09915890503560229
0.1784061966152332,0.21592110054347513,0.1690140513137314,0.1879339404261945,0.13092759842403606,0.13235936632451023,0.11230945130894529,0.08110115185656795,0.09465941163416433
0.17922508769356155,0.22707775177556971,0.1655515164484153,0.1849334901637989,0.12959388306073089,0.13128714506544156,0.11296529749498703,0.08183066892709066,0.09669443133787915
0.18280812814568956,0.2272361538097263,0.16526015517110684,0.18894741961990888,0.1298563100739712,0.13245581777777402,0.11388075295714416,0.0821574228853442,0.09929225835087385
0.18162392137975256,0.231416491281098,0.15873281002757547,0.19077118132466775,0.12953857312167957,0.1327139004889934,0.11384342430296648,0.08182606516464173,0.09959230688162882
0.1864165992184197,0.2282544952170836,0.14908443261953716,0.1924947433315583,0.1314491489692693,0.135214559430666,0.11687863127535018,0.08288591192929144,0.09916493795547465
0.1777907406274437,0.22651216773988656,0.16328375785184931,0.1871581496972773,0.13297081928975263,0.13711652320493103,0.1190417846606504,0.08357549598485547,0.09953382362797401
0.17386934539919865,0.21902295457287732,0.16404401003211108,0.1954902614911995,0.1345186807815763,0.13738460817405615,0.11680993889330862,0.08388682951869551,0.09886127094529099
0.1703793494742346,0.21647615962057667,0.17189421387112722,0.19004596277227,0.1352175363124466,0.13896879321622085,0.11327835418468327,0.08459939916399155,0.09911375841563527
0.1753553830758861,0.22071287024063857,0.16386148015498792,0.18598041889461697,0.13546943559717858,0.14191440413496234,0.1128608116792033,0.08436283524934887,0.10085953086351958
0.17414115879204048,0.22026736588190018,0.15994586146981266,0.17828374755384818,0.13875564133816473,0.14246583515425026,0.11082824452201592,0.08321475101243686,0.09849680861133987
0.16940073001166878,0.22391775022849786,0.15870302786407284,0.18504907657066383,0.14000348213010458,0.1425689224592428,0.11021175192410218,0.08274169263240516,0.09908643370112563
0.17720048006982816,0.22699117436973085,0.17272833424931733,0.18741379046330012,0.14016353774872478,0.13874395706059214,0.10975801340696582,0.0819435196388227,0.10009071424604235
0.1818596304201902,0.21471036006004812,0.1699588137484304,0.18585052759043036,0.13623789283626256,0.1346219349443425,0.11173046266925074,0.08204811655846678,0.09883449161767353
0.18213915584991697,0.2299340320117979,0.1687314142479638,0.183772227262303,0.13234721531326976,0.13260551119092479,0.11157914011124317,0.08205590041587245,0.09686484771616236
0.18426252333336723,0.23001533691514256,0.16909473570347422,0.18917984751638872,0.13180130639754295,0.13216932168364065,0.11268612349110882,0.08199573217483114,0.09767608877917798
0.181836955627493,0.21859101691440538,0.1621672331810054,0.18516632007435072,0.13356051244454326,0.13284276434109438,0.11310917925373573,0.08291086522541033,0.08917468391398162
0.18180737393392785,0.22581234080768303,0.17144020439716784,0.19199356963461078,0.1342034506107018,0.13401531851346496,0.11427819201683385,0.0831448494115163,0.08808996164373699
0.1725266978951687,0.22255814335577623,0.17012980824657503,0.19593117824642792,0.13622214285294684,0.13596958100251355,0.11651606622862329,0.08365264459061682,0.09309188583403474
0.1671880020944225,0.20279344054024412,0.1517076670963349,0.1941404212681451,0.13727073518561844,0.13691236687541905,0.11761946479783747,0.08423209135223297,0.09949089686572728
0.17143915531922602,0.2061540258910224,0.13420023949876478,0.1922475210009869,0.13560759865123181,0.13949753178510704,0.11622647598433632,0.08543432341684061,0.09964074542610227
0.1762158677543125,0.21061748688988036,0.13919443461263514,0.1900621115063689,0.13734231450269938,0.14190714789363434,0.1132283049097036,0.08497418176106043,0.09826671876726183
0.170131310583398,0.2205618559724171,0.15650119384119132,0.18522711672015682,0.13625092864803606,0.1432642779779112,0.11028718671396487,0.08467803130356592,0.09565364097737226
0.17919925260550296,0.2230275460198593,0.14426661733807836,0.18683776927825585,0.13613293722144681,0.14486298419126728,0.10980499456188732,0.08478182871996019,0.0971814425633351
0.18011183639230685,0.22643054719846745,0.16715332596203794,0.18651144681010343,0.13828744609237636,0.14329785918389015,0.10921291172393711,0.08416891134916098,0.10007867833677128
0.18124718779011112,0.21421707234258108,0.16160253455354687,0.18123184392607794,0.13690030190114666,0.13903386633763254,0.10920806780621443,0.08452102622052031,0.09813880767984116
0.18122963752296226,0.2188806358386977,0.17649308721953857,0.18927006388019418,0.13200597102423497,0.13461360790962243,0.10890657025947008,0.08376590837813166,0.09931980174943841
0.18517618633776278,0.22477573366176662,0.17246342175011067,0.18393297214061985,0.12974511303301028,0.1325862728785279,0.10916006487748264,0.0836845653176866,0.09875184743889642
0.18568850885604346,0.22805089022234917,0.16760635508805222,0.18846583916679824,0.12774860172918548,0.1318719291679281,0.11065539640583512,0.08391521344961393,0.09859354153400564
0.17728909015551994,0.22932868985993826,0.1737031300520117,0.1893736560698686,0.12442834568724129,0.13268063524853102,0.11053576220054602,0.08421352387240605,0.10120352803657087
0.17680551121498675,0.22576107758913305,0.17638579522460998,0.19310227094634227,0.12541515791624988,0.13427543038743966,0.11196492030569515,0.08504230689071522,0.10175739931005758
0.17635781065030404,0.22003808761656124,0.1711283752784929,0.18405187809318527,0.12622372560729675,0.13635922319680738,0.1141434968064855,0.08476347777570621,0.10216882671329579
0.17739407978441135,0.20876641985090605,0.17704286378572393,0.18140850790869711,0.1264807793019392,0.13868272208148705,0.11408331038050598,0.08629050598338014,0.10043369645666378
0.17635423459125496,0.22128782650829,0.18311786373591246,0.18514827435918446,0.12518470728830194,0.13667963462428542,0.11516291738550137,0.08624161408791776,0.09795571116311122
0.17624400423179526,0.22302155160051682,0.1862306725172923,0.166312386907587,0.12573210826903267,0.13959984497880165,0.1120822325148292,0.08690098544208838,0.09630652051857466
0.1757108975072924,0.2175007140364759,0.18062290298768033,0.1775446961526468,0.12605376332259252,0.14201383128500814,0.11056847616814397,0.08646228263741192,0.09715288611599888
0.1736056051962203,0.22029826358981677,0.1846132321443171,0.17996363001918164,0.12790751108920426,0.14484445984491462,0.10898768008898521,0.08621136609086516,0.09725989758133248
0.17446396674511977,0.21639561621102368,0.1794174998247528,0.17819771473209225,0.12803594505258492,0.14320375741585187,0.10810480297197841,0.08571267179110248,0.0995371464002059
0.17888189727264203,0.2267361089592999,0.17860725429642582,0.1806326477109998,0.12616693095005282,0.13849883053214224,0.10945210584136307,0.08425022275465124,0.10113520964144015
0.1761352425658256,0.23118641844786897,0.189612156308817,0.18820618602568506,0.12017672325720105,0.1353600520140762,0.10882035035877383,0.08434393102543761,0.1024562124996426
0.1851586513556472,0.22079029325264005,0.18459237337148177,0.18144373945034784,0.11882629730864427,0.1330029788888172,0.10922359686588069,0.0836127364402699,0.0998978673768838
0.18272247356387591,0.22392872558839816,0.18616876019736378,0.1833887232824915,0.11993347735841547,0.13133248774531647,0.11145030541283532,0.08315812003580869,0.09908745350795614
0.17674790054798678,0.21488026071182748,0.1864736204481976,0.18872617777567896,0.11911965750815377,0.13393713550458497,0.11151433065983452,0.08083256323018226,0.1023596136102371
0.17613196995526498,0.21885364598835008,0.17927257940754546,0.1881218945379423,0.12087937935330137,0.13525781134810552,0.11409195712141676,0.08365953904674439,0.10257831796563406
0.17389268832995064,0.2157646209422388,0.18582034981498938,0.1807966508769207,0.12194292664000989,0.13652266354719186,0.11547255207662194,0.08322600057401897,0.099159803070101
0.17536768622835755,0.22156887094449057,0.17060758728307798,0.18530971977025312,0.1221243172146907,0.13916478169288574,0.11638997496008001,0.0820630297124324,0.09750668062337947
0.176898260819962,0.21308246911219997,0.15609673254828835,0.1755821009629213,0.1223745170236828,0.14061245575585823,0.11265004623769864,0.08514391753596658,0.09610039269531791
0.17362426133374592,0.20871637544495233,0.16579879837755698,0.18037249028903646,0.12128561559609344,0.1416833419498985,0.11111718523509044,0.08859998485511969,0.09419586536445014
0.1748155054653229,0.22378019299991692,0.16695998100973203,0.1802462431373855,0.12283175905009025,0.1435498072925704,0.11235984814471646,0.08513905468389454,0.09629183172642668
0.18016596719968062,0.22294366098822732,0.1753571917139289,0.1818156661763104,0.12431813935496289,0.14562211641321166,0.11063989635718958,0.08377237737216195,0.09819945271128022
0.18462320671862906,0.20665695120285948,0.17066695529028666,0.18038966535546738,0.12370188427051225,0.14394710615234896,0.10909665707490108,0.0830922486611493,0.0998154546621082
0.1850753686083284,0.22474986242169046,0.17616523634543774,0.18325224341161722,0.12194477332527286,0.13975618114682653,0.10860962831473722,0.08310027648490569,0.10147021190933521
0.1866480062771566,0.22378565129913394,0.15858921553152988,0.17873640599389978,0.11416180651141498,0.13415692611686514,0.10796460085977365,0.0840213729567237,0.10265974313413223
0.18078291298104537,0.19312022879580185,0.17731129221247052,0.1868358682783995,0.11456448751288748,0.133081389471033,0.10798375246499506,0.08327715869663713,0.10209954595517468
0.17583259836595005,0.2163407356593759,0.17919981772001975,0.1865677754556158,0.11947670707260913,0.1331427181624812,0.11047488175468731,0.08377657061296294,0.10058404831576628
0.17323699315263733,0.20585396521529464,0.17925485087282755,0.18345232197014072,0.11788963880101698,0.13523056506824407,0.11160429004036904,0.08353039436928297,0.10095876017373011
0.17669361587742483,0.20571497876421485,0.181262759025251,0.18585379611775593,0.1175781070813289,0.13616066170299235,0.11436666393357663,0.08458804272312333,0.10213144730143381
0.1771799825559774,0.2118341966723726,0.18131390782173884,0.1814845667713549,0.11691866490821642,0.13806701932284193,0.11546054834368238,0.08381771576011246,0.10299627338974103
0.1788045526674868,0.21943478301891658,0.18834319807915909,0.1805365394641511,0.12158902173142547,0.1396896309275625,0.11695707622764517,0.08489765432795324,0.10003543302994103
0.17607396468635014,0.22072907047357393,0.1976215247515201,0.17905197316782123,0.12209267790339055,0.14241008061093718,0.11382683157780332,0.08528872497700045,0.09690832411156235
0.17953814605011248,0.22114462025403617,0.19240334797432798,0.18094507199967502,0.12450754435547481,0.14467307097219373,0.10901495073232599,0.08598997172840575,0.09596078848817914
0.18125156337154377,0.2112796790766689,0.18609169652484536,0.18193306045750124,0.12460704087135904,0.14612775160624417,0.10933835143466233,0.08649181242892048,0.09624344274748037
0.18499808947165783,0.2278573286777901,0.1790474561557431,0.1832460990283439,0.12726836531696092,0.14799404507046354,0.10800875906272729,0.08566502625900475,0.09784579010810798
0.1843664181207981,0.22091729997257412,0.1833001871974808,0.18368797549487803,0.12539612714943288,0.1461098690586903,0.10642097974433942,0.0843457500271722,0.0999079710129307
0.18411513956285047,0.21326546335769578,0.1763168045641079,0.183302244773153,0.12054895020223036,0.14234705164871686,0.10578281942085511,0.0827093578976842,0.10120251377780254
0.17540569117831972,0.22159810160946128,0.1727604581298287,0.18400010979727716,0.11898646913612786,0.1379714512691693,0.10775346252282424,0.08176780309748509,0.1024254075811031
0.17406447187955656,0.21208027126413537,0.17890271520660764,0.18745767963731386,0.11894810960701825,0.13648573116242818,0.10924105672265133,0.08230741182515618,0.10082088250591534
0.17327336238678687,0.21460779824252033,0.16936518228372047,0.18646293344941625,0.12138402945809039,0.1355482995966477,0.11076133514428912,0.08197789144899653,0.10042431664454605
0.1715415183938178,0.21855298273229185,0.18114103484226898,0.18687261862524163,0.1226267103481455,0.13676601092061297,0.11154693042468931,0.08243179028843375,0.0995124641458645
0.17885350888225302,0.219091524410692,0.1860588180268379,0.18487752661848542,0.12095251491050231,0.1395237298996197,0.11296847375015108,0.08323117570140122,0.10076269994299797
0.1805312583856331,0.22007954949747227,0.19241922643417955,0.18339060550481417,0.12246537593080681,0.14199293232217794,0.11436292739175644,0.08357698967002186,0.10221119542270822
0.17372486667096412,0.2233708921680986,0.19069693681930008,0.17919330048030988,0.12508667114335847,0.14343603417990286,0.11634493021817875,0.08388602810076412,0.10213828830604463
0.1793215477802265,0.21295649755237808,0.19139685692028618,0.17815763508299987,0.12421924581863328,0.14672617965132162,0.11479662091695739,0.08394425354630071,0.09892950459579337
0.18434029376853783,0.22440414217654922,0.18310721876881905,0.177141355919483,0.12481913034600668,0.14795610112134822,0.11159405391274649,0.08392708420310674,0.09797322737500767
0.1733905636014704,0.22295004435403493,0.17645403250159883,0.17999754013250918,0.1281378456838001,0.1496678690791662,0.11044214078298792,0.08437315706501433,0.09783914422602645
0.18391025144945203,0.22330449521929757,0.18677646415887705,0.18511560921908807,0.12905132391257007,0.15258724581870856,0.11019995304804883,0.08432685706793494,0.09818313571651802
0.17909609718528313,0.22537787428090997,0.184900920214809,0.17970619863905696,0.12498646551755258,0.1489498979114289,0.10778873843181924,0.08381857411698494,0.09963918578254052
0.17995913409455705,0.2253323998751539,0.17654806579600577,0.18692190275055476,0.12353713595338126,0.14331022424540307,0.10929096061275086,0.08244795020849562,0.09873470021463372
0.1774343886590738,0.21764329188025774,0.183795131638989,0.1859127593599028,0.12272974616058283,0.14011337357092904,0.11008636525334006,0.08186153405340238,0.10098338475356382
0.1785884033176199,0.20869769618202072,0.17840905952986003,0.18974979782607979,0.12104553085493924,0.13950498937365197,0.10792940047049536,0.08157414692383046,0.09992685127570015
0.17871041977806734,0.22054263789815415,0.18482864028989612,0.18911611267847808,0.11943262679151538,0.1399861747115832,0.11030227055685841,0.0811242282583955,0.09672229119355656
0.17981128078294206,0.21935158836929078,0.18807195335878765,0.1870408696827606,0.12502501390385357,0.14039125217440873,0.11256207285046088,0.0815920311997971,0.09792266656028364
0.1816905092166161,0.22119827440220402,0.19069851403970142,0.18414480741180292,0.1251058071529665,0.14118936741475852,0.11260610146571375,0.08166782202395197,0.09961300841695742
0.18109003667486123,0.21846558176013872,0.18545012245077905,0.17688615207163205,0.125845540605802,0.1441744721905569,0.11475572974639693,0.0823230196541447,0.09941667838486672
0.18343473414458042,0.2053619564429202,0.18016164585303435,0.18259604103539429,0.13047659592081623,0.14617414901694614,0.11582987176312352,0.08275618715872383,0.10037223543440355
0.1869328727791725,0.22218803331824655,0.17024706978839457,0.18232058291296582,0.1309548067294595,0.14413877347117687,0.11581828486482264,0.08373274581665338,0.10037645443759276
0.18673430607921485,0.22305071704952048,0.16732736290193548,0.18534658235424356,0.1325720236736183,0.1489212023677041,0.11521361757189019,0.0843911965992305,0.099085253518014
0.1884087700161299,0.19798180189492884,0.18456309792702355,0.18659203113411157,0.13551566731479825,0.1507452665380755,0.11146522541254054,0.08388856395649986,0.09780010421163311
0.1840504948668584,0.2198220513225015,0.16866437542340032,0.18212986988770175,0.1358388515340192,0.15231322996935812,0.10956318058497676,0.08393841784688107,0.09952972952536367
0.1808979055640513,0.20646422370464404,0.17053001558786166,0.18633857108672586,0.13129550264928652,0.14659505215144436,0.10825489207179517,0.08315802737006187,0.09916257216796061
0.17942610643198384,0.2143943959869158,0.1834320745584851,0.18850202172761707,0.1294109883178406,0.14180086070755699,0.10788095811212169,0.08196218010576789,0.09600516644924055
0.18231446844171678,0.2105861841145751,0.18251090406965623,0.19052933554879029,0.1298040328503184,0.14109802886860998,0.10941702847785224,0.0816653754947181,0.09929082340666848
0.18059787305136812,0.22039789502485588,0.18238659420698655,0.19183085900462685,0.13097082159264437,0.135814086370416,0.11067183747358585,0.08143491501081726,0.09770771327825986
0.17158339860856778,0.2221527911015205,0.18732575250199807,0.19090019038682568,0.13195117155069566,0.138029564275351,0.11136109234833218,0.08120193629096122,0.09295757232693096
0.17537829987147155,0.22465313977214496,0.18684623760417954,0.1881356905287533,0.13276634256267578,0.13949021160272762,0.11066205235788272,0.0814715026283426,0.09477303991367075
0.17670339468771168,0.22153611350489202,0.19002397210590302,0.17580178448124573,0.1341780670910855,0.14077420577596503,0.11106928256524705,0.0817368490047319,0.09727785316202348
0.17623029095834764,0.21619802767576,0.18287503494318125,0.18303467737099782,0.13549184979355178,0.14265906648740398,0.11420463575621588,0.08241630352537227,0.09834975647946366
0.1859663596619781,0.21844717242539052,0.18597984279080051,0.1842781101662487,0.1378517582175643,0.14429768551828964,0.1160629316545884,0.08260618537541008,0.09720634854737602
0.18378245504998927,0.22407763237967734,0.18541463020790325,0.17768638818017166,0.1393542454308264,0.14460556041430703,0.11590886719780794,0.08310135667822065,0.09639434512567668
0.18274868847695916,0.2282241833395738,0.1868629169975143,0.1760591138730344,0.13913342162477363,0.1466459942734198,0.11490456663955413,0.08415742366966594,0.09611087813851987
0.17666417925734396,0.2289629298320876,0.18649346374257283,0.1834735427591565,0.1412284515997007,0.14881125572497297,0.11180346644393875,0.08452221999079881,0.09660487311988004
0.17468905985073294,0.225744522272442,0.18167360356756804,0.18512004135391624,0.13848099208887096,0.1476900814286733,0.11038297020696881,0.0845238148390556,0.09869070425101704
0.17419590330975263,0.22135154682239894,0.18733748105890122,0.18763381301203505,0.13496162352582408,0.14650656889285413,0.10836985340793472,0.08351530672705056,0.0984085758830246
0.1766807229420977,0.21404510982631894,0.17376060096662732,0.18817140818646513,0.13206905062227514,0.14069057812588834,0.10702790877919859,0.08254440523525715,0.09841181100274868
0.1763639654546323,0.22346555140300114,0.18525354134315417,0.1840083393431673,0.13168157431889158,0.13584046773123928,0.10839039543293312,0.08264096293750005,0.09606362728504253
0.1720865946056695,0.22245850060763028,0.18761516677994428,0.18858726602631892,0.13020924722368502,0.13547256482540365,0.10890638525198505,0.0818054174549928,0.09296726294089987
0.18250878271472193,0.22573136131059823,0.18695498451173534,0.17922674666471583,0.13161286063738564,0.1356088855241002,0.11050754962706312,0.08238547050533274,0.09569511047035431
0.17974665037955365,0.21992054528474803,0.17989616454169405,0.179742436174538,0.1323710478036444,0.13636352556855227,0.1116986552139259,0.08149859097122177,0.08302651878449158
0.18203975074208337,0.21620482862860688,0.18544148339033578,0.1799215861720977,0.13326257881459092,0.13850591667206538,0.1109661746980063,0.08149175163354612,0.08374950799484818
0.1854712212463286,0.22319956544379416,0.1902587487559891,0.18288863351874743,0.13248722318203607,0.13957924891869705,0.11345976254118183,0.08239507235811412,0.09092613624959701
0.18561470739140215,0.23041555972826055,0.1872103168847351,0.18448179784810914,0.1319153319963993,0.14162243491305454,0.11593029676909836,0.08277826862842443,0.09671322286719783
0.17262344722207276,0.22923301074609412,0.1910348282609468,0.18351112483062682,0.13312657694610075,0.14303000915262679,0.1168593556554639,0.08342950953362266,0.09730812379456963
0.17082241609373572,0.2288146943528395,0.18803471926882473,0.18164492577496438,0.1354988275026114,0.14358875200711596,0.1138338984023532,0.08411905172124165,0.09622371191010341
0.18012882647845102,0.22706695229347404,0.19196965264703572,0.1849772328208676,0.13428357467116628,0.1463306271565754,0.1105530349173475,0.08472478178773356,0.09644111110423131
0.17328435790567695,0.2211366669974998,0.188133550480224,0.18821278671287398,0.13191387789697734,0.14646718565103167,0.11000933361669629,0.0843131276339694,0.09658437524526536
0.17542766206486193,0.212325947342674,0.18348552516346228,0.19072575569190872,0.12761241133085147,0.142860176994515,0.10957073246523484,0.08381559900669418,0.09726961725646759
0.17896219305360778,0.22526734352537128,0.18485557018229717,0.18917359086525118,0.12461474412420889,0.13680910709087465,0.1085426853037804,0.08361024821594902,0.0963364216474772
0.17954448624149677,0.22153621444498475,0.18665094236359572,0.18957260963346842,0.12554116940442067,0.13492472779274509,0.10702973814310736,0.08319283085846353,0.09539994760070768
0.1795240418747335,0.21196960698871534,0.19019526835480988,0.18298749944887718,0.12482414556587298,0.13343062856066962,0.1093749094881402,0.08291502548202283,0.09736692555375721
0.18192931545569005,0.21670143416234505,0.2006165122899819,0.1824785969167653,0.12768302405089899,0.13122644771503486,0.1111050784086682,0.0828311070243417,0.09682906887889578
0.18278554185615867,0.22106076009523368,0.19403679237892565,0.17807931039325087,0.12560069334627644,0.13364024384483245,0.11203685536552647,0.08250803346545806,0.09621970452502315
0.17683854793452164,0.2064376811051902,0.18638366129106596,0.18344934286131692,0.12541776473155872,0.13535014240678392,0.11156102879672689,0.08262708417641029,0.0960670041134279
0.17309850526843773,0.22442823858445898,0.17186954081625497,0.1830446397301293,0.1256583925641809,0.13651562359786854,0.11316316512489075,0.083522439920848,0.09673575066521399
0.1816303937897169,0.22364586772316197,0.1882637808140131,0.17865229493104173,0.12723154225258132,0.13865381792054265,0.11668007909096567,0.08280794360017663,0.09791355772281578
0.1751232857528194,0.2260301392859259,0.18751112105454382,0.18411076805718152,0.12902515382442936,0.13810853994870526,0.11721018852346383,0.08370432466097313,0.09832265583434487
0.17161118396109748,0.22106195969661274,0.18667282710134445,0.1821597481738481,0.13267840585508425,0.14240692791981124,0.11424295355128007,0.08429180401418078,0.0963029652110351
0.17057392490694687,0.22254066879149056,0.17864285775870967,0.18398112707046987,0.13079214171710532,0.14451094669953882,0.11265519473155056,0.08481421405967393,0.09562807641470085
0.17613644605642406,0.21728039192130036,0.18217662598697026,0.18542590991679445,0.12756807876829035,0.1430788215673008,0.11109462482599655,0.08399871142380971,0.09519258190637385
0.17741946880024434,0.2236219589923224,0.18710742951865272,0.18684675110953494,0.1253120433454066,0.14017201736380452,0.11063673301294129,0.08426203552222002,0.095417095652514
0.1719114332565858,0.21661444228732255,0.18921516371986163,0.18596560341591659,0.12364149139468218,0.13540222249231523,0.10942626265539736,0.0843601524425864,0.09726486134095973
0.1745401565079485,0.2244552377219025,0.18902746552515293,0.17383424090773072,0.12330223794099959,0.1320525129665187,0.11015961784698612,0.08291407488547525,0.0979719989239552
0.17507597861634502,0.2202404315422389,0.18428135134117976,0.17375048144689392,0.12445482466546087,0.13250761801084593,0.1103024409012554,0.08203420255063326,0.09843475795017327
0.17954579532586976,0.22539248269601198,0.18805937243629492,0.17418183359848102,0.12539339718798972,0.13185805479268786,0.11083622029347041,0.08158427413054553,0.09649648767348228
0.18514212885515868,0.22622919669292943,0.18221010486672692,0.1743748239957896,0.12640405756130563,0.13309285254646702,0.11282069099944332,0.07788337385266528,0.09637378541585483
0.18456520914141206,0.22968666401177518,0.17541286996593705,0.17198156735776618,0.12591401320299067,0.13560382303448046,0.11296589915630034,0.07916373216573537,0.09740192816724685
0.1785344224371495,0.23367578855961882,0.18032951926197777,0.16794376589697818,0.12746943325794385,0.13741864290038094,0.1150191789098819,0.08116082564747744,0.0982656398550508
0.17519064576207605,0.21172325671327305,0.18178402281433517,0.16376500328585183,0.1287204886412707,0.1392635545644769,0.1160817073579964,0.07977983550090018,0.09952265926322695
0.17494632421713407,0.21273509144882383,0.18231244120734713,0.15212252676531124,0.13041166752487998,0.14038448181682642,0.11694115189610109,0.0822239154189143,0.09626361713268289
0.17641094383130745,0.21438433515603933,0.1772040232496759,0.1745144254798838,0.13005292164408433,0.14212555311139183,0.11488414405987984,0.0854959511055868,0.09323096186414913
0.1761151479342457,0.2205192545620124,0.17543638946721535,0.17553580690734805,0.12769631159885136,0.14516449785950614,0.11328021450566583,0.0847791596924184,0.09376337658926999
0.17714753230643884,0.21970962450965625,0.18219084156768736,0.1791654741762226,0.12472093272230679,0.14449649243006682,0.1116700519435179,0.08222341828234712,0.09326994474777574
0.1799676352787835,0.2248106042440996,0.18562498705779093,0.1778489451262492,0.12425044628068377,0.14110040861419768,0.11006019383156077,0.08084607716622759,0.09483886538802491
0.18002454362404904,0.218603384067172,0.17669893821295599,0.17949014890231893,0.12304123785273743,0.13606744679111019,0.10815318309942112,0.08229872166046541,0.09641760029854123
0.18207141483922623,0.22480636842325183,0.18668043543755572,0.17301704728960876,0.12343947554711773,0.1318432141496196,0.10659384044380678,0.08224212291442884,0.09789369537413196
0.1837226309681306,0.21610888978831694,0.1778942851917455,0.1675725006744161,0.12529352064744118,0.1324124393088868,0.10895373800501919,0.08221514009073307,0.09838192085252619
0.1858280775215136,0.21165635191109625,0.16518344500185433,0.17369972899643846,0.12610201618035577,0.13340257590534907,0.10898695426716316,0.08169970882424575,0.09840054846487724
0.18390976900570638,0.20844097446151696,0.17372511106135058,0.17023736489339147,0.12552940199402673,0.13443841309385696,0.11017770225953359,0.08175772715812685,0.0969128184633168
0.1791444637277008,0.23145103415538634,0.17062161714252022,0.17296234112324943,0.12591361241145418,0.13704983796220813,0.1129141466144459,0.08137877106363209,0.09617037543105596
0.17558165777346205,0.2267284519731274,0.16487928297968157,0.17586568560336374,0.12616080878493713,0.13804829063698218,0.11410531614507348,0.08160345372915628,0.09774044061453625
0.17204475866989027,0.2235039006245274,0.1613600642026505,0.17230685193432618,0.12827348426552687,0.14038130585400002,0.11547945325998744,0.08249913478457852,0.0990543998022248
0.16991958493034617,0.22145441732097643,0.17611577791783967,0.17340731565882206,0.12958793445313244,0.14134937312415355,0.11466496890934778,0.08254053775462611,0.09806860799159373
0.17465159120168575,0.22330551193578338,0.17318264900234387,0.17506324042012134,0.13008016785796814,0.14402651557291568,0.11088999717852024,0.08364574451533112,0.09626590270623857
0.17565403031866855,0.2042043082924156,0.18061233790336587,0.17652360376671694,0.1257174007000755,0.14584710909109433,0.10874190881337947,0.08402092793865117,0.09442731821853625
0.16944676011783036,0.21653975840010867,0.18077829843754262,0.1770136359777296,0.12419282933455542,0.14571062390933398,0.10766975849432447,0.08468308003921601,0.09493407647973622
0.17856925698821918,0.2216950875550772,0.17518309742112068,0.1702435373745043,0.12252417762149642,0.14227215657475847,0.10484166132417566,0.08359708587436387,0.09542761409118798
0.18249199926399248,0.200400338410813,0.1813974898386642,0.17092075365510653,0.12421940909517644,0.1376495751236117,0.10352742543520661,0.08246614444487121,0.0971777978278295
0.17289703094074285,0.22189405832897965,0.1739902271440812,0.1713920378672925,0.12415772984967566,0.13472182845864922,0.10670026536692205,0.0815104933666156,0.09784676647954352
0.18205873909234177,0.2214040549163242,0.16799936369744273,0.17033448677809823,0.12535107954401797,0.1348452824440816,0.10706366769090123,0.08120409971283032,0.0982339063884593
0.18030842391637392,0.21841588034422876,0.17092914280977844,0.16250889100370777,0.12681319913335115,0.13438178003386078,0.10841591939536209,0.08077120926589675,0.09860888970109603
0.17836576013234356,0.2327304916143096,0.1766055415348284,0.16466246550262853,0.1266524955351564,0.13656741433309783,0.10822461883275644,0.08067483270709964,0.09767419157123572
0.1762823446674061,0.22576190744181887,0.1735446567288089,0.1692737741684742,0.12780587833306623,0.13769805022469375,0.10886938608006752,0.08095317675139264,0.09607378846598806
0.17784655394357834,0.21902226742449124,0.17647880097852234,0.15631702297685227,0.1291760007875239,0.1407249770763132,0.11048773377279236,0.08064367799518787,0.09665747093037198
0.17733299705785951,0.21698601606721918,0.18072283255472565,0.1654603173002132,0.12937748545359817,0.14189411814654848,0.11261273316336994,0.08102097052274534,0.09848084657817137
0.17730871956670682,0.2255915035982387,0.1738578710340357,0.16524859383348545,0.12933733226555638,0.1425963529135422,0.11322507620333763,0.08119617468531475,0.0985883354003631
0.17927293510392645,0.2240219458070754,0.17655615772827749,0.16981899145107016,0.1278955643851518,0.14531676844373786,0.11006814648828571,0.08137332975093167,0.09697361878110626
0.17594741262901314,0.22765944963478077,0.18174040055640053,0.17306798681972937,0.12292410132386554,0.14703764564532848,0.10839074865015302,0.0826206026928375,0.09427680912866526
0.18004007267718947,0.2264791399161499,0.18294308808953094,0.17459766229063212,0.12334798091768767,0.14797412694740775,0.10860179588330623,0.08262352833244663,0.09451151732357826
0.18365396841656978,0.21816568922870136,0.17878148386509193,0.16951021545294093,0.12195191494464239,0.14151398728195994,0.10728854062391795,0.08329760081115826,0.0955954817035088
0.18594914356085465,0.227869807521748,0.17771636741342622,0.168863032330563,0.1240634900576624,0.13749363810035678,0.10641138893438182,0.08161036724700468,0.09693413708690403
0.18813893325699732,0.2310616743871652,0.17138068736784318,0.16480407364577407,0.126377104917019,0.13551014445857096,0.10509110206100121,0.08113058065742382,0.09485617276912894
0.1838563223721312,0.23116858112031402,0.1708276735609479,0.16978322490745199,0.12626637272122856,0.1359189916977882,0.1033696052225363,0.08099808160374505,0.09728322949540613
0.1795306491940047,0.22850959712933136,0.17508793825639393,0.16815617558942575,0.12240756297875967,0.1360250263435242,0.10463744979047336,0.07981569321081182,0.09900670367159813
0.17574012109123494,0.22549697583580022,0.17400682328188596,0.16988562098627322,0.12843192712207055,0.1384906670222142,0.10659122891358785,0.07994901358295356,0.09666400950342514
0.17829173027064318,0.21324592015028274,0.17468501246915993,0.17060080588416449,0.12362174724315993,0.13838323030562255,0.1080141900794968,0.07943231367319276,0.09472704216936242
0.17736543731366405,0.21440943150298247,0.18015056200642346,0.17157404022155137,0.12205396759162175,0.14074364222070973,0.1083243700843138,0.07986899890700565,0.09656920719472219
0.17828560542353697,0.22361296048290608,0.176803718810547,0.17205291838040723,0.1303635625090383,0.14258280583376984,0.10985400692242742,0.08089520328029241,0.09799000734360638
0.18136726946001827,0.2261791494774351,0.17933305129231544,0.17421723395699024,0.1325019584836494,0.14456089728386246,0.11214156699908853,0.08121592851831176,0.0984868238549154
0.17584647396786923,0.22598407577409824,0.18105590958791407,0.1770310561427414,0.1293837702318375,0.14659675388103907,0.11092226906797538,0.08180188144875203,0.09735128091870669
0.1763325510998334,0.2228953655097358,0.18327128604270618,0.1745634384876527,0.12674985592690674,0.14947135225101593,0.10992906962793207,0.08250168509471684,0.09622562198802512
0.1846768017353544,0.2201509689531305,0.18302355288205083,0.17207427148830765,0.1264720382765174,0.14786357632265648,0.1074137228618634,0.08239382172318116,0.09641356481599851
0.18312758595003475,0.22766851926153073,0.17205244505140077,0.16898550194890272,0.12373809107409828,0.14206944415774603,0.10467639383199535,0.08246957614393083,0.09721056388313637
0.17540388894459188,0.23005227253925448,0.1758973044510846,0.1657830213087716,0.1260837397631086,0.13697077986932185,0.10366006008993758,0.08207256982953517,0.09758054179574241
0.18006795015737026,0.22978799215651602,0.17695141301321204,0.1691003025856034,0.12737036454600006,0.13714827415241054,0.10360993998393705,0.08068777646618032,0.0960888989996703
0.18043848123404208,0.22723868366614938,0.17683617637535992,0.17229732763775815,0.12744857824178918,0.13499503789057632,0.10463405981957287,0.08011053186102024,0.09680456842724397
0.17105346985033906,0.2259725156828188,0.17711675326561468,0.1739452309556599,0.12947891552793886,0.13547573026206344,0.10403572938610238,0.07998045622857951,0.0962952783484391
0.17359521706305486,0.21996008742759623,0.1789905886227473,0.17322832815331837,0.13266336557392844,0.13771380951844622,0.10593383107115689,0.07948862005468023,0.09247819566305182
0.17536484094303859,0.2073043504485934,0.18308458383334597,0.17122920752047852,0.12472529814514675,0.13845409609281686,0.10698511028953794,0.07976745735570544,0.09396035112201234
0.1771030251751854,0.21881152845352725,0.1683668867632544,0.17040551872962417,0.13285163499550037,0.14171783501600568,0.10840174331199814,0.08049378026364683,0.09602481562836312
0.17952827202903476,0.21573689630414272,0.1771819921996316,0.17894639141769442,0.13421569959273327,0.14307342094008116,0.10947077465607044,0.08077688638003147,0.09691276365960143
0.18351227173383586,0.1979206697538589,0.17995696892284355,0.17828408276896726,0.136843335552599,0.14548992375517894,0.1102510487721576,0.08117538901532573,0.09659944167931381
0.18495414299108273,0.21088384726483175,0.1663146608485996,0.17791933553854394,0.13412401954721037,0.14596757160591134,0.11020091681716339,0.08159619575174148,0.09625733492858142
0.1849221453310747,0.21341225820919435,0.17979755973336517,0.17777308336396308,0.1304284812187808,0.14967190281608717,0.10848641132632365,0.08220257093863897,0.09661603037245386
0.18794954891093898,0.22621782620982875,0.16005399199341663,0.174939784993669,0.13037330750267975,0.14893837720852582,0.10551782450375048,0.08248206040413615,0.09562868394983033
0.18479728304439388,0.23073457197362066,0.17064977959923938,0.17464676993644157,0.13167873128236815,0.14417577891241376,0.10525205111908159,0.08287774272585319,0.096887862464266
0.17712158653783336,0.22371695542458428,0.17991076693065564,0.17353912256674348,0.1336760763031484,0.1401103169547777,0.10463813036713951,0.08231155690190983,0.0975759932316955
0.17462357885949703,0.2287612761408011,0.17975492649443112,0.17429152285428837,0.13538332761431185,0.13665035979474272,0.10341333181722236,0.08138275632617242,0.09774825552009694
0.1760486344562172,0.2186598289563898,0.1839896944623727,0.17906599257269598,0.13549806455919544,0.13595991202594881,0.1039541442737695,0.08053090957998173,0.09761017840760326
0.17883609714303947,0.2181248830527898,0.18441227932861298,0.1788729967745093,0.13938407591850466,0.13713102247337045,0.10460095760829788,0.08071366028208275,0.0953815896901509
0.17780914233015105,0.22361129748786115,0.18038903487446167,0.17768686703575193,0.14063239973789077,0.13833080573707437,0.10412408654435075,0.0805820453484822,0.09467335386255561
0.17721999864933027,0.22301252857584042,0.18282117621617405,0.17739221740388159,0.14220880510730302,0.14054062192766067,0.106870124185099,0.08028510090836531,0.09343280410775617
0.18047578892378638,0.22370497360646935,0.18945746022571416,0.18222996397550933,0.1415077754290434,0.14228181657282757,0.10543696291981325,0.081126144468925,0.08512233558247173
0.18290143519142285,0.22492244985872925,0.1915033178216116,0.18143036097903908,0.1427517295593016,0.1439930123754797,0.10900463368835216,0.08084150600565176,0.08622844735070714
0.1835943240346557,0.2146811538051521,0.18452312821870423,0.1840732137613908,0.14040871277577469,0.1467980519450626,0.11140485585760795,0.08178165189771104,0.09103246599653136
0.1848722321333644,0.2285329000804595,0.18953778714168948,0.18233994583173535,0.13536241886540173,0.14775316589484386,0.1121773747158263,0.08224312817514486,0.0963457275699502
0.18802960293100537,0.22670920132372757,0.1895933863097706,0.17887370617669454,0.13243162335324626,0.1504266891865456,0.10964164743265215,0.08301913647170062,0.09632459628322851
0.183200600145336,0.2247290340041194,0.1797636658288068,0.18091607172307478,0.12924823743554786,0.14851792564589264,0.10696495525249204,0.08377789547327821,0.09403302422829378
0.17530374983025412,0.23129461250102942,0.1840604839444799,0.18026031242435303,0.12821361561174033,0.14320105558825214,0.10509655451153196,0.08368620219506986,0.09281160943694122
0.17617837159939426,0.2229399614365928,0.1858453998739456,0.18163837872779334,0.12901465019672362,0.13794488519136955,0.10402163212916542,0.08374105753237897,0.09474535015630609
0.175927390371344,0.22158419673792107,0.18875686645458367,0.1806959079752699,0.12833253822306523,0.1360277035442694,0.10476436735899482,0.0828027557523768,0.09651899267656391
0.16895899098373618,0.21596273792510576,0.191067606262951,0.18559522498433098,0.12760279192553436,0.13360340058406978,0.1055903823233205,0.0829966859546756,0.09413969711833398
0.17675184281199258,0.2190910228785148,0.1904477981231612,0.18062005757496152,0.1269186528059291,0.13420753788044965,0.10614084725682575,0.08204647245809424,0.09604537130252545
0.1667021627986875,0.22441101362280497,0.1889944808357955,0.1858004507318657,0.12670018742884465,0.13761013066188968,0.10708488971893057,0.08194507409028165,0.09511443177751588
0.17803320863754607,0.2265366929853157,0.1879415788238136,0.18755212435873317,0.12885203170333706,0.1401281347747941,0.10800699903848322,0.08173784328308623,0.09613564969765222
0.17900993029721404,0.2229131478624054,0.19369689490154193,0.18754774716359132,0.12848277096598165,0.1411191775761774,0.10706674633441964,0.08204576921651495,0.09633952577431139
0.17908582665502423,0.21572217097662855,0.19252578011272703,0.19467736564125898,0.12864815790842146,0.14338158943178547,0.10997629480912312,0.08290069128865821,0.09776995941612868
0.18213242767943355,0.22478616504149024,0.2001408158628948,0.1904028313118797,0.12557821594004068,0.14597194762368204,0.11219928080866064,0.08319979015736069,0.09862417138044619
0.18671548855143894,0.22827873385833547,0.19249726672302792,0.1881752613686881,0.1210519628566573,0.14666710927975563,0.11232890603222698,0.0833732096216092,0.09772569130620032
0.17669053116673647,0.22585339739945717,0.18755805943968598,0.19331965813821175,0.11939052884376078,0.14897031960267626,0.11199879397510196,0.08433327181892923,0.09608504425067911
0.17904093825066125,0.23035605304645754,0.1896506660342772,0.18793772255223706,0.11905805369709926,0.14713292336131806,0.10934509760065961,0.08555846759225649,0.09420800499916578
0.17832939321883684,0.22340845825351685,0.18787509551143086,0.18867772834036634,0.11917945655602499,0.14140506135805267,0.10740106419978526,0.08464320887625586,0.09398919955335586
0.1771976680578193,0.21087170513269846,0.18920867731232718,0.18782164518867353,0.11956082293824745,0.13778188099712885,0.10748409508683268,0.08378087656425336,0.09429972714712084
0.17669038517318128,0.21316954905522836,0.18956472796060567,0.18717734299188238,0.12085979710193769,0.13494393817467873,0.10763933856471362,0.08289489644171136,0.09510776452294721
0.1756526040046637,0.22047078389376432,0.1858784708127396,0.18937087425568833,0.12045939857964254,0.13464836953263978,0.10754118277013751,0.0825627761536659,0.09734992326513624
0.18195016311604548,0.2015989424411488,0.18221300689853057,0.1933271401517998,0.12187130421835757,0.13582470731988364,0.10633086461810118,0.08041189838977586,0.09792265414674965
0.18016271168790296,0.21146601432156192,0.18868600644151687,0.1741076912278523,0.11731186182410515,0.1365043004189474,0.1078544719915845,0.079054123261632,0.09555068557392231
0.18448337939437784,0.21284296077078235,0.19460394382586016,0.18061155784521293,0.12052818645673127,0.13779724399780907,0.11061725146537547,0.08150553051604705,0.09674981464587655
0.18585044582012017,0.2140968561835791,0.1901140374752281,0.18453036073521484,0.12353881701721356,0.1397479816314534,0.11004704938945932,0.08005750778169712,0.09797258809610203
0.1872289794194051,0.22427870956951157,0.1924322424475015,0.18341165179430313,0.12257977114913964,0.14213996046191268,0.11185042428262966,0.07965474213188144,0.09810046104997962
0.18493043163494505,0.23118974761996744,0.1863042319873712,0.18929821188688958,0.1207165031405815,0.14367789701792785,0.11292012885260314,0.08355449336592584,0.09807289173198812
0.181038605843367,0.2291973516303505,0.18008728273534177,0.19033577817799033,0.118012944238136,0.1453697082375979,0.11250858157007226,0.08489690887000166,0.09448195816078514
0.17913604161112337,0.23054543168953992,0.18030652108887402,0.18614126858272628,0.11440045980534554,0.14688531889447337,0.11141320996450106,0.08361520667491691,0.09552474644181835
0.1796789480844565,0.22206580755522815,0.18327440714012863,0.19162870563088097,0.11518203155920108,0.14555874039858163,0.1106116513867184,0.08221745664343527,0.09407720069409536
0.17933564824929762,0.21692821990610617,0.16688598471048383,0.19090629574460236,0.11578070705348656,0.13922362058738288,0.10692562888388861,0.08231960215437918,0.09320781644751099
0.17717787029812024,0.21279365292667446,0.17598466189857892,0.18750381593051327,0.11742768637614427,0.13455031323460642,0.10748858001032566,0.08338788954335383,0.09480973272159787
0.172592265055192,0.22206901811751234,0.16244640574944913,0.18292094367443987,0.11747434652338062,0.13348883549798984,0.10630488340461201,0.08411537145386294,0.09555695539030626
0.17945832476389095,0.22318534800010623,0.17810785940048576,0.19690563187805393,0.11837976430123827,0.13289735666395905,0.10600006977326472,0.08408492010209409,0.09709370718157417
0.17622098254805094,0.22910839599445146,0.17856368170658524,0.19362786656884953,0.11964846822666,0.13390861260013281,0.10701248885006569,0.0827948610853534,0.09778714166377625
0.17374517893832225,0.20858722908673838,0.18303852637573695,0.196119095267487,0.1202000047867676,0.1349968070063879,0.1074573018015916,0.08263542114843249,0.09741583410803366
0.18338113823097532,0.219914612719357,0.17977043687735675,0.19420001597401454,0.12019351697018595,0.13672467497394117,0.10997532988319694,0.08223845215072634,0.09432837294585536
0.17999771012324509,0.2287023585907601,0.1856303815760351,0.19492568659137732,0.12257170877091278,0.13916424341553651,0.11135245845511255,0.08141695439698728,0.0935795574681025
0.17871658080477346,0.22813700222259903,0.17004898873968255,0.19139102349966813,0.12005961519938692,0.14115312277746664,0.1121709064227412,0.08157293897734472,0.09574279668569816
0.17737286394517754,0.23110553786442292,0.17113425827115497,0.18786577373958993,0.11726502840551839,0.14254777705283533,0.11383592415013032,0.08215504682940893,0.09750271633139186
0.174274940791474,0.22775918324601033,0.17498439811226085,0.18379822140676672,0.11547675796804961,0.14414243038534902,0.11336636436791638,0.08252468117425941,0.09716808063468321
0.17841022213940524,0.217993448506497,0.17553813022444464,0.18894379336276945,0.11312670327072491,0.1450831304097475,0.10979089181402545,0.08366666910843856,0.09588646528932253
0.1778654099680043,0.22340482622630642,0.17811201916842329,0.18904688066211034,0.11518564200276668,0.14292887488051287,0.10922674088441012,0.08362999329894107,0.09388738351844646
0.17988684071081235,0.22738551271630464,0.17362698117757033,0.18977771128770834,0.1169755879607806,0.138114532904292,0.10739457767767406,0.08383037367727636,0.09332417301602708
0.18119436103630515,0.219790517110266,0.1693428446898997,0.18996892923505584,0.11767472808564806,0.13466605552670163,0.10450730695279926,0.0827169780460266,0.09403495986731132
0.1788034319980718,0.22191410611676388,0.17300469918121086,0.18515452926443848,0.1180621200083651,0.1330350545720061,0.10581770863642746,0.08301280306026707,0.09552162229732353
0.18238746147233262,0.2333204733676539,0.17751263607596393,0.18997303344465086,0.11650668972950635,0.13209903921299232,0.10801334876208066,0.08212185620786494,0.09720065999092481
0.1836478845110117,0.23227548254156777,0.17998788587884967,0.19156306187054478,0.11632885876366965,0.1326733902861305,0.10793748350717157,0.08141083900447091,0.09624152940223785
0.1868281543017287,0.23006691434941573,0.1776622171570085,0.1942529063346933,0.11956912577780651,0.13526759005426808,0.1083916954912993,0.08103297568832757,0.09720079640320231
0.18824594160635177,0.22900282240825054,0.18069887241457921,0.19743746393508832,0.11467770398885528,0.1355629007275318,0.10935123522301281,0.08051993127049098,0.09492929218912136
0.18340529286593005,0.23009847212500792,0.17769600851751394,0.18907049900431366,0.11969034224858646,0.13792668832886723,0.1105411719142461,0.08062899004848503,0.0937752311682535
0.1803990776310445,0.22941763010470093,0.17594040749978773,0.19027696055482035,0.1185140874384113,0.13909519865901032,0.11092728666308616,0.07985660203403513,0.09489688545653475
0.17871810782499453,0.21793761084270677,0.17304429950590552,0.18853918528022962,0.11617798824852006,0.14127042322903477,0.11407273936125904,0.07966786104077227,0.09658980881660827
0.18045456082381756,0.22565207029925838,0.1724872422222057,0.18600479395361869,0.1141891810169981,0.14311201421407688,0.11454529010586441,0.08011813272570897,0.09780270712816465
0.17941838915417452,0.22212530616742018,0.1726941892127886,0.18550974763039704,0.11702584213642944,0.14484104642677792,0.1112327510024597,0.08144505606791765,0.0975659200590317
0.17832811843793214,0.2032606983442895,0.17926912737853878,0.1847864592126146,0.11642222870681743,0.14202705605061522,0.10928381370530263,0.08103641395360767,0.09593004327762623
0.18117204908938184,0.22180263164796565,0.1729141398774534,0.18832498911641704,0.11728627112313973,0.1364379995187203,0.10862945958936489,0.0819714631852103,0.0953790558057878
0.18000784500671727,0.20759790664144617,0.18102587519384372,0.18718473296020086,0.11497633370954749,0.13394065466116498,0.10854314079731503,0.08240222265930179,0.09536054904873273
0.18435337935732474,0.22713595032451206,0.17578649130276158,0.1877422843158668,0.11946042069469531,0.1323631922803225,0.10637122653874911,0.08175051414205121,0.09744598093780785
0.18533462057996827,0.2194535605714499,0.1757906591473514,0.18974098811502169,0.12156020912755737,0.13132003863814928,0.10720154181385264,0.08201119041359932,0.09695313102930891
0.18206434527679116,0.22509502920227342,0.18071371349242157,0.19423195241812008,0.11939729711099956,0.13152353411903606,0.10806097609462174,0.08047472731320333,0.09483168698199501
0.17662204235139606,0.23335119962504003,0.1802585794823781,0.19035768435828765,0.1169062688304276,0.13329573094787944,0.1080112437459276,0.07960746149124913,0.09795315771608167
0.18157478143299957,0.22448671893922287,0.17282391563373845,0.1893230877785764,0.12216624446636126,0.13514852492988882,0.10933709483168508,0.07938693861504788,0.09458799014353392
0.1723527556217077,0.2307278802279101,0.17100871253961136,0.1843925709653735,0.11562488860261139,0.1371200030945251,0.1098023103844257,0.07968076125654451,0.09303930505353884
0.16776299574707768,0.2300420626755457,0.17318678692031483,0.18625356790886582,0.12133765985007088,0.1379186012304444,0.11094350803535336,0.07988636757396454,0.0945355245597913
0.17708073023156914,0.22234203599457852,0.17625099284294898,0.18179317370847461,0.11747452687814763,0.13962715819463975,0.11249338335902964,0.07962304300481497,0.09623643820879539
0.1749524102330373,0.2234513595583796,0.17432847955664804,0.18336466478834487,0.11875036998854242,0.14145754085761308,0.11442227581726662,0.08038166023134248,0.09697686932070486
0.17479246418106031,0.22783964891482517,0.170148907322638,0.1866302415251992,0.11932895517245193,0.1427420643391041,0.11353828789528059,0.08105240792903769,0.09809508806893014
0.183400893923806,0.22829389954519877,0.17811361196194697,0.18847992739784075,0.11922684139875725,0.14149322932642713,0.11077541900251194,0.08162572777221001,0.09700690338727279
0.1825274959918824,0.22712900756772963,0.16245940608402412,0.18733882253364328,0.11932090641798483,0.13546174913573472,0.10794808643581184,0.08238818350172786,0.09533591920602558
0.1858358738633639,0.22998515940169287,0.1680027332807775,0.18905890314448076,0.11833063945421005,0.13115147462920818,0.10724133378698845,0.08231594658135542,0.09741597171241942
0.18541350010116944,0.21876411039924756,0.18674060675279033,0.186581528237616,0.12288977717566588,0.13230593012069297,0.10630824840571305,0.08227553632543926,0.09791669566624177
0.18682040347039303,0.22841959292670805,0.17456615186943567,0.19113918911475303,0.12271229460024231,0.12852802098920726,0.10713271784586492,0.08106455208911745,0.09723226562537235
0.18200267023900935,0.22998589547288448,0.18152612725358258,0.19500894934239643,0.12395896312646197,0.1290572173283164,0.1067766195191757,0.08074798730508037,0.09453930046802604
0.17712809133577498,0.23239658418298795,0.17273804112121263,0.19640197495343747,0.12567936026344181,0.13320777836167927,0.10789953747760002,0.07981007561203414,0.0973395128820791
0.17895687044584702,0.23113433346071827,0.17123439365874502,0.19042553736104484,0.12740362397617125,0.13493190150355414,0.1095063619067894,0.0800254720989469,0.09570059419199332
0.18032187866012206,0.23096369027793978,0.17398188671245668,0.1856918897097333,0.1261171348481695,0.136605863852347,0.10910148442781975,0.08018934421765989,0.09088976032585214
0.18070010072566595,0.22405477664175796,0.1797836765549439,0.18278172779025573,0.12396482024321692,0.140352230010232,0.11090082867784307,0.08038556965018365,0.09357103551204558
0.17769308247557436,0.2176350763834815,0.1856344992368399,0.18621787116934788,0.12204807608595801,0.14165466436248686,0.11244373999340176,0.0804025857049664,0.09654816065807367
0.17899835219788515,0.22807730108461385,0.186212862592776,0.18885712867487825,0.12218136050421473,0.1422667429552926,0.1123761975196046,0.08081432325712658,0.09659021071033451
0.18099486457864253,0.22629001990828743,0.18340268416427646,0.18945458076546012,0.12064421238977999,0.14483355283277266,0.11220808660417278,0.08178696706148034,0.09671488492065293
0.1839099750765704,0.23072440328474614,0.18945034670076766,0.18991229340157964,0.1232273855901014,0.14256579017773327,0.10876589518259779,0.08213630038394694,0.09607472100077755
0.18615668428574608,0.2273274945385409,0.18693472546686488,0.1873846895786368,0.12467475941915103,0.1391520257244875,0.10823278497218747,0.08274965977814247,0.0963516168141933
0.18553453933189973,0.22016224846796176,0.18850869784757338,0.17982846687817183,0.1252514576867876,0.1353498925050432,0.10792693076214208,0.08303207598338211,0.09691846621931528
0.18980474861648394,0.23313031362114783,0.18986369627965355,0.19073922761747883,0.12614781902700042,0.13416252518026195,0.10603584400371434,0.08317010981337199,0.09767002168614528
0.17754445327056045,0.23575596603282553,0.19005906610242454,0.1946233230557628,0.12549900872364894,0.1330622395657768,0.10587457558508417,0.08280420575720597,0.09586432860512173
0.17410453169710874,0.21845275346624352,0.18166686152415176,0.18562993041147943,0.1289614331574878,0.1349126023689025,0.10576035764680618,0.08180673125539907,0.09750848811070728
0.17609846636628376,0.23035244111264191,0.17790378678806257,0.178190309773445,0.13084789664852234,0.13756153901595228,0.10708387046198084,0.08127425554003327,0.09458045080224026
0.17544057838099872,0.2316469631213942,0.1832181000448588,0.18132309422557316,0.13062060509395157,0.13966842251661696,0.10817346168322084,0.08031140470989398,0.08592737800970045
0.16922901103600202,0.2008006970350257,0.18701135315088466,0.18582950113585134,0.12844140809244142,0.1415413261063068,0.10886489207342578,0.08066456363463445,0.08391298732343963
0.17852742277212552,0.21622943691397217,0.18842883167887042,0.18752811408662493,0.12529129122851765,0.14206071086879582,0.11017070593422806,0.08072371916245431,0.08769036525799377
0.17054923765731872,0.21646202220606928,0.1915620303036714,0.18849975777285272,0.12412653259660365,0.14555627786829411,0.11270494758873342,0.08124356100476607,0.09295866620249764
0.17580169017595088,0.2264764136983273,0.18611847976130652,0.19035124450711732,0.1252494324124788,0.14792855617139272,0.11545838393612741,0.08133657862556144,0.09492640168904494
0.17958833065585236,0.23100153715585756,0.1914343175098625,0.1889908024567995,0.12556260401585725,0.14782054037698136,0.11366364158539193,0.0820424688016782,0.0953615395167569
0.17496025511752483,0.22499849076413328,0.19106805988145645,0.18461248026866434,0.12719908310902428,0.14252081259207378,0.11048960658805292,0.08250374875022577,0.09498532327782434
0.18032092470981265,0.22173502895980257,0.1953631509956171,0.1801801608100655,0.1285627829711758,0.13958495077844224,0.1080367255757372,0.08336172352526561,0.09516034822772677
0.18690012333024403,0.22578932940679605,0.20215546474481735,0.1878759338525878,0.1292559890201785,0.13742086726359248,0.1073512817359817,0.08414651340448581,0.09348157532123919
0.18858977935876814,0.23470554539440264,0.19381004450968886,0.18776361448345744,0.13234590239582136,0.13681461760580224,0.1067661522594739,0.0837343087007597,0.09472428191664785
0.1823576569826352,0.2282371912880733,0.1902158995344112,0.1927007783284408,0.132469335739478,0.13703613651867558,0.10764427717001714,0.08318723142200715,0.09601062334001417
0.17631269927386925,0.23874251764149157,0.1806470192265672,0.18934525047786382,0.13432432811917017,0.13805487146736575,0.10736710518449094,0.08293213358176238,0.09637980939788675
0.1753100253838252,0.22702296420598278,0.18664967786807174,0.18404841571391797,0.13631997082555639,0.14075240837847797,0.10776032233609657,0.08242363445387033,0.09596052158499252
0.17479972702923435,0.21815224844371164,0.1872568881564204,0.1807193579959855,0.13526052787754506,0.14302285126439923,0.10976997091430175,0.08242380069394824,0.09552342858941466
0.17611644390712128,0.2269498909850644,0.1932849892510356,0.18331958732143933,0.13455010108873855,0.1451113335853266,0.10940368218359996,0.0823490541937865,0.09458541083009694
0.1789283136988995,0.223571523764412,0.1922759574821623,0.18371369251150224,0.13037960572172716,0.1452791099021647,0.10923395198201814,0.08245198935910654,0.09312054564355507
0.17368076009680988,0.22948822093272114,0.19223664916082653,0.18281392450921374,0.12759742936399485,0.14838108621438872,0.11330334452115368,0.08228104973074384,0.094528067396459
0.18389308751690162,0.23061872928244753,0.1919164506712418,0.18315777422025872,0.13007707818911407,0.15241400687541176,0.11332850469780134,0.08314893129153056,0.09450257069194708
0.1873972950807245,0.22708111140864953,0.19390670914058034,0.1813280230707291,0.13003306347919089,0.1521035498492168,0.11433764681211175,0.08289566260143212,0.09572007528411265
0.1880797263070673,0.2260329482862201,0.1962147364511215,0.1815375250144619,0.1326319680685697,0.15080833110683933,0.11113510371207636,0.0840453417468498,0.09527008668608232
0.18509578884442807,0.23050797343651697,0.1948370858808416,0.18390639909825507,0.13408165681958792,0.14280506733111537,0.10956748661842053,0.08417291348867005,0.09332067848569253
0.18250503618496997,0.23167810774498912,0.19172779389238379,0.1843155812615711,0.13433091195427802,0.13925847099730157,0.10787331371809322,0.08480728261330456,0.09285192094161565
0.1805790667458719,0.2314110194329831,0.18612166114806666,0.18751960091594796,0.1362072726211028,0.13825080014395946,0.1071632596548463,0.0843135475415662,0.09346395786902637
0.1785867406221681,0.2341555921063239,0.1761796770798394,0.18271950040276505,0.13727865500246678,0.13868925621597233,0.10809937265254226,0.0843147927496754,0.09417552387472906
0.1775356374136112,0.23042150145984006,0.17696632012819716,0.1768893769857085,0.13918912496075722,0.14018344975126404,0.10665301329237349,0.08261454687455735,0.09514245324971389
0.17712688722332917,0.22347687805229108,0.1827692607397562,0.17226285068825864,0.14218692336909824,0.1428809902130565,0.10633681741886546,0.08193864313128253,0.09692954945690108
0.18019679260703267,0.2184207469920283,0.17641931183316298,0.1673767757052134,0.13604776950955716,0.14449281050989304,0.11025122046753197,0.0787252148232598,0.09679782859961808
0.17705454451313943,0.2275727586555179,0.17448398294364303,0.1766611369121055,0.13377197616972536,0.147091402250066,0.11155418469553184,0.0799901059518962,0.09611372356420489
0.16926345080805383,0.2274667363295088,0.16672623749581975,0.17566653543371866,0.13222723225721805,0.14801502485778684,0.11189373389609579,0.08103876677285676,0.0957054409956404
0.17474633161120148,0.2192567637837283,0.1817604792889633,0.17323639060421725,0.13407087106474191,0.15159441096818735,0.11397575963025462,0.07942469454472169,0.09634154684653307
0.18291217450186675,0.23131111533015197,0.1817386862633401,0.17019178301874258,0.13576720256373384,0.15298741627327492,0.11577020937455686,0.08054454763853328,0.09204270331056344
0.17376982334867613,0.23019928975793835,0.19000040324247913,0.17629843953917856,0.13668231961140306,0.15347541432895767,0.11366056609022197,0.08360968684867026,0.09418255659679205
0.17783509128819236,0.21892373361609133,0.1809717417421486,0.18018252463641476,0.13741834706549552,0.14990441170999505,0.11272004913892052,0.08373226818135784,0.09391656793004634
0.1738489070525868,0.2217417699229235,0.1839868617385529,0.17940809129449944,0.13863384969488654,0.14308787433774872,0.11062840783558453,0.0828238992765266,0.0931187941333016
0.17270173786987067,0.23182095317043228,0.1812925664067408,0.1827874506903548,0.13743775160979765,0.139213340247503,0.10950334555241929,0.08232159350644307,0.09228412277283198
0.17707661039357597,0.19871769001266062,0.17978108115171784,0.17717079914112271,0.13800886841318288,0.13964784527173632,0.10845227564953124,0.08271902701319839,0.09286890820096559
0.1778982779035079,0.20029821525286473,0.18025327960064189,0.17326761237537283,0.1361460051711701,0.13923861446453098,0.10735223415252003,0.08352600422646875,0.09365430967372967
0.17867097207376798,0.21536866111141315,0.17736961217801867,0.17597561019613422,0.14534971038970299,0.13984781871652177,0.10776117655358586,0.08360312974948785,0.09612780411149403
0.1785306268544097,0.20980365181976657,0.18188440216076535,0.17516782756652355,0.1443066305730864,0.142876161882527,0.10918448409275248,0.08314617256330235,0.09686163129933685
0.1794509441821566,0.2149836176873586,0.1853845081719431,0.17396435981257555,0.14402677828655572,0.14508095216647574,0.10997761323405762,0.08233897285172434,0.0974313790367456
0.18245328793847268,0.22489453742358853,0.1757315120437799,0.17407922641445475,0.1391002042767669,0.1467244974015903,0.11227030949117499,0.08177602656587425,0.09474572451896102
0.18425697805022292,0.23070867095941314,0.18472963799753092,0.17377391649752677,0.13571469270643452,0.1466396641299689,0.11516162146655168,0.08126476904588456,0.09544002476062785
0.18469946111260171,0.21728749901258007,0.17667672327614017,0.17602035404164998,0.13545438327521306,0.1512645500305111,0.11532205656488752,0.08093589217628362,0.09666226928802905
0.18608022378560335,0.23272893814163503,0.18828953107310847,0.1736041482185174,0.13742591358419576,0.15115864188509057,0.11568030881734316,0.08179578345476035,0.0977338800617066
0.17930303246773943,0.22427630529742754,0.18552895527743035,0.17472469872105692,0.1385451055515897,0.15379492970289377,0.11222256667154268,0.08215591962701237,0.09877650749651508
0.17856594045045945,0.22072116532542368,0.18963554114516074,0.1797504564076311,0.13926849685017031,0.14637804060235618,0.11046756569683545,0.08232969992169556,0.09640930502084162
0.17540474585168883,0.23831194445906093,0.1795561206947354,0.17972197393362094,0.1409383623948141,0.14162573358835526,0.10776109368466369,0.08394940192805833,0.09440003282397584
0.17604903758145202,0.22716376748604947,0.17399555408244297,0.1794463816688588,0.1382669583373803,0.13882812420711385,0.10545358586835588,0.0839718814091042,0.09334417117717143
0.17727731991278897,0.22055510531633746,0.18206975119767665,0.17612884458973263,0.14231834894673107,0.13835733460866276,0.1068933720392828,0.08340151264898994,0.09356385550218475
0.1765080341492637,0.22486016683336463,0.18142871567037525,0.17364810999638688,0.14295732025812702,0.1382498606967161,0.10676808807932044,0.08311716550989028,0.09506368994024303
0.1788650324320266,0.22216836926953223,0.18479926527807686,0.17162528806814584,0.1452879542955255,0.14031985380689213,0.10863143020710017,0.08228513965346088,0.09698199153607713
0.17912190232646064,0.2279422724702968,0.1841863245322253,0.17401326284589455,0.14220917409735626,0.14184468883749737,0.10916228631439127,0.08125255006962859,0.09741053659914209
0.18245149540790076,0.231602930890674,0.17972625012928053,0.1742919862931931,0.14008045007465597,0.14454264781307227,0.1094784038400878,0.08105641053393293,0.09872726744277846
0.18312270794404337,0.23292866646925806,0.18147641652662627,0.1733507009501235,0.13668770470673816,0.14550377574994952,0.1112168952282322,0.08059190077308244,0.09788778066674915
0.18392660258319876,0.2241401677971754,0.18769647640140544,0.175977734176633,0.13334079796326304,0.14789259570129246,0.11162495979122791,0.07987695018827157,0.09699861968163587
0.18626021473533833,0.23171952609818572,0.18698410131539217,0.16701219267615114,0.13492598418030854,0.14886048828764606,0.11452050200780489,0.08026699575268599,0.09625809844063427
0.1780893720764327,0.2345100069323574,0.1919766926302811,0.17646925454340837,0.13662487158148837,0.15190383546022276,0.1143086959143554,0.07951232784751866,0.09823633295799633
0.16993464423820037,0.2366367615764364,0.18590323394575253,0.1755436943042372,0.13714062955928688,0.15123174145233903,0.11388844479061586,0.07983017705180664,0.10071888510955498
0.1719944865996118,0.23258602957240443,0.18296262544513234,0.1750941038481584,0.1361577879627538,0.14778008021180372,0.11212227467673007,0.08086212556113129,0.09876740073827968
0.17323730089889447,0.23233344515785,0.18189959455091895,0.176745345392144,0.1391283769693136,0.1430013182273493,0.11125710246012316,0.08113288916984057,0.09710567245838678
0.1692894238681739,0.21658493172657392,0.18408425422990457,0.17526183582801289,0.13628196732503545,0.1380254699214533,0.10997654525511617,0.08242491523119339,0.09573411484546993
0.1750448461040624,0.20905753632545307,0.18366554657033207,0.1660114384640905,0.14114752692095703,0.13718982038954555,0.10860379575345937,0.08275194342572519,0.09504110385431139
0.17683156932517083,0.22335143106019908,0.1831113525915842,0.16669444900165317,0.14099312492197172,0.1375182553787667,0.10700077014251136,0.08291577484383789,0.09676393601626647
0.17876837646566765,0.2201137327060464,0.18607903327059497,0.16678032560025893,0.1405010243941917,0.13968982777772943,0.10890063801373068,0.08258747880669005,0.0981407529006013
0.17992352263438122,0.22725134622595455,0.18574850439282312,0.16743481307478322,0.13620738752857084,0.14023502845237826,0.1093715948196111,0.08114373439835286,0.09902977568947213
0.18321209444059028,0.22644499442594587,0.18881312598992017,0.17119001937125697,0.1378975355932807,0.1423582173217329,0.11016703683926661,0.08005411195213483,0.09915057859216397
0.1861373185710659,0.2215374642345947,0.1784173738901897,0.1713694604301147,0.130487065514315,0.14388700479970545,0.11096236150522679,0.08004524949015186,0.09891229430880678
0.1814503181300513,0.2216734976811117,0.19018200509645633,0.16882097390896028,0.13263476212539518,0.14656890784557544,0.10926707825620051,0.08011901812289045,0.09524667628303683
0.17638193145802455,0.2336524235846978,0.1899981575959193,0.17472626276611097,0.13030097708069166,0.14825200091734367,0.11261317886368348,0.08032886173116008,0.09638198184640545
0.17661394143497902,0.2175652966427629,0.17719280414876298,0.17656054879979546,0.13539981222242506,0.147862541100934,0.11494928338700824,0.08023152742934538,0.09871768126382491
0.1756898356775499,0.22695729286861896,0.1607638271744575,0.17829943373355087,0.13644297638758754,0.1448055681744676,0.11619914910942533,0.08111872796584424,0.09919289358197052
0.1763698961710041,0.22048742437557048,0.16968418790475384,0.18008840498439285,0.13749739076353162,0.14280181538219736,0.11334973000228586,0.08087803184432124,0.09943339173026144
0.17684889198058434,0.219744573987055,0.17765997361572866,0.17798464468861674,0.13724462899182033,0.1397166607049932,0.11054295947488374,0.08196410858425301,0.09883853299904673
0.17582007820382345,0.2193755571482235,0.1728994127244246,0.17374642146172717,0.13308841365532081,0.1350253887279987,0.10957338063384811,0.08225768963366231,0.09709745814727966
0.17640131131777784,0.22211754415923,0.18872916950013408,0.1701945849282181,0.14153960198688503,0.1340830253104885,0.1070243239018708,0.0829484711822215,0.0969914279004042
0.17942068955345297,0.22942150816645926,0.18640388739578992,0.1705230852747565,0.14210824624202262,0.13224243194558855,0.10738193490537101,0.08279320056608791,0.0977177455497935
0.18206258559615018,0.2308292246499376,0.1863008365864116,0.1724503370675039,0.14050999803892733,0.13236228855727386,0.10675376967080019,0.08197217851478908,0.09766067448203772
0.18471852278225312,0.22888884399246542,0.18643764103977062,0.1746749022600168,0.13948189262438368,0.1369694349319388,0.10753853223974152,0.08097306342411165,0.09516783215593128
0.18413743203228353,0.22937462899106162,0.18835626186012858,0.1746744960118468,0.13513737884793647,0.1384555056098553,0.1091649559422205,0.0803446717656707,0.09776555623902113
0.18127908731184642,0.22766367523389208,0.19063505385441196,0.17594284150926023,0.13271535167495152,0.14060797559179292,0.11135028485776835,0.07999206432038454,0.09754035952228114
0.17730461774859302,0.2361884945970046,0.19770317274632898,0.1765903751847238,0.13562200817533898,0.1430596235965036,0.11094553918795068,0.080492684761805,0.09304052167906764
0.17597652778902811,0.22345077596635352,0.1967255576709549,0.1766705214985839,0.13546129856599534,0.14371529629384985,0.11301092170366282,0.08033086756212128,0.09324059478696695
0.17753744532484433,0.2356051674542692,0.19414929350453236,0.1800132656539505,0.1360007776028837,0.14488003694022478,0.1151085144865076,0.07983230392308262,0.09580511937851219
0.17164354371854507,0.22304504468560016,0.18835917928897805,0.1828754117494379,0.13803324156071453,0.14516345049942936,0.11674113387505324,0.08052655853277135,0.09689239326717441
0.17122600844279595,0.21968733926886638,0.19230906163088457,0.1795758766172675,0.13974962743794214,0.14157968864396925,0.11423957698920079,0.08121941980918804,0.09689675744401628
0.17409842671604112,0.2196016279707052,0.19113476582493416,0.17605381636636389,0.13990480602820177,0.13655122433454686,0.11044200473478785,0.08138155954150783,0.09721643596137154
0.16651185431866475,0.22532642608754655,0.18936824118500753,0.17437525105472362,0.14208056691702836,0.13331900773728045,0.10893918703943771,0.08205053673402325,0.09667461848757426
0.17522006214244887,0.2308691137333406,0.19356324130271102,0.17446732733904485,0.1412167499908169,0.13205830464490662,0.10897380356716879,0.08224595249089371,0.09648877647635644
0.17371548222790925,0.22949244500880217,0.18854315810846864,0.17629939626327357,0.14459203694173678,0.1315633698161843,0.10789258581391505,0.0829247896644684,0.09045963060083681
0.17906151322481614,0.22133248950287215,0.19371774199564934,0.17479797471145678,0.1380996869667078,0.13238006509918054,0.10903028624677098,0.08236396030911355,0.09099337914941455
0.1846030318823222,0.22411239588457696,0.19632590272280456,0.1705198132889755,0.13653043128675682,0.1343849895742288,0.1096019367686969,0.08193669857403572,0.09100889098735998
0.17543349886076032,0.23172036499345242,0.1970669024756194,0.17760323837119069,0.13464467931156787,0.13506116905434096,0.11110410126458865,0.08091065695459125,0.08417487290961588
0.17390753269560702,0.23184610895364913,0.1958754784371021,0.1725084300391428,0.12962554217137714,0.1346405362546589,0.11206242839688703,0.08033415463537572,0.08816816688431374
0.1734401998519199,0.23175283108019493,0.1982698996239678,0.17757959527640882,0.1305042122853425,0.13706475756935604,0.11202391992736462,0.0803638975215915,0.09201035007146369
0.1760157491667301,0.23275191104439844,0.18872487275987374,0.17953704620793345,0.13165614992043162,0.14020824229847456,0.113180325360143,0.08037358692160212,0.09418022575094533
0.17483509542076442,0.22702075190334328,0.19079743643196034,0.18494726782032037,0.13591596344454052,0.14059948431993363,0.11546419261950273,0.08027167300492406,0.09576725349221325
0.17164434159141284,0.22778643534206283,0.19171669006368128,0.18601828095032602,0.13514764289902903,0.14111218062977635,0.11777663992745169,0.08085803384634797,0.0942667665736784
0.17803439563470239,0.22703019750843303,0.1909915776649301,0.1813130619167238,0.1365924577820212,0.13709894658166097,0.11603133958868045,0.08144157774975473,0.09571895873584695
0.1758764523560506,0.22853615230520444,0.18975186157325455,0.178201767438131,0.13728611288464854,0.13230020132158465,0.11174315864292107,0.08177776336602302,0.09589920020955112
0.18019974980133702,0.22118747869640448,0.1905686665908235,0.17583744762403583,0.13729289250433124,0.129530971899079,0.11043146442530032,0.08273512912718817,0.09364907663784969
0.17911634690874229,0.21848195747563567,0.18367247212667734,0.1780423847144898,0.13960016585510265,0.1284228254758545,0.1102858601332846,0.08363072834734638,0.09368950402476862
0.18055485933018595,0.2231309766495318,0.1879412137627596,0.1785295397982368,0.14103694589684782,0.12975909624106635,0.1100936895322119,0.08309859887107861,0.09377475005512673
0.1844755268222947,0.22823993950465324,0.19472073297975515,0.1744693172488529,0.1394193970500562,0.13074573447401605,0.10935315607328282,0.08287114245263405,0.09341569899283925
0.1755945181678176,0.2088759991728963,0.19137246866543892,0.18164577832196768,0.1351785283580614,0.1324944046146399,0.10876506063987931,0.08312482751235917,0.09598984166160299
0.1731885019354261,0.23093601878813008,0.19700607705770684,0.17960226970113594,0.13240393894565378,0.13432663505728276,0.11000700874111397,0.08236635889858025,0.09635539583770714
0.17415353217374172,0.2196824934747237,0.19766972272536235,0.180931118282006,0.1303106076308664,0.1359078236904467,0.11278646157354892,0.08194017447185768,0.09628775566774117
0.1775869604897451,0.22937077465196537,0.19070188099524157,0.1819211677835831,0.13063162229560277,0.1377732124864957,0.11382193483213875,0.08214564490595687,0.09458978840229501
0.17758885516447678,0.2285656376551772,0.18475725360023124,0.18793070880144636,0.13335322780763306,0.13903418392375572,0.11522760463860696,0.08184186413428146,0.09395331383541192
0.18042750271428723,0.22011155789296094,0.18064259206953825,0.18843992769769768,0.13488735743359942,0.14055731580305658,0.11733337995935168,0.08191417861651236,0.09445795583256528
0.18025020683181994,0.2214482076786407,0.1900483515448011,0.18266275036484295,0.13503158977265867,0.1401575210769678,0.11844782987081785,0.08239116547193417,0.09689894253368221
0.1825472394790162,0.23024450339831373,0.18970362220051984,0.17957872987157286,0.1360386561485105,0.1355265401860541,0.11536491027327084,0.08259101119522023,0.09749311347783232
0.17858465331074763,0.22735309769907844,0.1714260886548136,0.17394767388397916,0.13463106672544498,0.1307960775572347,0.11371575640559159,0.0828414881229343,0.09633154416232392
0.1842024585228163,0.2303273088130793,0.1790384681027553,0.1794802351150825,0.13714802969524456,0.12889986329951592,0.11220232440937876,0.08402711705773015,0.09388988120544355
0.18332878087643573,0.21622591609974187,0.1804358817971311,0.18106817752676632,0.13837888124076203,0.12878379878847981,0.11249377420198277,0.0840677272287451,0.09165995026513223
0.17221942656921405,0.23082936248060903,0.19163670404521518,0.1779687449420117,0.13903945989748362,0.12924524780997515,0.11211409319089109,0.08406512343993215,0.09254522436989163
0.17585006859333732,0.23271880057123986,0.19019880638012834,0.17498564160114638,0.13530461597849536,0.13037027370747623,0.11193126081129925,0.0825263378805923,0.0932650633689286
0.17653021435572427,0.23251970904747868,0.1950472004159305,0.18398745133740183,0.1316371946714202,0.1321421929324373,0.11060780723855085,0.08314420408591822,0.09490603751310948
0.1708755196720095,0.23717893098755902,0.18861074332652633,0.17644469269021384,0.1292030513774272,0.13458356345197783,0.1128506566436824,0.08098567228117132,0.0965529743124217
0.1763402195954889,0.2215068346971022,0.18678156644456367,0.18240829394939007,0.13083403470538207,0.13588252129756567,0.11476320109332326,0.077138405537945,0.0966784347586078
0.18088591821390013,0.21825144021650397,0.1858574409311056,0.18499329140132412,0.13051780246044714,0.13810482865090146,0.11391840763091399,0.08031675005810544,0.09785474003521281
0.18013932266263988,0.21863964205711972,0.1883567498230369,0.17515701202157732,0.13170273020782286,0.14050963847957956,0.11570680255615573,0.07911580158479387,0.09478624444761623
0.17976530354908885,0.22903148537479312,0.1878400110938217,0.18787845849062287,0.13267325603565047,0.14161710876907224,0.11841590328688802,0.07827397852537041,0.08936590257110877
0.1844204342299012,0.22336734496689334,0.18651003222582488,0.18181225892750666,0.1324394941179021,0.14149157118388572,0.1192202511750039,0.08145452935887627,0.09384235341165982
0.18454051729137497,0.22254162948289255,0.1896642427821971,0.18319404845968323,0.13504514111346946,0.1362200200534086,0.1172732304600948,0.08398517923415269,0.0970785978864707
0.18656987088441718,0.22573511767908136,0.17861403911588591,0.18451400051676095,0.13478278166288005,0.13257677546142954,0.1153140711329007,0.08221170081024692,0.09698105796350241
0.1879758080671876,0.22962002684534533,0.18522165572842486,0.16808106438156087,0.13670144160507403,0.1308023771348102,0.11237186382237105,0.08164067171579711,0.0959347577329908
0.18585908329422304,0.22349664416347245,0.1895758532319657,0.17548071740547166,0.13902812139199616,0.1300409258792542,0.11039433883098314,0.08190696284545021,0.09387271442382432
0.18197535923062888,0.22182305935592245,0.19235323574689367,0.1742210051861791,0.1359075591405984,0.13218338797549684,0.10680519723774466,0.08322153404626431,0.09308033638910934
0.17740944902080358,0.23551847282034288,0.19638551169781476,0.18584731859398462,0.13332851263802695,0.13347714330696603,0.10846162319659577,0.08488339741552306,0.09444927195707675
0.17985297710558218,0.22942200011947952,0.1921663259371823,0.1854119187125153,0.13134329005902898,0.13641073092387332,0.1098446234559453,0.0853555218338037,0.09576543189816328
0.1791030511609117,0.23303589558095306,0.18933516992575145,0.18836507827072418,0.12857764309095637,0.1377341075604358,0.11096085318312668,0.08667612937746809,0.09621060558187768
0.18159825492684895,0.22655260755825884,0.18569143001156901,0.19376857459992597,0.12846287268756473,0.14102066916056727,0.11308526412539223,0.0873112746643744,0.09613815355744726
0.18158397917907015,0.2190378693016304,0.1886262918999865,0.1960783199425827,0.13069064069995273,0.14272043964344663,0.11419685179899892,0.08709090627346149,0.09620601947492892
0.17737936839499333,0.22509489911831795,0.18496460267427928,0.19144482108704644,0.13084879853678297,0.14536965492118126,0.11616268759779419,0.08736795680252622,0.09634650433007982
0.1845631540570652,0.21983968167348558,0.18420534857529822,0.18771632390314166,0.13152034138744648,0.14690001800864422,0.11525754948286612,0.08806830053958027,0.09562111919685705
0.18681121036987663,0.21453772220995398,0.1855223372159253,0.18585114393026073,0.13008777756954323,0.1481700016824691,0.11481404740694125,0.08854948694491306,0.09769020088875335
0.18721937231587468,0.2195243041398964,0.1749806903021397,0.18142574207810844,0.13297275345860082,0.143242089817781,0.11305508568777473,0.08904525272296719,0.09810125484381635
0.1894619360133976,0.20406969215276702,0.1928013923968411,0.1802489187555449,0.1357978154859862,0.13745523550098773,0.1122482878975444,0.09055717867753726,0.09768883890433368
0.18393476812542006,0.2216956401149079,0.19532908492426002,0.18387074878246382,0.13605473085416972,0.13591933903890732,0.10936325116152606,0.09104221334647633,0.09665145119241354
0.17884388651536967,0.212242079405814,0.18891370825355588,0.18583138363577154,0.1370600852124457,0.13772540880318399,0.10801488105820929,0.09072174411295426,0.09511722854605847
0.17999256636992042,0.22016598595366432,0.18900723970394603,0.18744627007048664,0.1343537359084431,0.1387656319276854,0.10943096722288537,0.08777979151356337,0.09433438901220784
0.17064200049633108,0.23036129019208604,0.18952769326393226,0.186772090487639,0.13017813128466987,0.14120826031852776,0.11087490451416268,0.08535734695689999,0.09496771445141561
0.17551933777276954,0.21477751215430116,0.18560400627211368,0.1898933383887583,0.1305865518160608,0.1438117487534167,0.1117242481113751,0.08462166527235726,0.09689783825500672
0.17059124020290356,0.22434869869826912,0.18231502834685562,0.19100559677028625,0.12913678052216485,0.14722810860447944,0.10960408852479396,0.08341250739042393,0.09808239869972493
0.17575872193513198,0.2236359562850655,0.18724554727132164,0.19747066786490344,0.12944560192491095,0.15042379022290303,0.11224985040673846,0.08255922882126061,0.0960252815985652
0.17482691705769912,0.2245131774662377,0.1876030625250983,0.1927314919733065,0.13048257320695306,0.15232635491701535,0.11360036283250079,0.08232631165271447,0.09728279688541273
0.1746242030250723,0.22363280533370583,0.18813501022880424,0.1868759294248301,0.13131633034123755,0.15504076588264565,0.11596427157689612,0.08220876161034646,0.09668091621234821
0.18354094806931198,0.2214118415852272,0.19171760347971517,0.18290347055003692,0.13162736064557334,0.15687006178373655,0.11593554196259653,0.08064984298639855,0.09431684114995621
0.18298051111556513,0.22893179963371518,0.18519525680897758,0.18062006328635194,0.13299521270639122,0.15646066188691785,0.1171797117915742,0.0820906390433814,0.09577625482389798
0.18619260783190658,0.22087169262557377,0.18524066069245176,0.1834004663692034,0.1309118552256102,0.15216903340262702,0.11453799282076102,0.08298651520354491,0.09671855724833744
0.18206700137595985,0.2273074284129434,0.17817988509465194,0.18727659787586864,0.13593282481717683,0.145119114771943,0.11337046978726473,0.08277376766452374,0.0989423072246762
0.1795439286556989,0.2317632559167599,0.19038366305160856,0.1885729378587108,0.13775164137408827,0.14294966453732716,0.11204329162156329,0.08375761283271886,0.09870489870351844
0.1796235250891791,0.23293329799688064,0.1969403974196581,0.18551656251040605,0.13650994363475874,0.1421384298547099,0.11256929529306461,0.08459491617820146,0.09674375151370901
0.1773999418590304,0.22998778884457896,0.17419554237402612,0.1862023306594742,0.1307118406606324,0.14174587167703945,0.10918813981345835,0.08493954711568508,0.09553816882210367
0.1796588856498756,0.2266827847778548,0.18512692326596283,0.18366205249931844,0.1275402164574544,0.1436275306660141,0.1097535237825283,0.08483162755882316,0.09600916609620598
0.18156086235523053,0.2197789605613987,0.17256872537672527,0.1878046787307467,0.12200903776084483,0.14589507114712605,0.10997589438268199,0.08378058741759578,0.09779753333251118
0.17804315536419782,0.22332908604197563,0.18669313131807597,0.19553381580841248,0.12905633907930494,0.14842058654461057,0.11099907239357225,0.08254141224292647,0.09705038694187505
0.1810834960334133,0.22495018997252386,0.1863130335986711,0.19446766507065116,0.11961900944616885,0.14873026361117803,0.1113435103583325,0.08232422398559486,0.09440074169281462
0.1835086535025097,0.22264760000360684,0.184487348716795,0.18912949928831863,0.12274379296638895,0.15177048090059875,0.11141227283257364,0.08262786347198951,0.09712058145754587
0.1852674707870454,0.2246373587689151,0.18973492021852859,0.18660216033471544,0.13235357250471824,0.1545828599114878,0.11129553894840044,0.08233697011824273,0.09382215986796562
0.18660784082192822,0.22095885034755797,0.19360695877618758,0.18415242455363,0.13318550159380046,0.1569346885136318,0.11550302196903213,0.08281398458874865,0.09316374852703033
0.18709151974711888,0.22521804229257933,0.18847821393252667,0.18601145073006714,0.13598407526304263,0.1555611478161183,0.11836855520523425,0.08286820601873734,0.09511186214898104
0.18080619679862095,0.22642448523961792,0.18809631304687785,0.18361190948052367,0.13645194856316378,0.15057909255748506,0.11741690979597466,0.08387947821951261,0.09618424679790119
0.17582574526436573,0.2301039394593852,0.18058374054795015,0.18344588256700464,0.1338062149914145,0.1448287103115514,0.11480022667697891,0.08405303483503225,0.09685936970323682
0.17789935295847042,0.23052363891497746,0.17887343453548255,0.18663342450813616,0.13790016493201857,0.14038642630201167,0.11293858739220808,0.08466763874683221,0.09634399549675633
0.17905999003957193,0.22828672101780434,0.19617074120279526,0.18385235295867366,0.13890491464351526,0.1402190889592064,0.11141992147116853,0.08466699790468987,0.09755167734608407
0.17235471417374953,0.22653652717532038,0.19008642867925998,0.18751774409275127,0.1368485334684991,0.13938477452709555,0.11021785199549824,0.08495285089855696,0.09598982496363717
0.17963036776010277,0.22070668813459066,0.18791784151204377,0.1879286619940853,0.1337745030206599,0.13860282204353594,0.11033130777314969,0.08359018501805593,0.09678151539059494
0.17484160585055036,0.21829541690143403,0.1893030879006438,0.19433849184148722,0.13198845278274937,0.1439731173229972,0.109972435059635,0.08281258752205571,0.09760033333940069
0.17259712140056277,0.21899344648860342,0.18850797921082918,0.19187402043670762,0.13376637259465815,0.14736878099600262,0.11049415862979202,0.08216498820068309,0.09534834780581228
0.1790017452828567,0.22670085645775853,0.17933134180031374,0.19313331219613097,0.13270144685426016,0.1494270077972054,0.11304641209956102,0.08147742792466263,0.09426945073128154
0.17426501287324864,0.2171019043654861,0.18558947743781293,0.1868327456512762,0.13471629393060605,0.15114915966123094,0.11394272902150414,0.08115340996971168,0.0965536175417077
0.17484519818518568,0.21004973952261727,0.1839113518818913,0.18565282486851856,0.13574749357321347,0.15342786787345902,0.11537373593116276,0.0816618936216972,0.09450400819907398
0.17713661401465375,0.20997199012486945,0.1905270183069936,0.1843748613697726,0.13627851817762318,0.1553493408995014,0.11649751791039412,0.08128021359480318,0.09230029198728469
0.1739015899764258,0.22065285244421248,0.19306499273906833,0.1830424306467471,0.13850728613485938,0.15242421305636705,0.11916741439246505,0.08176975504196077,0.09368003054346102
0.17221655391869484,0.22730205037680218,0.18864492239636407,0.1854877092601082,0.14068205710294832,0.1468426827175294,0.11702037555165092,0.08212066656245874,0.0956082725895694
0.18001063320401609,0.22936653129804915,0.19470477853550644,0.18815820927684626,0.1431028065167737,0.14467540651402525,0.11469863424431948,0.0829970078446328,0.09578177557244297
0.177559430346925,0.22873383750445297,0.18903917781331536,0.18031098020972045,0.14419106134043394,0.14171997215952434,0.11227973036557624,0.08342655788857123,0.09543754425648122
0.1741382987601672,0.2191075936367197,0.18546803193402325,0.18451182203840333,0.1418089434073833,0.13848530312396126,0.11117868273539025,0.083695470733171,0.09562227795827206
0.1806206391587763,0.21428636426817224,0.18560316425050666,0.18732862102995715,0.13774986478119622,0.1386919922102176,0.11077220336196661,0.08405546492961982,0.09594574827294014
0.17907122565547737,0.22284550289040975,0.1880924698404176,0.1911138401843219,0.1354694000408156,0.14103591425976847,0.11040136206320961,0.0839689899695642,0.09503636679628501
0.1832903623031017,0.22439605152134104,0.18262605546259492,0.19439808950040854,0.13664384496915494,0.1442920059630739,0.11136353569929622,0.0834795741116412,0.0900670106802825
0.1837714629514692,0.22506441346804776,0.18685505086859866,0.19014676540856135,0.13480668523700146,0.14594748680805528,0.1106923437841104,0.08285658110837028,0.09679756777446831
0.18408535691710567,0.22445560637864154,0.18714897581987677,0.18633752387407718,0.13786514040371112,0.1482790546386739,0.11342661628469493,0.08232733767985967,0.08630231135154619
0.18044083728061264,0.2185691814591822,0.1817141102628307,0.18447275502204463,0.13894966065901038,0.15084483910287427,0.11419475506893133,0.08205422309258036,0.085669724910529
0.17621472333116953,0.22959547365010047,0.1902250471782947,0.18206907715239035,0.14037393565762427,0.15152879415674403,0.11259205808713531,0.08218267899443224,0.08888157564230503
0.17310933788895072,0.2307624695872697,0.191797972435258,0.175684291348512,0.140949282966996,0.1523447178493642,0.1171395286778575,0.08259978268573648,0.09359285080503883
0.17370628623293288,0.22866798315196826,0.19137294013957468,0.1802867292341129,0.14081060510090393,0.15080100672545177,0.11878312329210486,0.08259010893613489,0.09441530241599409
0.17296122539310235,0.2284008319634718,0.19393881382657022,0.18041612080062977,0.14294178760786833,0.1447046924376548,0.11961412759682166,0.08358124337059969,0.09517049352102154
0.1717020933180635,0.2302494404021271,0.18613810630826075,0.17025635388174043,0.1465235431767037,0.1381707165708407,0.11708693400610377,0.08409397509323426,0.09531810347000733
0.17976734595617613,0.22239610430042372,0.18588354662964143,0.17934618258279214,0.1469211234423003,0.13590167885884194,0.11406715470358368,0.08496378750554429,0.09704720428027123
0.17801042460904967,0.21778372259680398,0.18419628726280468,0.1792906253725833,0.1438964874639326,0.13602448371676473,0.11243447784732846,0.08579013990442233,0.0956944448150064
0.17822332903110885,0.2245817135353335,0.18261050246263807,0.18284999835351667,0.13880964845648786,0.13746041418476512,0.11188866137348069,0.08521282401508729,0.0941619894489532
0.18218071654759008,0.2228226367434923,0.18431742386848857,0.19155918376459755,0.13590759289578386,0.13793755131321442,0.11216890384277364,0.08563668913562485,0.093435906438689
0.18034747336444656,0.2207249131938749,0.18532336909604674,0.18850517805745354,0.1367329355143049,0.14032294345878868,0.11168657401826884,0.08495253199839295,0.09451038680360653
0.1824837210268746,0.22472667301296648,0.16759366670793047,0.1849365805093011,0.1376178248625562,0.1427644491084196,0.11317371016636077,0.08419298578954129,0.09501491348256859
0.17544087266566882,0.22021442328414995,0.17375657783535878,0.18533642701819703,0.13998186275465307,0.14391662393038843,0.11417370957804605,0.08392466296413946,0.09708682592585624
0.17760919109910656,0.22347047516165947,0.1743467877896826,0.17615161898493759,0.1411027021751643,0.1456604658889845,0.1150192371275353,0.08288027226544134,0.09733828005783521
0.17503379839539793,0.23116627288466396,0.18981573814988575,0.18253311871247188,0.140023007683938,0.14647051288791463,0.11523776434193232,0.08333537940663897,0.0965360675276676
0.1752966088306799,0.23150196946008267,0.19385189850056989,0.182076501675647,0.14291871444065293,0.1490639578867316,0.11806459149577364,0.08347240212605964,0.09503794707753115
0.17052116465735107,0.2338047897452313,0.19337665888836084,0.1788276553340172,0.14164723073680383,0.14648235502680218,0.11995593647822399,0.08383165632369326,0.09364818349069955
0.17104427845592776,0.22430603960483303,0.18615453657585168,0.180927715121784,0.14454026028044245,0.14024586503419664,0.1187667136906663,0.08430993221039274,0.09600906477995551
0.17689615527350377,0.22070117565802785,0.19200801979080198,0.1840415667483831,0.14779104008061908,0.1341262854448349,0.11642435159610459,0.08436287078270088,0.09718730222265606
0.1709271679485445,0.21380239125950032,0.185786840020747,0.18003067382913635,0.14475227535804805,0.1332384186569551,0.11310906701953694,0.08538706153691139,0.09656173280318446
0.17916470419652503,0.22283889462387488,0.18696787696633468,0.18420386927952379,0.14090029072437169,0.13268030194539054,0.1137229019431619,0.08571272860328,0.09552248997924556
0.18205562524292496,0.2203422647921478,0.18440738111365615,0.19049505469845351,0.13847848358134238,0.1333309829673346,0.11310470342261886,0.08537597632731682,0.09394855925788644
0.18554072811908412,0.21392339276035646,0.18958561212086036,0.18548784774682725,0.13562642435705824,0.13515414526023975,0.11318974028345419,0.08319222708665054,0.09281880834231156
0.18611321669110312,0.22108064426719684,0.18686975959571575,0.17757269593647343,0.13521578415019592,0.13655955591645022,0.11314607148667485,0.08440773249170677,0.09299012826609782
0.18329572213831444,0.21709016703987982,0.1873157550294207,0.17415602036873717,0.1376825169537778,0.13776456482816776,0.1113214135867788,0.08123668505494802,0.09365832885557354
0.17980151668122873,0.22601859221759377,0.19234069497819425,0.16727668921761532,0.1401289021687388,0.1389224110503071,0.1143328992458616,0.07760764445149225,0.09471497224331196
0.17797025937591773,0.22603079617245353,0.19282511339506517,0.17809732817880417,0.13971667650050298,0.14048545466714257,0.11602729935215185,0.08188151033831544,0.09668203330640379
0.178231499972011,0.23243135571319998,0.1914185743697136,0.16407663738684464,0.1391394382631367,0.14242827804271202,0.11564086280651092,0.07900223661964123,0.09876099902086015
0.1768061837039165,0.22926505879663073,0.1987193575286106,0.17496332001580178,0.13975013716444412,0.14329177052615652,0.11785090096510292,0.07936645291982294,0.09133599141957867
0.1791020076997189,0.21644743976984432,0.19559940574404097,0.18142230959528116,0.14330948139382452,0.14101877874267976,0.11893931300616821,0.08351445219071686,0.0900643754174733
0.17914303757585795,0.2137835998769429,0.18895647187896542,0.17969336393509422,0.1426350114705594,0.1355510156816387,0.12067751646800386,0.08477132007844049,0.09473084028717381
0.1776829178307468,0.2154171630412553,0.17840484784921695,0.1835141871968823,0.14466231210338623,0.12984381460901595,0.11713457976376608,0.08229359878819313,0.09722878106009215
0.18275813750080078,0.219856640195587,0.1908315492595509,0.18318513898272643,0.14057639461936103,0.1282577818336811,0.11418533578563939,0.08148685286755884,0.09788455582857811
0.18481332205149414,0.22618540375322874,0.18959086745251857,0.1842223178380873,0.13541679344308513,0.12852707487223688,0.1122246102177004,0.08246756753252307,0.09602568381619153
0.1844329810512487,0.21016519071790254,0.19115002540409154,0.1856014093682934,0.13078469798871692,0.1296416715966379,0.11036419558869753,0.0838635798881307,0.09264821923183453
0.18709874274450056,0.22411055589469925,0.18772713784091363,0.1848690911184686,0.13451307210483282,0.13051861927398997,0.11111536048061477,0.08368993246280704,0.09174107094680471
0.1834128039543442,0.21899775423098589,0.18422126218133117,0.18345957602736235,0.13225352156003328,0.1327123562914474,0.11308194251259948,0.08412354156395761,0.09318446234484086
0.1781178712241275,0.21733695902014064,0.1824629441017001,0.18150908792070894,0.13534253990242948,0.13408526365529994,0.11326382149350264,0.08382886822448378,0.09384393910648513
0.17713825629087634,0.23044816460883005,0.1952508964735895,0.18111781637040753,0.13524954664059224,0.13556853345232128,0.11492253474315103,0.08262110036524468,0.09537734173615324
0.1772654519321204,0.22974837914994925,0.1949717042346317,0.1794476668795447,0.1343793035812343,0.1375179828088681,0.11701644445952292,0.0812685207550615,0.09536351570122192
0.1677224661766406,0.23098924247844968,0.20103134846658186,0.18059307735075728,0.13805395796918998,0.13840083242633633,0.1186699628698157,0.0807203029295247,0.09851158729954958
0.1772012373830784,0.22651272324143354,0.1820436200833914,0.18274476938319598,0.13639879570697366,0.13894095308625884,0.11815368993060854,0.08055243605544837,0.09705713607760956
0.17573094070607329,0.217131937467781,0.19241088236491158,0.17980079731474144,0.14065503553718262,0.1375472167501866,0.11907389933722144,0.08054045576587744,0.09609925479633752
0.17748689759317463,0.2103265786963892,0.19169547324310235,0.18353371937850924,0.14107667847763103,0.132704003874109,0.11827983961902096,0.08101849616397229,0.09490681975505477
0.18370242396279265,0.2204449755626393,0.1929795231503786,0.18500717248394483,0.1432719731719192,0.12660242250946774,0.1137876974902986,0.08142082856502532,0.09704324159932566
0.1777623794915646,0.2262783209875647,0.1944202758700725,0.18658772489683484,0.13652572205254676,0.12535797217854744,0.1109049421235184,0.08208800478825484,0.09809198069770932
0.17820305801730746,0.22438945346958056,0.19380616595970218,0.18941375649882988,0.1324987042325867,0.1269386211926933,0.10975896234327671,0.08230672744412883,0.09736304075899807
0.1850049863731031,0.21556690716056506,0.1927395140395552,0.18692622402408118,0.13343594229428335,0.1274845147092053,0.11254705683309235,0.08206943307520856,0.0948417108503197
0.17737314379642732,0.22791026429799147,0.18505279954827927,0.18301425800343,0.13409866989448682,0.12834998693803593,0.11303738319402526,0.08193208450726366,0.09394710735105848
0.17556580485094536,0.2273741745608332,0.19055052462665026,0.1818943628928805,0.13546902547538853,0.12916501912019404,0.1141442926834589,0.08181400995178878,0.0939059748959153
0.1792507875429267,0.23167264177380886,0.20019183296312643,0.1817443013698657,0.13602619193096357,0.13149498372345156,0.1143027120549126,0.08165761632037392,0.09470412386990366
0.17819544907517346,0.2273965030244186,0.1900626193541001,0.18147334090454523,0.13471626691784094,0.13308700918323763,0.11498553336197191,0.08085456650023627,0.09628762586950243
0.1799042517625345,0.2325835997943919,0.19914940321681954,0.18247019064901485,0.13744710210639915,0.13333440853504633,0.11616898498114832,0.08019317300975345,0.09510671742758661
0.18073822496498212,0.22015151879867445,0.17882103017433842,0.1825799984130088,0.1404972845661848,0.13508583695430237,0.11718590910327431,0.07983725971762194,0.09680850016620501
0.17697722903060947,0.21725035212980398,0.1830297261677355,0.17978070505358776,0.14137343446418005,0.13760162941537613,0.1187283942809713,0.07920545188744059,0.09640404387809352
0.18285672866870836,0.2165473935019814,0.18118030593013218,0.18069317100565457,0.13924649996122787,0.13350168680199181,0.11839017874182285,0.07832658763563793,0.09472222078228557
0.18512121604069007,0.21040594304872506,0.1868149828365405,0.18471835236752976,0.14377205496425255,0.13010924604302626,0.11767272441134978,0.07928000464174202,0.09365183040481177
0.18613158211863864,0.22137969475372204,0.1934701984951456,0.18533102384787117,0.1404412292087559,0.1268312614765111,0.117323119737038,0.07956977032443847,0.09493997569684116
0.18739742485268893,0.2279764408246055,0.18736984270677248,0.19178071155205703,0.13472484089647782,0.12593673288135593,0.11734001432710003,0.08074784311872943,0.09543720907954803
0.18715955871931125,0.22341453508514317,0.19721652730161604,0.1902287087065408,0.13443543635068053,0.12525740087563567,0.1162456746144009,0.08125284754413838,0.09600113649859776
0.18250077821365088,0.23211105859169232,0.18722614564684806,0.18749506930328605,0.1331985374625381,0.12551617360552358,0.1145879778733304,0.08266594199836101,0.09431125287760478
0.178243367344535,0.22814070069210857,0.1949327219500395,0.1841475809195974,0.13577791697665606,0.12655692493883322,0.11338574760189402,0.08239093351181172,0.09265192876273351
0.18003208997295783,0.23213739904877956,0.19978452731431406,0.18278893859386908,0.13434684600755845,0.12759151770040464,0.11479798930020033,0.08148240916661174,0.09374287504790564
0.17895463441091816,0.2348257603204886,0.2055801513228411,0.18379933433849788,0.1370359324156979,0.13028543693900607,0.11575897044340554,0.08057369938347729,0.09404920528921415
0.17957061054429946,0.22973351181087698,0.20413767833188945,0.18371553369796217,0.13339523535679765,0.13087824818414825,0.11578222117391107,0.08010550936093978,0.09481193294095143
0.17686270566731835,0.22031702804141187,0.1942740616040266,0.1848945508531359,0.13340872468540416,0.13232420632673578,0.11863448271068805,0.07976061916937238,0.09444431084682886
0.17827643918560224,0.21770730976973277,0.19673316252497683,0.17679302693982735,0.1407808225280042,0.13321464864525,0.11851776635386817,0.07933715749691202,0.09435521404447024
0.18494769486120027,0.22821406916924405,0.18373750070785738,0.1814574659522421,0.1429373986276895,0.1334383996281864,0.12078736512697612,0.07942502845071575,0.09423697975442773
0.17897609556346927,0.22784052869634724,0.18878429229476124,0.18196335446280898,0.14450553596711443,0.13216063265352235,0.12313946537278286,0.079000746195669,0.09133842953071833
0.18157421562533063,0.22681350114212037,0.19157451442099607,0.18244912816285702,0.14572048541409838,0.12856108693336607,0.12352142932110541,0.07959798476847382,0.09139456997990902
0.18524915525502636,0.2290432814608349,0.189691748004849,0.1849246691732999,0.14074476818872816,0.1241564126301782,0.12042654508648955,0.08027642208708734,0.09265630975343721
0.18094440286197688,0.2242861163074704,0.1676768938394528,0.18893244884090676,0.134078566313797,0.12237769956827918,0.11579799046833018,0.08021281342459273,0.0937975334703434
0.1824162779869539,0.2332400144963238,0.18255887372347948,0.18791384993077295,0.1350383001201413,0.1227283317620895,0.11547898522985582,0.0812470165629083,0.0933588581973603
0.1803054435766006,0.23038269878929965,0.2005614467056352,0.1840547860173564,0.13912024316667287,0.12283041535150235,0.11575789247835168,0.08184441522710602,0.09442507675539398
0.17489571861227285,0.2352705395974215,0.2043753687183751,0.18039545308421903,0.13705182037371655,0.12321256874148198,0.11486723637000583,0.08252381278760364,0.09376102507100197
0.17528840396540202,0.2331603557308269,0.20165871253622586,0.18486886645295783,0.13849949842521728,0.1262356143747465,0.11482644568552187,0.08190076836267134,0.09277311498002175
0.17506180766941018,0.22922905773804847,0.202105655996251,0.18390206700505377,0.13947985058317433,0.12857471873159138,0.11479106038768216,0.08141808988975091,0.09453063385723605
0.1726066934648607,0.22791236550027846,0.20155935575192285,0.18668702796122616,0.13989845737198148,0.129446466201903,0.116186871599153,0.08057455619695274,0.09437658489156289
0.1770442917851354,0.22038962205838297,0.18914416242973808,0.1870284653845871,0.14291735517465615,0.12809096850972404,0.11909618334178988,0.07953527969824374,0.09167426391428453
0.1847260871642374,0.22522839886243665,0.19042328677169648,0.18359696578377774,0.14085037390473934,0.13146970034956462,0.11868685216123816,0.07983097076661208,0.09352591632142554
0.18491811890930432,0.22464466433780417,0.19841634053069493,0.18171956203042802,0.14380981038116325,0.1327596004631868,0.12064241309247606,0.07960155752548047,0.09330514332795425
0.18780910982848473,0.22916586092138944,0.19582688172675963,0.1869743600373178,0.14691321263424703,0.13046154282762978,0.12135022500288868,0.08007873856868127,0.08893687919099276
0.18745011534279596,0.22746855317515852,0.19661252434193302,0.1891458811713693,0.14691744749241983,0.12808768164651796,0.12406274378530542,0.07968877111479519,0.09059471672812831
0.18403833577474246,0.22107679502746483,0.20018298086430183,0.19015633874360294,0.14271596343985832,0.12579116464165677,0.11963243461221047,0.0806422660643952,0.09235395294159797
0.17988267509868078,0.22357802342385533,0.19521767396605083,0.18892133668178357,0.13929167044795548,0.12388542969583173,0.11603068747498493,0.08124769113776341,0.09385404635587394
0.17611218945848228,0.22917007152414523,0.19727346721753142,0.1872757503540099,0.13810897751772713,0.12323188487578338,0.11617574806013153,0.08142001448609859,0.09390154577427069
0.181298069886074,0.22707531099774056,0.20273779271831158,0.18544154938866697,0.1374801230180219,0.12551701530281584,0.11470772890259683,0.08186637171195985,0.09338768697450887
0.17787743855983423,0.22417783093448929,0.20751129152381254,0.18442584945805082,0.13636881008171328,0.1258223949067596,0.11499604602698796,0.08222570983259031,0.09077723753181802
0.17608133211824437,0.22207054505129337,0.20873244695667448,0.1806426335736066,0.13797290711651114,0.1280738720532591,0.11436231568375907,0.08218845348129514,0.09417283047582849
0.18282206175629542,0.21590695567645485,0.20358363179315714,0.179819823891628,0.13870663506049577,0.12991246026145772,0.11509180291303009,0.08139236940837971,0.0869941436998469
0.18427389559803614,0.21248797720541868,0.20233023721673477,0.1867480874428054,0.13838181802486382,0.13100518225997027,0.11688609915826183,0.08115548264789324,0.08674409468849995
0.184690424772368,0.2131711632719757,0.1983953234152525,0.17872779216333262,0.14027447989823044,0.13372305541829058,0.11899223769691436,0.08015305943063399,0.08745298592459236
0.18857363644912384,0.21445492522348375,0.19874902633395433,0.18531001587563234,0.14160413433328728,0.13545583867591146,0.11899040850977036,0.08002545649535432,0.09141941134962535
0.18264761091814213,0.22174822444759124,0.1907539003669335,0.18604433616982965,0.1424087407517125,0.1366156022082494,0.12140622550467044,0.07951104876159017,0.09486219607862134
0.17495305993409146,0.218667964583024,0.1855692303072561,0.1923465135920662,0.14652239156282984,0.13440209321033397,0.12318407186797072,0.08041717971360202,0.09503304848080413
0.17874740688828772,0.21302687083124847,0.17659269652417298,0.1941387148425933,0.14443433156960434,0.1287873670069511,0.1244778139647772,0.08074067230585207,0.09410337929583314
0.17671757844522334,0.22311939462996982,0.15520948417975744,0.1904450521553068,0.1411264980808571,0.12667591790837782,0.12123724399467087,0.0811373387765477,0.0943433168592205
0.17776643300814762,0.22722826946687846,0.14148518562683698,0.1876312659889125,0.13711392044777526,0.12584340976422898,0.11671681879245764,0.08138867984877234,0.0946571659028178
0.17399218183889492,0.23143466895377188,0.17836597856461697,0.18432281808292042,0.135567402740339,0.12512192107200126,0.11608032427260687,0.08229225083711723,0.09447959206033746
0.18149384470081692,0.2298798955292208,0.1859490052030668,0.18579124045779374,0.1351838314941684,0.12626177778850223,0.11734990581448644,0.08200912713759743,0.09477257009660715
0.18042878318020164,0.224126521971861,0.17594617396982437,0.1843846332965563,0.1345907275651674,0.12863400059641214,0.11548472923197549,0.08350037748055421,0.09505779672231027
0.183731744778439,0.2193968948404402,0.1870958858345849,0.18273042467224967,0.1310954365873449,0.13093538949351322,0.11610876671014439,0.08344738546496017,0.09470961946667839
0.17845998719255288,0.21832271389771346,0.19090236946207817,0.18339715430464437,0.13652586827904156,0.132877103165873,0.1151568278052545,0.0828321952615438,0.09442923875883044
0.1755766885670332,0.2244578820703407,0.18966300527252034,0.18359681024720537,0.13554385881145237,0.13397824502830433,0.11663391499684872,0.0828912006209308,0.09507780223215431
0.18055884288012233,0.22681932171315575,0.18340862506861055,0.18639054790802528,0.13131731689877693,0.13646186135210658,0.11955922534047674,0.08240237257031939,0.09590706745361832
0.1775423917868495,0.22701279452031983,0.1942619208492561,0.18754828948512867,0.13437031595225676,0.13939336129771504,0.11787319181998887,0.08217377871358451,0.09641983337876614
0.1773791525818059,0.22299280049537268,0.1955993383626785,0.18839059174396175,0.13975690875907484,0.14001823420686627,0.11955745884303992,0.08219008867954608,0.0963939300565191
0.17680131343037866,0.22387183684098164,0.19508174514859855,0.19378752589925113,0.14397831387894253,0.1373631844077664,0.12244112569080853,0.08203758578525998,0.09406885093776907
0.17417486075136013,0.22831983572574654,0.18471908041720356,0.1876453908505283,0.1407500063933949,0.13217021044510716,0.12410448647892183,0.08277875423383234,0.09419882346723833
0.181392191677337,0.22951857416067942,0.18839623866877253,0.18477081879144885,0.1358814982288415,0.1293368011459306,0.12025518137356385,0.08283362078334068,0.0943534344576565
0.1814108822123668,0.22642536541244856,0.1981369293363434,0.18560777279978552,0.1330061744367321,0.12840561921016064,0.11766641652917023,0.08259014924978658,0.09577741780221714
0.18158225590046984,0.22114812102403708,0.19478285603172826,0.18098540963598425,0.1334031763477451,0.1278226958747222,0.11740566250997508,0.08349924193850945,0.09727055251548623
0.18140029476099567,0.21337412511932385,0.19881645815460616,0.181210556740056,0.1318800355894432,0.13062653268341468,0.11482115722552892,0.08423786356924458,0.0968771680278674
0.1830437301787365,0.21916820329368067,0.19185643043135933,0.18113457995221072,0.13461048896598482,0.1322386099044554,0.1162796996482295,0.08406436857622984,0.0955355855266514
0.18244997402281138,0.22090999566018663,0.19092099551546057,0.17224359543223058,0.13490586703973786,0.1344717903319034,0.1164802996901461,0.08321913756482739,0.09386808309580681
0.1869692135134744,0.22102894765226,0.18579300702591325,0.17696969269636748,0.13586133578476012,0.13519335490068815,0.11595700413884472,0.07846782450230962,0.0928797321887302
0.18863950953623654,0.2213214557580522,0.1854486915366786,0.18352847926839647,0.13616221148019245,0.1371895066172857,0.11839538309486417,0.07944525618135148,0.09354923256266298
0.18719783819351318,0.21908383492395722,0.18685298178974016,0.18410163802013346,0.13373582954405636,0.14014828339566135,0.11980325157534435,0.08175362915494769,0.09246081484634007
0.18450114693657632,0.2239806042173176,0.192524222563865,0.17569616367847055,0.13583795507771892,0.14196458049741356,0.11961292413402826,0.0782393241188217,0.09703238991460522
0.17949774357816917,0.22653719366467032,0.1839478955902794,0.17038892417313775,0.13984314799645645,0.14325135501267566,0.12115231219196372,0.0797576008534685,0.0949047977817248
0.17394055664483812,0.2248306624097515,0.18346035821162504,0.1888902693530669,0.13950015718518838,0.140657889872074,0.12300719953326007,0.08324914126008794,0.08922000282530243
0.18044948986484508,0.21737684381588357,0.1941017923793154,0.18707269947085917,0.13865856112063368,0.13458845104879036,0.12435972846388298,0.08178922351874132,0.09223993039201188
0.17928776006886676,0.2283711271299352,0.19571934238176414,0.18350236162101724,0.13439469771500792,0.131468519113404,0.12005191317389093,0.08098020972970832,0.09391068155319464
0.16962155873453347,0.2196894244141841,0.18942373586626146,0.1799711329395814,0.13079273102305863,0.13052520635026643,0.11663105544492391,0.0806524602428203,0.09575518941588404
0.17804898674103306,0.1970380741505861,0.19464345531463528,0.17949219024631588,0.12993028140315166,0.13174690672615405,0.11411797055006481,0.08138776212282635,0.09495724725048149
0.17744727985052244,0.20094385066565523,0.15365891504623747,0.17391017767886396,0.12886774012107735,0.13238192045093355,0.1110487633976243,0.08361000508082518,0.09633769031249108
0.18270849084197172,0.2086548061219466,0.11621805848530171,0.17785567899065585,0.13064660272590575,0.13365803479800417,0.11378673108251498,0.08366173397895242,0.09453256450312986
0.18623241160452697,0.21211158686470935,0.11470400342555666,0.1802547155978276,0.12993949018625828,0.13699166708641683,0.1144551811751072,0.08475141780387085,0.09370054543709798
0.18456719279284253,0.2148235966430079,0.1265619560724276,0.16783618039377388,0.13101771342970298,0.13916835483095727,0.11544772221961583,0.08471829357246283,0.09388620857015267
0.18959609951889927,0.22131807001768403,0.12029982167411067,0.17957091881928178,0.13346430046131602,0.14001434971453,0.1170729730055548,0.08343728899208215,0.09408809920081863
0.18320860926543878,0.2039566440091942,0.10587466408723156,0.18438533334184753,0.13518564865919444,0.1434382766027015,0.11763943957772631,0.0820840147364238,0.09567230378030499
0.17856885531750621,0.21603518610362865,0.11758155416865938,0.17869287445513185,0.13383071587742112,0.1454182785616962,0.11851328245439251,0.08162396970318354,0.09682454141499933
0.17316023739470768,0.2206657016289763,0.11867486272184642,0.17318218714896266,0.1367502313534974,0.14611477016641414,0.11752706535277513,0.08151701585889067,0.0963202151870974
0.17513552218353381,0.2277666820364945,0.10655405429242161,0.17353909483124536,0.13718820227559708,0.14405541104421452,0.11833462391108711,0.08158157571811604,0.09651875560455685
0.1766436675480874,0.22083498845665317,0.1298306701586284,0.1769399304051209,0.1313195156669738,0.13815595840608522,0.11928046385126448,0.08180006528775409,0.09437732821635339
0.17173624792623798,0.20943894798898924,0.12499054519561803,0.18084996364358916,0.12938005787544324,0.13200491025256678,0.11713110837373963,0.08209858165790516,0.09435467082013808
0.17411248062109086,0.21540119408188813,0.15306349211903855,0.17697923906147717,0.12636194413166058,0.13098855997392572,0.11342738226160043,0.08221332469902848,0.09497641950259723
0.18136003625718952,0.21464627164508832,0.15131347322008826,0.17730008027902838,0.12820968482672107,0.13389158295774503,0.10921606173236129,0.0820399092517964,0.09610110228459416
0.18578952864784348,0.21633768583453017,0.15433241802957828,0.17926424359518256,0.12940758559166288,0.1351935189289665,0.11127027998053306,0.0830236205370774,0.09739273308718857
0.18621548422767967,0.2226558531507241,0.11841752549917059,0.18001727910193574,0.12858888374797178,0.13826588518110963,0.11326648465235763,0.08358466017461767,0.09662085710592354
0.18924974920687399,0.21679384218228587,0.12469966834782684,0.1811641097446611,0.12879779001989902,0.13966902735919992,0.11333451762581082,0.08388076004295894,0.0957636266375926
0.18598477166653102,0.22312840367629352,0.1261556871985863,0.17957220003204635,0.12944056313103103,0.14298652724981778,0.11380631249487005,0.08382394210116746,0.09489136192084752
0.17951015487264627,0.21840794116728235,0.1287148611786729,0.18339524175088304,0.12924378640957992,0.1434831308508342,0.11347866852363525,0.08288389544646069,0.09587910662110005
0.17491831235285946,0.2262893752360266,0.1353553779028042,0.18713188659239915,0.13186095869014233,0.1467506413561604,0.11333466399504652,0.0821002444945795,0.09697989377414233
0.1757461546249547,0.22912154989312544,0.15561992286558995,0.18616483972381875,0.13364379117952382,0.14798557711853053,0.11562715958276455,0.08098952075033693,0.09627996958575955
0.17901405877437157,0.22587345149163804,0.15703910582555755,0.18672084793031482,0.13495210812026734,0.15005415281914825,0.11650415313911267,0.07997809098302155,0.09554578368740665
0.17924943349757375,0.22778058193864673,0.1626661746780739,0.1810381738564005,0.13123212523566027,0.14527394387337655,0.11844729708662093,0.07981323532287696,0.09681981774315282
0.17895747595182804,0.22222030443700336,0.161684525882524,0.17622865733703513,0.1280151834129674,0.14041503611028097,0.11840302719876704,0.08000395772989803,0.09568731640381345
0.17733834064433526,0.21947587863784265,0.157979280370103,0.17648848472726933,0.1263080731234094,0.1382112660393425,0.11667432177323847,0.08011085964676908,0.09340485907342089
0.17791259465721745,0.21926497684792934,0.16423733803314589,0.1768313039216307,0.1251784754282893,0.1366469781535499,0.11463384364776218,0.08076752825041363,0.09455993489312349
0.18403526285933067,0.21718849927731254,0.15751830816988507,0.17960925228852825,0.12522677469304525,0.136150783821212,0.11459911009190443,0.08136660063845616,0.0956751809277864
0.17908151073162162,0.21776873232794933,0.16365808504632023,0.17948590962707475,0.12701592860838382,0.13621046021775376,0.11398345137430549,0.08205410929897684,0.09614994069955932
0.1825111002376402,0.2227468917485792,0.16805652200671634,0.17898083266639753,0.1245126282874615,0.1368524088947862,0.11107214154420245,0.08233367167150335,0.0979957367125696
0.18275232975611258,0.22000387043083186,0.1648179881695497,0.181397102673638,0.12466947406845973,0.13978196741714435,0.11092257545876638,0.08329568538207016,0.09781109683913107
0.18070055757080108,0.21600416463209474,0.1701508958455802,0.18269636241058756,0.12962511766615012,0.1414335310570789,0.11283026223219247,0.08264175798284372,0.09597787851032005
0.17962106925834367,0.2106855311517235,0.16735339782059416,0.18371820162632516,0.12584144557580984,0.14436917210326317,0.1121688434355858,0.08234373854746406,0.09689685642926033
0.1801862901144435,0.22520651488000754,0.1723767556409701,0.18936308752535266,0.12603993191878737,0.14555483843517908,0.11292158321358539,0.08118546739150273,0.09766589963180891
0.17918960115875726,0.2245856288840774,0.1788734927884603,0.1870819403183807,0.1350420866591187,0.1481534153683306,0.1146123061069609,0.08096890867440447,0.09728933761361941
0.17911356879118948,0.20306139943447962,0.17189549646026564,0.18369071602591017,0.1326624990387377,0.14644701968304352,0.11553295225051848,0.08079211818284175,0.09451304337469243
0.1806442763676655,0.21639348614610052,0.17991480468532214,0.1814613278589756,0.1298552246765871,0.1424398265910035,0.11726353693960584,0.0802283745961482,0.09496735575774658
0.17942854242689832,0.20163746735780771,0.16615456627680322,0.18228723699542962,0.12784829807328912,0.13636771183697902,0.11962662437739827,0.08062265342358031,0.09419510800092656
0.17558367459160712,0.21500941344533692,0.1659545254978535,0.17947476606323143,0.1245784148585328,0.1327879072376575,0.11931873722205413,0.0807164873488311,0.09141879106519972
0.18229830121797375,0.216395727673587,0.17073370963357448,0.18086343724311243,0.12404972636618747,0.13187631029282257,0.11662913751179049,0.08109684212324197,0.09351076316046343
0.17753248320521192,0.22045084664571812,0.16677722719741225,0.18326048238914122,0.12341975548765233,0.13104109851198487,0.11366988683432787,0.08149902402749264,0.09522064708550537
0.17717549661876264,0.22240371265510323,0.17659717967843072,0.18399250527461247,0.1260235750690851,0.13236698872574465,0.11247493857512089,0.08164886133383636,0.09522085923694497
0.17962328100539238,0.22060520154376875,0.177068561092877,0.1835711384013445,0.12757242220303044,0.13421709842153978,0.11245814828507648,0.0822196299385855,0.09446517040353278
0.17720536115716276,0.22034447730557674,0.16972462096932714,0.1824248079507842,0.12789848404815007,0.13906153410309546,0.11150711405562219,0.08337232977660315,0.09573734680062064
0.1744852369741521,0.22851298167066583,0.1817169975288508,0.1881499211533874,0.12788268231216887,0.1397010740778458,0.11144704333872207,0.08303461037939515,0.09550684482779047
0.1801316128344865,0.22474561459294262,0.16919764021250122,0.19099882030704304,0.12907811413163442,0.1402240677131772,0.11178666533723866,0.0828325680654451,0.09466730824995667
0.1812006085812922,0.2244750353681695,0.17197785932104287,0.1914251175025275,0.1285599048723877,0.14269572275404807,0.1131921628711275,0.08287882565886673,0.09625205304564037
0.1805620765377339,0.2286146882665565,0.18190831687113684,0.18611658827926153,0.1300981500416889,0.14467806238145225,0.11695304379536736,0.08208878541710551,0.09381367518110188
0.1821627327271724,0.22152231992640806,0.17649034086058416,0.18437766906471167,0.12919528711229333,0.1451477576206147,0.11645199798461842,0.08100879860907467,0.09184269681406587
0.1827801520028156,0.2143406318565574,0.18617286570627997,0.18063980401863616,0.12904085698739276,0.13809634035158758,0.11778564839118527,0.0806225475324714,0.09546532208490563
0.18442458941718054,0.218685762593556,0.1797873322970371,0.18359481140198977,0.12507547082533874,0.1349997040249063,0.1200026029551203,0.08055303920703236,0.0934823396120078
0.18663142359518722,0.22235652166330125,0.17362946702079962,0.18224264974973198,0.12441405742829151,0.13417470847732194,0.11954580204109222,0.08050564869281338,0.09105048535873889
0.18429401429325104,0.22380632587042373,0.17697734925651554,0.18296315565639448,0.12574625365904674,0.13237843974934196,0.11658618060597843,0.08064685790843491,0.09135074493379136
0.18029428123814253,0.22416075850919762,0.17481912696977459,0.1837962939538629,0.12693172245703085,0.13176813168846926,0.11363013446176115,0.08117643597112711,0.09322225130808802
0.1782827690683705,0.21965285393888526,0.17754614297889887,0.1723888736966296,0.12701787182267307,0.13313587907996915,0.11281214253045703,0.0818811056049888,0.09352576531857829
0.17174228243111261,0.2228065404608338,0.1786435687219713,0.18663887036625462,0.1292836188662958,0.1337093329975718,0.11302875154470968,0.08282463199450549,0.09416904249834376
0.17665062528118788,0.22460433667438084,0.17268319468389737,0.17953707218872786,0.12841207690057185,0.1368396331523269,0.11298724450533935,0.0829458215913106,0.09163587269599077
0.17626998282095177,0.22532397629181475,0.16435721498124906,0.18944779736340533,0.13054467792851393,0.13800063418287475,0.1129561949243687,0.08365716712376906,0.09494706359736417
0.1785735213274835,0.22634832923219847,0.1798648468160627,0.19248039062978115,0.13111789988474817,0.1389882781699201,0.11334193641065433,0.08305377135406708,0.08789435530112727
0.17927747582053094,0.2216474104557097,0.17750239130164835,0.18967637297593073,0.13317159622108307,0.14145233351568604,0.11542193859435786,0.08332323710426985,0.08303529410886816
0.18301024460444604,0.22001502844202442,0.18346696939482068,0.18620388715221536,0.13690100177296655,0.1422634387967242,0.11772614049846906,0.08243669257281559,0.0846362635357545
0.17904382655990292,0.21647932095547398,0.18100702239224237,0.17416499917022216,0.13459686645705132,0.14264087446772958,0.1173409830700456,0.08235534174930904,0.09018737337954945
0.18280539991632544,0.2193334409815071,0.1819116909856652,0.17528713714247,0.1308974276252485,0.13910306046495613,0.12007092954421383,0.08200515346151452,0.09417708945635543
0.1832866129833656,0.21306624769697002,0.176669985244079,0.18175916333626965,0.12806216295415454,0.1331979450496889,0.12131233538504223,0.08231179881922346,0.0944892328244597
0.18027883332989014,0.2185077297201416,0.17275609691959284,0.18451693494495483,0.12911867028358726,0.1301876995236933,0.12153289953190247,0.0820162211545758,0.09302530173072461
0.18387226739952758,0.22428645862723726,0.17881556888344452,0.18456339645879544,0.12818454958827463,0.12969094374258744,0.1185007994772212,0.08253971567836005,0.09256637704708981
0.18116013460204317,0.21096663850149988,0.17912163881178558,0.18433262021142924,0.13060506852480624,0.1293552157290452,0.11625241757707935,0.08278836070876264,0.09267905868096134
0.17321730854808323,0.21742862315954323,0.17926532865360614,0.18238101595944475,0.13193825493564823,0.13040725508773154,0.11555913913052318,0.08329505222905674,0.09121414652412468
0.17566586058401315,0.2256323683252733,0.18623287137740752,0.18930460628593906,0.13233998435185576,0.13228065690581967,0.11524177954408449,0.08435694611049843,0.09189566870602742
0.17792410323756153,0.20195997931930113,0.1844902916882001,0.18621608320473365,0.1335833674404972,0.13369151116278274,0.11477007175908957,0.08485687635549671,0.09310704860705858
0.16819437259256947,0.22164133822968757,0.18389494803798273,0.18459492581024867,0.13266861395934337,0.13468779238843628,0.11573559804128267,0.08551004976817192,0.09305264245944012
0.174598199498402,0.20959920251425512,0.18733013390459413,0.17755041418480166,0.13656719654610386,0.13439390135713003,0.11541990700044702,0.08450252357198547,0.09359327919221086
0.17835878995676557,0.21610273724624407,0.1788267332918636,0.17936347007652248,0.14083990299671706,0.13775748238708946,0.11662412819503197,0.08502073283157555,0.09333199551246978
0.18010188496963025,0.21778321366528436,0.18669349273892136,0.16484059928315217,0.14090542475904463,0.13910366708046235,0.1207705745426237,0.08467359045642281,0.09344720698939812
0.18052195025711737,0.21932502873317963,0.18332697339716814,0.17318023411791467,0.13838318633036742,0.13983317454059918,0.11828797708636501,0.08416053981027807,0.09296970511600225
0.18768105690507503,0.21804758043681985,0.17499164719377863,0.1759084203881054,0.13406342814673317,0.13721267167212042,0.12139650838624275,0.08388947824778187,0.09231559417969457
0.1830076929545961,0.21192998010799005,0.17621717975860116,0.1783205570730754,0.13149469341369877,0.1310490514602239,0.12487823615259876,0.08367339643026371,0.09269700652008088
0.18431916402289347,0.22458557401578105,0.18165604222634174,0.17815220305493445,0.13256493329944435,0.1282459627525216,0.12208628154626161,0.08398377266432308,0.09174050732503487
0.18352124469144662,0.21021185193887124,0.18289541583431246,0.18177573706929648,0.13163226340308964,0.12655635498514065,0.11423395693617334,0.08352756866839695,0.09068499570763162
0.18105627047714112,0.22484376326133265,0.18405752127504707,0.183317725942834,0.13277175150481485,0.12701914579842707,0.10828572575559826,0.08440091243751453,0.09128137649332677
0.1738092523324424,0.22359234815244242,0.1861272275469032,0.1855926905714192,0.1345855823651006,0.1279550386630196,0.10813400675472501,0.08242148033172893,0.09263880239267891
0.17788671211624543,0.22586860850001558,0.17789397519963793,0.17883616785965883,0.13438311778522913,0.1298627225415005,0.10840039292456254,0.08322398134822166,0.09287276015955669
0.18085415289203594,0.22679953495776406,0.1835682779423798,0.184029856037848,0.13529123557556283,0.1313931270532553,0.11090953828547752,0.08388190630938938,0.0932616922763787
0.17326880826491342,0.22187296132373802,0.1878727993471559,0.17157227444338663,0.13566417430471897,0.1326692773692052,0.11142294197274677,0.07942211040195313,0.09257861114136068
0.1793945407554256,0.2189613042872762,0.18472682319856734,0.1683266022385115,0.13602893853969375,0.1338705963311587,0.11782705908783919,0.08411808838657485,0.09181842903685002
0.1777465460245979,0.21174188772231758,0.19060581956573736,0.1780956306837255,0.1395551563476689,0.13624391845677225,0.10879840671721334,0.08063224954347384,0.0907778156105547
0.1823741199948686,0.21976130388832033,0.18396675706646332,0.18143981063216566,0.1360038340310794,0.13803477987737364,0.11094951038540948,0.08057521665929965,0.09118464680019386
0.18570548713954788,0.2213283120536984,0.18270558720520527,0.16215820779571458,0.13255219920051486,0.13779373656180918,0.11123679864727268,0.08429660718361798,0.09221771919676278
0.18430420286258756,0.2146685684533444,0.17987256258632833,0.1740477607845266,0.12997282903681687,0.13443891409781922,0.12446476101577734,0.08499533101314626,0.08832973545525342
0.18374333046835784,0.21435354592246217,0.1825900244057391,0.18255712403777757,0.1269069512114454,0.12962913246432978,0.11970961869482134,0.08216001262624642,0.09081804919209753
0.1796601159542127,0.22256768217053444,0.18373091052253893,0.18213179434063778,0.12705878644355267,0.12665328215627542,0.1278649184221506,0.08094900227038661,0.09062517296288057
0.17882013639616282,0.2229938227547311,0.1845811341074864,0.18467790599874467,0.12747965260114213,0.12707013837388156,0.11394533583844084,0.08026847039581447,0.0897447321120681
0.17916301997320563,0.22536269356025215,0.18715380809925686,0.17999575403446416,0.12831012232631997,0.12589197113128395,0.1119210466787264,0.08226212909179617,0.09041801725957672
0.17730151178912856,0.22972056963194618,0.17465525162894865,0.17598132160169783,0.1285284291238064,0.12670286497754185,0.1144833201594263,0.08335523828727984,0.09247376117571521
0.17810530508816363,0.2096974898707996,0.1804597651605432,0.19339252026560777,0.1294238047526802,0.1296918645431911,0.11879470510389631,0.08313593871286885,0.09324070348910256
0.17932229262627122,0.21685963338147898,0.1911772413667882,0.19092304435350294,0.12855450826110731,0.1307232025553246,0.11744123237516946,0.08360145421734926,0.09351892644642677
0.17412941527814835,0.2093711955674111,0.1868129793089688,0.18603450869777333,0.1313999562069506,0.1323256436709574,0.11822310938497588,0.08511669717085264,0.09231908624470628
0.1780397643471984,0.21627303730289726,0.18502693293224226,0.1846199121726613,0.13158030124681025,0.1333755080155661,0.11885519875839536,0.08498703387577165,0.091682292290027
0.1847510688502426,0.21867601768942538,0.18242700305246143,0.17703522701780916,0.132859987845729,0.1358713419371973,0.12089998276595341,0.08389182445385014,0.09125352004742185
0.1774569138207164,0.22002868903283612,0.18161356786192745,0.17996374410123972,0.1303825811678038,0.13741106479925858,0.12242080843157764,0.08345415159386811,0.09262371572318542
0.18478983375816863,0.20759250291131845,0.1694829400119247,0.1827636318848229,0.1256414174264899,0.13828197468738856,0.12046100431540109,0.08291724865397918,0.093788678150786
0.18366570739554114,0.2212934043662453,0.16411525802447277,0.18383075129742224,0.12251689626739025,0.13517773183289647,0.1211543685369628,0.08232179832097469,0.09287081796960915
0.17732408365551658,0.2229099585497142,0.17918310636060306,0.18496445665304845,0.12205804876249217,0.13057987620705833,0.12107473542956028,0.08185903705469971,0.09324461088980344
0.17752650872531556,0.1970094155030226,0.1804126877816312,0.18537007987510287,0.12305413373557089,0.12540368945934569,0.12218814332867299,0.08201132221493708,0.09158416062568135
0.17831073123959357,0.22298717401847623,0.18487328098822767,0.18494641473482465,0.12412474414485619,0.12515722217809563,0.12125533654650308,0.08134409229223045,0.09080474018149733
0.18045049587106085,0.2142140519910721,0.1878387356124711,0.18950527910465217,0.12486011880164148,0.12671881703424304,0.11669049289684695,0.08163041716119657,0.09114767242703142
0.17935308637956432,0.2244491454305092,0.19119740171501334,0.1894005759241295,0.12527393390664843,0.12843467369802272,0.11659469431464692,0.08190335048482437,0.0925726795043614
0.17933934485668718,0.21698858339078675,0.18929668869259908,0.19278433923411847,0.12626310593378523,0.1293335582875344,0.11826681951767477,0.08304644961554715,0.09244072395832556
0.17858882520685948,0.21223854295199693,0.1822914196788358,0.1870771182294553,0.12520856310259357,0.13154827387999968,0.11784356487680536,0.08349971470096783,0.09305508219823469
0.1845518286458872,0.2191928218060695,0.19581060986859536,0.1807057745608524,0.12743906884326947,0.13333782152881923,0.11822436977513003,0.08390928412216843,0.09332637299050627
0.1861584363404278,0.2214637955195377,0.18406329304927552,0.18180632021838602,0.12804166047476595,0.13442645909952072,0.11798806792710238,0.08435652171088057,0.0933923269074376
0.18025489669743333,0.2171647304337691,0.18258201107012884,0.1839386876504479,0.12795083417377331,0.1366720706696189,0.11796690188909538,0.08309654319914112,0.0913230689972602
0.18297212794664552,0.21860241329343472,0.1838361622554086,0.18391825411823026,0.12055341386962128,0.13986854713665617,0.12121731088272326,0.08223247603825307,0.0928241582209957
0.18011474921656212,0.22240252759977805,0.18662162960205794,0.18026927329889475,0.12004580599273282,0.13944657508837122,0.1204036608475062,0.08092498714620976,0.09429011878364671
0.17633631640603148,0.22323835572419876,0.18822969343010135,0.18216089799640406,0.1193104095529129,0.1376578725532824,0.1223177148432594,0.07991346846769014,0.09324047387419421
0.17926786940873649,0.22355771248853337,0.1839308743033936,0.1825538071837449,0.12176730101617465,0.1317118271672823,0.12241190332035552,0.08056436566151098,0.09274543409095926
0.18038451325139043,0.223849107879693,0.18876530458048496,0.18804823727513403,0.12257201633470238,0.12938299350685406,0.12502806393221597,0.08042277739191254,0.09200299343286365
0.18056272508283583,0.22593434407973953,0.17731798683140196,0.1898367318525237,0.12193112662829089,0.12925775505586265,0.12524435330769018,0.08049965511271459,0.0898141319278886
0.18035576524449265,0.22068974939243766,0.18628329567023647,0.19187246798677193,0.12125007410870868,0.12878987260798186,0.11836881738670084,0.0811825666076752,0.08807848270270091
0.17899541978879197,0.2236208526983052,0.19112181906072026,0.19330387315675315,0.1243315455305532,0.12957608376529767,0.1171067299048933,0.08184431767212556,0.09094778899150661
0.18453564437166983,0.21919595239977815,0.194003262436648,0.1879939122293472,0.12579502171535462,0.1309528970186429,0.11667140223249421,0.08236658004801631,0.09302821903260344
0.18637805098927784,0.22092956711828382,0.19004336907459093,0.18550439217132783,0.12491879742599975,0.1316094285488113,0.11700484766847379,0.08312495585247466,0.09416159317983519
0.18363722040295316,0.22243564080465772,0.18748053670445736,0.17923700113317326,0.12228653964364229,0.13444657407671526,0.11756142327298472,0.0832265316994891,0.09393258217229705
0.18871441527860222,0.21567666060473464,0.17950123922192385,0.1828199765993626,0.1283864936332646,0.13699848465055825,0.1175601869364933,0.08342734360050576,0.09311185790170498
0.18288622166060864,0.2243140334199004,0.1753093720965587,0.18448954256854017,0.12309287814879685,0.1355351840300028,0.11792216622340942,0.08279553120427521,0.09125934613769784
0.1769667543087202,0.21961938003205356,0.1848229378643862,0.18593422379582003,0.12520623335493336,0.13803997340638594,0.12023598038153238,0.08239355269172004,0.09304415941993537
0.17434222191141563,0.22419798197406904,0.18516566227234174,0.1866387923445907,0.12174658097804761,0.1386615070505865,0.12097537131546268,0.08208209499773789,0.0940928637213141
0.17774458478852967,0.22465409961967767,0.1807775007213712,0.18185545756331176,0.12358935164703073,0.1356464419794781,0.12299469985740263,0.08141017397977837,0.09176567378617449
0.1719807337831427,0.2242906581775177,0.18581239561401114,0.18516786890246692,0.12269195965963463,0.13094868962622036,0.12419443152514324,0.08100455342948984,0.09115723398532555
0.17620640523667386,0.22968610339326592,0.18937552197591395,0.18560109989213258,0.12199799322560277,0.12903184546036472,0.12586360394337417,0.08063806027775434,0.0921747849047433
0.17803763293525665,0.22344346635354434,0.17212980274785322,0.1850709028644944,0.12120089957950625,0.1300128517817105,0.12300251484194236,0.08064393689770027,0.08872132778353303
0.17850272902919365,0.22134440336491262,0.18284196394893953,0.19362122990479963,0.11968184587493458,0.12822513783890951,0.11934250316129494,0.08120909254517913,0.0899967071014519
0.18384533309227177,0.2221124064049405,0.18936048682318707,0.19274385775815028,0.12675784506667082,0.12965674084547307,0.1154584043487248,0.08175147677100371,0.09093465142110084
0.18695111152099528,0.22218555021198638,0.19662114219279572,0.18832192914946097,0.12667300423766434,0.1311439063779256,0.1160583244912337,0.08210537945014681,0.09247496122568083
0.18660308155096095,0.2196976469047461,0.18743920186652033,0.17849642855437964,0.1292976630130608,0.13342144917205243,0.1159809582619187,0.08242534815474242,0.0934976315118527
0.1853136873860363,0.2198365954841588,0.18833141378312537,0.18489300288696328,0.13035894090080521,0.13613093097114015,0.11706971590278378,0.08367746398182273,0.09318728746108235
0.18050499089047026,0.22475197774168543,0.1841380972159674,0.18310885026988194,0.13111641424783774,0.1373494750764213,0.1166704624319271,0.08319431581499766,0.09141518345354992
0.1806242783246163,0.20768121080964652,0.1799973143827082,0.17039380270169296,0.12905832389820224,0.138421269805743,0.11674809678404083,0.0835298741345188,0.09023329079850621
0.17380043841370996,0.21775179438744408,0.1862252693676699,0.17754303525533147,0.12457797609893857,0.14062560133861948,0.11883675470368721,0.08285473614286303,0.09386612694216669
0.1770358532447404,0.21810743851792994,0.17971644374808957,0.1786746380350048,0.12104309846967967,0.14091664798686507,0.11954061767450708,0.08187372566806161,0.0931047320575886
0.17479218988578685,0.2230127476300851,0.1840128954954,0.18580481597774615,0.11971217545153771,0.13603986360496184,0.12112359309675316,0.0814137657223751,0.09035759524307879
0.17666485834253992,0.22913489570916312,0.18240154316782553,0.1843176946222721,0.12190465265314004,0.1318909554319612,0.12308530708954211,0.08071046353266746,0.09175313032939862
0.17770684981643073,0.228412649358929,0.16793361878179766,0.1886323231768867,0.12353379031836122,0.1297125068186076,0.124433036018106,0.08096786170699401,0.09248559361990245
0.18246303624664734,0.22388367613679847,0.18306830688606981,0.18987323361328567,0.12546367438233627,0.12838879531446243,0.12191442886636009,0.08119479950132162,0.09033065040494366
0.1846591627302198,0.21429024989684453,0.18332519330115674,0.18947109925035757,0.12568872895284725,0.12869046207756513,0.1191258819181307,0.0815002319185871,0.0911704028996222
0.18663710209293322,0.2236365406565592,0.1961318401249938,0.18945389085694408,0.1263025958034803,0.1297966466319769,0.11815370484648482,0.08196363317300469,0.09319240564970846
0.1875301312304265,0.22105031834088007,0.18535637796316262,0.1863849549672173,0.1250995277987397,0.13191827392395258,0.11681410367041509,0.08245307265698269,0.09374247548844154
0.18173535526298817,0.2252933659777936,0.18632515719799886,0.17520958330368763,0.1282479123536553,0.13315416107307268,0.11546517568230066,0.0827622319862206,0.09283955451179067
0.18170856325610993,0.22461351414902894,0.18109890248539834,0.17603305190222407,0.13164862686919535,0.13476254339241445,0.11614785547770655,0.08386662664466565,0.09253878590195827
0.17654717525812866,0.2083129806855063,0.18459174703118233,0.18044145937881023,0.13257068372465475,0.13602101651512427,0.11668031459516792,0.08426172948736396,0.09262415268473835
0.1793435252020148,0.22728604505720232,0.1847686742613183,0.18160960918416252,0.1291224915764233,0.1379648909134316,0.11663982140693167,0.08371361904349167,0.0830365556375637
0.17968768085352568,0.21855103632604628,0.18734377528310586,0.17909452232286346,0.12500877764073814,0.1401400183850514,0.11914883124143515,0.0843045552143174,0.08234507662036915
0.17531247114121057,0.22315754622197703,0.18098352556515418,0.17856901902458996,0.12365682393478811,0.13981869435886443,0.1178497707372922,0.08343975580331682,0.08976297006863304
0.17609509701487003,0.23112847314380774,0.18630996445854509,0.17785569763547923,0.12513323761699582,0.13573066316341897,0.12092517508209344,0.08271017910903232,0.0944386151818741
0.17514171445108184,0.22611284804691018,0.19293293371140316,0.18132395665649648,0.1252539409712743,0.13172581466356026,0.12371321332535658,0.08214702369527592,0.09588162823473276
0.17079728419568194,0.22001424757540106,0.19451886122865533,0.18394025370386777,0.12722811131588055,0.1285187987442538,0.12351792179164181,0.08202822445663441,0.09533810432535779
0.18007648870214843,0.2188654226587817,0.18829255410051285,0.1866985093190836,0.1261402054698742,0.1274408716756647,0.12198536836134363,0.08210293366236654,0.09464514773048857
0.18128444482927872,0.22095068673496382,0.1926162292960332,0.18209121511346016,0.12767339369691733,0.12744684592368047,0.11569777803310434,0.08256317105852314,0.09200685489284659
0.17995323761867058,0.2244088393560681,0.1856589788098496,0.18071128172879872,0.13004666632400488,0.12809732880323796,0.11822742793199825,0.08363172860892533,0.0913798677149146
0.18384481747345566,0.2239223131802612,0.18800470132854058,0.1781363373298057,0.13119970568178196,0.1299629336857816,0.11645913982542924,0.08344016636860326,0.09227879517404185
0.17917819716747813,0.22718351234270853,0.18346449504797352,0.1802312558904625,0.1323529006770495,0.13177834217876594,0.11619798031677524,0.084116936023292,0.09329842449227053
0.17288737029840312,0.21582115219367934,0.1841976929393242,0.1780940259012209,0.134565623000838,0.13295187571767586,0.11651463461355588,0.08456153772017122,0.09430645218335824
0.17520773807150608,0.22260205129707167,0.18640182021436397,0.17012841751404056,0.13378136814896988,0.13425796916539198,0.11647459008654464,0.08589024877108739,0.09526659549781925
0.1748760519355286,0.22656823227339135,0.18584476036794967,0.1747635789390517,0.12871699593766325,0.13621270878585162,0.11651947621358096,0.08538128756921261,0.09497412962579044
0.17712252103035864,0.22569057175993607,0.18732592754178048,0.1736278676390069,0.12544961245363515,0.13801604663533007,0.1195556442296455,0.08541639243507095,0.09515323836316851
0.17510835633080404,0.22844263775785423,0.18032843349513109,0.17888145359317428,0.12410677996710207,0.13695840936259407,0.12151085474942658,0.0852889229462064,0.09516209266799762
0.1708057067341278,0.21807594865767496,0.18344821466330571,0.1791875619953147,0.12691721730077976,0.133754129483321,0.12224687715651185,0.084736958096441,0.09474851622113378
0.17781895987030447,0.21378219587847389,0.19361964437251722,0.1818782906301451,0.12797575718202037,0.12853968516001354,0.12486550894251368,0.08441192074994468,0.09361027755506783
0.1770508341506675,0.21371052397773121,0.19081361228286975,0.17973224625519293,0.12939420849606997,0.1269429372893254,0.12464301192812437,0.08426698008811744,0.09545170802843947
0.18524871482937788,0.21432488003124156,0.19290129895914965,0.17350644814063748,0.1300684378681365,0.12560930213520077,0.12092589899780676,0.08398931059639818,0.09358584881090916
0.18269480417877437,0.21899504512018123,0.1827594515177724,0.17536867553406138,0.1306323041841393,0.12637166219119797,0.12065409316293477,0.08427471631611846,0.0923059954337311
0.1832279373899673,0.21816287381499858,0.18078659233363936,0.17612642310875543,0.13029959003427058,0.12714417555805985,0.12058207240731174,0.08454366295840639,0.092133355513087
0.179408849024599,0.21155393248987558,0.17895644574240094,0.1744885695848403,0.13323472110463574,0.1286153275571499,0.11870980851064143,0.08210398924731506,0.0939031774763623
0.17869069972208035,0.21034129471444304,0.18076883093453938,0.17242780765082819,0.13551326309358994,0.1300032578393002,0.1176708219773993,0.08427749203541803,0.09455900870761798
0.17917555036023466,0.21767913964853036,0.18492098756507563,0.16758200877573104,0.13673207010426033,0.13244210536753814,0.11827475345390187,0.08459098160265752,0.09540812843179747
0.1784404105904707,0.22131444159897062,0.1822402397715588,0.1640991318006643,0.13133165593733073,0.13347083448992011,0.11971734334887384,0.08144885739509972,0.09471115103666355
0.1785518600698915,0.22982803765557755,0.18304101592298727,0.1737308393304787,0.13016551484504257,0.1350894686809055,0.1201436432356144,0.08430047507504505,0.0938471948457739
0.18124723902085585,0.22153365751977558,0.18127576709117874,0.1728314953861052,0.1280721470424645,0.13725498131513028,0.12205313863090506,0.08265903910132572,0.0940112410192819
0.18068666019108462,0.2192340283434836,0.1852248805362492,0.16526159303394125,0.12554670813655147,0.13710572390164444,0.1219359510988357,0.08188623129013282,0.09424954243474824
0.18197379775611927,0.21571528515695715,0.18878780465040743,0.17186108830631108,0.12713077923718832,0.13436406191600342,0.12224257033865207,0.08508854391688235,0.0924537877669886
0.1811736155918942,0.2104655323843774,0.18344691619938366,0.1794609320524397,0.12796908713391947,0.12997529991510018,0.12518677050087165,0.08484961624585009,0.09209362531104011
0.18383930280648048,0.21855143684457798,0.1824688079684411,0.1786623362394887,0.13142472263286814,0.12581149548428505,0.12961658960726455,0.08292295743369349,0.09495587381886715
0.18334696913933904,0.21933743687168233,0.1797076453212491,0.1760706000093488,0.13266957959265582,0.1254204477753753,0.1267956512083756,0.0811206179985261,0.09228772975836996
0.17664146258477517,0.21817513056461751,0.17782949262398087,0.17207522600439235,0.13178218329174363,0.12687521358582848,0.11973874025986495,0.08030517034066076,0.09144468004415257
0.17007574435173983,0.22267339171747597,0.16231984436583538,0.16878237670272672,0.1321510323942277,0.1272587324389618,0.11795439395323443,0.0818959806828715,0.09381006565431436
0.17493214671822666,0.22046468763690144,0.17672935580420238,0.1681660480843198,0.13173509959532265,0.13026041665559038,0.1150675068461448,0.08323695454987645,0.09507854931864913
0.1732969308739981,0.22225531469846396,0.17099956748852238,0.17198700240503248,0.13901846294337233,0.13112111861389203,0.11403751166558053,0.08390414407150122,0.09616990481019594
0.17056181016792898,0.21487387512612247,0.18396752538056413,0.17264056991505128,0.1404507341551179,0.1338486363437873,0.11911381919885451,0.08416899310352126,0.09616343326680472
0.17660142599702405,0.2193898216967787,0.1833861584912403,0.1667220989171939,0.1363243642221444,0.13443040232775827,0.12032875244646722,0.08539592339734015,0.09556199182942351
0.17723579734425426,0.22492779968801602,0.1751281476059697,0.1732761230418695,0.1315876597394573,0.13788758159629966,0.12010512995185044,0.0848071169473384,0.09359453404376002
0.18023225707397753,0.2247839222816203,0.1789947553954388,0.17263866273222084,0.1269044516791333,0.13908369593032158,0.12251612872018955,0.08465175705742473,0.09393950269386142
0.1781936092824688,0.22119471985425485,0.1876454806955219,0.17135265084761656,0.1305150083328739,0.1396909336755866,0.12467105857542103,0.08364328185805624,0.0944380781300649
0.18110747154319273,0.21898223494774427,0.19133005490842941,0.17800417948239186,0.13321261541411594,0.13664388467068384,0.12411587441264685,0.08278603570570867,0.09571360157100478
0.18396833011849462,0.2155340012473838,0.19088333250359388,0.1784150804108163,0.13358092306917474,0.13198684725173598,0.12379293584116643,0.08315962063563116,0.09675588358034286
0.1752726959244603,0.21364080756526502,0.18336199367117637,0.1766105721726843,0.13264359300489198,0.1285976328499671,0.1257615174218439,0.08195286024763233,0.09524919132464901
0.17401916584102078,0.21738398349090587,0.1825133070622915,0.1725756353284834,0.13571835657131173,0.1266174123750053,0.12496971235705086,0.0817761205411245,0.09455344213965874
0.17343984763530942,0.21011739257469203,0.1755683550613631,0.16963836853571082,0.1366749958971684,0.12819260673920752,0.11743707685073176,0.08167308419251029,0.09369072751277394
0.1779482003482974,0.22096638491163476,0.1805107320456489,0.1700158258889766,0.13745134744213033,0.1298947745372711,0.11539819817823015,0.08154825132642407,0.09405224602223808
0.17768102901560387,0.22451066536773015,0.1803998581696012,0.16470935372543585,0.13811775619457656,0.13159347524409332,0.12061796079190253,0.08183419137997347,0.0944321598295581
0.17793075491331897,0.22293829805477555,0.18507518279875218,0.16864818991037173,0.1414810302060487,0.13350316186989009,0.12026551708031219,0.08260532288915137,0.09432433250301349
0.178925169090553,0.2226901042458667,0.18045879077490865,0.17219801610079408,0.13975213314304924,0.13519928852282123,0.12094513120599594,0.0827566908518611,0.09645572277010973
0.1775922309861547,0.22288386322200307,0.18482443283879502,0.16825550773366008,0.13741675536252057,0.13622603820616447,0.1202104533302167,0.08388290934110063,0.09677814511970917
0.1819778455468647,0.21778359862709534,0.18572705539594875,0.1661142163514373,0.13547819611061915,0.1394160503602574,0.12067565690715688,0.08408017750077454,0.09624576936249556
0.18411988822451775,0.21473426853254413,0.18657761384747454,0.17033699121450538,0.13468691785830975,0.1400787585518727,0.12207744314157327,0.08368301428902598,0.09441654744452108
0.1815216830208159,0.21865896648555824,0.186736864355506,0.1792541251234656,0.1338674435185998,0.14139860036980528,0.12321252415074126,0.08257182019687959,0.09390123195504756
0.18546523117916444,0.2121536862053149,0.1880719218990685,0.17917953095262415,0.13549722983564724,0.13629457200135825,0.12347080903693802,0.0809407167519526,0.09651540470076185
0.18378726912329654,0.2151715987700411,0.18223488256642695,0.17628619671042753,0.13437514116783963,0.129367003016981,0.12358409754160124,0.08003425287580578,0.09729353746811376
0.17807615093969184,0.20878042739054187,0.18266161829220282,0.17395269729273724,0.1312388519689027,0.12823912323147119,0.12775382522448755,0.08047876595413941,0.0952493552184292
0.17261985987405887,0.20327366523392212,0.17891045189412508,0.16887951996661413,0.13878344280552626,0.12893015216678386,0.12766485297023294,0.07878776788780248,0.09687952046731056
0.1776317698684168,0.2208646166849254,0.18320358680315613,0.16938244795330007,0.13850598665596398,0.12901634819589153,0.12542499350627037,0.08053230752158733,0.0945979493963124
0.17791547477060812,0.2258170447799449,0.1861115042652267,0.16910638397903854,0.14102809835774363,0.13006196464094008,0.12225427679432752,0.0807922699570591,0.09175273431283253
0.1764346867539207,0.22680497956812803,0.17945785391387853,0.17123164577815486,0.1409534178872109,0.1311926509155913,0.11910380369822933,0.08128438617919036,0.09256645581558057
0.17354575765006802,0.22187477463039465,0.18497201249498982,0.17188398119073559,0.14185030288729866,0.13396746054816885,0.1203614461741488,0.08180315278481945,0.09608528884199403
0.17323153778847705,0.22586356854292697,0.18077225578408707,0.17047116423053538,0.13490377672540804,0.13628896997613626,0.11966095941196114,0.08285555848907797,0.09723001895383507
0.17660074942980947,0.2172311285180866,0.18363536612560596,0.17236206373241114,0.13507162365643816,0.1375728831696131,0.12055024675318908,0.08293347042180163,0.09618206041249437
0.17926717534853895,0.20914578239739745,0.1892026517997396,0.17037193153208322,0.13573287469358694,0.13893232422872198,0.11968785526584712,0.0826969862929323,0.09721903183657643
0.17297083869550336,0.21965783316350035,0.19573011023091627,0.17933128352171232,0.13503585403052443,0.14049485059704625,0.1223839498035087,0.08324063356670268,0.09462682822854157
0.18232504777375894,0.22077919134150423,0.18913717795073584,0.17719662526418514,0.13504246807137235,0.13893123338797328,0.1252416393215611,0.08309305031088689,0.09536789782084124
0.18246073959024728,0.22421311672709834,0.17815206142051412,0.17505620472931835,0.13489513115245585,0.13494168512506793,0.12542211087996316,0.08256973639871411,0.09663492247549224
0.17671398195576743,0.22399497716354083,0.17646679172602137,0.17569787797016984,0.13746990511157564,0.13142694646195183,0.12780495130790406,0.08151511112162192,0.09463585468049975
0.1775949875798168,0.21965089476578517,0.17177592487595925,0.16942575209048105,0.13790715380773144,0.12895538909825274,0.1299210500229348,0.08077496553370311,0.09341916885771738
0.17373616814439435,0.2261368998152028,0.1719646303776696,0.17167817054410991,0.13985121028576875,0.12786332192529826,0.12780917615756704,0.0803256948454682,0.09655193792987515
0.17364151422068552,0.2263485076452751,0.17043443074745673,0.17263267344152872,0.13638793783262174,0.12770116005304427,0.12458191047060901,0.08025205921697755,0.0933768951461885
0.17751313201444788,0.2294826986084531,0.18104445421448206,0.17405765651869065,0.1426718746453684,0.12948427682205577,0.12061928543493429,0.080585069777023,0.08941743712925297
0.17116760859122052,0.23103471633026398,0.18369489174567927,0.17514942585541346,0.14329485581481988,0.13179828287561815,0.12034297008212555,0.08052101721793135,0.09091377299812324
0.18136773153937213,0.2246778056753834,0.18387326335178159,0.17223574567973185,0.14276318829218063,0.13259400554316195,0.11991658677177035,0.08097990631998123,0.09488591250436618
0.18161742453651605,0.2182008435606956,0.1878918718575146,0.17541424190685476,0.1405964633893242,0.1356276770107235,0.11983574635421405,0.08152689382285414,0.09487140374018367
0.18383433872470897,0.213087558806835,0.18526289719380326,0.17534955836711774,0.13663970243796109,0.13684528563709839,0.12152094879261603,0.08252485613816737,0.09380735813087847
