0,1,2,3,4,5,6,7,8
1852.1471592227779,1225.2557163410768,2228.3454252040633,1926.7161397781515,3699.7993944844357,3280.8801076946725,7796.784699677201,10083.19234435756,6220.605880658367
1753.5579628024068,1222.7840344196027,2327.18457034066,2045.4335482244016,3616.1392217095167,3154.320523292636,7968.174122923003,10273.50169202798,6220.391842925396
1710.764824596589,1231.3057210498764,2301.288196324197,1990.1639003114317,3635.69110068341,3078.5576651570327,8090.201509890418,10366.965564448077,6251.803958847683
1894.8441349646882,1215.2913593650762,2239.027583570842,1925.0106940393632,3626.8655922496587,2979.2377706668476,8132.457363505354,10484.492186891584,6176.36091344216
1740.4464182678641,1234.0829456007602,2226.0529282112952,1958.6861130889,3531.05824808779,2947.6104504611053,8194.641343555253,10529.183022724474,6305.448931035999
1905.024253346473,1353.2975083775616,2253.8866090108136,1927.4609622387673,3504.947275980514,2936.1049008268615,8032.695415606157,10463.955739269077,6549.3699182812925
1893.7828356521668,1416.0400691173927,2115.1629985567993,2142.3461406795104,3460.461165281909,3113.6145935048935,7965.6749018973815,10382.313344325388,6809.069530912408
1832.7934479395276,1296.812570412927,2069.6840518785953,1954.0710870908488,3560.4084680096057,3321.928138993198,7891.809411417731,10220.552266167027,7040.593509221759
1791.6273035983236,1264.0839813134564,2265.214685339367,2108.276295393156,3397.0313759417227,3411.1241727266165,7732.372203474075,10041.84550276555,7012.022043132247
1831.067130834167,1247.7080144238118,2265.140845900105,1877.6564811875364,3365.3238923226254,3472.9944170937006,7538.32753357727,9775.582959686504,8061.2278421243345
1797.3448797917447,1291.6877773025271,2273.278497421676,1794.261922018156,3372.0683152483216,3500.360064984052,7390.946500356212,9778.222448592793,6698.375514099395
1842.854848359361,1299.0591813442659,3473.6937070657386,1884.6811638802449,3501.4688121435934,3373.249822259364,7384.817927899332,9672.991599491488,6000.405771827606
1773.1857909068754,1246.24599144856,3795.415674188056,1937.414525902986,3764.337206572099,3271.078569284132,7644.460726616272,9668.029784139966,6208.905095767682
1873.2110316388075,1246.2378785352494,3038.436635062199,1995.7738371442856,3977.6822833941305,3186.920115788841,7910.920805446317,9682.55739755504,6253.622125700035
1729.7324163954568,1220.1242195451584,2712.7445301231455,2117.8988894519825,3889.9498243095945,3144.181479733932,7994.736932091755,10071.110811371282,6576.450956153129
1917.9596195774543,1209.6728085151763,2769.8530736594785,2078.564627987749,4006.5790653646377,2978.4506419415998,7988.797506525858,10046.264776822652,6576.624831005633
1814.0157164770822,1279.9489407202173,2537.9029997895905,2049.4835617748427,3978.3051871495068,2958.4157908824413,8069.029561141835,10101.192983804098,6314.073695441213
1766.641167279216,1373.216691122803,2247.7441043367317,2373.61393695634,3970.3749844614154,2891.274540060112,7935.001747839798,10130.993276755877,6171.9767121098
1871.4877082848518,1288.783205262814,2444.6794807932883,2206.742727068431,3996.471269046942,2934.4763628643545,7971.127513031562,10037.202747697786,7288.643410567424
1828.7093307069194,1272.2135278779756,2419.1169238675852,2121.5890615328185,3875.9685005787755,3114.362098068272,7817.065672420475,10092.793393688797,7091.899875632232
1805.6743439284903,1269.6679263892727,2496.5812764444127,1974.628457622713,3982.804898308144,3357.467991104621,7811.942387521489,9916.297705377443,6107.529286703512
1874.7517524825764,1370.8660029284556,3285.895249599271,1914.350368997594,3916.2734308132985,3437.020147904276,7657.628933495525,9812.78702761167,6061.488009986125
1957.9372292785786,1250.9814697588029,2985.015951669439,1883.8661258672998,3904.375319970733,3432.323420664202,7532.597302784402,9635.292971682547,6161.128513373267
1819.6321146336572,1296.4154029511844,3301.7062603965373,2035.128032466526,3880.0005540202487,3405.7403196339374,7335.56149222466,9490.693634235224,6225.450468367412
1852.856243363122,1382.9648234760243,3107.364766754696,2043.2420758614724,4119.323490827072,3324.825596400695,7288.3910345719305,9364.697582730823,6447.10846649486
1803.211407521932,1288.1559678181077,3563.8789094029553,2025.2390368866793,4310.752831674558,3207.5244977947373,7414.289245035008,9432.066227740639,6600.550612664834
1705.7611295290956,1377.7088702767985,2928.4791587040177,2135.6658589164103,4382.350599581683,3169.661241007506,7634.169627387806,9461.448136363644,6543.340365779717
1757.5451872177766,1265.323998179601,3071.1589275074216,2092.763362129325,4374.1954829663055,3093.933849923734,7911.31397505281,9517.224186902813,6575.587970164782
1706.267506607091,1314.2251431729387,2391.8704574862945,2095.1968546374137,4391.4209729168415,2981.8100251844085,7876.68981839376,9669.179335882842,6203.8142284245705
1752.4412113256183,1304.9981133112474,2258.442498845621,2208.8107834486864,4365.746296800661,3039.7183277720983,7947.325443686988,9689.764104471313,6193.370614661559
1975.906825318201,1294.5227309357754,2184.4781373736764,2004.2813765201677,4322.104262644546,2897.4180985269613,7912.3954283692,9716.332665614045,6092.136034791722
1875.0876924008678,1278.1861885765547,2259.549728452263,2049.87545162683,4405.49638835587,2850.9548038543826,7802.446188141076,9732.704931932094,6300.633204115715
1879.3730958937151,1295.7854995238886,2034.4907459512576,2056.895914260677,4351.557055740979,3006.478406455401,7717.481791665784,9663.79677451182,6491.30629508346
1835.3862028140036,1329.4541676327085,2247.6313881192427,2058.144016373684,4569.307489610264,3224.495950914093,7594.964369036973,9728.618130012079,6343.782232759499
1813.188878607728,1276.38440970765,2327.86371657532,2017.9816516557398,4364.751624667834,3328.9971306742004,7577.488609091484,9928.76564907428,6153.17370048411
1801.493868955841,1244.295776520875,2190.6132950602073,2256.266704713905,4342.606430103804,3307.610542685397,7396.125880303517,10228.236374292172,6142.723557809096
1765.9870801779718,1242.8008317876663,2231.8064145576873,2318.6674790291386,4311.339105165851,3246.9931929365125,7165.628370420139,10193.912795344268,6954.9012372713
1708.005239455222,1239.5018159892113,2162.0068882744067,2118.8647761983743,4531.2694807202215,3169.9000700735955,7269.038448008973,9450.79713061444,7388.600660006095
1687.2961435756395,1163.181563347794,2190.2836667838487,2267.6971660137287,4603.225901775268,3070.1088850370184,7328.738456718353,9671.028312617118,7094.92793774719
1653.5125427031437,1263.4458438347942,2139.1724691214395,2327.3357735079762,4700.940826044864,2969.5853295099155,7613.714103119167,9542.662866754234,7256.596963406082
1708.0679906950297,1375.8001102433846,2007.5708678043238,2247.1984277246224,4721.272160308643,2847.189088157615,7724.820611954458,9215.528763977665,6818.394385638975
1745.913097170794,1421.7420645209145,1981.2710659346496,2195.3126828078043,4562.219585796735,2825.771041820466,7805.434726202908,9459.241883751863,6399.814303581582
1861.2119702903042,1289.9663896571733,1975.0776782314308,2278.68422700831,4526.930151772369,2702.0296740039153,7840.21465197054,10066.918217975273,6391.239910676062
1935.3279750203062,1330.296017561574,1964.0700747225922,2096.882727829958,4528.611055720668,2625.8214009483777,7855.476173796827,10377.957754790865,6258.106284868325
1888.6041284697085,1321.5518253141067,1810.482461214018,2220.1076594887413,4448.754129281056,2664.574857798629,8162.138631965152,10291.371698120962,6328.547289358999
1894.0729473467877,1492.5659184506706,1930.8127194306953,2158.9273838581316,4775.593981846169,2784.3128283146143,8153.38152327074,10204.865531001375,6222.60916040191
1899.2761645806586,1290.093944390483,2093.071281823076,2026.442013818724,4437.160451166651,2979.766934495848,7883.071636172009,10060.068196827851,6178.516247539463
1829.7618281291823,1386.49747972763,1941.3689492450521,2174.2493815623698,4310.509563079823,3118.6763178212436,7680.008849862716,10004.764890216908,6241.444705587695
1741.0383916990202,1357.658085532179,1950.3047173169803,2071.3002208867374,4233.995528891724,3130.9814191994565,7393.390584585092,9789.620401693324,6317.194755122503
1699.9572178824715,1281.800689210503,1891.6161798040912,2154.5372178793955,4490.635614628413,3078.4981273831104,7269.646269453117,9508.00893983975,6514.824939137133
1675.3638272531366,1249.045725829137,1885.907497833254,2313.358661364205,4696.722948073388,3024.137250460528,7131.511263037348,9681.46413012619,6844.915733815158
1661.0142663326528,1247.7097007118532,2023.307424129955,2253.781559832722,4729.570600228044,2866.594384531169,7224.443227392392,9651.650063307008,7061.968435333851
1691.8445536001636,1339.3634072368627,1890.8309232326878,2220.6598783831505,4616.947799225205,2791.677558299965,7525.501305244035,9640.834164362275,6975.778559892058
1761.478870858283,1454.2240124726204,1764.3848742703694,2173.3580138128896,4647.180837208083,2635.4931555227527,7774.740099323507,9811.701816774757,6822.895478424239
1855.5474776946319,1400.2574382982755,1868.1662004670193,2139.95532616666,4572.783799429251,2585.682587759077,7928.306072833896,9787.093820599703,6663.094075156812
1847.510328053247,1407.676545832569,3334.008341146812,2237.9552825736578,4582.951517149926,2527.450172875383,8080.177287593607,10002.896582905507,6338.649658547687
1851.210139496572,1294.7784249492947,2109.174009521773,2180.2763597712424,4597.67859023879,2389.2271460528154,8017.984153359225,10283.319127368713,6179.12292972789
1873.9688594598474,1334.5561837507319,3712.429384543913,2099.0565858186355,4369.474999057957,2474.906090424331,8159.315754348805,10279.579901924462,6479.317863860469
1851.41713759712,1611.1604145509882,2756.8198884883655,2095.0042189873598,4412.650874240407,2707.6018918598575,7887.337561838911,10514.150475053006,6544.37347190561
1851.20082686205,1332.9660056420473,3148.8412636097587,2123.130499256302,4321.896956925059,2880.058429996902,7660.585111441597,10398.177272583298,6524.133961174431
1730.750598427934,1468.4011666129318,2674.66564207852,2126.954779105603,4210.856711289365,2919.442538047219,7535.827864891871,10362.138903230227,6203.2749940288995
1687.6208294406274,1237.52523595072,2322.961592312443,2243.4623056162936,4282.631808233036,2941.3757831015487,7459.2307513985625,10085.558049438056,6188.78032764753
1654.9563265440065,1261.1473119830132,2581.350000335133,2292.1875654257674,4436.046612017678,2869.0862536114055,7351.7846240241115,9971.583145314029,6517.320524022266
1668.4786469627304,1257.6100103097538,1997.573345565424,2322.88917605306,4643.073464121996,2872.4550800372995,7186.891305298819,9815.542934987996,6804.299983751989
1691.6816625802524,1331.5521794505519,2338.355285475756,2320.7348895279247,4696.2337890649715,2775.308557940632,7173.932338345498,9977.253113792352,6983.928996727005
1768.9640545795833,1392.6657858301132,2521.1178227212254,2220.4433005790293,4578.306560798695,2666.091151460687,7455.039678976191,10350.504974032934,6876.57101668126
1866.6819760995236,1320.017581909363,3103.533516685791,2174.8260644015836,4491.974961892532,2644.44767930459,7862.323975583009,10264.745474168309,6695.534281656618
1801.093726979042,1311.4372242608617,2625.6058339906135,2243.3294014535472,4561.2159747032065,2516.9268799355586,7780.1308314859925,10316.908648698894,6538.032476144106
1813.483737353083,1284.089350782207,3160.4445921294855,2196.9409162253337,4690.804025649474,2448.512193259857,7907.741424430501,10536.8578760877,6406.21833955718
1787.911588586045,1269.7706091838895,2970.2251225412415,2181.9657923660648,4318.800444635266,2435.8371365476733,7841.490448920836,10516.034062146364,6209.502269525253
1928.803702151808,1295.5444139867982,3204.2394319321243,2123.0280569554184,4279.844071935519,2447.672104914684,7809.5935176389075,10631.292402298915,6252.310768436656
1977.514271585233,1319.4242163172305,3478.364140814233,2078.3996673927436,4206.917596890678,2774.29487782393,7970.272623354229,10538.28999130275,6469.074032321645
1760.1568288361311,1282.0764761618934,2578.903807978283,2114.7060994401754,4289.680397086116,2937.2601622925376,7761.454211137561,10504.345838329999,6397.774279516839
1808.487730381641,1244.4930129984043,3079.6958758080473,2166.1802132197045,4290.094588088301,2940.288316063736,7582.176893500255,10374.012527343206,6188.649610491238
1707.50392481024,1229.4297755813868,2547.3814628229347,2311.874979311063,4252.334923352298,2995.6712380883114,7382.8917959726305,10336.664436773806,6139.49207566608
1686.583635929448,1258.6049711035748,2716.165972432371,2348.2584534261796,4517.366254729534,2951.103227208651,7444.423478992815,10310.867216224922,6216.889544333432
1751.976521988619,1350.3930047491613,3074.3308956224996,2288.168369618016,4325.058414875783,2877.189765924828,7136.031811506976,9990.519191409423,6417.333228197715
1760.6339374991908,1396.5429566313223,2685.9167437725278,2222.126594265787,4467.394483817587,2863.969043918573,7212.364836999447,9952.107780154032,6598.242446491001
1816.3866273033682,1300.2569144552288,2229.4902996286314,2297.731282140153,4430.507884555213,2717.187410281619,7359.913712915986,9931.45993555519,6598.736069595644
1799.8658178561125,1347.6171661584694,2145.9677886773425,2250.827060180295,4269.641256263117,2646.250907314988,7495.53642174866,10101.517018041412,6415.099923306616
1833.3108921068206,1358.6178351343306,2438.6989612589005,2251.4076879440295,4144.724832459857,2630.7309558642432,7594.314605822737,10414.76436969649,6309.462604154875
1906.0278141192462,1296.1296749898804,1919.4771354890509,2574.502937565434,4146.896073932889,2608.1251544505953,7789.138056297314,10382.943017993008,6457.477851466029
1877.3594599106177,1347.5073474155608,1987.6682700107285,2291.283425070259,4009.0497308280637,2684.832908291437,7810.85571438162,10717.066636279897,6135.416649438578
1824.1849649472022,1257.2129487959548,2106.0953595206406,2281.0909391246864,4056.296743502596,2662.8452465935216,7718.017881980502,10538.717193634593,6370.370893873618
1702.6899057866062,1218.036610598707,2102.356202090602,2146.2713673406397,3937.8690401716676,2890.845843861618,7639.016301464739,10627.629187723047,6777.82348022765
1860.8006451640472,1242.183227799384,2301.902598739104,2245.0738155567465,3838.6972221351048,3063.5332829283075,7508.672677651241,10548.448751328284,6495.570959225931
1712.426469542359,1221.2074070208746,2264.6677006948094,2254.370831087542,3805.2856667726855,3044.501595798488,7401.419792683622,10318.759011094215,6310.478456401425
1787.963889367721,1309.5945231352785,1975.6786602406248,2263.0598897071027,3921.330977774374,3108.383920825309,7265.121199238182,10144.537765369438,6217.320114659452
1793.7107305369923,1303.6829317960867,2331.214456657325,2187.919328554952,4013.1239975338285,3084.696447985993,7179.892052303331,10036.598355708584,6386.759653946462
1843.7377509221024,1413.0366760088443,1926.0875052158574,2174.2050224167924,4053.4063255323763,3016.8723711726693,6914.040786144774,9990.414848544666,6360.9176768423295
1768.5420946905747,1326.5490596058603,2256.5932228511783,2155.3201086724544,4034.096440816281,2979.4021373652026,6972.8988764119695,9884.552404100314,6434.762023473994
1776.402722769336,1317.9175331962608,2286.311032039636,2090.383515162721,4034.258103571582,2866.113162573652,7131.431507973257,9826.759689389304,6210.562616072433
1879.170530328171,1562.0924699206596,2044.0734482044916,2134.710730529544,3991.2880556579885,2906.9472968143764,7393.28218930896,9897.05091386811,6255.221408947183
1825.9484484976115,1367.775251428744,1902.3232826673818,2145.9640978153298,3881.197868911087,2768.534311277473,7481.811752705596,10112.476630192232,6127.667244904939
1810.323521480346,1531.3328381611905,1991.5087868947194,2076.98304297087,3835.334653326285,2774.5174147733023,7778.910003046412,10427.198901793947,6274.142640142257
1786.710632938448,1287.8142195518406,2073.4795668705724,1997.6215984306295,3770.602235722078,2711.6003178601754,7612.396669116259,10329.643020657506,6327.706691618382
1747.9346243668244,1286.4786922459218,2147.143976159987,2061.5905391547167,3767.794354035179,2732.7034269836386,7593.235691940096,10489.840059206592,6316.966705465854
1702.0587093229192,1287.7608547903171,2163.9161795430164,1990.5549136114594,3639.2228978054986,2999.0643027764977,7759.516909911757,10455.199764866209,6384.310521922391
1816.6655234888385,1222.6604852161195,2038.5247913721048,2077.491930626604,3494.3576396343738,3244.40448697823,7377.035267110843,10289.113412760751,6446.413181248814
1849.7030356017242,1251.0565832018642,2178.4473218667595,2352.668207332485,3682.7995334987563,3264.0022724181163,7349.011211494627,10175.878496602933,7548.257199927529
1864.184617538187,1328.5678362507624,2021.2976019018874,2108.0597665183036,3855.8674697585348,3257.980686161709,7215.794386034931,10066.203100715937,7764.766207293622
1979.9770688451906,1286.9648505174212,1860.913571238434,2030.2003876149408,3979.5608332728543,3197.786441464469,7067.93237227282,10040.77429492647,7159.519605593953
1880.0943165625742,1299.722530409495,1923.2284687355798,2053.887596093172,3846.223335783309,3165.723495320782,6841.000314202897,9791.131024073877,6317.180435299275
1857.2372819232571,1294.4177507809957,1950.6939512223546,1965.4142135650302,3824.431431890155,3078.6573973605164,6831.633873434291,9710.042019668754,6238.062414785063
1956.633300527468,1298.3360871784334,1857.333049142485,2027.6283714685503,3771.2608534375026,3021.345321200513,6953.7836286037955,9662.613631754564,6498.458542240531
1892.047321914187,1350.8644872387797,1924.4270624011085,1973.5750953513075,3670.166893233569,2898.8203086432068,7271.826631305605,9698.683193522262,6850.903749596064
1827.627801327774,1287.4845627156328,1983.714347281066,1953.4527796274106,3677.804078319659,2842.035610626884,7183.707663190822,9830.45523237712,6586.182912572626
1755.2061211356947,1212.249581091844,1947.4516730650648,1825.2698624735704,3596.4762192518415,2838.2071337949706,7390.651666924634,9981.224364997806,6254.745885213855
1744.3857435833027,1196.0230630111012,2007.527207961934,1800.1977022462356,3545.2503854384836,2778.5209856600377,7441.215467285369,9963.301285828169,6590.573871243458
1814.6826432222997,1194.6271632117948,2105.3332575485997,1852.8601095319996,3560.5943917924583,2899.483721330741,7372.7720923181605,9999.71525945218,6362.952742313892
1708.0219219600265,1230.4289505846568,2195.4118923103038,1976.3578611537232,3422.0860137816185,3109.0871606611627,7303.083747049318,10054.511884414711,6358.323729305576
1766.367826932703,1269.3993812465364,2196.0752410015903,1944.419968188166,3430.8851125253027,3336.0053529139986,7027.485843144328,9994.113880593697,6449.154218639145
2014.0104993337354,1280.2467803911256,2395.442804314179,1882.7512400165915,3589.0869273052103,3392.0531218026986,7013.566482338191,9881.234777240406,6286.017491115728
2022.8506783995408,1269.4183321772741,2172.9304054244376,1882.6144833104365,3811.231098468663,3426.877704123286,6920.601278954712,9885.02473497482,6123.943459491461
1939.5350580895995,1249.029197363041,2004.6028784243238,1933.2870846312721,3859.321113664686,3340.6982089171506,6668.421558498085,9598.232046943032,5966.828922429163
1835.0436096318474,1264.4167335221684,1888.057917878295,1823.7526540352683,3941.8004677443155,3241.901908979847,6508.38741053859,9447.890923822319,6167.668741025641
1799.9801032925236,1196.7593517431196,2023.843259871137,1931.1803093172916,3907.9126460056996,3271.233839521681,6537.726200622904,9275.856542976735,6444.94550006196
1821.9058381906216,1401.9627596615444,2100.123226026835,1793.6172835634654,3843.1717878685586,3104.2806106885328,6621.927106228853,9389.084586483976,6578.981089780023
1780.0753125655892,1279.3077541904868,2343.896579709836,1763.0335530156224,3831.960985839931,3077.667831308689,6808.294230988136,9336.392388256716,6560.012094531246
1739.350357024796,1213.2389771497492,2086.9040128618917,1736.082203983714,3818.475128106785,3124.3981678524215,7054.467481532695,9427.035277107945,6540.415378389337
1723.2638293075888,1200.7024967365514,2208.685059312242,1710.192801233781,3749.3259456512455,2962.974480527501,7182.67352916226,9437.100497643223,6325.704628014197
1698.8186910496654,1157.3857052325798,2133.6702539638773,1706.1030011776431,3794.107615880053,2927.042371424769,7065.360242745124,9657.757240905641,6121.523844576557
1722.4746824782128,1221.8853742250062,2048.3936804512464,1861.790037667537,3740.2822866168203,3050.0732325407644,7024.707848647748,9713.731135091373,6102.274494225958
1757.7616144757114,1427.3844327017123,2309.812293590327,1936.4081395109497,3641.4009544589153,3327.03241790033,7054.412397426909,9984.581137172503,6354.434916061351
1862.2630889137286,1384.869709893271,2009.8711462580393,1891.2796540840343,3692.493238907417,3486.364122221442,7030.156185703807,10019.78873392956,6540.78913587163
1854.8384629038285,1265.463592041811,2001.9447765758064,1843.0442523985143,3993.4872381086034,3541.4604776101696,6799.4445198402045,9967.421427394169,6150.038374907322
1920.6650931475353,1554.6863665517642,2157.3873043705908,1931.6952746462382,4154.941254684389,3547.0357798711216,6790.563800885817,10593.00605689707,6089.162220451492
1941.57105542942,1357.7501274251497,2103.2144616935193,2146.504988393378,4203.51714083474,3494.03276237297,6402.179247967633,10300.558598739564,6335.1762598794585
1845.0118159165775,1439.665748109008,2251.541326035719,1923.3628741650507,4108.547078135613,3369.316070676524,6268.197588505744,9982.78446797745,6776.833160128711
1917.5523159788581,1263.9137978827748,2227.5561336821597,2556.0025672461225,4115.189657343263,3306.6452427354043,6481.694109237099,10178.168381001302,6916.346751001427
1842.9910015819012,1192.1618347882031,2297.2761382267013,2147.8344256376818,4073.4109806303836,3225.202817595806,6517.798294557544,9470.676020836612,7165.92821153889
1748.3367237466139,1176.298237397361,2352.725077184421,1793.490803143894,3948.287102179928,3145.940907829075,6571.559195848505,9023.589817824764,6978.939308282506
1746.9429801650767,1134.0186189408626,2409.087930337865,1720.8534577664802,3998.282117920611,3126.6460418309334,6592.2411022768,9608.667425337639,6638.04143723797
1730.634286629234,1165.0842774690634,2395.3056160720603,1781.779703738474,3957.613897113745,3051.4902946612824,6700.836004854043,9934.600048765788,6333.100036477195
1742.626244423386,1295.9257065446739,2417.9632469520066,1795.0623660288616,3927.327647558631,3029.2013497688336,6779.976206520039,10178.08738687435,6230.411430469672
1882.3596766609942,1321.9071618034752,2316.436327354666,1879.1255562694987,3849.5444252626303,3232.7476192385834,6799.075959865885,10099.653453316256,5991.942994915616
1933.2177685853735,1400.0403500791124,2392.8089024172295,2167.706932556605,3795.4117877987155,3530.4985024902244,7112.181893529759,10056.23867222423,6070.9928246649215
1882.1637380154868,1240.3554283141993,2421.599978344637,1943.703196273305,3972.16417535281,3638.473908161119,6956.575645087903,9886.203625608156,6265.306285835192
1886.3591181304485,1368.8714961549047,2446.752013247408,1974.1608550864332,4088.779118435142,3624.118905217472,6666.747397533462,9889.260122235633,6120.740201050853
1938.317385942051,1231.5412720329755,2464.2549838250266,1967.6610203587045,4186.183273227262,3655.462068656716,6449.250875387515,9967.312320402221,6215.868317415331
1890.7823105510872,1178.5320330343877,2303.7839038432326,1987.4145873485418,4274.041018356717,3602.289742924343,6294.078599166188,9870.869811286382,6101.994328776337
1939.8130599134129,1227.3664267948568,2202.846622165215,1941.2477851788908,4230.492024233376,3514.8603171972977,6090.1552364597965,9777.505350450545,6346.06575752274
1814.4459579776578,1201.9017319094153,2358.5005235371646,2026.9444374332688,4187.196339269806,3438.3561013894,6096.11495330801,9669.19757164345,6662.312491835784
1741.2090889809501,1169.868960623554,2457.8176990962465,1912.0906206340308,4121.840713724477,3364.7001078314165,6458.6007447396605,9510.419429038953,6913.191755876476
1746.3254562899533,1130.6110888052015,2491.364328001726,1899.6554769576485,4060.112678118726,3323.840972845243,6606.485512588758,9582.092168528705,6688.206212395415
1692.8134846938517,1277.2864816919096,2618.8419561893343,2226.35601237546,4056.6878113796024,3274.182166757918,6770.4446773125355,9616.468956814959,6616.418148995565
1752.7251817869649,1312.319914592843,2905.1924916169337,2030.7912087074228,3994.3550100685097,3192.39154298685,6885.034642858389,9849.160228376413,6397.617923993523
1808.9230725168302,1201.3151026183816,3091.253944326644,2015.1792555298193,3905.2981903750747,3171.683748490959,6940.769434698521,10149.760508584757,6366.917470310196
1913.7284764933313,1247.2383551193209,2348.484023922392,1989.4881839505492,3886.907811433043,3351.5652708345174,6991.040049199984,10352.8178530057,6198.646057394852
1854.2624672329905,1252.8817997675774,2944.3677803540086,1974.366966326116,3859.548566962583,3581.7295738529024,6888.483433206823,10320.438719313466,6318.425722963214
1829.9469939600344,1230.4216885313015,2856.8113761198993,1954.9698502409103,4174.2307781472855,3889.8739806755025,6705.9393685633,10331.37660403896,6383.065174330907
1807.1210193510988,1300.3790118545817,2837.3634306936806,1939.4856197318163,4085.158757538238,3808.9108359947127,6513.8285903685655,10363.567603070422,6283.371526028662
1805.9016283264104,1186.0277521714345,2725.7778036630793,1926.6991951532611,4176.571726854787,3821.734167766053,6511.290067600184,10238.847250079581,6182.182438158722
1780.8836906079941,1287.394319571275,2808.484867394317,1996.7390652113097,4192.8238880530835,3708.949318127872,6305.265899356551,10239.330448986746,6136.786767620187
1898.0287544186688,1175.52477496703,2953.4692564623965,1921.464879782211,4190.60651170773,3663.425999650413,6223.087689401812,10007.178337578474,6323.390711687365
1889.9124588856807,1127.2007275110725,2516.9898549805703,1851.4058258952869,4148.329499032669,3558.6092437921016,6076.135145986569,9979.696840420287,6716.605768352283
1727.9879919813857,1169.3854624656253,2867.8228552575347,1855.2051804724626,4160.047208335633,3516.523146735414,6242.903374379755,10152.619942094252,6824.574577598697
1840.9674716610818,1350.0716333896175,2739.1022833424486,1857.5970432323813,3923.7557338474,3413.0483068220065,6494.923300452788,10286.559524486916,6787.978146396791
1853.8375086418196,1188.6103171547659,2725.961483093442,1838.1925865722742,3961.0110330598327,3382.9740054116737,6600.329793309012,10025.262127899114,6586.865109068729
1835.992419881525,1281.7255864701874,2446.162551279548,1899.2492389175093,3799.6403214275624,3277.686385712548,6625.696800655499,10210.44031530983,6450.505143295764
1898.8582435625297,1502.2449457726918,2804.1948665092145,2012.3161792308395,3864.5860295146294,3324.2978798585173,6762.602171369911,10281.626579768143,6446.927620041394
1845.5950744230804,1286.6749427149077,2802.1574035711806,1995.1354215580086,3688.0397316613303,3550.3413916621666,6606.036339540639,10489.584615860349,6289.38506623102
1852.399119813771,1303.591631152136,2339.8074915947036,2015.3530687149432,3889.798290195257,3758.6715028119024,6842.936093085228,10544.411758268085,6262.161169261797
1794.822991437427,1206.2345918795677,2657.0565013353375,1929.8590410657746,4222.279876956022,3774.7309328874267,6637.352905541304,10429.837855967773,6796.034989047313
1915.1133169232578,1218.8685724955908,3059.5551553949163,1947.8871297034943,4493.194046601038,3841.9283499175317,6446.805693324511,10612.944938167171,6476.581618991963
1791.0131683960917,1204.9531725160718,2867.27558136217,2060.0607620337037,4203.680498649255,3850.3009976722174,6384.975622073058,10486.680233040914,6324.769372853567
1731.5910035714335,1176.7581287348478,2619.967265991782,1973.6947951549166,4547.445707216563,3774.611210747474,6270.220466767903,10366.503770620944,6238.955074807615
1885.1522386701643,1152.1935447300632,2443.9711794443087,1942.9467219760832,4313.523303914054,3796.9187780524026,6076.263017383818,10338.136817452145,6169.88522778313
1727.5655274789854,1199.3733150236217,2441.060160722922,1823.7140733344029,4093.5532737325902,3632.0417614543767,6033.130062071732,10147.63643103848,6356.855703124928
1758.5073557290348,1166.3021857588392,2313.169002756284,1818.9821045494125,3966.468066782545,3606.5160218242,6072.944952525066,10025.282138721985,6622.668186296652
1812.4830224272034,1209.6776737366715,2637.264252982235,1803.489101331467,3889.6464937570004,3461.6378598083706,6219.238055068861,10158.561329502772,6556.5741619769615
1847.345908507677,1281.83400515654,2478.9479751037106,1890.0772207979123,3793.3246718532077,3372.061572186855,6459.235445074496,10271.533821755642,6434.368150067817
1794.4078012270863,1247.8470876951342,2290.6214395626,1866.7398338360583,3858.3292589220987,3320.5515897978707,6627.621454195661,10385.978708400336,6507.0902127937725
1797.533087707423,1242.3007882819268,2286.592910152798,1885.9591538359548,3787.1491550757955,3467.6407523983735,6698.276434361925,10473.15551548366,6638.093752689293
1836.4348576846792,1241.1622801828964,2425.6048905670264,1921.1950550544725,3545.102898247512,3612.016450690531,6663.498099939171,10595.911443266741,6383.242891820038
1812.3905051719896,1176.3519249185613,2216.3443581676906,1938.0210568123398,3658.7309573538505,3712.2716047677204,6723.448285813486,10674.821297902145,6546.866922436258
1768.429318749271,1294.8938229422367,2295.921045659913,1892.425654579763,3878.666443164517,3869.140979303869,6669.989301517855,10810.763442142315,7127.564411770709
1756.926136623632,1178.406499599304,2364.145624567433,1942.0236850026758,3924.2904783615,3938.3558805782136,6580.649695605867,10625.12076231123,6849.382110992856
1691.3761626739747,1170.8945224696422,2374.4833657722024,1865.2073853589045,3935.1907861086324,3848.6591779135942,6526.521972962388,10601.893129417876,6537.233348089334
1713.488865110391,1140.9953051737034,2551.129293862211,1833.2893692678397,3945.9809804916204,3848.452574661545,6528.005613171215,10648.728702866803,6475.958935695969
1636.3924528796524,1165.7153237264615,2849.6075487485805,1800.8809848980866,3838.6436661078587,3694.549202812843,6180.975039543884,10416.695133773768,6544.790167687877
1780.6530386299207,1178.2308710078967,2425.5269382580973,1905.4947143272116,3764.2052172883728,3606.20314650934,6079.783790230493,10250.908619925842,6508.1989233958975
1857.2145334087663,1255.6521735780282,2412.5745902048807,1750.7853742283223,3669.64596502862,3580.700231413689,6139.996199162707,10123.761485357441,6581.971549280348
1926.6858926507568,1286.9928164759272,2224.436926419952,1838.0340222255918,3623.076857553785,3502.534928144298,6411.927311003061,9992.451924244713,6570.642296896254
1824.2895786384206,1242.2430356418736,2408.0482198405584,1921.8764383299717,3604.388037008764,3386.3188381523987,6432.042968441946,10034.500232280538,6368.108140812452
1850.1939561803888,1248.6995742329618,2510.007661458805,2087.124358860529,3453.37089864172,3331.2593646099785,6733.89173017289,10278.262863690423,6631.3382972590225
1945.5478605747817,1209.6643378351075,2538.0176996492733,1943.1856384525606,3386.0732949479807,3331.538255184974,6812.438811320696,10396.465887922046,6554.615194963407
1795.3539882390382,1179.3078657590002,2180.1896069861973,1906.7611203737922,3387.40044963138,3506.320751916433,6925.741466262909,10614.406812771414,6421.916365115704
1708.9947549060785,1303.4317067918992,2238.5677954575226,1934.950489874528,3559.310597974292,3734.051482968923,6718.449844663257,10611.415144016268,6578.870798926495
1702.0635693919355,1148.509728833791,2271.833727546373,1976.7524850812047,3762.80011535698,3829.4864699301006,6805.335194689982,10589.69643398314,6839.856637727183
1671.7036824297038,1152.5363126006664,2266.252391933573,1863.435525778577,3785.872497023859,3877.433043752367,6691.20513838504,10647.276372825203,6718.223273401693
1711.088885777098,1260.3664826696895,2437.741219396357,1934.2656220098952,3724.1106441384413,3818.132623864917,6626.758297214833,10450.360820125916,7960.542939061433
1712.549739932373,1193.141277311169,2218.1648769823883,1812.6393807595655,3676.430582579559,3771.886672140648,6464.330628819133,10306.032783534918,8154.526826811283
1882.4840318809336,1223.6247828451276,2244.5295818465256,1743.4986105936139,3574.993785448114,3654.069729023485,6318.754387923095,10207.575443561556,7355.872604048636
2000.9865411195913,1453.064198957166,2753.208044358249,1770.9609990235033,3525.5281336154767,3604.9522152285554,6166.551594166732,10048.522177159964,6514.908723810216
1905.1383928514836,1409.2398202488482,3443.4486007098017,1796.422665230188,3605.220782229402,3477.905471814057,6214.793973245882,9859.97447718886,6497.938372156914
1809.878630883939,1352.0063627173972,3221.7128791380223,1841.5016609643758,3529.1905606247983,3358.66941159237,6428.397585749915,9871.420865211207,6644.2742800954875
1927.4391559376506,1246.8335418665981,2593.097989974862,1934.913511033494,3575.3847813934763,3286.8909127193006,6662.856953068298,9989.09168071059,6973.864516162897
1755.6158860984394,1219.06112850083,3016.267985447515,1903.8310236788163,3586.672050087538,3226.9495368697985,6809.548724607307,9885.370605672928,6798.152161727815
1741.9352689132436,1186.427363293674,2295.9115122545627,1913.3684120530645,3486.118127528616,3302.496054663237,6921.038176742797,10043.830255481864,6437.856435929021
1721.4949715623072,1307.924621898511,2435.335914261667,2023.9286668828809,3527.1901768336156,3502.720498120487,6946.915416099397,10019.823667999326,6647.585555735901
1719.4821848620152,1261.2233914479252,2084.563044581375,1862.5903843411074,3804.864888949271,3727.4712626423984,7057.676447925503,10127.73497537525,6513.305964070127
1655.3985450509476,1200.0893136694463,2176.0043078905705,1963.0500680184382,3929.627113506406,3842.011927831392,6951.055541826531,10141.100195789913,6591.610051148395
1647.4421243939655,1165.0185900697038,2281.5721133636234,1879.0165916635817,4061.6753462675983,3869.0897271258877,6888.63689601058,10173.040943534214,6629.655170003646
1790.6376825491755,1153.8546559550714,2150.209622601351,1862.3521809428341,4272.0067005793735,3818.0869417613844,6866.166948915921,10085.363503601688,6316.907464049863
1801.2452418934959,1191.2731727646046,2085.5572606207575,1793.5591469675576,4251.698491026927,3731.0358122890443,6746.528195086965,9987.61653151928,6249.194803901741
1809.3344662917052,1246.720760508505,2191.824482177563,1960.342424217913,4194.822551234546,3624.54049417551,6559.790041887868,9935.293661135092,6205.254907502811
1787.0511767359305,1373.6237109409533,2058.3613789360684,2001.5790321674885,4176.241247621729,3505.327495303686,6499.969778860121,9602.099819061128,6377.104607921259
1806.6851263635372,1235.0040773391893,1928.2508603632177,1943.9274218337837,4246.389362434285,3572.007257728059,6382.421917735576,9619.572479582564,6699.801236723156
1810.8757856296197,1218.3645414614664,1873.593681166617,2378.574159445309,4240.456175239359,3446.061198041571,6539.700025888239,9449.359624722005,6953.593272613735
1821.9332771621048,1275.990362249278,1977.8091407141815,2095.7288268655357,4233.651726737611,3360.961297170747,6712.022359011502,9548.678031489671,6797.419220750143
1859.5687994889345,1244.36588604085,1895.8103177846351,2048.2234089438944,4094.0248174770586,3222.6418971829444,6893.789972643646,9573.87599226338,6790.962717279242
1845.3070654701091,1285.8872404890983,1990.7960729742933,2098.658449031825,4101.752833176046,3299.678075552135,6979.78529233423,9609.957705847522,6504.715368747873
1757.1638653938983,1179.8932438120953,2022.1206372272413,2034.1710963864655,4223.600226585054,3507.1071202974476,6945.019405877361,9925.91270489333,6324.2042899806875
1811.9736012911121,1141.3709321799877,1816.393406744634,1879.3913034355974,4623.176081499335,3692.6318628802646,7048.890009961887,9931.38053628989,6159.1796457683495
1654.352749873291,1238.9103551442588,1898.9256147225215,2016.1016377214164,4707.204479178324,3813.194657004593,6954.224077143201,10066.708167433892,6454.880053003058
1696.4322295793536,1208.017760413066,1867.9509975798046,1974.0601322060209,4670.999093643784,3884.4364239562797,6828.450031656556,10137.596387736037,6550.671569825257
1800.5895283004286,1301.715445835579,1868.0496618819936,1880.4201184213644,4757.242768921787,3746.373519246649,6761.038666602329,10625.41874058611,6161.563558288407
1813.586382974421,1259.720871374023,1997.6424337028586,1882.0678988630168,4620.341681045065,3668.668986734272,6520.684960663308,10140.492179211033,6148.090313396484
1852.2889562433452,1292.0595579022174,1872.6146153590037,2015.214037218701,4525.425977917381,3602.8942758674325,6410.508554383018,10146.024504937282,6549.125727119131
1825.5467798893267,1235.3464650866993,2188.2823350843987,1933.61360834263,4540.0124100161465,3477.075205818025,6260.032137097375,10270.007620068573,6761.391442623703
1793.9599620757176,1326.058854290734,2610.1218211869696,2139.888337434845,4518.343496836191,3393.6278763826977,6482.920054909956,9603.221301634416,6948.037445786764
1857.7330986289242,1374.235181304969,2311.707133835322,2042.5802560693307,4579.694234669819,3363.0985491830675,6642.146170361358,9041.36996484723,7210.7093443589065
1834.6943878696381,1209.147524129513,2287.7504301036906,2046.1994857826292,4456.4906350035635,3274.4578540737766,6521.857663075164,9586.751411247275,6906.796364102638
1738.332186326884,1214.036917959095,2075.6014096724257,2012.50367394056,4370.0357970622945,3189.228995790327,6653.713065807482,9851.417416468914,6666.388989971745
1661.6905426586284,1396.273016383209,2216.9474479427067,2049.5684517639597,4406.536710552547,3280.786852458725,6958.459103472865,10042.313542879596,6488.585022379716
1657.0052245820305,1199.2119632172896,2058.9710273907176,1986.2471582315768,4539.737977553502,3452.594922595225,7002.109232365212,10098.196649466972,6285.123272783882
1628.5149157149922,1207.7290490918554,2539.626530640121,2074.889139158234,5072.8395425209,3717.7505966619456,7080.274601780539,10011.989249461265,6128.9164268315835
1729.4280381315205,1586.2547973237447,2040.06273574902,1908.3263158386692,5051.446995776266,3794.3411926341846,7046.285402039184,10159.80771314335,6204.570507959835
1822.4566975904527,1286.4053158711854,1993.4581755683816,1912.4546202715285,4716.234829567788,3794.1626082244775,6899.249502556223,10025.57053858665,6367.485998185052
1864.5243648705812,1412.8328555231749,1988.5959303279774,1974.6027299498335,4833.822488891029,3681.3342823435823,6788.004270028219,10157.948022736397,6343.147235732492
1800.4310611261553,1412.4825519543786,1958.922439445939,1935.8394031296987,4836.453370395761,3652.8581037986596,6557.181196222397,9915.061761849734,6198.0275870650175
1788.4759208144105,1336.1873254082295,1957.5679835860549,2018.5685244485355,4889.866456992658,3527.281066584016,6399.597243266941,10068.577696732913,6103.58818695048
1761.3563047044058,1254.478629729305,1818.977180887883,2036.455971393029,4538.2634782400755,3451.5020134286865,6255.796618697129,9819.059704753052,6437.78988732642
1811.3103435240685,1242.158471039361,1652.5455521022113,2073.0379332032517,4533.5098624662805,3313.0207963815587,6399.440067933711,9734.199851070694,6829.786074418588
1750.1848944093183,1235.9243561724481,1741.690798791385,2033.453025896456,4366.905799365873,3199.904652286941,6833.238441139011,9601.666140836429,6950.416120277233
1718.2988797522307,1340.1996988479282,1855.3522965343732,2014.8048878382597,4339.977468810868,3152.5093620015145,6800.746602376369,9514.478025407383,6912.5269841346735
1657.8498322274895,1172.6567248287658,2007.9297176713603,1985.0011623735938,4176.317510393689,3076.545144613937,6949.737025396252,9593.269906889851,6706.3671422775715
1668.3492722760468,1234.3572541731153,1914.9289591178288,1977.9079923487077,4268.675411737644,3144.274411657041,7154.534540948719,9896.834288160559,6466.941351604568
1670.1579869835657,1315.0973858968898,2055.7617418738278,1993.013773444369,4600.402812057331,3311.989488008861,7336.061752074153,10228.793244305203,6318.32818025612
1825.4169733918707,1233.2325679648088,2145.7991347597276,1965.2645915201567,4685.859524140065,3501.5800130198927,7129.285425163513,10356.98078656289,6178.387894212116
1850.4827508642577,1334.3791409057037,2013.0648173224429,1900.049232506476,4695.919757065195,3583.6972817014616,7028.396742273694,10467.924529626831,6366.715798659197
1864.5815414033675,1305.963553975059,2228.631901588139,1917.2022677717355,4569.760363054006,3633.1267484005484,6891.621564331023,10516.662322687012,6415.986290044455
1900.3475689217084,1262.6980181244626,1971.8736711917395,1913.8620069056576,4479.337109855841,3562.151478960202,6828.661770834035,10418.002001321773,6489.782147926631
1760.4969962955693,1258.489798636691,1869.8427016883393,1946.4950000142073,4580.659800175828,3415.6267214647664,6698.455814719569,10264.485385680482,6376.02359091979
1731.0265193358407,1250.2835499214996,1757.6033534769986,1986.6268688733448,4468.814671640345,3327.02757011107,6491.646001553562,10124.779950884717,6194.302348671567
1859.324927323983,1212.0178618972311,1788.8718438752742,2063.4518413938176,4276.891368962611,3238.8643689081973,6319.177527045205,10150.46765687013,6195.883763636184
1754.6740864553349,1322.2994340593496,1775.5791701553087,2094.8217984259036,4324.443642254871,3108.105690159737,6382.943749105471,10056.063757374504,6583.540442100029
1669.7865728780096,1204.2295569687558,1918.8532676286632,2124.572240650489,4294.444076017389,3062.614113382399,6589.863596596813,10040.172172691977,6684.481361977143
1868.9401859433556,1213.6060194189013,2058.4293780207568,2051.5845462920774,4077.3729679923167,2986.5447227496393,6746.961139281742,9970.942188186513,6701.315782969782
1675.5698331570009,1211.4853777394885,1857.692642872267,1936.5124396549115,4028.053391884517,2874.807775993621,6816.6628019895525,9949.553719586791,6676.682601939813
1760.0996430572527,1190.919195220724,1902.347733852601,2057.340041646294,4221.785451948361,3005.1643309210012,7048.769912691119,10011.909107533234,6492.610393784359
1742.8863763447239,1192.4348775630958,2069.246324895346,1914.8942669042829,4346.821714961003,3251.218234186335,6947.966318112029,10337.209158192669,6579.886381975159
1788.0064663722883,1279.7120690788156,1934.0226838876602,1930.1052809067444,4415.153918730086,3394.1430586518436,6973.157872866543,10489.889873834762,6346.713472973732
1774.3324677672035,1376.487910884619,2029.9588611550853,1871.1962865762234,4540.318496184838,3411.3633215271093,7068.168160545659,10594.398989120806,6432.084283901082
1766.5866482175556,1247.813911572501,1897.172124366348,1874.1112585075296,4609.622527544476,3404.5335868733764,6958.6058545383885,10749.6425801093,6866.369323491983
1744.815428067514,1256.0297176208865,1844.7692337198582,1908.3263103426066,4266.872702959736,3378.036316417452,6709.32170063718,10622.241995505105,6703.472671200158
1712.6738438490893,1235.754532363479,1792.667574660326,1965.9544188142222,4249.717053733309,3327.2631698276487,6712.292605841212,10619.171785405691,6502.97410767396
1721.5597179813192,1260.632202015054,1885.2504708589308,2110.4519146492617,4182.303231055933,3203.9576379913506,6549.377555894867,10431.026115452929,6530.737508417066
1684.3040193281713,1415.856429981034,1988.4315475562628,1994.0840666803222,3907.0490393569758,3119.6907373273907,6385.321127536023,10335.688072825369,6407.313591238187
1629.0107099254367,1228.864020594748,2206.8832277337046,2015.5939768582216,3874.6827199592153,3195.853236492376,6356.595806245008,10118.53151949733,6390.4209225108
1631.5555688779205,1213.8322051396574,2275.9230733789104,1945.8062655790172,3786.5396813741486,3005.240938617049,6378.566742776471,10015.967115299165,6592.002847945561
1603.9982182041947,1511.1056997688565,1912.7947021161538,1918.7851581961718,3625.2726470505836,2925.5386822912174,6580.922851821659,10023.964987069032,6721.716826556252
1676.7395121631255,1248.1278291342448,2266.4140717367927,2004.6564055431536,3587.749906810018,2883.9556998025128,6839.575158132991,10092.846347172219,6523.198363990844
1727.5897713465913,1400.3448955456347,2212.8296997606276,1932.7960751093694,3820.1522192560046,3098.9788735648044,6958.462629314823,10179.321509002562,6541.92421053718
1753.3897058084049,1314.076049098358,1945.218564197646,1872.9323505489824,3929.2946169194825,3304.48881372878,7089.491261666463,10499.963906831967,6955.010723107797
1706.8558287186327,1352.9629666865962,1944.7285287739107,1845.2377097352162,3941.1812471261005,3354.260399889496,6972.076777102933,10556.311233457405,6544.743066849557
1735.8239577314466,1241.2186805469141,1945.0114571276124,1817.081957354419,3862.696680504895,3601.3155108383794,6932.290897938239,10609.80652703045,6731.960785542352
1901.9449367689492,1226.9401619679588,1852.715531689002,1828.791582865952,3801.4101469403477,3497.2707987322997,6745.367084608896,10717.18709140649,7373.737089225401
1825.7926796053248,1201.614294491452,1854.802994072674,1884.173758811852,3756.0294662765637,3433.557658817338,6905.52565091484,10617.485808372243,7139.68759891303
1800.93602400804,1231.35406281775,1801.6845944280844,2141.756811387892,3690.065769768107,3356.511382262383,6785.547448860216,10596.103885493932,6761.506756451393
1812.86707879754,1288.7503225801677,1926.2834986899534,1987.6961359328507,3617.2983912617697,3273.9828210419973,6492.201398101869,10423.760907590451,6673.00019020296
1645.8851122846918,1262.4115138492598,1874.3325391410551,1962.2693668455024,3505.5392096651285,3200.837141461942,6415.806424151239,10382.552242155145,6799.724371815388
1677.493438830004,1202.9188352679714,1892.978050668606,2101.3179407842545,3417.924130832432,3198.9161014240926,6323.68896934568,10300.836540352608,6900.8173353088905
1697.079049536065,1164.2373294397883,1867.6871480131854,2129.7960806369542,3414.4012378090456,3111.8629503665416,6363.585922882604,10043.040102286112,6946.251295653725
1805.2035806880724,1158.1867139542885,1877.1672566071609,1976.1660871169286,3333.894625906903,3035.0079860586097,6577.404645955206,9953.77781087584,6879.548430200019
1843.7659824560108,1188.506529999076,1954.4041365803907,1947.962750573764,3454.6402261569624,3064.7755996806377,6766.231762390333,9968.381068882316,6606.080519570396
1852.869793370377,1236.172150003108,1852.782963855868,1897.112049288948,3614.4203611010685,3131.7559973406997,6951.993001433589,10141.491172156066,6638.1608042987755
1800.9338711765558,1309.8630939255959,2120.4988337589175,1882.0900557918899,3787.46592804248,3373.4899902146667,7133.156540437172,10267.523600585058,6622.5192123922225
1810.9431638571682,1214.7273230040241,1886.702210656657,1964.5924071627508,3790.0019102045662,3611.712650267192,7095.492524017549,10352.77996745729,6934.364028960126
1890.6640676850861,1219.5629380401676,1841.6979135232841,1867.5850715095632,3912.8695500447197,3657.6973741840384,7096.5826550034335,10522.84230638188,7362.152885582111
1696.9298640341435,1191.975653579261,1847.5633749117815,2055.1676478159497,3834.5782484767565,3630.6651998346633,6888.3257759775615,10403.953272249999,7008.299807564501
1749.1987395382491,1245.9878119646164,1987.1068419136798,2050.113694522574,3775.6529525009964,3590.8564586608777,6819.580995516826,10538.312226943093,9097.166321962137
1710.2266334475637,1284.7476587881383,1867.558242554821,2049.0110415481936,3747.9093692522456,3499.23726740794,6829.769383788423,10611.424237718758,8961.58663354811
1652.3699304863512,1212.7023790284022,1795.200565571152,1998.8945194090797,3780.0079810245165,3427.922406984609,6589.210300379919,10448.724690734014,7688.740926183428
1649.591631730766,1143.68900442453,1844.8536598950855,1955.7309463245288,3810.5381550719303,3342.138586638126,6438.936500576905,10368.117609899282,6869.34727469043
1880.5177969790416,1153.261137557538,1779.705745612756,1977.4566467238055,3758.325578475269,3270.2921413419062,6320.217229272064,10234.553672668406,6770.025482168375
1915.9297565245645,1160.8635265250143,1833.3604390983958,2017.0115491544018,3643.0861910885865,3250.6165748377384,6480.666232025664,10015.148065831283,6919.475409605962
1738.177480962484,1179.7143807680088,1764.5952707288402,1947.902976352853,3701.0444947647447,3158.2388335991195,6669.6047205817795,9895.218353584994,6883.288188313733
1865.8064754452864,1236.9684253759544,1823.4447661123118,1888.7844371761903,3831.168981570559,3154.4272793271707,6778.591268773415,9947.463210666336,6875.853631981303
1824.540505672019,1332.690804182712,1912.407357228479,1844.4421989796112,4078.5246159019366,3282.168391306144,6907.106116609034,10043.56739341304,6814.27916630845
1758.1306730807976,1196.8711561416183,1885.9868291141029,1865.6047969702242,4261.347937125504,3584.7558545884926,6983.672918426341,10036.846525946363,6911.196852434462
1751.4061501807469,1233.3501489104463,1845.9581625370463,1854.939145730982,4212.275270309977,3697.4570128330984,7134.455524391309,10158.74866175472,7016.921458480967
1748.3813658554163,1335.8125811209995,1786.5217026045243,1982.18568587541,4266.690866557947,3772.6329377555885,7000.526360995562,10242.6854248957,6784.921582617096
1709.729359914427,1282.8382882139276,1623.567449984823,1995.2385252475674,4093.8491813108044,3894.2697428666343,6878.443769075301,10261.656072530337,6848.35474332504
1694.151439740327,1231.731295997355,1720.2091368394133,2087.342583066813,4210.000643199213,3753.9487406488797,6770.567271807147,10346.276102208705,6933.635035949735
1796.0209921727712,1403.7874782918186,1861.8105582165338,1985.62831818583,4228.666186233656,3660.767905317307,6712.4684184838925,10325.204057290188,6945.313178539047
1869.7238782487477,1199.6297282308099,2162.3840488041337,1992.4252309044343,4199.377560769272,3614.2511891889017,6588.275821680999,10129.799319648344,6873.144112601993
1715.600619466247,1207.3664772764262,1835.3262521597308,2084.4795640128423,4125.333089916075,3506.240813160521,6339.561235591829,10267.33197554057,6713.649740924976
1831.20211470929,1184.0398771598766,1852.517819295188,1980.445130260571,4008.234728336342,3533.746521676498,6196.669261980422,10040.476134761455,6648.797804621645
1901.7712060288668,1234.7917460598321,1870.135060940923,2017.3971538540009,3819.163300154306,3333.62522270398,6316.783097051747,9885.461905288264,6909.739977150564
1917.843157146867,1223.5018433995244,2026.435787861643,1973.4461998001184,3914.5088415343753,3236.8311396544877,6493.071807549476,9787.171148203819,7017.522188380692
1812.7465778212797,1277.1010457140533,1955.0553732314095,1945.2095316964046,4101.530467579236,3289.2526201599644,6646.550505290441,9853.514931045205,7060.857765259175
1786.58129183966,1210.1609248479233,1854.025950741021,1916.2978141706797,4252.389239040113,3425.5664533148147,6765.180477353283,9852.32012672856,7028.071526041096
1892.0508951785746,1279.4397738620592,1827.7918043026152,1929.0731075206288,4363.893859649214,3665.2481707784714,6866.476193232627,9824.930012030272,6815.850674521405
1844.9254139660775,1206.1452030384607,1823.8478069964833,2178.272017978484,4374.676427456651,3867.3354729243274,6849.11898260132,10100.97172047299,6709.839953319916
1830.4970461537982,1242.6302173943552,1902.4787115278987,2181.997891159662,4343.378411865607,3843.7085828890545,6786.258548925954,10333.577807127856,6623.5578176752115
1743.8662733540784,1190.4456461867474,1841.658052888203,2172.7844691619653,4274.9421737404255,3856.470935565744,6793.78767844648,10445.686399711802,6886.41099738321
1656.8633683694798,1182.8663166186054,1961.3649068486304,2187.16167233364,4194.852873218489,3804.99814229924,6610.354692633219,11218.40197302019,6916.178215730801
1664.3019356860984,1152.8228791941133,2100.0778998857136,2235.065406543458,4228.792271090884,3661.443002563728,6611.805593483967,10985.432107620647,6737.705441402102
1768.9456149314474,1114.0089988179268,1999.4921954656118,2361.6093453379012,4123.1948501093875,3560.2745870553817,6434.6193880244455,10545.351995126444,6685.701641820418
1831.752601675309,1334.803460737096,1978.8198010214978,2467.0821035684903,4048.350275684162,3470.1113237927316,6378.425084214406,10713.062190516555,6495.16838316042
1834.8835363576366,1326.0752846840955,1980.8736455615574,2837.461237700612,3965.267546166333,3421.688782041071,6258.336375826565,10157.843202097836,6924.921399725173
1810.535700524461,1307.912788481949,2077.723266772461,2198.413914804443,3980.114455314559,3344.3298024267046,6278.367056386013,9589.045139589825,7355.802030784939
1811.6876187255896,1239.8423240152767,2110.476886697999,2165.9720643103665,4122.865576358127,3207.922135503122,6434.137218731891,9653.734610529415,7263.90473875972
1788.2981148283054,1249.0570770600182,1982.1476721800268,2086.0229124356515,4296.587560091027,3223.2844453667417,6562.309245203081,10158.649708896497,7350.755347183782
1740.1930088166143,1198.3467541600814,1908.2959320414868,2112.3415664078616,4324.257423686411,3385.6422844910444,6728.879206415179,10462.566021716939,7137.159717918493
1738.855815535242,1260.9500112443382,2077.5363633570855,2080.0903279566146,4393.813868784305,3631.3187297763156,6955.754852526351,10227.350612183756,6895.35342124629
1705.630718615029,1197.4450944735897,1883.9538337898402,2218.7656586315666,4416.718602402686,3855.5108829989817,7126.312638204971,10267.993859607172,6705.097624804298
1678.6707613625372,1288.3710828447797,2052.230560583079,2359.5032298250244,4269.691188304187,3846.1062929327436,6928.60282311807,10330.576212295928,6633.863738721025
1638.278824292587,1336.3673099327702,2363.6405284623793,2219.870227156323,4234.131590754674,3780.4431776959977,6972.465886579822,10433.210445597097,6652.4387356048865
1673.1700697552462,1372.347878077922,2164.017277719627,2309.4120875961435,4246.860011372094,3695.83509828839,6953.30381681797,10490.159847771165,6824.4689292729645
1757.9514528471022,1133.5563696189329,2229.2722859284304,2245.0741087288466,4245.321368413309,3572.1306222174985,6630.087283010878,10594.345889449589,6955.391729596296
1824.1781039153132,1176.7045478132986,2374.1757438977656,2180.9533960889307,4218.886558837975,3526.004117703106,6531.4764553273435,10514.006328283305,6715.7907266746015
1889.980111046419,1211.8029382114,2466.0623323197137,2260.1844780465613,4072.705856823362,3401.3717544461097,6365.371242677264,10267.19750934422,6596.595533305648
1929.846743072484,1232.2417716827656,2127.8643473522484,2239.803224177174,4029.9099853547195,3341.5278917230594,6392.489561219759,10300.969363923674,6696.331239463544
1836.2043874269016,1212.9727463123388,2173.6567961561364,2191.9155824579075,3976.838675092765,3242.344712892546,6623.464934260114,10030.301008583367,6914.187598645845
1818.4027441983815,1428.3210831399713,2014.8666251067687,2168.92505640726,4223.201985808738,3170.964417925573,6829.900381023849,9973.169921792207,7151.344193660815
1941.6836898887093,1281.6988645572326,2010.813158584384,2156.7067711855216,4336.086091963347,3160.9583968865386,6954.74260828141,9817.774863533497,7088.914423723525
1765.4784126829725,1226.8059178883889,2129.0411929304223,2305.1101661641114,4430.518646906733,3310.7763784667304,7310.925648565704,9958.139653361317,7008.2197403375285
1697.4177204790021,1479.3720250799588,1999.3887964456758,2297.9036317899568,4363.669350641174,3555.528397079098,7423.027612866084,10221.135111201189,6794.691555949419
1871.4463142472614,1226.2703901488167,2160.8761916985923,2290.455914532362,4350.908700208534,3704.9121897967975,7288.662062740326,10440.54572870123,6730.5302371162825
1702.2665693783638,1231.4665846433008,2286.0061493960543,2322.437607119317,4288.452672912582,3699.7477712835753,7328.279800768694,10596.440721601524,6678.2971251135095
1737.2963483523354,1260.9473256736114,2241.899973256293,2524.792454649151,4179.069929310841,3715.6460893788185,7072.559602666656,10703.647743752432,6603.5733878755655
1772.2646141424889,1121.6250545595324,2114.8057676776193,2472.2205769105817,4198.585487894868,3583.9995301302383,7143.302805207227,10671.56605453032,6728.610649309269
1807.1668706266205,1187.1857162697936,2183.6913457547857,2350.8846315273317,4104.109288853454,3542.5550865409614,7051.53752506878,10745.217545132888,6942.158330340615
1778.4076085359598,1261.362262959666,2123.5334414689446,2714.8443775438727,4023.4033697162968,3383.1456571379754,6881.526190198585,10837.131172441019,6850.901982606659
1787.1043898947282,1278.9481601450157,2026.6791025912237,2449.7681402908565,4025.280898372015,3323.7056352397735,6658.085419461369,10736.332987608625,6637.05489065924
1788.939621112565,1186.828547473422,2160.1087536270593,2445.3082632325995,4013.3381341503623,3287.5062156309095,6675.335805367827,10594.896782053123,6641.596629907558
1752.9890607492216,1203.793958980329,2099.7903252739643,2326.4907149463406,4081.4471020778224,3159.9339581719996,6776.452365138662,10605.882431686798,6839.318347614619
1812.160417803644,1169.6848596171337,2002.239722125685,2259.358704465286,4386.587225625114,3110.3269204122807,6987.876297437836,10348.729929214831,7195.702066961344
1740.1385647412137,1179.489113616032,1967.25526255353,2225.395516342153,4372.022263014998,3073.472463630048,6998.093584798108,10260.591440458866,7171.267139701481
1680.004262134625,1265.229527691429,2047.0991517846205,2324.5720518801263,4486.196264039555,3344.621333514462,7182.114628665467,10126.153166113703,7012.517904060626
1643.962549515017,1167.277974392093,2079.1441458693753,2347.4291526890597,4333.545023925303,3541.163403046914,7246.828774392337,10429.84412114255,6860.560251049688
1611.6389591170437,1137.3467523538836,2228.90722560913,2468.0585951106405,4205.447552650902,3635.4632961068237,7444.030018306283,10591.267006204243,7092.328080640126
1676.4406897370948,1139.7188870230323,2229.0403997756985,2335.113375555956,4187.70877054949,3625.8122168758373,7594.586659447405,10660.41659432742,6784.088839561672
1748.4760901468212,1162.509147395916,2155.5436431527482,2372.600944100374,4416.547799069768,3609.5423786406654,7567.075279968364,10987.464496094466,6537.87720172621
1820.8144363036536,1191.6901673674136,2164.0242870081893,2346.8071208773285,4067.809601478953,3485.0842550953976,7354.3043931355605,10901.957139187962,6892.341890600262
1770.6702469554007,1321.7489193903516,2146.1840251238627,2326.289945108359,4339.833600917,3491.628360645051,7241.954810122703,11096.308663306228,7146.242725358765
1793.8257651922881,1306.6536665808212,2030.289460930519,2290.098069018265,4444.738565143614,3380.691218135728,7134.52612828366,11032.923650512035,6920.501483670605
1771.1852670054618,1209.3117206636857,2085.292470938167,2282.4493045055674,3952.5468325956294,3286.5595221078197,7003.530267758821,10724.934431755133,6681.72497836845
1716.5163137072104,1187.8932661554181,2036.8913537606838,2227.155270150675,3860.0731939752636,3180.758748201765,6731.7227819671325,10670.534650312968,6639.62104397327
1817.2350919824855,1185.580258843132,2002.8691154610422,2168.5490380781675,4006.4342710707315,3109.1374378955393,6802.128230335339,10551.549633499057,6774.237336278358
1811.148278433071,1214.5811095548313,1957.591968331601,2216.9476786515806,4160.839271142655,3010.522954806446,6848.910182450464,10340.224416033301,6924.660997383954
1664.7532252852104,1242.0951814752025,1956.7523351321004,2266.445480541217,4171.953043880582,3048.411761377727,7110.9448019012225,10392.979061292044,6908.195685024093
1686.674986763357,1168.2825182059928,2190.286204818393,2343.410721544543,4341.561663971514,3312.129506080127,7442.004635902627,10327.456080054855,6796.43038954078
1826.906822854812,1147.7095405548696,2112.70211451684,2427.220354082788,4176.219459911623,3559.0097835626075,7574.7102522222085,10392.868937286888,6753.182356046664
1742.7003588955913,1149.4143228509752,2103.81918928654,2346.889855452811,4107.113044759973,3554.90321445863,7611.6722650308575,10694.59307218238,6949.358985345439
1738.2896297063594,1171.1678808943586,2095.8423020739456,2265.201808487895,4124.749095103568,3647.1471535681862,7567.733272856968,10799.882720854184,6836.892957820179
1912.4831136709445,1185.5621041883242,2084.420165690019,2239.7633518375965,3989.1657963628586,3616.8274216207797,7688.170483353385,10936.947945295304,6923.589187268871
1857.0890272938086,1243.807951392997,2042.29957929778,2250.2054783055983,3832.72403096748,3519.904631163077,7549.396195407429,11037.413519213274,7435.244147251567
1825.290901284685,1390.5593272954825,1962.2761682173214,2292.796073249121,4231.290110042267,3483.4148534904484,7319.712515914647,11010.221895151506,7228.109999531263
1796.5892630756744,1258.9678216990271,2265.976693761656,2308.3116252514683,3782.7807554537176,3316.0020027013607,7133.7037222559375,10866.15512333762,6956.319371274477
1753.1256430112853,1290.281959639316,2068.9569137103717,2114.8934420130317,3688.325534703345,3242.7623252410767,7038.718095704297,10796.780113978315,6823.41835106377
1681.1535217080088,1510.2291634740393,2008.3359551587907,2130.1489726942627,3576.0282678346684,3158.6180314897924,7033.132466003768,10614.864801877651,6890.257835662267
1658.3691923453373,1344.9826934147811,2305.516596683523,2130.1718673684754,3697.6999214246325,3145.379449444748,6906.4782381050545,10499.111603726493,6921.120020329059
1656.2486773978992,1314.5497792930778,2013.6770749607108,2118.2067870784977,3892.2128065096194,2989.261081936846,7040.490350541774,10517.067928066734,6870.864376577461
1612.835926486492,1182.00881646402,2495.749981303466,2178.276677444599,3896.832841857998,3002.9077558494337,7315.960245043826,10293.3018517419,6996.51581852442
1658.6843463090777,1140.0892764702867,2214.6214625798843,2182.6700738698237,3813.653498730895,3221.523402027725,7377.6339234958305,10227.546571842024,6822.197729725701
1790.6846690244329,1205.1394782060486,2009.1797728256913,2222.9299017053413,3731.514863644696,3398.652604544443,7475.3611650087205,10340.381838468209,6747.142690200426
1840.2739650969265,1161.5040709954646,2019.0937170382956,2206.0794247224185,3634.5137673759446,3560.5198754806825,7699.976072851111,10523.343973492358,6737.212542109379
1812.141492102825,1259.999248344011,1940.1122907049737,2098.213413761268,3607.0707433023,3624.4839059197298,7727.800719718423,10727.4547751471,6738.016176893181
1760.3712975993853,1270.8754936580979,1922.524210909783,2101.5573902646247,3416.0516524792147,3534.2450750840053,7589.861057714547,10705.952745170802,7039.663325338303
1779.8501074480937,1210.6741038044247,1986.0799738190183,2120.4653108749426,3354.5623701892578,3471.3153184208063,7644.084160174084,10799.155220901997,7122.193938689254
1790.5786539115975,1216.4315112358097,1945.0092005062231,2127.390327553808,3300.371190585566,3383.27529509739,7403.911865893747,10834.117474713054,7320.0898057159775
1732.2557102201465,1207.3068987073984,1816.4183294651475,2018.9311904666438,3317.505426446055,3296.3453460422766,7464.939259388795,10651.927629482616,8655.554783677955
1694.1084208415698,1195.3064469414617,1780.4872536259786,2042.638113330309,3269.4725793616317,3226.1043081226007,7110.21881243998,10677.187499224727,8460.790191408189
1680.989480602345,1300.3416152054756,1909.53641446212,1969.8298350649616,3361.8090528686294,3094.911507851102,6910.7904789388995,10502.092410258654,7657.520612263007
1657.6085373133474,1158.91135249585,1802.4907329425776,2001.33670633367,3599.053674528224,3055.9322930161325,6781.19744837237,10439.683118223807,6921.8048152850615
1608.3292151096757,1177.4705864134144,1817.153359061825,2072.765440353338,3783.122557207934,2956.5021552696953,6905.811085859974,10238.733142070712,6921.500274407018
1683.3937680471438,1193.2975530702236,1988.926192106154,2031.2160382798618,3968.6059545144312,3034.5243982080406,7149.664065067943,10123.828081544101,7220.36641176068
1826.406891746817,1133.1612331334145,1912.1247167232507,2046.9806330761367,4052.435259830746,3247.4771691533606,7331.569115905304,10020.705543693486,7406.84159220793
1809.6146920600777,1219.652476402727,1874.2260063467609,2023.2308191379502,4043.207582263035,3495.067495069531,7557.945085864897,9971.007966457259,7127.954086239935
1815.1862206429403,1230.1044913455676,1827.4537307907895,2038.704277959445,4077.6217781245464,3608.2349053554553,7549.5328720732305,10128.416728751827,6892.032676523483
1954.1629581612399,1296.1223612586853,1780.3685197431146,1935.2722329501,4151.221981019871,3726.00459115237,7548.022723238516,10194.335923971523,7210.716456670187
1799.101542074716,1260.174244435343,1783.0405836176446,2036.464382447633,4181.947116072067,3681.5890542273414,7421.171528937291,10294.271356576943,6929.257255933558
2001.9079771018144,1202.228176781012,1815.3879311488147,1940.8376426254601,4201.9527322301865,3511.6993074868446,7323.581016463967,10437.068955915109,7056.637787581824
1775.7861192938367,1183.7382899212173,1827.1492605445503,1892.8641315580246,4094.700152484965,3406.989392180261,7255.345484490249,10389.59162092351,6921.208898298662
1758.3669364564037,1215.7579947546494,1726.4605420107398,1890.254550978859,4102.30754160728,3341.7565342008224,7229.933835911035,10308.527162075401,6885.0392694698685
1756.0548390457855,1290.0200124206176,1742.993911842346,1769.8989999556006,4116.387553570951,3241.5447208115907,7034.805073299061,10198.056334057288,6721.370411331358
1701.9252815943387,1198.0461313245255,1617.4199447023175,1833.46728681033,4295.586754979827,3122.7200114015745,6779.139554338338,10103.830287358362,6610.577339885985
1630.4554476162741,1163.308052689845,1752.7281296180363,1868.7895057667351,4594.056762208795,3111.43784863604,6768.479162081331,10045.85601515371,6719.260111269465
1806.108517803038,1186.0700476226775,1828.9585406490492,1778.3952437233434,4730.466339769365,3032.92087551384,6719.130006917017,9860.063223543522,6941.177596542113
1758.4448049689277,1143.4491723744097,1800.6213424390132,1884.257184797883,4752.114605088107,3093.2663587711945,6901.125091372162,9659.192079559241,7187.771191621325
1772.748574598951,1207.6888285422885,1820.545119015535,1869.2829096321855,4791.340449788664,3327.489396563415,7140.808925960695,9700.00025749427,7239.085726736045
1792.1473152274095,1346.3364571018185,1809.6334046117731,1891.0773588944169,4764.379277785516,3521.940401239868,7129.456839120458,9918.040628511226,7169.892700519078
1803.8748271769923,1320.089342158137,1801.008072038166,1896.524301710197,4685.864602474708,3666.051613750297,7190.2136205641455,10038.142290917809,7084.245906932104
1819.8644438680399,1238.890591150874,1865.452801249245,1863.8415817168325,4708.696625654479,3671.9294779653874,7150.811030147654,10138.591093217,6750.021806841581
1705.6370221526577,1459.6498332630617,1938.1444481883868,1787.6193380238112,4622.500007844012,3624.730744887267,7329.977766275792,10543.545485249475,6723.628804273887
1737.3370167399444,1334.7290119797901,1815.5803740099093,2173.2526709083013,4899.920761674567,3588.7805718210598,7157.4995572791995,10857.704283196521,7038.891430429593
1668.273051199128,1322.3458975280107,1712.081253273365,2030.7730901133486,4701.609997605174,3514.637466292245,6963.927626516017,10479.914168676103,6860.352166428731
1645.3399380876883,1309.2992575461674,1788.1709587944454,1938.0502842896747,4514.376193100164,3421.435755980934,6928.094066930618,10669.561459313263,6686.155375126318
1626.192419754577,1200.9933351776037,1750.9033310611685,1974.1482611272934,4579.0450061526835,3321.492122422159,6773.9357602022565,10662.714025923331,6659.595862048943
1662.186665550964,1134.8796281267769,1856.9624747895716,1849.8246892768918,4691.455957167842,3247.407976626868,6681.690236156621,9884.773421111213,6693.29509975515
1726.1233061008093,1153.6217223820245,1985.3849725601212,1843.174059119026,4866.922015200585,3160.663777899913,6607.26846171886,9636.176332066138,7122.316119141135
1755.1944353662234,1139.6410389483485,1976.802242291645,1915.1260458010777,5166.14237102016,3101.637362640848,6694.067593729699,9877.849793804638,7011.887253896397
1748.244017863196,1224.0451058823562,1919.8190444214702,1813.4691059042373,5161.275573272545,3168.7363565379023,6758.147310769522,10105.65169456762,7205.771246275309
1756.0513654821395,1276.6426179189048,2286.9848136716264,1833.8973831020312,5107.9241500225,3461.8416365877865,7086.446369129975,10095.88780087597,7351.475960433541
1793.7190512721775,1322.0588417165868,2077.844251287811,1889.7772993283716,4970.201233669144,3695.8702978439924,7027.698774647569,9936.463351584223,7116.804686594549
1879.3992923884182,1219.6236889351248,2417.633708450588,1978.6040923167504,4964.5315249701125,3753.3984756088594,7212.093166554917,9834.128112726456,6987.59644477341
1752.6893128038528,1211.321681316717,2038.2028522632402,1722.3424348765877,4907.034183179115,3797.2512882631213,7265.170538442116,9828.522450253813,6786.090731999673
1809.0052987406914,1154.0105786687304,2020.2959245636962,1784.2907251598128,4786.771712391067,3736.025130545991,7188.7548223117565,10119.48584658981,6736.52408988969
1858.1239373567582,1372.4056742925193,1931.5724289977761,1750.9628398963055,4751.758959909133,3669.4156288232857,7218.768984122562,10189.275479604605,6741.84920202718
1684.0353696304087,1241.9485037212037,2002.5601719313797,1784.8159458527005,4741.229278934683,3582.7724917701653,6975.211775533789,10254.831507383524,7176.563198840924
1741.4288927270038,1157.7057070042645,1879.3731471555207,1762.2918484232368,4583.759996895808,3475.5204428651637,6807.025288280486,10438.154373638801,7287.1467603767305
1767.5044675380218,1160.296683527972,2212.366719920782,1820.2951565782682,4747.258459612035,3360.737308883162,6721.762222096727,10483.95353349461,6966.842701687078
1791.3506672257881,1135.0659102767206,2196.657258726827,1881.3451345026513,4975.137745706211,3306.355248342767,6538.40034987271,10288.285804413446,6735.056184248107
1847.8161989214054,1165.6707000047104,2105.367977463809,1971.4247273447745,5102.319871904524,3241.5690458187955,6517.197397392375,10211.988117241108,6798.412495975378
1770.2725093965646,1266.2161518377989,2101.8520174564537,1872.636821386059,5301.990952345309,3203.7548496404797,6816.324214531651,10036.455905558289,6979.708073720032
1782.2531132755234,1208.4761885638447,2043.94846858145,1868.1829764837562,5172.362126971491,3314.9692236438354,6880.789688497813,9954.38966158732,7238.944352060732
1749.3640032097437,1172.601887447293,2144.1489339378645,1849.4964084467406,5036.807853410676,3512.1733705605257,7010.373633050549,9938.401765286502,7327.715722188656
1723.3817921378727,1247.2486663483005,2241.6535638014716,1856.7285829994453,4982.859746107597,3709.957398471615,7325.183372306852,10114.24449938158,7201.124135681167
1761.8168264869412,1223.9183486706522,2153.7255004001872,1932.6797561428468,4917.4435621637,3804.733074842862,7297.67707727676,10077.979169265971,7012.694916413881
1703.5904118465253,1116.8853131215265,2055.3180998010225,1853.1488418383733,5024.401516881231,3854.242506074582,7117.919990366497,10283.142785907676,6793.839164824418
1682.321430034778,1126.2064287939443,1998.479465919,1825.928782333314,5028.949725287303,3804.0256958621612,7195.569437428132,10493.110321443319,6882.276184794349
1630.390147223541,1142.63785212287,2047.9147169622481,1772.7450902102078,4779.521334737227,3672.5069160935122,7135.184970354231,10618.577591125055,6791.511928897549
1610.0184772346652,1155.1903941680878,1985.4184647810068,1718.8064457783041,5112.890909220602,3646.2183349167944,7043.445572643319,10714.946893445342,7077.343456561366
1682.6200297230323,1145.3113108477664,2044.6378289374982,1872.2986138536114,4763.851806979869,3549.0547267689535,6881.061331446582,10657.051462634096,7240.700119003633
1733.2925336585815,1150.1497427368697,2088.073233156346,1843.1522478179727,4841.407673369484,3487.065275225442,6841.904681619606,10849.3437209816,7068.0044791169175
1767.5608814217433,1268.9839017891913,2156.825954487977,1873.641428464325,5012.676057185592,3374.7295836463913,6583.789477567608,10940.884329878883,6874.331128202606
1733.4206454907155,1190.656136392145,2177.121086272239,1923.8187913841605,5191.603714695774,3304.3314397567246,6424.923666630911,10873.078373108212,6717.629003913153
1751.167495017216,1221.786683295842,2157.075028482886,1945.2355751988157,4967.960671524783,3220.6797273145744,6684.29315372886,10593.96367997806,6752.405296778161
1770.976335461829,1442.9464919812117,2027.2682782189454,1953.688401629418,5034.700601812064,3347.020191428448,6829.315894222803,10553.99269287516,6965.15629010648
1721.313130032316,1225.5101918788623,2164.0565605218235,1883.1391492910402,4968.110415313562,3631.8423452947654,6935.597715513547,10395.85276722066,7014.940161260538
1738.5373480737044,1386.0873835488735,1985.5848068254982,1902.387327509446,5096.935168198839,3785.340444261049,6972.062712119771,10213.047023309018,7033.196232048832
1670.0155208537708,1172.512170075677,2095.123641706395,1897.1116488436364,4795.372725072208,3871.599115763697,7128.354621009834,10321.260199956987,6739.504490552484
1653.5942528732241,1250.0443500062308,2091.8548686910026,1856.0217649967133,4661.251143701182,3922.1686585956068,7118.677259608025,10370.54259936484,6816.67534806634
1706.102004523766,1191.8062000259201,1983.7040273675766,1773.8641763618862,4767.007112596092,3890.796974264662,7093.884572552949,10705.018246449552,7093.080111262227
1803.3685401974365,1115.187691863285,1993.1443879028407,1841.6851987130271,4939.4868547122505,3788.8431224372093,7107.260625604231,10901.731674225017,6672.73111776403
1715.4525199989016,1199.5664826983814,2162.64199591113,1859.3076001630866,4574.860903447337,3702.785592990788,6965.868241036028,10939.965700030658,7109.014693534993
1887.223337895901,1137.0920114093617,2200.495242406149,1950.1699377673024,5015.314123692446,3604.854584915618,6921.213168744957,10965.248283830306,7335.403617884433
1983.2140538623376,1146.1610993004674,2157.0700458538263,1919.9704019045118,4600.528611621209,3562.482476484134,6849.312537581664,10900.640992477502,7164.995368196895
1795.8015268503302,1220.4565754758312,2101.4888894526584,2009.2530386614071,4876.362894638036,3474.872324139129,6709.374336609442,11057.457920333634,6904.483961659434
1832.5675358066635,1209.7456309204945,2124.501680400806,1979.1330468191404,4803.916427863664,3393.2043985083947,6448.092900600961,10821.104391313145,6813.9314108137505
1837.4802650134825,1166.9556047787587,2222.1244013100977,1916.28534624831,4800.141854111566,3331.4742023514073,6503.953364712367,10601.0489011337,6659.572134522811
1684.983482071653,1163.7528359273424,2047.213588572067,1881.2322963867532,4781.160336008247,3402.3532352739326,6702.529257198048,10465.539711778474,6805.030736750323
1698.2045945154669,1175.4103271902447,2407.7496406100768,1897.5231496933252,4771.907018228382,3690.247458249223,6968.220951891578,10295.840300563643,7014.5325716076795
1646.6963708163285,1147.7457515268316,2269.5254661604754,1871.6293415110451,4826.222467383819,3933.96004288504,7033.640787899563,10349.617120539635,6765.316207768522
1652.2173368287408,1259.2064175676946,1867.1288487660593,1910.5316645123003,4539.513806672608,3883.6189295053373,7184.668990052787,10318.199429128352,6697.4932011782075
1631.0917730053898,1164.0111178357213,2105.7439677012367,1824.2506770806115,4521.548940309442,4055.651111511459,7147.180925046653,10529.152118834289,6773.057978928892
1710.7675296930333,1145.7630285484906,1963.493726269203,1755.2864767957692,4437.928387190545,4016.658448313786,7202.305228936657,10610.630357192169,7128.734171342265
1796.2623902812677,1125.294532599408,2138.2993381291235,1733.062308726544,4308.691682265981,3791.1803012324654,7086.9457895679825,10919.857370462081,6755.436268604272
1766.5814846795724,1135.511193073922,2176.514671288182,1844.5670802904576,4189.864263017206,3717.3063140210925,6965.675525189717,10817.341737050798,7015.820340617459
1739.1100710904661,1137.3074876306387,2122.83740239798,1924.1792485157036,4269.309902613143,3615.1589391821412,6963.934146948319,10846.425090112149,7691.248159274894
1731.599831381819,1207.4231384327072,1997.288102376364,1983.7914775194804,4396.392317372632,3433.6867091849413,6821.52876390186,10830.454717703087,7279.829293824801
1785.1606312746542,1272.099499808622,1882.6917413993717,1923.9779015162317,4513.589223139629,3391.455843774805,6660.730458945176,10792.261582028923,6897.240416526866
1761.6159345338533,1164.8133961063206,1877.594495924415,1880.6368549817066,4526.653400962539,3335.9074953330955,6524.7114366968,10705.316694346511,6855.36830559916
1725.6132612412882,1184.9248039056874,1929.5819995744084,1852.5777866777557,4641.5912607183245,3230.3422736559237,6586.026963904443,10424.74395822167,6849.772754489685
1678.2432401845438,1143.5502018032491,1820.923787354317,1854.6420056733382,4483.794172967424,3328.954667667405,6848.092340061573,10411.667971308572,6954.236950154078
1639.5016769018926,1171.8556694800575,1853.902247134584,1893.9834986308083,4363.3978840607715,3504.4982440434765,6946.701231529851,10275.128626078242,6882.1390627402025
1653.3927512983016,1238.2879776416405,1825.9194815810774,2050.6793497659155,4329.576723955717,3681.1691645889036,6941.508021763236,10178.819584807801,6818.951375245505
1583.1933202605835,1121.5000029930218,1793.3254897387155,1842.1425584769127,4239.805098744564,3744.704520412139,7211.527283400925,10165.213996335964,6709.381106832866
1790.7737596612183,1096.3050886980564,1783.1282185641433,1765.6140465504018,4284.643271525985,3807.702722692239,7243.428345805523,10171.46079953417,6951.7097075105885
1855.7637456646212,1260.5508787204283,1944.9929275097916,1920.0151226090165,4082.992018642644,3706.9138765784273,7325.576938976518,10407.148165165487,6731.284945267357
1815.4689081423483,1140.8311522360054,2021.9827634380783,2080.0406139714155,3972.2583491696164,3546.0737112161955,7210.613802234931,10514.224958954534,7129.223859305485
1828.024558059764,1132.5511188161006,1926.2266660921216,2007.0924212610007,3973.7860442731944,3449.6382108396897,7114.438171641054,10730.852418987924,8494.61219287754
1950.2602485855307,1474.3112495282837,1849.647455631958,1921.6201917021297,4059.870777975401,3352.0475582567124,7047.200050000771,10666.590567592857,8917.222572380835
1770.0234508108585,1284.797825161509,1827.7858180791573,1903.4975462383672,4260.383280094416,3327.219573652762,6877.173679992947,10691.690483652848,8210.372145369121
1922.290245579043,1278.6663689141133,1770.5801428714885,1877.3095981117306,4315.100906521732,3156.4993118760794,6621.391061718211,10556.684987579052,7368.089844243765
1821.193301940623,1182.4004944981316,1868.2831114357025,1834.2609403509,4287.460917482181,3073.1847493389096,6381.008973533027,10484.422870864015,7092.429871877335
1750.4306574455475,1139.9872412545067,1768.5123010074333,1864.3859222018914,4242.808247986639,3074.2811320256274,6460.856176536215,10378.662267957385,7043.162722061171
1833.8200246798538,1195.5241872760919,1774.6613371420913,1955.4792182967892,4151.74129995076,3285.1043452378967,6697.683720296937,10300.177647909299,7079.063137626967
1734.8580835097064,1225.696654797485,1697.3148385661086,2040.483413380361,4062.8813707249815,3441.3216797402347,6900.527905886533,10070.501999557922,7027.844338771178
1631.0260312366347,1187.06418616008,1587.7083241400046,1882.6030830058244,4034.9266792502003,3546.2915599917737,7055.077650953417,9863.91505092309,7263.259942170114
1604.4391551582742,1106.7705325442532,1724.4330797449643,1889.983505669721,3852.307189764203,3580.1946016261345,7159.116733797424,9909.533359534309,7095.689544472279
1703.529846717389,1163.1521549461868,1780.903379149059,1803.8402317878881,3821.7021688747905,3558.7337574416647,7145.434186140688,10041.420595216628,6938.787543715093
1813.4636940615069,1070.855291775165,1970.2227009470553,1855.9906996670209,3726.0803274290415,3515.28828281779,7090.992111581017,10091.272455237253,6895.347562259716
1829.6573899254888,1176.8619125944108,1856.9635153996667,1949.6542730223696,3625.9475569719975,3363.251943706634,7142.212505472759,10231.33490922712,6941.985076780067
1840.100772912328,1265.7710899339354,1840.3675751753597,2026.9407080762728,3642.064193650189,3261.2028603530584,6987.419527446504,10211.28183958883,6979.110023542936
1811.813442809459,1177.0484950585544,1736.5426584642926,1965.3564671081201,3679.634736868492,3164.05406531363,6942.657989880318,10291.793760269486,7118.699154876223
1759.7051338199128,1206.3189567154361,1761.6424944072037,1973.883299318304,3903.9551791239414,3144.940557488489,6890.14362582546,10217.66195043209,7342.077063124461
1858.6103116732252,1154.1983291010288,1755.0714925921277,1992.148268653584,4085.051482572847,3046.2537511125165,6634.270618840005,10284.224311959428,7142.469696081512
1675.3598354378287,1143.93688527449,1763.1591400569278,1980.2446314415247,3944.450219695106,2868.103814043565,6596.24820626425,10105.21317595267,7119.911910904597
1622.195757902636,1173.563080018135,1724.4716333127965,2029.7343774224585,3949.3510790058467,2888.325535755565,6410.190569935263,10134.661062800958,6957.751690513576
1611.0368487832118,1180.2280813295183,1691.7453733794243,2023.7811002611563,3814.9393867113295,2937.0203350332986,6601.512367861381,9937.785165882224,7052.030412766815
1655.9710265010226,1144.9780095897142,1712.6854749874853,1971.9265982325048,3720.893411071523,3247.7728051796867,6790.1551416593475,9769.373554503194,7314.354153646561
1699.1893970230183,1130.5606394812721,1754.845160155629,1959.7210237136403,3696.0089169179137,3428.5064036984354,6944.6115300343,9683.698548830844,7382.0347210020145
1732.1691538371183,1131.83377801098,1860.6890128252924,1899.5503197547607,3615.385704314042,3489.3438080687,7073.897743413566,9714.359410116596,7292.864496414428
1769.814760723181,1110.032248558376,2070.0292619333172,1989.949898562103,3536.141233121721,3458.806819178876,7008.224547954691,9723.886870080272,7189.446330879757
1786.892855279229,1143.9458805093075,2055.2601675961,2104.566763035674,3445.156673446847,3386.073565744034,7177.583055660402,10025.20868643741,7030.383542610527
1791.861842589536,1210.4351497018763,1939.2406196897325,2225.1254233640866,3311.7539211126027,3247.952964083049,7220.938206219571,10155.54573566726,6843.416609782975
1739.10449432807,1261.9871448049662,2067.159248850177,2350.4465327977705,3572.590896306217,3187.1573510536077,6924.933278633917,10908.446149191272,6816.565213793877
1794.1890260500736,1168.3325317602926,2112.0624594315937,2127.341227548948,3696.2489197622244,3054.905796864424,6781.035235584397,10644.63933136801,6930.132432560172
1947.976320748554,1170.7146220056447,2291.7588912739834,2151.609639118132,3767.4742098884367,3026.2645070684657,6707.694492115644,10448.424122579778,6978.584749737724
1839.2139272533327,1252.3981600151378,1959.6662051426842,2218.758694415487,3670.775904551217,2900.0318334731746,6476.042611101033,10700.869320424874,6892.233794375769
1690.5521963660526,1135.6200036743717,1956.183471984418,2288.728165879733,3610.764395590111,2838.5971884538635,6293.457395423463,10473.720761786039,7493.755101101943
1855.8586141709661,1142.5294843105482,1801.9573037884106,2152.2395225673254,3574.939945401015,2835.9006026226016,6403.885803185991,9880.87424421919,7199.154152863455
1779.989178722393,1256.0588735135295,1960.474324899301,2060.2061471715865,3525.362466895697,2976.826398713543,6475.391712126608,9812.896671274348,7219.706086726968
1857.4295964110083,1224.6338884861464,1906.121731417944,2069.4207302523528,3479.1778722569684,3254.125833126919,6641.95302332236,9956.541556075004,7345.0872019440885
1878.1211232716455,1133.3892644291693,1970.0277887659834,2006.0147410732916,3526.877613992419,3441.859813442731,6750.027330779519,10018.186021388488,7483.207335043006
1795.531598200624,1499.0051963710416,1999.494077092535,2112.049082953855,3480.371660145224,3414.462642055407,6885.14925471623,10012.074044920442,7385.666134264901
1779.5150029607078,1477.782200982173,1986.6780921972604,2207.2997183421694,3583.391015027754,3443.408080363592,7006.383662045922,9855.090359558664,7266.919184819079
1761.7700301552409,1295.4385261362838,2057.2139261073894,2142.7044850616758,3155.316767350115,3398.694089990268,7018.507089124585,9885.091373290503,6941.701008365279
1765.2367098070315,1358.1835300817015,1961.2605783099575,2174.595190994139,3179.146189090824,3264.9323424073073,6925.956005856825,9987.005970241622,6827.573062801563
1745.238267237116,1296.3303088677424,1890.9778320410594,2206.4211592864017,3211.6989729638126,3167.141373581993,6846.112577164326,10242.086472202038,6755.834977105285
1698.7437349732988,1197.5997642126329,2085.0445308337357,2201.5995436019325,3413.990799472832,3098.514410580842,6619.4838567951065,10283.827164647486,7136.756196162638
1668.8616841301061,1142.2323950183409,1906.3354347588759,2209.4544371622187,3589.9476962116983,3090.717731596555,6451.5543384311095,10428.614547020856,7027.356615541262
1664.2717660206215,1273.3637270657796,2065.418238499801,2178.311054330824,3612.9033987488824,2921.241503942134,6369.915724029625,10536.92907640446,6864.547503953431
1639.2277302287716,1120.0909446963735,1832.1678414601395,2227.2987641893574,3519.161234118546,2916.1587022892154,6274.261431460854,10363.510407128524,6732.7147558674305
1753.9014588701168,1199.2180210516055,1885.3832192649954,2193.1789114542985,3472.404688876247,2826.584442920412,6482.589446674166,10307.800156933308,6590.686410858429
1767.4017348414461,1236.3849417065903,1811.5756893809828,2081.9254659685203,3436.8548530500557,3110.6517490067085,6614.509416454862,10232.574648388445,6886.277080266495
1823.3828727953755,1072.9928440239194,2002.2529324847198,2075.49103969242,3349.542567560277,3308.152990661267,6865.707741339273,9960.123394664768,7152.7020772505075
1807.4293097775917,1171.9309780742028,2134.226183108794,2084.242370505423,3465.7820591388836,3439.4758212564043,7095.0302150744365,9876.200130830659,7317.478572345747
1787.4530734347918,1238.682043777502,1956.3436182317296,2150.242726656726,3297.2595622008157,3470.3113952522003,7145.91083813029,9942.42926460404,7295.391705978304
1799.248611488449,1197.9792138006958,1964.2887007154377,2204.079909541765,3255.1772175882493,3491.078078093984,7104.563069776522,9995.852596408535,7100.047553843208
1756.1076360032357,1223.9705131766466,1902.5009025336544,2260.329141041535,3166.2627347864054,3385.093824220324,7043.0898201260225,10178.948815207848,6828.132758131815
1751.8864770251284,1165.8471090429566,1924.5223518167018,2218.051648840375,3280.7690017254313,3293.435493604614,6944.727524366316,10449.616064214892,6760.806133797926
1698.1377881673925,1132.7649987440736,2002.375664694497,2206.9153619029757,3379.9064523847596,3183.170117282222,6900.170588787632,10485.931907291158,6602.213358083914
1683.1504149528223,1119.80170357288,1957.7734766969013,2225.2733010652255,3530.535711998331,3151.7985558297883,6735.942604522074,10638.326909599731,6695.892181668912
1671.543526385347,1199.0276333644624,1841.932992949375,2166.9595857881995,3714.18320920831,3043.699776596315,6633.386444474212,10779.466615226233,6788.420455709416
1635.1223811501116,1131.0442479976432,1847.939661075878,2379.757942051286,3650.6454334046484,3017.021603417347,6399.77497015395,10706.422031878867,6922.850608574993
1773.2182632042172,1107.4324788792574,1771.668458100077,2155.6675617979035,3578.1568851482557,2879.12172096252,6361.98390507073,10906.987571823387,6687.852494504114
1933.4584128281292,1085.6881507034095,1874.8614377208833,2171.3078382709477,3539.164749745616,2917.851558518209,6342.247771684808,10846.074547002087,6377.138400775809
1893.2029382829421,1116.796782553814,1935.9794681075175,2190.240346348118,3578.458196713125,3046.49449073191,6496.915814364245,10624.18729123281,6593.06618330717
1858.1871303483804,1126.1679154466385,1957.3868222457304,2141.920431185559,3437.1319248302166,3254.9399913029447,6547.834248152883,10518.866825261732,6829.105467288738
1943.9532867600503,1280.0147741495161,1911.395532341374,2175.6129658871973,3553.9835437290826,3492.2501697666644,6650.043234102095,10252.782298365311,7013.062206060581
1830.4239417972763,1365.9012393801904,1923.8665871245698,2395.756035100465,3353.610894658403,3530.110300788851,6834.1733221556415,10181.824621092057,7096.9891578903225
1791.9949649891769,1211.803685514615,1938.3020200893343,2375.8447503967436,3351.4763592318413,3522.5522655473483,6974.233914572626,10120.11711447649,6837.27819001071
1757.736669840292,1243.4154329155863,1874.223609144605,2373.361823350603,3364.5675006708875,3423.416703546349,6892.515608263011,10132.217981454425,6667.415660727092
1734.4571930347795,1174.6803308037604,1871.490345555334,2368.2992578117605,3573.0361202204854,3371.3021771116587,6902.6989323358075,10518.30710486754,6559.78642578945
1681.9728695385927,1180.9818072558332,1829.5833629089764,2268.6117477342896,3492.071668494688,3301.5932766713427,6814.696349521976,10666.127277487187,6542.1939783369635
1635.7452863310589,1231.2807384354028,2023.9332379191242,2276.297259339094,3868.5754232982654,3235.6312954206637,6678.023006190244,10783.761561938165,6581.320980301386
1713.099155380297,1225.0563015987864,1799.0008324178038,2329.8038820899255,3772.8088815686297,3111.30978948525,6750.989455086149,10842.618464024736,7049.694243160591
1804.912031317153,1113.6130229655355,1796.6465484589191,2195.387899353193,3886.50706673115,3053.078650637785,6555.775715306573,10770.339804693482,6898.427516676116
1801.4034316808088,1271.0013043587828,2046.387736400863,2152.2684850463424,3631.54664497509,3061.28475086424,6283.134323464281,10792.907117351371,6614.617875554498
1817.2751292871415,1177.1051500477934,2466.083094245998,2111.64442603227,3574.235603731957,3169.5021426971293,6181.152990710608,10610.071311090038,6569.203747237012
1801.640016046604,1239.2577993834475,2222.9347804674144,2069.795897527652,3521.755978978162,3271.945609512467,6303.381823927789,10595.766848867335,6503.213881018076
1792.9430380281676,1248.703783513501,2035.5522537540846,2108.4607359387965,3530.2110465037426,3442.628766784962,6570.9436250415365,10417.283775309254,6577.851579870671
1814.0781634165712,1252.8836226603187,2140.750691713773,2211.966069184016,3724.7871693261163,3664.7340644413225,6726.971966680037,10313.299517729609,6827.476007333638
1799.6352758333464,1224.4571314618925,1832.0800347058355,2279.3143216306266,3325.359870972963,3728.9559464900703,6895.641318189587,10203.286242993108,6806.753176928621
1749.3938840096087,1152.1924233668417,1865.3022973002521,2284.803797009948,3298.6956808153755,3803.2585533075676,7036.868481075572,10196.414070695357,6738.318271911537
1701.3007664626527,1142.7587465440918,1864.6526278957567,2244.6120164989547,3368.8215066783946,3792.683090832928,7099.321899321878,10308.627006467917,6740.703176327458
1658.991803677648,1156.2433353653,1860.3658297453273,2187.944497478218,3412.5907298051725,3559.4932105877565,7044.667695456659,10588.948521114457,7090.073136518009
1665.4538694277421,1152.9505959177698,1824.5719074222584,2183.3615501538525,3622.3517919587243,3482.9961318256383,6899.764353946645,10676.915894102434,6711.35440702035
1713.8614310348062,1163.9622335678373,1784.0964475947055,2172.6323652355363,3758.6710309107575,3384.8688657218,6717.447327996752,10846.59895057766,6751.955500967798
1786.5133335293003,1090.6983501098694,1667.931358786287,2139.7064730602733,3623.194192337812,3293.7202672708936,6699.4017038119355,10743.816935634446,7359.673904484818
1812.9954140390162,1205.9594836489084,1680.3305324594844,2135.2663640304663,3606.400749188831,3250.9744579073217,6494.104969864941,10803.692349992414,7336.955757527234
1780.837892148333,1096.562738415352,1725.4992835263743,2065.379485896178,3597.9741821691837,3202.69193749061,6313.891603873793,10893.743274852546,6975.219694745534
1893.0723557162908,1215.4699619324072,1838.2641027018558,2010.3483294924358,3497.3269634769576,3202.8029549464304,6110.694598455192,10722.603973358166,6838.846249543506
1901.7321470920126,1249.0539489156176,1765.2786628933718,2065.470416561043,3394.5723380035906,3367.814552142578,6278.140144630869,10612.654825042171,6850.973886756058
1845.4424897967249,1253.7237365787835,1777.5448308136117,2138.6950940262723,3414.464218325046,3589.5953920027428,6563.300224728807,10519.899378192835,6786.818991011734
2002.9972675034428,1190.6596402793386,1804.9133641769483,2181.122026178619,3316.0292164728858,3774.663228903203,6694.129023806364,10374.61416194713,6868.092009130091
1822.8946548780336,1139.5698959717483,1735.6578680009561,2181.0811259031666,3343.324461791227,3867.3285155515,6838.085856935408,10273.249634406098,6883.490635978866
1853.0877529098664,1151.995051402052,1817.9437698814638,2144.0655568938564,3190.6744802771987,3878.9932516103495,6884.790671313622,10125.952444550028,7753.382706239726
1753.0781414857645,1225.9003626444862,1730.8910302420304,2169.3455753044973,3479.1936283978966,3831.135065271688,6862.897711670819,10202.997568337049,7651.983622313103
1659.327612121143,1200.0214424013452,1686.5233229799856,2276.0028187975327,3544.6249676275015,3708.8164450845593,6790.7530005368435,10340.89722353254,7640.656290788951
1822.503798425569,1129.3911880963904,1672.698824618597,2118.05637147498,3647.7753322327544,3696.269675641586,6694.220646183709,10553.01618842969,8821.675391391727
1852.3417341994393,1129.8243351820724,1687.5564191231008,2233.313999827602,3911.9459653639447,3688.379309278602,6588.20706621062,10803.80576555611,8111.808982570896
1861.459745815021,1129.1373689972925,1656.2509322439853,2119.0611581809476,3873.1682290278122,3573.9903219084777,6554.955197539644,10708.848880956855,7515.400493434957
1807.2271134221567,1121.3251318139107,1814.61243778949,2065.605474659257,3817.5665262960333,3422.046414599576,6488.036600176624,10748.27492614581,7183.519668467415
1831.1747629101485,1174.0657702934768,1779.5752947088374,1959.6252226167715,3608.03292162005,3421.83604542209,6189.4365479106245,10805.988254302794,6975.46272604716
1896.5903021278657,1170.0286587117864,1769.5133433904564,1940.8198044875874,3650.41784987764,3399.51254652967,6029.564875019505,10699.173446698116,7197.729283211371
1769.9183377576303,1176.3623779177688,1785.2059121913662,2025.6537650779846,3569.5610469959884,3591.180018288252,6120.701456505863,10503.104546531129,6977.282748427259
1809.6217020984227,1158.679111660344,1807.9042609723176,2081.6704069247276,3520.3533656004524,3839.1578092881996,6397.720864238059,10390.89364118045,6960.5942962562485
1732.779465146294,1233.5616053940391,1793.5297720395645,2143.299848506705,3529.2498774852315,3996.3433999636673,6593.4280967108625,10217.686248267608,7265.8204795996435
1750.498996354069,1258.507116652641,1906.2719037233298,2095.6853950995933,3419.0120270035613,4088.7862690674274,6679.086519535436,9939.43394718852,7264.054972984034
1728.430759795953,1210.1041956763997,1819.584036942325,2091.61745182402,3356.9759822494125,4010.0574158217596,6684.513051285163,10063.201249949157,7248.123427759137
1662.4401692887552,1160.9458755482501,1710.960054714377,2169.6490005806168,3430.313963378598,3962.590516478271,6776.1275540008655,10072.162603185927,7314.78751034965
1822.1026701658923,1369.3178276690842,1771.8565709355612,2014.5510726895425,3635.9379175966696,3829.2513791172364,6867.796279378687,9997.849655371117,6930.2550863284
1865.8394148313062,1136.0504938132356,1675.0530630772444,2054.3746367709196,3771.994413009146,3742.578473979332,6793.203546719897,10234.498416924935,6867.810463137921
1843.8911055753254,1246.6873413518128,1661.5360896303703,2026.1903850010258,3898.48520211357,3668.2613951014264,6540.900548183922,10297.781596973515,6892.847794644698
1777.1481630990256,1150.512301792916,1776.3548733870664,2009.5761004741237,3886.018980568433,3574.5824623803865,6404.606968420883,10262.28057285992,7136.37232183056
1781.5778667356858,1160.841458036127,1887.645378735689,1892.1518013661241,3755.389724251655,3512.2530362052353,6321.209044875486,10330.121025656757,7243.25313640239
1729.642590698676,1244.4925970603595,1970.7494721609733,1878.688027260387,3681.124377218251,3434.742216623893,6136.268899254762,10321.397644557244,7152.171885752401
1733.4347241916828,1230.5941032031483,1799.3275508769582,1986.0511654581624,3671.126183936089,3448.929954151561,5955.0134441558,10253.419472549633,6818.161920987231
1690.0476909719694,1142.4213245415972,1799.6033528652663,2047.1516265258294,3622.8299790267974,3698.6208372262586,6147.587931194784,10174.916372458822,6740.401859072974
1762.8998169119768,1171.5426517706608,2181.859987686999,2179.0604496354727,3674.5336218343004,3952.9592884125605,6226.913894967225,10074.897297798314,6873.95397113836
1667.6189176115156,1144.2525941056288,2007.2956385678729,2054.876374632892,3573.168865508615,4074.6076306478185,6396.398638816333,9910.084987231177,7237.269217970338
1679.880264796832,1282.973594854825,1974.5513644547611,2025.4755418025902,3505.7342683847087,4069.98422100565,6399.628846333222,9887.5054674683,7541.276574121688
1886.5613022005416,1141.916809541879,1758.039686583521,2083.726235206973,3468.811791487941,4041.5844033115113,6456.147844119337,9811.159209419973,7450.4187844735125
1817.955927278289,1122.180422200245,1790.7792496625923,2165.422356312179,3637.4824550947674,3966.6186487592063,6515.777268742926,10022.341926854779,7328.990893519231
1801.1433154963938,1124.208555428207,1701.955317487415,1957.8988072776685,3839.9091992777508,3866.0220241912266,6640.1691197079035,9967.077531452414,7091.166856360618
1909.899028841392,1082.038785762623,1813.7654796792,2128.9897309135754,3977.5142007554196,3731.817327869489,6432.053242237135,10389.097512710956,6863.908213120601
1808.5507888259858,1227.265902565945,1844.5840747309746,1986.4008801825746,3904.5873328469397,3658.288808856096,6325.496782641397,11188.883689741766,6840.486429238535
1724.8664020597616,1264.612488982006,1869.3484879148457,1937.2657224340053,3942.080227609728,3543.4873694975586,6321.610339510353,10549.6835023774,6699.453520158844
1737.6665009363758,1260.291547219682,1826.8060328524798,2140.5736050901173,3870.3110112915433,3434.7521189250097,6124.850307082921,10837.152809814286,7105.74567751191
1741.1025896797414,1153.3717793817539,1845.1656731852427,1889.7040293204898,3802.159110037477,3382.8994053197357,5963.320407907979,10935.832385695227,7906.424906950516
1664.0014900535323,1211.1816676535136,1866.5506679599023,2005.2570612860168,3801.3554904830457,3377.528660853304,5837.330244728132,10201.265968735443,7223.334949457418
1662.6202662670682,1217.9420579383261,1806.5978682565697,1977.9667579751815,3659.184762544584,3624.1715620749223,5961.427500420537,9794.593564243127,6787.406535356592
1631.763756958361,1187.2861150206452,2006.8868240755983,1959.75942089872,3683.5857609119184,3826.8094176386735,6053.352188946397,10127.326259699776,6822.81890893067
1612.2722520358898,1148.1655471995343,1886.0499178981738,2338.107927692245,3576.5814629745396,3926.9131198004466,6326.372259299105,10195.837864513718,6942.332541015828
1642.7636662987327,1207.5132855859915,1799.4031055761009,2149.3832884150256,3471.027495925215,3973.9596037895544,6520.2478495738715,10139.295013588973,7244.216850348234
1706.0673821512612,1225.3526809905172,1751.9846150544954,2173.887011363497,3611.973939390172,3836.0275779808608,6883.903978339954,9891.35984856334,7365.951041687376
1787.5026985926497,1100.913882517256,1688.139083975012,1924.2094091444244,3743.045516702814,3768.99935422029,6812.243378070529,9607.851061074527,7171.683491197233
1743.3234331913516,1147.2787976025852,1756.1668850246617,1940.0846822305302,3863.6546647080017,3614.0753864348135,6715.366535120079,9479.295697401787,6981.6647130926385
1759.3972396494341,1119.9390684114653,1808.546056788724,1880.9551517393072,4004.8713681088766,3548.572532400227,6647.835068330472,9199.358419961825,6914.827255789351
1711.95158608366,1177.7470889757312,1868.9695930320054,1786.6124116386384,4036.3583127255038,3374.054915009224,6420.811179538212,9054.332323969244,6907.743142137685
1713.1182414814796,1256.4448165547383,1824.2932971556306,1739.4654688660808,3894.568617009266,3289.7847603288747,6293.145550374676,9068.422239963931,6916.879340922556
1788.012389627994,1191.8793618570141,1890.967382277786,1818.3554007721582,3888.284955528322,3190.6781559639576,6131.366626184137,9006.83402110622,6890.169973498197
1664.734066505805,1245.5813177562466,1902.2733555464065,1894.7375076534731,3877.5460723536444,3104.3254019064043,6126.2156187731225,8822.606774166192,6969.988023802549
1631.3440142733848,1299.82659789199,1875.4398591408037,1922.3640368043111,3948.6462074089895,3053.7326522147814,6174.431853426551,8731.057015667771,6712.287657747632
1623.407599816112,1247.0022332809967,2094.4271379530533,2012.4639231408967,3775.6184253479078,3246.222079556294,6245.901204405592,8631.48312946393,6692.426766014908
1587.7514844755665,1428.0206774465275,1750.2665358790655,2052.733009378324,3627.381928359772,3503.366513463119,6315.878302226342,8323.32350480082,6745.62135205106
1673.0958914986709,1223.4219918728315,1708.2325205146465,1972.1552783982754,3629.1913353004506,3596.446042439571,6608.797434174818,8228.921321432554,6837.547103215136
1760.5782565315976,1325.3369449866777,1806.0787711908076,1938.1760349513618,3558.819571524151,3500.5319250409093,6728.287894403186,8217.252586140097,7060.71847850792
1738.6708119762543,1241.9812113715961,1809.2728947689764,1902.9591670775258,3684.3113076231753,3464.7527311161407,6704.673324902287,8707.910823394834,7181.011572428752
1917.386311041146,1138.1825536632264,1797.416996006975,1910.6433265916971,3918.158676942298,3322.7178577269883,6636.260180026928,9222.899108031188,7099.234559693923
1820.3833436325194,1300.1554840544648,1868.9858047852126,1853.4653771495118,3903.7448866051645,3202.394534564963,6569.524400675722,9415.743604750947,6849.409231773189
1920.5847092252986,1199.7066565316948,1936.8384802854152,1839.3644293978243,4007.4024094205356,3055.0430027559223,6724.44428965235,9726.75264923483,6671.78403036157
1821.7605589253733,1207.8687255426385,1846.0437903681825,1726.1569310946134,3997.9307568987747,2930.687633714529,6504.599280985979,9964.656323292296,6950.894409423911
1834.4262606610357,1199.857186829587,1837.5780024668811,1800.2631413882425,3950.2923761346437,2869.805936469707,6382.547752482892,9999.405605841264,6777.718016486816
1835.825813578924,1207.0024417039735,1826.8059576811143,1902.2064199618846,3890.560176988227,2757.5749844552042,6193.871732818528,10113.913230983431,6864.903975465051
1681.572602061965,1229.630509972437,1768.0428728613356,1987.5558052881177,3865.373533574087,2699.4479984278687,6127.215419548719,10474.818004987554,7202.337280087325
1689.4756706308526,1156.2863475488207,1880.3444755264495,2036.8975436465369,3782.094809462963,2705.2891362442774,6015.941599408997,10177.82614868901,6985.6428059931395
1637.6658173414014,1235.8211766918462,1873.4350560539642,1969.9208388648362,3906.460559925647,2854.2164306165814,6162.225204277379,9939.838219294315,6842.067304842151
1706.3740283816799,1172.033182811024,2022.031269483293,1906.5898571996543,3640.08537199647,3131.118916144935,6231.919985521521,9996.225634417058,6573.060969369113
1744.3990007837792,1127.5498067109654,1787.4175331084637,1878.5548281896745,3552.447656598357,3237.4069158577104,6423.079765847883,9733.191341932643,6589.85467977536
1744.3335351242806,1118.3429388974225,1673.859411003334,1944.711024568997,3585.515060466805,3265.4489581043376,6313.640604488904,9657.579169348144,6835.402682695462
1783.4936437958781,1142.7432759911073,2101.9852560179493,1919.9793937123072,3880.768788614116,3292.8040380786824,6743.042342784159,9532.851763562703,6989.907720597628
1749.3978726579917,1175.5235743266087,1877.490740046763,1977.905552780157,4065.404670259339,3216.2299525110184,6683.280371176537,9542.935362696224,6914.755143907304
1711.572902052354,1247.1451760681882,2132.77432764646,1886.4219401320534,4431.435362543567,3108.600568506965,6695.786474220594,9710.819927385573,6745.729064389396
1775.3932503846772,1212.5779531148507,1852.9886159541709,1753.2279595316215,4004.8032390377352,3009.9636568942146,6595.83357477712,10036.377879920363,6781.897487109285
1723.2176343489868,1192.8242676557988,1860.7880576317937,1773.751567397957,4604.831688487521,2978.8493438686132,6592.634911297162,10100.697456418238,7156.290548907359
1678.182281822159,1215.0121587369797,1890.8135243938752,1857.4409043392827,4384.340817053115,2864.4162582130766,6535.482852845744,10057.238644491788,6791.429098055089
1648.7438791983802,1195.340030584529,1798.328906330991,1910.3742178662533,3802.561098658728,2790.435089307131,6502.578767211795,10175.215322916138,7250.0301978484895
1628.6987769707653,1235.0783654178726,1725.0215978178046,1962.2855579287925,3762.542835432635,2703.490086347791,6193.118604736973,10065.007504065685,7340.130484495843
1622.1513805642135,1189.7296992135077,1815.370597821381,1932.39464956312,3607.67296653655,2739.3058377021944,5981.870607832205,10006.752696748708,7082.073223518207
1727.5316589452011,1175.4635050133534,1818.5521645558076,1975.1521140108505,3594.53708773399,2931.524639757347,5926.206620889043,9802.6799391858,6941.055878320765
1814.484438821062,1141.621637283988,1973.151003308768,1973.6296366880415,3712.022309332759,3149.2821708690426,6124.969842494629,9746.380416585323,6844.507847048995
1776.9390201524034,1138.2347254352878,2001.8714608430366,1908.596158891873,3530.514965589875,3341.8979665291,6281.865827049436,9613.291375033687,6906.100014337388
1756.372531026722,1162.7875394822292,1683.141092725097,1971.587820394727,3461.6945113578163,3362.9399578424923,6427.313737115332,9588.59283346652,6722.133369113934
1881.2340516578324,1176.5436451757128,1789.0725575321978,1904.0781802588192,3566.0733237410427,3411.0341528443923,6635.11428212074,9508.209577979742,6935.941334998986
1746.9905666504342,1240.2101497135013,1829.4354671361868,1895.660165805723,3724.453071072014,3434.549368278055,6635.243693185353,9769.646311877157,6832.319839603672
1830.764863554831,1259.1063047022558,1810.6993088535783,1767.664314157156,3806.6788772959344,3189.6505263486906,6627.486125861941,9984.407627118742,6736.126755169297
1872.3608693771764,1255.217384451446,1821.4648905699619,1818.5572855709595,3738.017866632451,3051.4861590963783,6667.321419930144,10211.456388739716,7051.807855725411
1758.1341802563222,1178.7543094074674,2001.7287987919822,1809.1783779989037,3780.73276405193,2970.2843840449723,6441.958216361445,10340.2748113949,7168.9688204499835
1845.2620962634828,1273.264370209477,1874.280565283814,1899.9043894240933,3683.9370950131147,2897.048831474522,6341.5912210905335,10430.774259556763,6874.213741259118
1831.7252988996383,1353.4782860504522,1903.9871594058745,1932.4463810715736,3621.1657338342616,2812.09196782999,6194.983770510471,10318.62985540793,7165.025767478909
1790.1942622811682,1352.671780906131,1785.1914652904782,1964.648813440839,3599.371315309705,2739.3789476076167,6097.9178986960405,10450.352683060084,7474.853172483725
1848.2571740196947,1237.8039301473234,1745.3221989660192,1979.148172344183,3487.290087506578,2828.570795227932,5884.408842689373,10285.68642602595,7261.478712449267
1885.4767967112248,1170.8541869272851,1814.29614987688,1930.6961920046815,3378.2109164610933,3070.766016321366,5945.144492542617,10183.023382597288,6996.809725612608
1737.7721485322656,1152.3027504389527,1718.7497006503156,1887.9023045227943,3277.997078212471,3168.322437490605,6078.5540123370765,10035.672584689646,6981.02056451632
1780.69771773576,1158.5902506000114,1806.9964257784163,2045.805181635793,3215.761588926003,3301.539869679938,6237.355587470908,9960.346870484305,7008.199433031462
1847.1440420143495,1254.6212847274148,1879.0446879446351,1957.5217519335795,3312.3619123875187,3440.678891929195,6434.005140545651,9848.029751889317,6993.762663545442
1726.0461981690605,1305.7828460865037,1880.1012572072304,1897.5713296484453,3495.726660495955,3429.566577768825,6490.255562804582,9826.90304159154,6957.911102362435
1753.8856086149021,1215.725965102704,1832.6746370193202,1825.0695585338217,3615.2713049995396,3331.3705036322654,6575.149195661227,9764.233983060034,7070.513427846532
1680.6360526241388,1200.594190113022,1936.4016140142028,1760.5275686611114,3555.6130260855944,3186.5592198414574,6499.247614537214,9853.968856733773,7807.410581106083
1678.1662400172022,1192.5894798799866,1857.2315619533626,1849.433420117311,3652.43046578978,3115.2564634730743,6556.690262990256,9987.861878683678,6838.71801319109
1667.8783107640722,1198.1735692668808,1850.0607267828864,1915.6388433145862,3510.209148584305,3011.6233273598978,6428.00750264814,10155.701828119754,8436.25827711112
1728.489226680622,1254.8680281817783,1949.7881130016942,1964.645995336319,3463.6997309415374,2916.09749594062,6291.391770152976,10214.141887454589,8556.855122724486
1806.7088807748767,1149.3486410763,1798.9115708882794,1996.341159558966,3387.4776287619225,2896.083732954081,6420.1320171623265,10163.406209605482,8000.304127453334
1861.1082995935876,1137.7989776784352,1767.6284745150301,2137.7430773505266,3365.194235716286,2867.5547217497956,6079.934527938081,10073.733046834133,7261.904695609132
1852.8088023253895,1154.4476206959669,1762.5706523969934,2043.6146767203575,3360.569263166116,2928.879012454628,5879.333627314148,10103.180482686972,7137.707282568168
1863.716008202026,1156.9652912141974,1725.4753371934964,2034.9023211591498,3266.244609887371,3178.130702394222,5794.326291269834,9929.587260308419,7065.736427314003
1894.0161030357528,1144.3513229639213,1861.0074318063998,2282.8140163378694,3125.6807957692795,3487.411857109003,5896.385742030522,9799.142480250202,7047.199378707021
1740.7636770283805,1217.0543378818454,1870.9979020071087,2061.501908517993,3084.982681867221,3602.3245552763374,6080.778121279641,9556.587265587988,6818.070291304639
1773.9889267839026,1268.3704336374299,1900.0335126887242,2065.341001232043,3220.4950723688366,3573.172402807083,6285.515791798606,9427.277290321663,6981.492702714902
1770.7765390516392,1200.8027090785265,1937.0475581560759,1988.7532782862124,3442.0884352822313,3530.3217447630445,6321.27717316691,9517.127733562204,7168.374077696563
1699.9206693379301,1214.9459487877855,1902.9236079315237,1833.7907619840346,3582.3722681358513,3502.604018364169,6385.018247562793,9401.09830181847,7278.881668022489
1732.9619866987287,1232.6333195786558,1881.0600405889536,1877.0092113874903,3545.932515838921,3384.5716851622897,6456.460727829122,9493.933471335955,7142.433776264826
1697.8791590934463,1192.3498233088715,2268.9723770976548,1945.7549054037574,3523.621645581278,3253.3777508536277,6347.385580432558,9692.312796270347,7041.947735681752
1821.2562002159023,1239.8661499212476,2120.1270947669905,1930.8623321921202,3394.43446067142,3213.91708970107,6213.949406279625,9744.014023204532,6795.84040549415
1778.4485416139871,1207.6821655961076,2110.8159180895623,2129.010036586908,3342.893804543592,3149.9928660337714,6150.138092703181,9982.578359387533,6764.573825285875
1826.6966050553453,1131.0565822986816,1789.948289307282,1996.4358039266035,3383.4698790277394,3117.927161584733,6101.523060763626,9926.633965896288,6861.581880602286
1823.7681106892128,1129.75779517526,1723.2657403779854,2005.8420263833334,3248.422570851061,3016.2982761355665,5860.750421466792,9878.428237917804,7066.467162106392
1914.9585509584979,1109.4387970628334,1728.031490283873,2070.423811119866,3310.649909164906,3111.9888501352348,5732.906534148882,9804.450626929767,7241.915848453759
1907.7209217770844,1198.6664653118548,1859.2610640893843,2041.374117749612,3183.0263941522317,3403.7942438786617,5740.103009114244,9676.874813089202,6918.464906987428
1794.9834435145426,1240.7610441261238,1758.4401113245292,1968.407320958095,3074.446782851987,3695.8088471984424,5911.797616879549,9750.944834646176,6768.781564021872
1907.4041399727623,1311.5824602157688,1869.9142399341986,2052.5571860822242,3172.5919327274487,3750.3179948206994,6136.915934323999,9487.718857858574,6842.892905225547
1753.9344612753143,1219.3837005947398,1848.7936422211387,1965.318000085518,3345.105249508409,3790.120259325836,6121.430176192469,9394.192636726959,7002.220759665518
1699.6870820679958,1237.401676182845,1891.1587407995867,1848.517624058531,3472.370474443867,3749.031360875844,6143.043130209541,9415.948847097097,7203.314704726449
1651.7307828507896,1308.491109184684,1800.071686179119,1928.4313465420553,3599.383213264854,3650.0689747944907,6235.483260480515,9773.534141652728,7361.0229420793285
1634.822726160345,1230.469220038881,1848.5033913647067,2096.7540450339416,3623.3373868450244,3574.4529029501577,6199.133042707343,9564.90278624559,7370.148453552858
1682.6691323332452,1270.0415041700112,1838.371172487021,2176.0709875190432,3499.177505876054,3519.9805830212285,6397.965591913742,10160.72457843124,7242.412954254318
1740.648616990291,1183.4257121607627,1754.257633368208,2351.0572036220588,3397.168880787975,3458.009021709589,6165.344507870581,11006.762308191239,7074.013735149169
1774.2695224372808,1182.4348602950258,1735.7309909550293,2087.146857511612,3416.1245860684244,3391.283298492853,6059.555190256307,10168.686953262248,6826.28748627233
1774.891711428694,1124.663001528893,1767.3368379881824,2449.692720161562,3446.364657896808,3312.25075598491,6019.781745254244,10725.38431317928,6569.614049514023
1793.9535945948235,1150.6689091458436,1633.032600463745,2159.039916977474,3397.077849438332,3261.7892708310524,5872.099824800319,10540.05618098817,7596.242133181046
1755.4234551574377,1279.1662060033962,1691.8883926220008,2025.7822203257533,3247.681519231429,3388.70590461405,5752.797371273367,9767.13891326296,7766.225984901135
1752.542135791219,1310.5535211515758,1812.6390012562615,2060.294012789549,3262.826018810407,3649.947211137602,5533.734414204105,9565.456417650246,7104.848735258825
1779.5419830203655,1294.640586924471,2025.2360614051158,1979.2081862328441,3182.789312218086,3973.637546953064,5788.056279121154,9995.352641865851,6775.8657051519995
1692.017404456363,1242.3316184454554,1777.7719059085166,1983.1218859432188,3374.242528430297,4061.615929025693,5997.463605007442,10199.613255947152,6703.419525621257
1660.9004629976857,1181.3952409587089,1801.113752181654,1962.81245272181,3616.820912618008,4062.4762784376385,6206.833850825345,9982.85299236982,6948.592041485079
1662.0594459446224,1350.2737808712295,1774.2742298619323,1928.9938141459247,3847.4879894101787,3988.1639436983974,6358.227948225518,9771.0355639722,7406.186094094746
1625.2404549044427,1197.8679631115085,1831.5867513682667,1949.2652330672427,3665.7742214496952,3946.947636737143,6352.455919302663,9761.66145547107,7517.529110104587
1677.1735439187412,1248.6063789146115,1899.268535460056,1983.949868111961,3785.4881087683775,3840.1467998399385,6241.9649983913805,9713.561657164471,7314.450903192003
1772.755971848086,1268.0909195505562,1939.392607217846,2019.9646999553536,3634.698780667769,3735.958751767532,6198.8689764092,9758.711521205176,7222.824482932904
1788.433561391833,1138.7453180287448,1694.2861690096267,2022.0908351758856,3642.2024677153136,3680.2433762863047,6111.477939653653,10024.227666317951,7026.618434223384
1790.6239821071313,1143.2300809718226,1699.8043445768706,2060.082322379729,3659.5191866535,3581.7977698952222,5903.290460267002,10300.593162834512,7010.384704410317
1978.3265390094198,1135.1813049124526,1608.0241053846187,2036.5807705873,3490.790397202115,3533.472524574368,5731.641776068844,10510.484426820134,6642.434738621755
1790.1213656404916,1180.3631142446004,1930.7056616546424,2007.543152702871,3568.728357044535,3517.8167841283066,5752.271592916364,10544.29244073926,6803.205861078708
1815.343120931934,1272.6955903142223,1744.4500351271586,2058.436773621797,3383.637429923577,3589.106368639045,5672.718053473925,10582.377943731713,6912.021620776638
1784.5384213451134,1349.3462087273526,1763.5107143905532,1970.9186044998567,3359.557068662391,3843.946235395771,5649.1845019479815,10475.248417263594,7083.520215207333
1679.3163313993657,1239.7851640304943,1740.990453353293,1948.6744874443214,3263.8940886355426,4199.2730958508355,5993.142612226684,10414.930350106732,6802.115646897233
1780.3730826237397,1180.5349593146816,1721.0669953431773,1919.324777480225,3565.542281409702,4296.819462379543,6201.5930378711455,10254.218458056399,6677.63772626644
1773.4314315198224,1196.7883560979467,1721.016627629821,1860.4546669330412,3768.9177810921406,4206.777521649164,6343.251121252786,10187.061827908314,6777.747685099
1657.7572298015248,1288.4275787202437,1744.0163398432423,1910.6374974082157,3717.1595732984765,4144.504804500348,6198.616434076287,10252.13774275485,7097.198724828082
1787.2286684201433,1161.7929536795446,1879.9153920484307,1978.5778939645438,3696.2728051302356,4102.726476317575,6250.448795051544,10205.793750660867,7179.851469142155
1823.4570059582957,1171.5843676083205,1780.7548324228294,2006.1841019320252,3612.14197245979,4053.7289586414427,6103.957211654769,10239.92501251595,7218.812935162485
1753.33910216377,1127.445633882499,1620.04896144236,2004.0600702376366,3604.4548183117163,3906.905891231949,6111.415033897638,10328.636157058507,7097.249766925075
1769.7031452415304,1168.5535948459788,1783.4697470547255,2014.9649848064103,3648.323111853949,3839.095507544089,6059.825394736554,10537.597430360403,6895.100448304753
1742.8076343325731,1120.9574229326918,1629.5982176357581,2000.4722069773613,3529.5223231926625,3825.1236883457927,5954.98756359594,10694.105817424022,7037.52220282209
1729.4742805742821,1243.2157550605723,1997.6757840265843,1998.9819216966769,3369.660314013164,3733.036715024741,5843.9484433567,10791.004820966891,6844.525608829352
1794.3506507019597,1269.7850967402203,1910.3827139449838,2056.824978831675,3330.3185923108326,3603.2232101317845,5703.206251719916,10931.238536044351,6874.451017825254
1693.5165475020772,1279.1562135839656,1960.5391495389676,2034.6850448534813,3425.2450714200677,3818.482338285787,5755.507695200489,11143.236415261366,7103.340919307587
1655.826501815407,1351.1856153687663,1851.7595243551796,1949.2674267147336,3235.815672870482,4009.64516204574,5735.765627980401,10945.74443147364,7207.69816457567
1639.1691826358895,1227.6531796780368,1735.2570059531085,1939.6847192873824,3390.09983314349,4245.895235893632,5741.005707547319,10846.058672342759,7061.920747095341
1620.2449046916136,1165.577310673764,1836.5670679680777,1823.287236087417,3647.8002088950843,4305.628471336702,5692.68310230129,10527.606955376867,6981.770843868317
1626.231014255228,1207.4473384858281,1664.0027185892297,1837.0125407916205,3669.725452933219,4353.793336102925,5882.67152989817,10459.354457606047,6928.093667543311
1701.1727663328709,1127.3836064831046,1837.1693709493338,1893.789178632971,3734.3108697344924,4294.488275789909,5963.7313275765,10137.56415778276,7160.845982567187
1773.874569568356,1159.7571531683438,1697.115294124171,1958.511675007612,3601.4546610135862,4241.290744488166,6070.370507383871,10187.912434973074,7394.114449551517
1743.0978547664963,1123.576251300481,1622.787635671401,1993.8607411461358,3685.266532127439,4193.6561795121415,6067.006655960679,10380.511166896815,7231.175739126095
1755.6865668668383,1100.985981436706,1535.6070880342543,1967.2489563328008,3525.768833432827,4022.484813266966,5959.903207124898,10516.481660716621,7194.743141744005
1749.3746275335334,1148.0265654484767,1557.0017260319928,1972.007180716785,3703.1181816272297,3998.764274499809,6025.300562161457,10660.610445391172,7091.418561707921
1796.7734648840415,1237.2954810617862,1716.1868975805519,1955.468474651759,3708.500555398684,3887.452255830116,5716.420573701279,10868.870771711354,7151.574786641968
1769.888496786894,1266.8626162290511,1670.124278693365,2119.6199581956575,3360.5258647771243,3865.9113719373377,5679.58976804885,10974.25688648804,7137.581463931487
1656.3015623092674,1163.2924770877328,1907.1217455443098,2026.719666694679,3270.0817626633193,3855.50298923889,5557.069371687446,10979.5659381984,7170.622968379771
1762.0285448829154,1166.7300499005373,1809.9919270324717,2007.632422301807,3194.672403513451,3923.84128975474,5369.376277237365,11031.119228234764,7598.91447881655
1711.1844202622767,1174.142895731924,1760.4763584323493,2001.0487668115534,3138.6890736757523,4145.330415051182,5347.034154839657,10918.80800690352,7573.039938777948
1651.6301070194586,1153.5094630655988,1804.6901720505853,1940.0262883680002,3339.1972361003677,4428.758244696331,5439.231771078332,10750.583469422623,7377.759215599573
1724.3151608999985,1199.8132578449106,2266.502473424052,1866.7013751510826,3664.512462475016,4568.971691447675,5764.645221939244,10784.960973883803,7226.552200417384
1697.7840038460167,1110.8585842879368,1931.8684359126244,1883.4851108522669,3619.4785539786735,4510.968419591354,5816.166731327585,10536.630448000142,7289.596253767115
1738.562798206903,1138.9705381269987,1613.5409976385138,1958.842194180312,3427.56534947267,4516.658251123256,5840.763622406986,10393.288329824156,7153.262083454543
1832.5746100229098,1096.5237544874255,1551.6247504711077,2038.2305058985903,3527.744595625291,4462.429207947993,5995.698780771886,10230.778262329773,7219.389807181746
1828.8112994875296,1112.1302553096407,1597.2278224063505,1953.7231384039367,3472.9370419990028,4280.644542881419,5987.772253340886,10341.235587923647,7391.806145902148
1831.131770217132,1150.9565731897007,1585.1582635502584,1964.0432840071453,3428.005176692574,4135.554963354106,6014.32148742754,10476.138207480106,7153.806024402556
1880.516868184397,1162.9306136400362,1592.7790763373944,1914.478965399147,3399.7960615689935,4099.764505048337,5956.25435769077,10623.306872894218,7164.146379317447
1792.048472025024,1237.428020512292,1803.651637574319,1905.660635696209,3262.13477215349,4150.082680572578,5677.6445990684615,10889.74762882169,7559.31359102721
1662.732764444179,1191.8342240571324,1776.5323455032822,1976.4486267340908,3353.1582603966554,3958.6099878507644,5681.339140730102,10826.69938244089,7271.692953112448
1661.7804363420398,1193.4132541684846,1647.7989956179451,2013.188636007278,3215.2289276650604,3884.7828291074325,5572.506150521639,10859.933925465348,7296.6270712290325
1608.6580828536241,1155.0388251010768,1691.2479087257807,1895.0732951259406,3078.1647256717274,4027.0878861166957,5531.102782326438,10831.065996084568,7963.71588407611
1618.9531425364203,1167.4389784953814,1679.96329652496,1858.235927067557,3089.517310235935,4158.1940392616925,5246.0284835287,10920.575006688383,7706.5769120059
1675.0797520742624,1227.5641452218565,1623.214971415873,1840.7672411953367,3267.919215670072,4319.316146541301,5532.72332605736,10730.546950360007,7456.136951469395
1745.1777431472196,1203.7805693838368,1699.940781466846,1861.6270178003883,3412.8176383613745,4451.112844983843,5726.748528646409,10517.48654970681,7230.168364301793
1813.6820334837362,1152.465359582138,1665.0559523847837,1895.2291453911987,3480.449424456965,4460.85929240243,5801.897274604958,10533.53028210998,7225.67645883551
1720.5929381919602,1171.9261603835635,1581.0130024960072,1928.061579098495,3511.431394402109,4327.942535939472,5927.930527906908,10379.1776993354,7289.985967293505
1783.0879078879498,1197.7133642690453,1508.7627215005734,1946.8978403544374,3580.7439008990455,4283.515452799638,5962.519618564771,10215.929181360645,7671.493405048793
1813.1621672677568,1220.5852678871477,1489.1964220591658,2034.9001120207417,3486.103664174304,4145.209354233367,6079.947515637557,10233.806948064543,7194.96373424885
1692.138327651968,1285.3887174418228,1567.787100240378,2049.3026245404694,3456.210275146258,4035.5436905272127,5982.077716775299,10392.910727300943,8296.696584609075
1670.6458893496604,1323.1682965782913,1587.1787012345658,1914.935894721427,3478.744893916376,3949.8858207204107,5866.669005729596,10495.784420877235,8366.042346747548
1662.79018232592,1316.5292060722986,1644.4047149287712,2073.4297670384694,3378.268571599584,3810.723940910766,5655.90214878551,10744.068394969388,8222.858586940012
1599.0753273478072,1299.3289538870413,1642.2675570935696,1933.708253905329,3331.1846376628732,3710.6882236054394,5682.751644135907,10821.367382935312,7605.632437988523
1697.6354483587088,1221.9013527731554,1774.291845030643,1926.110881579644,3279.198997361228,3659.2992091119686,5458.994945141878,10844.377858752818,7096.112202960978
1834.8214624775403,1253.647584918494,1869.6730339475694,1802.1515638836522,3103.3951596423535,3765.408960859768,5289.824977526074,10708.685061881728,7065.752152462508
1765.3411785668645,1316.476998563247,2044.6633953368212,1779.5168604327275,3190.4019417476757,4096.2801539719685,5274.035585398226,10640.127246331267,7176.864718756687
1799.959745597687,1210.6448093241738,2632.123678393,1827.7983823546954,3333.1208778591067,4209.854543525268,5379.600774176336,10503.222009812114,7149.614344159997
1779.1425081525156,1165.4863517251229,3120.0409865638826,1882.3289561692188,3523.325577780921,4280.104583881344,5684.310716321738,10441.338097906517,7137.287216186931
1852.6938689880162,1130.402074419143,2019.946994630721,1951.138553230252,3599.071310999494,4307.593623166304,5792.034866713973,10294.32213532581,7132.921331084971
1714.9567709481996,1141.4644843856888,1855.849259210627,1927.4615747740183,3616.4744215307383,4244.282052055324,5724.738782406744,10249.493901701833,7115.522289415041
1735.543936948713,1199.7044191173516,2068.0851828986906,1954.318829379431,3674.756531725902,4083.1729753945915,5874.203521210675,9928.30586468801,7071.219011793235
1677.5904801202773,1247.624654390353,1840.940721668742,1991.1480880257477,3860.2575367650843,3944.7592176922444,5839.942522150602,9926.206461821954,7134.442128074705
1772.8116774737198,1256.4503299720059,1769.2897352061334,1982.86920649058,3602.2492704259444,3806.7984034307756,5965.548801861675,10039.235675629327,7148.44256574463
1821.1126159433463,1198.5129681608544,1793.0968028282912,1967.8803139178667,3607.725924096805,3752.155369477911,5816.049486222778,10099.490616974475,7045.37120495927
1731.0747892110717,1176.002799510329,1906.6328369353457,1924.3152951459358,3829.9163790177304,3640.4521136510743,5670.222654164778,10124.511690874897,6936.637543929057
1788.441528669354,1178.0773458896333,1718.191582221766,1884.7353553217015,3653.1145030205525,3482.5062993816096,5730.969709897219,10169.35317319129,6884.199021306208
1788.4580322928632,1210.8913900463303,1700.2535392771917,1878.2387006815986,3405.3974846635797,3434.892233037507,5556.581357839895,10229.409167213598,6861.513113713848
1803.255914213464,1202.1646527104933,1709.5331435894655,1777.8273218451623,3208.3660568422506,3579.7583078139055,5371.675599897875,10178.7209302078,7215.635648216317
1848.2391761737008,1158.2422862161422,1896.2473220326879,1890.7415678428788,3356.332800495616,3846.0668965474497,5230.4365688106345,10084.91551935977,7184.355359207823
1719.0670829509636,1146.7146345989584,1817.5804657312801,1948.6132361143225,3584.459321179335,4004.6572477346454,5477.723090495837,10053.400920645832,7179.9264902674
1715.4962422327958,1174.5509311583592,1655.7639706684295,1933.0345751537093,3725.548838517507,4068.2549752359155,5606.210740821146,10088.594404607864,6986.163946449993
1716.488611209473,1228.125641083988,1707.4213993800593,2020.0736245525022,3705.133118654496,4094.6327542094964,5634.241712588723,9891.865089678471,6776.753784715893
1719.5582075917582,1311.4088139420742,1646.8197008921761,2025.467542776222,3822.6025193589194,3917.0757479105887,5883.929919051043,9745.88429107945,6814.516732291043
1689.921004142004,1249.239876987476,1766.6682274319646,2018.093177663429,3663.4314558392257,3834.42323598266,5810.151597650186,9764.485209935157,7001.017165234334
1698.7347768639504,1233.3941376316536,1775.633819971938,2228.316472773187,3645.4904234779933,3698.2456882337065,5847.711654152236,9853.71589727713,7260.8483105225505
1627.3291029216482,1227.3546459383385,1876.6699036013697,2110.856554400394,3603.6946130456604,3661.6593340057343,5843.386241322343,10813.045688703574,7377.990317457651
1598.7159214607523,1225.4411267126004,1881.808709104479,1976.0453012289586,3586.379198595789,3548.181145890095,5691.071750420245,10623.583335559697,7307.364332561129
1620.7771428652045,1251.057532759095,1861.0919798337375,1967.8670334278406,3690.4878262171405,3410.665351892994,5567.648903263476,10184.039820231112,7421.0672013135045
1666.2454486205074,1199.3031178898082,1751.9229590838465,2143.027895313269,3593.6368556488405,3318.2282500074743,5562.367556942682,10878.091032222634,6807.13037511297
1750.5127240574407,1177.8232090349836,1906.9501649299689,2272.7015067368166,3408.9637775211622,3268.3693670044577,5427.1523358590675,10532.74174971548,7077.84708723924
1851.5232224361978,1188.494706956886,1913.3547796817343,1869.0395157368853,3409.0840410912456,3373.994520002199,5294.133497340942,9872.628389972599,7955.62251186593
1731.672477502461,1265.3151743379674,1721.7494932005734,1905.405565900201,3456.5275309073445,3680.32332932923,5187.107291794787,10118.123890287854,7448.96500514989
1753.3829447283422,1153.7440709154441,1709.4759960578313,1966.8144226198133,3668.6769207861234,3850.047771436621,5418.417041245339,10280.364439240508,7215.733248231836
1939.9105883676978,1242.6994137262461,1807.145710387742,2046.1397782549263,3867.1792980986174,3894.698604193665,5638.540623598846,10377.084861002602,6989.7740105119465
1776.3201269226834,1518.6294139640572,1718.0595805751157,2057.2498689055215,3935.129812308383,3840.8700201679508,5850.673253034343,10308.202949220988,7073.855251562735
1790.339860468728,1459.2789811293537,2698.8642716541653,2179.392401897725,3992.540238643903,3782.633866962872,6138.83122304299,9889.995226952235,6877.439973842262
1694.2915646383449,1365.8670289867641,4498.090338563382,2095.143094957608,3915.8747898853753,3729.536523304212,5936.111535416079,9862.342813084719,7134.758514514624
1633.154530544511,1321.925149943476,4626.906037082553,2046.3940530488653,3932.920060105188,3556.53511737636,6017.630280309218,9587.42608045446,7297.601289823656
1664.5255643813603,1293.4748264411055,3867.3074646670243,2343.8484996393827,3860.9180993367504,3448.6493466427205,5903.694993460606,9582.258409277978,7262.433094185607
1584.382996328855,1226.5409198767982,4218.74036543293,2070.5144624441295,3749.043486089034,3393.7556657922596,5795.376115266243,9765.303623563317,7220.306808809107
1686.9111742131768,1419.3036138225814,5402.652406396824,1973.9071573632457,3673.7541657234224,3238.521101350761,5725.142711167184,10089.31740181752,7017.128131083833
1767.2401325582273,1279.51902362156,4437.381663614832,2073.171598595578,3706.6723294599838,3155.91536986281,5629.385857027355,10257.566738045707,6843.2252821538705
1867.554700604699,1230.1293390976819,4404.302117103044,2197.619031535953,3583.7697236873005,3115.810896003069,5691.068434849869,10308.493719772443,6887.362222312129
1831.4538212119216,1160.6762288968753,5306.749077886016,2178.447987512623,3549.3757927453257,3216.5023132993165,5629.365266463743,10335.670690563653,6875.238645491757
1803.1730612853557,1229.1892050394463,3676.9541656223023,2114.8513558992076,3834.247736329856,3482.5936094457206,5513.11047167688,10274.681216221174,7162.692665505353
1895.371012943489,1356.648427418104,3960.7136749313595,2031.7902220165213,3935.3045198861914,3787.59806220422,5601.2177441140175,10243.453069433708,7172.492949100552
1845.6816712286488,1287.7136193976578,2690.691292373544,2116.0741629860754,4151.361927748068,3843.084547659127,5891.786645182684,10187.964712165034,7076.288025866446
1715.7337730021725,1298.6146634093893,2766.065154630401,2108.2194172415016,4040.302806421907,3699.1713779958886,6283.382386097902,10214.404691793527,6936.3114420553575
1644.1110672659117,1278.4074502684402,2656.436499159099,2077.498290596712,3989.589755510705,3624.757454550256,6159.433898377764,10035.20001723542,6765.905862048306
1635.806045248586,1214.4905732049033,4349.585770223073,2052.032006400847,4024.656225575793,3465.132004665504,6055.218474045475,9892.389818937507,6867.602305334143
1591.120965472202,1269.5615719220011,3951.305860502639,2030.0352869684602,4026.332857853721,3390.028058296597,6043.399513850806,9811.216743633535,6981.744312877957
1641.5469859054492,1209.9361470866284,3879.451663108666,2064.212040995115,3981.30266456837,3246.18368335368,6062.049059946979,9764.33616327415,7101.0398887260935
1750.870327597085,1256.6678011122574,3730.108042833295,1979.6338225527732,3972.871395522038,3215.1131040706773,6120.5218109995985,9962.949633931728,6962.865546203862
1834.5011780291334,1178.2732445868835,3444.273024796599,1906.4305799038495,3826.6697390277805,3089.140135175579,6074.776308881421,10251.815268220958,6831.8821941731185
1815.895375390272,1149.5483797761387,2618.4005600748474,1919.5279857511432,3730.2707334056195,3044.8896831956804,5914.423596809387,10457.275656603148,6905.5322072685885
1755.482317065811,1179.7017314347825,2573.416626330628,1911.2548537354937,3677.28556034009,2949.19878800234,5867.098949854788,10681.628716642059,7022.702719979044
1754.8005014668217,1161.6169513014588,2419.7379143339176,2018.3164980498989,3858.793838540269,3128.203797992741,5673.513067684597,10701.093887938274,6838.9211017691305
1760.6797723336372,1216.1982726370788,2441.1163624839937,2126.7915716711655,4054.972318962633,3361.4063651703495,5631.03878557055,10733.212398917265,6975.459186185606
1785.3292386230803,1248.7013663975063,2569.4409521521534,2125.9166689273743,4165.264958972507,3474.3178786646445,5664.153461672745,10769.87648847862,7310.706235625046
1780.379960493469,1249.2340113774915,2371.576233890284,2117.5455455711212,4229.54610872963,3552.282578754206,5839.922854821362,10563.750457677581,7135.620054948669
1672.5053466329578,1270.6481400501168,2573.7974965321955,2060.6774722996274,4255.312954814099,3575.97566690729,5886.032304534457,10412.202525534402,7017.949876412534
1757.427486285012,1262.0559057296784,2395.3443162500316,2065.4904269669637,4139.053797562464,3572.136859916342,5921.396861116231,10323.7035699738,6915.182451406121
1694.5367046517015,1205.9710953688452,2271.3878345509615,2078.509060912222,4293.642781150041,3533.906508879137,6242.830609979345,10158.815371326657,6689.282839651322
1692.7082237947232,1238.4289578293976,2354.8770421369677,2028.7694558758628,4275.482624803651,3403.3535681613735,6251.20794890151,9940.717349902841,6737.173285134833
1726.7410316847172,1279.191540175494,2231.5931535059494,2000.338416056858,4003.966669308044,3318.2449946725023,6178.0696085246,10057.029778807393,6943.995241040818
1750.732660316546,1340.0235966591144,2290.0812720459503,1970.344111871775,4213.506545903725,3203.125813473925,6215.12976455876,10144.450670708355,6837.519645736363
1737.5119174592867,1186.0357469166604,2173.0202299179464,1864.5856769643692,4180.973420640513,3136.8637426612,6164.672769571613,10368.28417019886,6746.568162733458
1753.3893484717967,1190.311350876162,2028.3776220350767,1899.4045347621761,3696.418397059664,3045.2309647263237,6000.221524522383,10505.58473782057,6799.932493293918
1755.935763260466,1437.0399626466774,2178.8773684021844,1975.2134850796788,3791.776324417726,3100.872310201096,5848.136519855368,10519.407284125777,7142.983440133519
1726.5062734143628,1276.5812329042826,2003.047396507624,2018.8000948844588,3934.1205761008628,3258.343416110685,5730.865145918735,10673.06839575239,7058.8772464379535
1748.6303198834612,1451.5432632190782,2312.2683669270614,2003.0176872088362,4054.7799309304887,3553.605934849644,5575.78669055702,10551.963692790057,7199.353169503657
1821.3281190905952,1294.2652480325603,2334.387825194111,2065.5979879649144,4264.994578786085,3751.979996606091,5529.222556086622,10599.011666801058,7614.85138663152
1702.6702602690639,1276.7202642250347,2209.7675146987885,2034.7287177614774,4319.033498854532,3805.9950809081547,5670.971165115335,10517.834542202667,7285.1888674210195
1785.5890213995128,1234.4478683974894,2307.114412168929,1995.0401857689499,4333.534729895391,3843.119248273123,5931.927832356193,10399.474306364806,7064.26384648522
1789.2018778867823,1217.1996411319224,2087.701970052928,1963.0764809514835,4214.426549376902,3770.010406719123,6008.9844045038735,10379.005458656799,7064.5157611071445
1749.1010786141674,1231.7927565803147,2074.2859004636343,1977.8216957080142,4114.435819075105,3654.5014844467073,6126.576361637979,10224.16566898138,7167.964037628537
1793.691541259612,1234.1123349236489,2234.081499914799,2008.6283907276581,4096.229223414981,3446.613940295737,6239.489847215769,10003.84646679197,6989.547458067268
1841.268336744787,1158.259201319465,1974.7858269125952,1890.0180362948613,4065.42547955827,3401.320135096839,6237.526984346744,9966.074636299318,7032.4946663992305
1736.3760238136442,1191.261482542778,2242.32354047091,1832.9338851729362,4010.0009121125454,3369.558446888178,6225.668789230033,10038.346919567955,7129.114923595064
1720.8440620819583,1192.180229435502,2178.897262477575,1827.2493290439431,4014.3126646421224,3254.652113454432,6106.918137778327,10050.446623055477,6914.534607986018
1730.6883073465262,1153.2219339785972,1964.5965665645172,1917.9733635370114,3912.3942251765507,3190.8179828338148,5858.865367251161,10275.999112098461,7253.484154058455
1699.7134632314499,1225.548838912264,2078.7964030483317,1960.831244740185,3970.8316838771584,3167.348050665023,5800.60032501416,10452.974088336381,7560.360316285287
1693.1916862053438,1298.758805133334,1879.9122787287072,2029.9475789559053,3981.181628406926,3496.022615022715,5708.760748541491,10585.457871061239,7026.34494098184
1662.7948855062364,1257.3474267140161,2000.744223860672,1968.3495910638258,4216.734402462567,3654.2806018669285,5542.551695183685,10668.36216490349,7298.973454338083
1627.791880605149,1216.1196798459266,2138.3214946916887,1997.6188504368183,4286.396691684841,3699.690071306258,5539.473137355315,10584.200034330875,7667.975701134072
1667.1640774149425,1195.1104797785501,2072.2733620720487,1986.89329304347,4194.460255459688,3793.885305452847,5642.36721030625,10608.974102404713,7650.2953689050655
1734.0737659351835,1198.3481583335333,2112.0481921004857,1970.5931026228357,4109.961323320306,3845.97489065434,5929.664794251457,10484.505384915337,7339.412890114098
1771.309234115695,1238.3225598563013,2061.794542874738,2228.1963245919833,4122.2406244668855,3754.0579150146705,5977.408631312728,10321.61224177877,7275.644486812245
1896.2467881398698,1212.044611223211,2027.5024782445928,1922.2765663877883,3990.1432132520126,3714.180051047654,6014.357055480569,10083.32902183279,7187.551420927906
1802.0631142559628,1191.3698892034874,2154.266023431114,2064.482296777086,4030.460212550144,3549.1168108956513,6098.202722419235,10081.563277887415,7561.542720853362
1808.126728840027,1181.0787142222077,2361.400228553755,1858.2091242658987,3914.7339094427753,3500.543013206795,6157.332723096632,9847.634076586703,7089.647128215568
1763.936242049778,1171.819924398496,2005.3094342522822,1809.4112866078501,3864.57101395148,3442.774289429475,6055.652240535667,9937.278196418167,8186.63396293363
1750.4713028179228,1223.065697252738,2055.8658745117814,1842.1641572543977,3749.42471900711,3347.6942356767336,5924.656726825738,9930.644112464379,9034.19474554951
1688.6317389967257,1236.1400448439683,1921.917698929465,1922.3093222065913,3563.766639364367,3299.665488154237,5746.97117908376,10097.597372376058,8767.91691858019
1756.569553919291,1280.02315361854,1974.3612958117517,2177.952634132574,3663.3535986087686,3290.4621084951464,5711.542476547584,10188.343139940536,7795.450157029191
1690.103474592298,1247.7816492909499,1949.2732725466033,2151.852291669927,3862.2574471020616,3456.629109054785,5512.119371804937,10265.036684413959,7214.22872063225
1681.9855043373075,1314.584707694581,2063.0285304361223,2014.8573706843915,4001.2474529123415,3760.611299988343,5350.658959527041,10157.036980949539,7154.970824681103
1730.3109944318496,1253.6754999030527,2163.323249331913,1956.166334729314,3970.6315513783347,3944.380212896177,5370.074706165002,10237.78026691203,7386.823117823761
1674.0588527527955,1194.0784325424852,2021.6040053604063,1958.1276405060007,4022.6419084242407,3980.587843226305,5538.736910509443,10185.316143864233,7435.473583564884
1721.526458322345,1338.0817239746045,2017.1394372854131,1964.6068772640447,3887.710896003941,3983.2223129929353,5639.94918883142,10047.587774874137,7425.457589125059
1866.9385806243197,1263.432464652746,2014.002591614499,1993.3209451368496,3804.0299970047786,3921.9935771473088,5795.607262901135,9913.584880917493,7651.514573776658
1817.2701796344354,1182.7100063979467,1877.6079507872037,1871.5814761789752,3786.490912390831,3810.6902371290334,5795.826572673356,9742.348394304649,7555.526306692506
1776.4268950661572,1452.7260531096342,1910.4676647141123,1924.1493465829822,3723.9527455176817,3747.186928589916,5912.833830812472,9627.10043108041,7363.819977094312
1970.45001860579,1221.734946359256,1925.3874596619644,1951.3717618376713,3759.7962801403382,3678.3544138748193,5864.794166341534,9489.037506176473,7370.982384335362
1840.749774973455,1348.2927692437952,1841.3462534044197,2101.0478176650017,3556.5551228144473,3715.9140869919656,5903.575492330702,9595.172076428065,7269.64589142741
1766.9505458045876,1281.840621060035,2018.6332918252651,2056.3654990137716,3375.9550303366905,3534.5878707126158,5795.130314351904,9485.56836121486,7319.154082859433
1735.967306492479,1265.017898130212,1857.5795685229818,2422.8546313105876,3345.117141696182,3479.752055499497,5504.225813465758,9589.683490623582,7315.736199488401
1730.3121907854209,1244.6717501918151,1923.8370189084058,2206.6921787454357,3449.2941688752494,3443.5769255414816,5657.971753882706,9694.317356551946,7376.181850825839
1613.6588704726225,1260.2620078388773,2108.5039208417106,2154.660921922123,3675.210464805386,3589.6163620319985,5379.551576784557,9804.661297600225,7483.452168257484
1691.3232162442182,1324.0613567130154,2081.441511591341,2095.212793141571,3813.5573363139047,3925.9823687786993,5151.579379168121,9792.537176376945,7421.717727557261
1669.4824553800745,1192.5306124310828,1967.0802751700069,2081.96343215059,3761.0697397112394,4062.0006984295733,5239.907639442671,9742.258499958967,7565.866853506916
1678.1963347966187,1343.767878187325,1930.3026238336438,2019.2050541559365,3816.8133891512375,4175.418753940926,5712.496176816101,9847.860473482297,7725.176413376237
1723.947738711945,1190.2349687787764,1924.8855904149968,1992.7953030882466,3764.7847019920514,4150.121172277448,6224.156584511486,9656.54347944076,7600.150671335097
1856.9012040814666,1198.5641045151353,1875.910259096199,1932.88225011239,3655.1739431937917,4100.600896987252,6269.474524812957,9991.905441944378,7400.019014378009
1778.513020311985,1178.7376709991206,2032.8372829285786,2069.395067346126,3652.371749694023,3993.3626644898413,6339.040813826892,9822.777073961766,7383.0367293923355
1731.6233394992505,1167.1096484369466,1915.158837740526,1965.458184926074,3625.661725849734,3905.419446856571,6147.466212687528,9683.144728457517,7351.973578136169
1867.0665785339213,1217.7201664558986,1837.8220757969727,2232.4877791309673,3586.352596479697,3818.5045124098083,6077.63870341458,10514.088870825113,7434.482363304783
1753.2030910920714,1248.658787669585,1899.3293770995788,2324.4314568159753,3594.172377063735,3764.1885693220047,5584.309059045989,9620.449336277336,7566.0600122883
1780.506972595366,1332.645968543862,1790.2224211250605,2085.9324321904596,3420.952811218512,3651.019168506486,6255.579985156606,10248.636255293985,7696.564385743434
1702.062502741559,1243.3157802347607,1913.1050623689828,2013.4911676222646,3589.5191130180715,3531.749386918443,6116.865841916367,10222.995959398495,7597.112826770032
1649.9693843717469,1226.5471481205127,1937.7453937365224,2493.104694340291,3778.4640205910764,3568.640957005783,6077.5251603098595,9507.800729290266,7499.6016983927275
1669.1141385642045,1293.3359402335805,1991.9011149692667,2181.321883990261,3926.727418254452,3754.211750877684,5125.543092784471,9459.242725727707,8115.348316766326
1675.624011777892,1298.6649494352096,1937.9114130844978,2006.4776252806387,4128.155887334094,3988.8715376643304,5337.924031842368,9992.942820806733,7692.168692273492
1748.9183873306802,1211.2977251133636,1917.5765424301608,2006.4205108422038,4104.208354254962,4195.590655883824,4826.622935945813,10258.367074395755,7720.802395654677
1762.5473223842869,1205.272000495555,1898.0638920750434,1958.2825020278615,4106.279984891374,4162.5026689703745,5682.042308562215,10461.28596316162,7883.5536960732115
1757.276174406206,1185.3249824761963,1854.3417765184277,2048.6536645582632,4033.432841688551,4253.640031039762,5910.579885890999,10080.429586989989,7765.606329588685
1791.4319949733842,1139.7609593837324,2098.6796330689654,2134.1363933052703,4016.2413673787933,4181.578852708169,5769.930010597499,9877.20793135401,7407.873578677957
1773.7589166902824,1348.5974865725866,1971.5614698755207,1784.8415715815624,3976.463066869624,4002.264312711385,5489.823982076945,9855.756656357173,7346.779786481106
1753.4663349687055,1271.6783173439453,1779.0136423902186,1836.6238561624843,4043.6902881710544,3938.7807634011333,5613.7477420989035,9753.31217030894,7279.765786091007
1850.9326694410815,1350.5020025068966,1850.5848229280132,1920.7532836510372,3877.5481697709556,3842.8557188427876,5631.210971240534,9493.381019789736,7446.073175630605
1774.7449892681059,1276.8306677898217,1876.6693660387855,1948.2794853179275,3866.6037964906636,3794.207846172511,5550.592317466612,9415.837928760195,7574.030395188686
1661.9738032913165,1248.7336981089468,1930.95015053934,2113.361282010978,3803.3310629413613,3661.8281822165845,5431.930525877189,9649.991523864726,7639.291868355518
1783.8089059579574,1239.3288843408977,1958.7451982829461,2055.435501796157,3945.9188516170907,3585.51919718794,5308.870653128291,9800.54276007044,7419.41628950581
1661.7411709329456,1371.2996542738574,2225.202597294558,1991.2401428807148,4207.244974073772,3531.7683158909986,5377.4959939063765,9916.269506304552,7238.013431830494
1678.0165535737872,1222.1128639772646,2365.5511284254367,1970.9204539118987,4412.111158710132,3703.9269233760892,5338.458368388165,10091.969552240858,7425.857201408616
1792.1860664584904,1205.7463113210147,2004.8233594103117,1945.2569714477554,4478.542208284869,3961.330941579043,5328.729576413218,10190.925074073843,7328.784801516002
1782.957025014496,1511.8940800188811,1970.4308461781416,1932.2660300749478,4400.606988843783,4254.273098371954,5221.323216962618,10192.743156069944,7596.294529904758
1772.2803005657913,1206.4490487205226,1890.4376158385955,1943.044733644401,4348.627473582352,4268.574103508153,5299.042326168702,10311.650718551808,7712.349705550286
1735.3597299150717,1297.517995629977,1836.7057059427152,1862.0227630107956,4291.393831469032,4182.540171627407,5604.183123204974,10259.635233282923,7658.740054101063
1750.0709420346614,1190.2676028340184,1774.595345905321,1869.2013017082186,4262.590993280502,4089.2693745156735,5713.06375621339,10254.750325532483,7433.992178796601
1751.8522989938442,1269.986151435009,1800.8143818029844,1806.200281296094,4211.747519820833,4012.420888472759,5594.218971510333,10053.879623666373,7428.139785908419
1762.7857471091502,1322.5530767180217,1943.0189380986367,1906.1592721832415,4264.616739306279,3892.493989435172,5669.216735722607,9899.475781865413,7328.909417487517
1663.9750028149804,1245.341995051425,1693.6892884816934,2022.721887334652,4145.320682808374,3792.2329051608667,5645.9108038431605,9803.48066561377,7311.94829418427
1637.1196513249283,1221.6415612376088,1900.2236635220393,2012.1035774815523,4106.06764264472,3705.8955758152006,5665.13142973272,9682.850780565253,7296.9484438286945
1733.6733987897633,1268.4940798604434,1935.7224109833041,1975.2924178477922,4089.66107893391,3601.7428597487187,5676.237261169684,9930.411074359601,7643.412198254299
1685.8516092350255,1251.001688551212,1913.1718611858334,1966.1680104111917,4565.374687106327,3462.11064737688,5477.00428754874,10140.568700564389,7389.471789432443
1734.7897325762867,1211.1080673789909,1866.7554872698947,2038.870514981518,4596.721202127474,3460.418662933738,5497.87940839898,10377.297623133774,7190.940022840493
1806.2849976506745,1203.1045079136477,1828.9928075577134,1994.6026370478094,4679.112106477673,3551.0669377509953,5344.659915846884,10685.350613686369,7341.914425353474
1754.9372376408612,1198.5877769168114,1907.7950860304127,1993.9398602647498,4507.831660177851,3867.500483382782,5371.255412160656,10560.97305247199,7429.025935589742
1733.096601347986,1195.626083544064,1805.613072163761,1895.0223099959057,4460.560024642722,4012.7107651168494,5166.134831474158,10608.765479463864,7496.173160378023
1730.4158263667123,1173.8583593686321,2038.642934153941,1851.0521308905745,4503.615926250395,4020.1868392748756,5129.898603956319,10578.334741394634,7835.40700836317
1733.8553137099084,1230.6517873872688,1860.7217339608653,1811.9839394505677,4529.372921223423,4065.80790639743,5549.742434242021,10442.5877642445,8137.382711004198
1758.593863920823,1196.751455650423,1769.6078437481665,1787.5523256237886,4338.770766399349,3984.7922663884146,5688.530397836201,10316.6610771961,7680.479700255175
1663.3208027745236,1245.6219767245261,1735.4635062803875,1882.8722566714273,4248.596546775967,3887.651251502593,5755.547807585822,10163.141545161096,7368.020432409004
1632.6003018854542,1229.9277621110061,1788.5211370260145,1933.898620793379,4291.84118299493,3856.7665199534254,5743.946322313074,9995.500870311489,7199.7389095002945
1678.437576014636,1214.183578530159,1837.9497099255734,2058.993786800058,4443.823445380663,3693.876563726835,5759.146180656508,9936.04139202683,7224.00820937306
1597.743558585578,1282.6766033537406,1998.1296817641085,1991.340602567463,4079.8743689184694,3571.9331882142073,5765.758201006705,9913.302496373586,7376.454613338245
1691.3937484461524,1194.2334356138106,2087.7587842146922,1950.5472401262402,4396.167002596435,3629.187134799626,5672.704476001557,10011.60216367474,7655.280955827703
1794.7498337636187,1237.9119255963406,1897.0376960081198,1919.5931588823064,4301.217195313003,3513.5707182302463,5550.413557330149,10102.616538100983,7330.448907754946
1843.4443505911586,1197.1727600197848,1891.7871283964735,1913.7457508796515,4504.902113614995,3481.413647725094,5511.673204882916,10204.590275126951,7200.631261735871
1782.9023214287377,1190.759226866409,1968.1216932262125,2010.4535757682172,4414.782645348156,3651.2573335327693,5378.566906908503,10344.641097701513,7555.1713134679285
1890.5418998645769,1188.7014405535701,1869.8153266197912,1940.664845768006,4475.078740470746,3895.9074281522217,5285.394876436365,10496.232304325964,7657.296019370887
1807.421729029784,1140.368048638354,1798.6060003488665,1925.064399546582,4510.235324524972,4008.3966000566975,5116.154434996365,10579.085127853325,7474.411320078735
1772.589085489051,1201.918625442041,2158.666337550582,1936.2854247627931,4539.634010723512,3957.1000346886053,5245.019560314559,10687.068808000697,8056.3990527774
1768.4433638367616,1225.1058488934498,1926.0318072096727,1781.593932077908,4650.660628389952,4048.2721639936844,5457.177997352389,10523.542117034865,7801.9456938636595
1676.2914920982137,1215.6935120486162,1795.8127374098642,1802.4073622233009,4219.100130395737,3966.466976179502,5784.8106656606205,10310.630184527954,7690.520510892323
1624.2197817517351,1213.1433890955564,1683.5910472923142,1874.6519162595364,4202.176060265003,3865.84928126612,5845.632072308298,10211.403085848775,7476.832733722591
1629.6733889451218,1241.733812836914,1849.0813998041685,2078.8415701836993,4061.496040354018,3747.529237836672,5873.464871137408,10167.528723365302,7285.205574570544
1650.4071866875438,1238.9047768689393,1828.9290638397345,1947.565436074556,3975.756587275194,3605.3165533456854,5795.891734353797,9869.894107656402,7319.084318878086
1733.0565951407189,1187.7798533956702,1915.4148655122597,1987.546585532525,3949.826990219779,3552.9784413684556,5913.491739521954,9959.121695514517,7596.692590275094
1729.6231544750995,1371.7016025008973,1989.0536107833946,2272.75182063109,4061.3822222895765,3510.298722290889,5916.16599908294,9904.852410575233,7807.146027586801
1853.7601499564846,1258.789000209778,1866.5718890405817,2092.922164588225,4305.338552364461,3408.451913434431,5759.925509836407,10021.277035379691,7265.634948273693
1793.2340260839485,1256.4417504019998,1996.7889542455723,2066.6070243635586,4543.152186709658,3385.028102499921,5653.042665768912,10279.10817588112,7379.41400285944
1837.6444270691359,1203.6597561932624,1906.151118476447,1929.714348223806,4639.183653989858,3620.6129204523677,5563.1335965196,10304.406609278794,7777.3263059438295
1802.1154866588395,1145.6406073883225,1936.7749924778784,1952.3742645577527,4505.422966390195,3843.052509327928,5390.3389318261725,10527.036774823206,7543.30511759613
1782.4413941532437,1154.9124962067804,2256.882480481264,1869.4134773426265,4374.344314619099,3973.968225202371,5262.404453050345,10493.166239143298,7442.222435841416
1699.5650260766406,1196.037517067834,1914.6831436578098,1851.6389041692503,4276.697136298154,4046.2421858635794,5413.070112496109,10480.510019302534,7792.231029804182
1661.2836350056648,1297.139735260598,1917.9018717028237,1858.5472162686192,4266.858316296782,4020.656058313684,5522.422031881284,10458.902148213818,7669.220227360586
1629.0520048816425,1198.6990882596324,1699.9317165264565,1856.0473106720617,4234.800165815691,3987.9184427636865,5628.822510162357,10271.18023614392,7305.854303639287
1616.0489642602063,1225.900250796124,1876.1164990480231,1907.9986940681815,4280.4490665284475,3857.6518283441574,5706.976734332927,10155.744064733293,7219.715697474086
1715.7957638894054,1182.494372550022,1870.7026612360978,2154.0438923054785,4091.0699093531166,3771.3079160823027,5884.291971283062,10059.79203775826,7387.571410954869
1710.8260512685094,1192.7420356044388,1976.8435737214818,2130.4008286239646,3902.5641577888146,3673.5370621725333,5929.92496773285,9850.485974319337,7420.081026218795
1803.065437704081,1366.6386455934362,1903.426367291438,2036.0815662568393,3833.3092621959563,3628.8640784430704,5919.4134893985165,9708.960371438183,7395.519058146847
1753.378834965665,1164.649497357197,1900.4151273999373,2011.7937416909729,4023.6041560666813,3540.0432231801565,5903.649625518415,9856.927383021068,9088.453532173438
1741.8100891695785,1249.015148560167,1855.0389619364669,2077.7159865738486,4277.798334053989,3434.425320285448,5689.728021556855,9713.89951209986,9242.38381960448
1825.7627142242768,1203.428879105308,1964.1155982818684,2080.2597723152458,4381.2511298563295,3454.4451801332125,5777.915546413315,9854.726224136342,7865.712463160085
1808.3029127335153,1128.6649789045325,1861.3404012674473,2101.92298224635,4304.203315077041,3661.5540602851847,5518.362242630331,10052.34306995808,7154.890930716845
1827.9989333379167,1173.9732422567965,1753.0473676989595,2027.9299091427938,4276.769584049737,3870.7840790408422,5377.313981631841,10201.054115949142,6976.908560367708
1916.8364777527156,1233.1190133723708,1726.1951132907348,1971.877353146196,4150.943462411245,4078.9766992366685,5329.097867161454,10205.507322420426,7025.614366172981
1739.9162608956883,1247.3981872157083,1826.7218161506933,1914.8679445962093,4243.589898275622,4143.2027964701865,5397.338854248302,10239.990291408234,7108.795581797289
1717.3716670837487,1225.2139995173823,1751.1443519155832,2003.064412742644,4119.720668389682,4133.595063174162,5715.010149050771,10112.780835937885,7506.22137898898
1742.0267731724787,1192.505492107615,1876.8375857257304,2025.8239184614679,3958.086740617463,4081.0446472458175,5623.518978163387,9876.405573695061,7628.659106663344
1675.4460011800797,1197.7636595404042,1828.365188518213,2092.93161868839,3907.514646788817,3984.527228609247,5819.781319306015,9897.879265141459,7460.926520385969
1757.456515021839,1164.7521662672752,1926.3675145092623,2055.2532445488287,3857.692579875904,3874.560133462758,5826.860407983141,9681.079102160915,7309.585301048339
1872.6030165125426,1278.5632029737874,1915.6826769060717,2098.427039830058,3739.0876571699587,3803.3995300984125,5839.819232348726,9595.668293532355,7168.836269181983
1825.3732149395614,1209.2281904591948,1870.4287277327658,2292.20939617075,3775.6296146816794,3740.9748128956044,5886.626816151496,9342.96636829512,7040.819942639192
1831.271969611059,1170.8738773850644,1887.7331195023105,2172.1788030009816,4034.313852261957,3651.0874760160714,5872.055890846308,9400.877964698378,7079.73655840884
1788.8767620540534,1179.199731949429,1851.8181655740673,2198.6367803283897,4217.920171614552,3562.314467480982,5725.385959152721,9415.89254587732,7055.075005132157
1824.4128204492863,1151.3427586172397,1975.9063743882293,2087.768309859522,4319.707066774282,3592.4285209831596,5553.44079613011,9431.113226522793,7071.071386062712
1915.4510638622207,1255.8190861258997,1920.2249668566876,2067.798665899894,4164.950899914907,3777.4869318955516,5454.820565279191,9526.550705771597,7131.126785706682
1779.1554762704573,1305.0117890008846,1737.1651872869604,2017.4506635172836,4093.990814824848,4079.1651923820996,5262.850806349988,9625.628699988676,7265.636003593131
1792.533694025164,1303.2836582121831,1783.611839719082,2061.009974170778,4011.0526994958436,4176.848289667678,5238.4257739162185,9671.605073441977,6996.962979758182
1649.2850829266488,1295.8193436786921,1760.061785659739,2185.255389247693,3967.804435346465,4260.415807525315,5357.863010818797,9706.03154126086,7264.387496697774
1690.7683540273952,1245.5037908866093,1934.2176388908035,2160.7343140319435,3922.907798821489,4213.669826723966,5415.464174697538,9693.421686831929,7459.306243255766
1679.628124320363,1251.264335240078,1977.560733638122,2139.294915024379,3935.3160271373986,4158.038194554764,5447.845261493803,9573.235198370874,7487.009738585292
1752.2977670218274,1327.788769435314,2019.9741628267989,2170.04027633489,3775.5738028633546,4057.8939717035896,5601.283555108231,10022.486687061715,7210.649644826572
1760.6851697301088,1340.1201553361134,1989.4478930054413,2232.19855749834,3658.7805763640645,3999.5764211085207,5626.878885946023,9648.731889322933,7144.423340513298
1754.1019230628788,1257.8286508918857,1909.3386426179216,2355.340388882799,3618.699629603828,3830.994116004448,5647.434664891942,9574.415487570692,7014.774955787969
1771.418219268989,1218.2159600281163,1952.3017860380398,2441.8466177492687,3858.528176733515,3775.806350883661,5582.419706363518,10132.995709258375,7125.582730170514
1766.9237004024221,1141.6468782202776,1934.6703532806494,2203.810525754042,3934.262598940759,3694.8055531817618,5537.647934540022,9653.943870417485,7225.8558064783265
1719.5726036679857,1218.4355577256356,1971.3101800697948,2228.060061627177,4068.356323683636,3577.279957751902,5449.808233210646,9778.026496703502,7211.348362440319
1728.1127146335466,1243.7815174225284,1891.0023462057225,2414.027814465913,4205.4995394368625,3584.152022457945,5383.824203832315,9908.97912208784,7175.205713373463
1705.6307155938823,1279.957290228874,1819.1568769475386,2253.667741835763,4105.333294016441,3728.414564908815,5360.180758060411,9339.253956716724,7437.382451702409
1717.4451452379956,1340.563273695504,1921.8481052271006,2086.77865071305,4071.471740953484,3993.571516517795,5146.338514479587,9438.287200710509,7510.224389881664
1674.4923549294924,1248.1716071407313,1936.05389572955,2087.5206548380465,3876.3667074496275,4248.338953233258,4877.546422799071,9838.983493423684,7083.473225989582
1680.3965557329545,1241.6418177207568,1992.7304867021248,2144.3025433758494,3817.77062884089,4282.274739990083,4969.025169360774,10173.961519411392,7437.835081123769
1797.9728644506438,1253.9509824149543,2040.079257924814,2229.8391661368146,3843.564222600583,4164.244849407028,5364.251669931939,10442.776685148257,7633.453981547147
1926.8869910396822,1204.598132504531,2419.1230497312367,2307.6432153820388,3812.8290251285716,4129.303189386538,5555.724653091481,10162.996645335219,7249.448728038654
1831.645452626608,1230.1865605619478,2064.1207553508707,2337.4316184528743,3832.327015541257,3952.9345407243813,5817.785182396931,9888.888554010735,7071.744894345829
1863.4692398595753,1208.6532853492467,2195.6668384721397,2250.929118012608,3471.0808874397944,3917.6001747719138,5874.4389310121005,9754.932965668162,6910.439800762072
1920.035863701022,1284.59882400788,1918.621777295732,2241.4942599583105,3409.2104963715205,3749.364834044271,5620.797918802076,9689.037310650543,6917.363775661352
1800.9121262631825,1241.054933570898,1925.0707511688224,2391.4729396255193,3589.142245092633,3729.413105223764,5575.299689160681,9419.037950145954,7020.473995355355
1787.7770664734198,1186.9767808375075,2093.9876461078748,2216.9021854322723,3850.623671518574,3550.1693308211475,5597.389926241471,9477.362666403667,7284.972181148468
1732.9808505257488,1187.386644505879,2013.15129823071,2222.2763724424185,4111.469631190113,3495.0410371291186,5369.308485929294,9515.29010120528,7221.666454799783
1767.357089288972,1225.2495219670448,1852.482195816502,2256.8289785423867,3888.861703426928,3455.711448218503,5210.365318856088,9758.205846747263,7178.705884924143
1717.7421825733384,1244.2083353282176,1786.3759175600514,2119.7485700123507,3758.6131223939237,3615.825162820448,5230.233982342411,9922.21289264707,6973.9277573517475
1669.7233051352175,1282.3465982007529,1791.1855689392585,2099.0913512374545,3749.980636084045,3870.5616562367054,5193.654693366305,9856.567128925433,6851.307871661882
1822.0294250253014,1303.4609242982256,1917.5456981588325,2141.476172018437,3775.8249649183613,4059.277514132663,5058.835672284574,10161.253591465216,7035.252364894639
1847.7437639181062,1263.238343600823,1955.3895189162815,2225.876977528218,3620.251464585134,4161.4562846305735,5096.5009542379985,10264.236953428965,7125.906097910812
1857.5152667994073,1342.14157167167,2086.8554763686584,2305.0022770722658,3596.766255890199,4052.2605953254956,5529.375445419056,10253.4431033589,7257.390715602401
1775.7173109788998,1223.2985673642722,2000.637057495215,2298.4189077233154,3544.132235447302,3969.268038219058,5715.208890829015,10359.48420811985,7229.098162131125
1780.9065717260974,1192.285430102523,1988.9343684327105,2440.799459500263,3498.97716496561,3863.159803545678,5415.9770348283455,10269.410205306753,7152.78044656353
1775.037715514496,1205.769748536484,1891.3554841119083,2340.175833127076,3328.1349464153964,3774.4254669060683,5480.323048497151,10048.090230337728,7161.919286877295
1753.8824454214666,1207.7396656943201,1979.1687933815435,2249.02442205597,3417.8765519166254,3672.9820422647945,5456.35694595719,10063.256095156185,6875.459223884558
1779.9943941567803,1203.866556335197,1894.6023924507917,2347.2066530458305,3518.582309318107,3595.282412662261,5496.975485876433,9819.767947428121,6856.439316116079
1701.6489139901398,1259.4198612800076,1881.5952467827033,2396.7135231390034,3630.2651633702735,3457.973321307108,5497.3785299774245,9773.429862211187,6934.0750671465
1670.4077765088543,1291.0377414396883,1857.831428318501,2282.0913662087414,3648.8936330321512,3419.417237286703,5373.538707532066,9825.865359019395,7157.958231078178
1709.585851521323,1248.9894013291967,1850.251815605886,2095.4869768872745,3721.2937673446163,3367.9625139747754,5313.180113358943,10033.560297835977,7222.343836398246
1647.2378120182304,1320.5028126777586,1833.8501938805132,2088.9150599033487,3625.3331850095146,3616.7731740706154,5220.230106725271,10333.132875104968,6863.263590620905
1674.46253322392,1287.3652147806329,1952.3449276278402,2149.9449053530243,3682.444908631578,3972.0014007784252,5162.696773132105,10640.936783126283,6791.607979931765
1772.5947915933705,1358.8218901889602,1938.850256460369,2194.820226329185,3839.9806866890403,4055.2954649923563,4943.086907001426,10618.563037198637,7046.659996762376
1876.7782836608303,1426.5733590197876,2010.8436120296255,2320.3854114454366,3456.5807448932173,4022.7526951269497,4933.70220237655,10917.010027696315,6820.389017264357
1778.5261214932661,1227.3173345567002,1932.796164477456,2308.4790855062156,3482.6483492564985,4025.036809077431,5007.592449489604,10587.26399310486,7144.5071854517
1776.8450268377414,1179.232162517605,1886.87016672637,2318.301006696974,3359.7085471806704,3967.033449217883,5237.8164560153355,10552.301841523242,7544.162404389979
1802.2714739494286,1169.7252346133944,1996.484922836395,2265.5288029283743,3350.7647510241864,3868.731151862566,5464.336473660887,10443.626600174963,7435.777881572263
1856.7369725327603,1215.7310568074324,1884.8908607544302,2242.9719654280448,3313.102884859692,3722.8097776942122,5394.6548634912,10323.507906951765,6929.858365064277
1862.6168531669782,1174.1075356318224,1976.8445411859052,2282.818172342634,3629.0498569742595,3606.8909615916864,5535.986007097347,10091.08917833787,6806.117262880855
1799.256620497249,1262.7001609213776,1924.0252124066394,2253.023241463322,3624.5300608882685,3548.0787848401196,5489.687208429887,10006.784607575177,6940.215563136362
1752.254974754504,1356.8312883760639,1812.8244000859197,2271.771609089624,3599.1818508077213,3481.31095574607,5529.590992770188,10076.431645881985,6783.626183550041
1865.4027866208567,1239.5422116713048,1698.8441518290872,2090.7742792093186,3652.1165555449134,3411.7471347656865,5376.830954511572,9896.819388174406,7155.493653779536
1695.6716142678035,1224.8478894961688,1809.1068395401637,2130.065216105498,3647.188980039858,3471.8466643447036,5192.229440168765,9988.190085859836,7050.434537066927
1697.883004386089,1194.1039633596251,2022.8689065714389,2161.018621975857,3657.205114843165,3677.131537901308,5125.223638106757,10090.844520384639,6867.380144178254
1797.903160034634,1192.0779137766183,2062.4148775889603,2149.6649332619327,3533.08665767989,3870.6535885859303,4964.897316242106,10340.00220692654,7113.680117080383
1780.5054689730462,1236.3903080007465,2171.8631565361566,2311.2470544867238,3508.5730047803268,4025.276481544439,4849.594992015539,10482.849981759575,7300.921414722826
1854.2940266952462,1174.111636656077,2165.722089598856,2257.4427894648397,3399.880645347739,4088.5826870832875,4860.446911257819,10597.733682224025,6878.578670491091
1855.3187686912472,1168.6040734052967,2205.9361602174313,2237.569277198831,3554.3004066963795,4082.241735180496,5027.264191515759,10660.665912983019,7317.928442698048
1779.3485720793046,1141.2926105825088,1970.3121427212013,2197.5325477641663,3289.2787722855523,3995.8382650813296,5282.244179349397,10601.664678100566,7917.65526935307
1904.9746190796327,1130.4795403988921,1910.7255402838182,2175.582212997999,3248.2456005740432,3844.0096378921094,5341.616855940867,10647.031652695981,7701.564386059136
1717.8895340794297,1189.1172845720819,1911.3649354082456,2242.936254636665,3283.4258564036595,3806.4138468335527,5448.912036437278,10432.429199773427,7107.777440246826
1712.344581933341,1255.1221558726181,1828.7579730464886,2172.408701129478,3370.571296079471,3631.608836207538,5498.939510885913,10403.388601771156,7090.823000324891
1676.7498737717542,1309.3523950959088,1882.6495719289064,2166.839530204322,3548.1062854346947,3603.7525127456233,5423.496905017188,10141.5296911138,7258.036986490168
